4.739 2 GPS_INT 0 0 0 404513335 -37290015 704697 654461 0 0 0 124 13 294358500 92 24 3 1
4.740 2 ATTITUDE 0.019567 3.143157 -0.02748
4.771 2 INS 28 30 -206832 -10485 5242 -60681560 -23 20 -8467
4.787 2 ATTITUDE 0.019618 3.143183 -0.027417
4.793 2 LINK_REPORT 2 -1 5 0 11657 274 0 2971. 70. 0 0.
4.842 2 INS 33 30 -208316 -15728 -5242 -60898564 -24 14 -8486
4.843 2 GVF 22.678215 1 1 1. -1.08,-14.42,3.,3.,0.,2.
4.843 2 CIRCLE -1.08 -14.42 3.
4.843 2 GPS 3 43818400 447810784 3587 654485 3 -3 2395 294358750 30 0
5.176 2 ATTITUDE 0.019582 3.143219 -0.02745
5.176 2 INS 33 30 -209805 -20971 -5242 -61115840 -9 1 -8482
5.176 2 ROVER_CTRL 0. 0. 0. 0. 1400. 600. 1000. 0. 0. 0. 0. -0.068502
5.176 2 ROTORCRAFT_FP 30 33 210103 -5242 -20971 61159224 80 -112 12874 0 0 0 0 -144 0
5.177 2 GPS_INT 0 0 0 404513336 -37290016 704720 654485 0 0 0 123 13 294358750 92 24 3 1
5.177 2 ATTITUDE 0.01962 3.143264 -0.027494
5.177 2 INS 33 30 -211299 -20971 -5242 -61332992 -5 14 -8515
5.178 2 SERIAL_COM 18 -8 7 -8420 0 0 0 14 174 80 76 0 0 0 0 0
5.178 2 ATTITUDE 0.019703 3.143268 -0.027431
5.178 2 INS 33 30 -212798 -20971 -5242 -61550484 -19 48 -8501
5.178 2 ATTITUDE 0.019722 3.143294 -0.027356
5.178 2 INS 33 30 -214303 -20971 -5242 -61767748 -23 1 -8481
5.179 2 GPS_INT 0 0 0 404513336 -37290016 704720 654485 0 0 0 123 13 294358750 92 24 3 1
5.179 2 ATTITUDE 0.019722 3.143294 -0.027324
5.180 2 INS 33 30 -215813 -20971 -5242 -61984800 -13 25 -8477
5.180 2 GPS 3 43818400 447810784 3587 654485 3 -3 2395 294358750 30 0
5.180 2 DL_VALUE 9 0.
5.180 2 ATTITUDE 0.019663 3.143328 -0.027357
5.180 2 INS 35 28 -217329 -15728 -20971 -62201908 -13 5 -8472
5.181 2 ROTORCRAFT_FP 28 35 217632 -20971 -15728 62245236 80 -112 12875 0 0 0 0 -144 0
5.181 2 ATTITUDE 0.019638 3.14334 -0.027379
5.203 2 INS 35 28 -218849 -15728 -20971 -62418548 -14 5 -8487
5.203 2 STATIC_CONTROL 0 0. 0 0. 0. 0. 0. 0. 0. 0. 0. 0. 0.
5.203 2 GPS_INT 0 0 0 404513337 -37290017 704727 654492 0 0 0 122 9 294359000 92 24 3 1
5.208 2 ATTITUDE 0.019562 3.143351 -0.027423
5.219 2 INS 35 28 -220375 -15728 -20971 -62635360 -24 -10 -8490
5.220 2 ROVER_STATUS 0 60 3 0 1 18 8.097959
5.235 2 ATTITUDE 0.019545 3.143343 -0.027447
5.266 2 ROTORCRAFT_NAV_STATUS 3 3 0. 0. 3 0 2
5.266 2 IMU_MAG_RAW 255 0 0 0
5.266 2 INS 35 28 -221908 -15728 -20971 -62852572 -4 10 -8448
5.281 2 ATTITUDE 0.019522 3.143304 -0.027449
5.396 2 INS 35 25 -223443 15728 15728 -63069596 -19 0 -8495
5.397 2 GVF 22.698326 1 1 1. -1.08,-14.42,3.,3.,0.,2.
5.397 2 CIRCLE -1.08 -14.42 3.
5.398 2 GPS 3 43818398 447810786 3587 654493 6 -6 2395 294359250 30 0
5.399 2 GPS_INT 0 0 0 404513338 -37290018 704729 654493 0 0 0 121 12 294359250 92 24 3 1
5.400 2 PONG 
5.400 2 ATTITUDE 0.019496 3.143338 -0.027472
5.401 2 INS 35 25 -224986 15728 20971 -63286620 -4 25 -8458
5.402 2 ROVER_CTRL 0. 0. 0. 0. 1400. 600. 1000. 0. 0. 0. 0. -0.068473
5.403 2 ROTORCRAFT_FP 25 35 225294 20971 15728 63330104 79 -112 12875 0 0 0 0 -144 0
5.405 2 ATTITUDE 0.019533 3.143331 -0.027484
5.423 2 INS 35 25 -226532 15728 20971 -63504276 -29 -20 -8505
5.424 2 SERIAL_COM 19 25 -4 -8458 0 0 0 14 175 80 76 0 0 0 0 0
5.438 2 ATTITUDE 0.019552 3.143281 -0.027485
5.438 2 WP_MOVED_ENU 12 760 1031 2560
5.454 2 WP_MOVED_ENU 12 760 1031 2560
5.454 2 INS 35 25 -228086 15728 20971 -63721856 -5 0 -8491
5.486 2 GPS_INT 0 0 0 404513338 -37290018 704729 654493 0 0 0 121 12 294359250 92 24 3 1
5.486 2 ATTITUDE 0.019594 3.143242 -0.027507
5.518 2 INS 35 25 -229643 15728 20971 -63938212 -43 5 -8476
5.533 2 ATTITUDE 0.01957 3.143231 -0.027528
5.565 2 INS 43 23 -231206 5242 -10485 -64155396 -23 25 -8453
5.566 2 GPS 3 43818398 447810789 3587 654507 3 -3 2395 294359500 30 0
5.581 2 ATTITUDE 0.019555 3.143266 -0.027529
5.613 2 INS 43 23 -232774 5242 -10485 -64372136 -10 0 -8487
5.661 2 ROTORCRAFT_FP 23 43 233090 -10485 5242 64415816 80 -112 12874 0 0 0 0 -144 0
5.661 2 GPS_INT 0 0 0 404513340 -37290018 704743 654507 0 0 0 120 10 294359500 92 24 3 1
5.662 2 INS_REF 485058794 -31613915 411670613 404513324 -37290030 704601 654365 0.
5.663 2 ATTITUDE 0.019564 3.14328 -0.027529
5.663 2 INS 43 23 -234348 5242 -10485 -64589572 0 19 -8487
5.676 2 ATTITUDE 0.019505 3.143294 -0.027564
5.709 2 INS 43 23 -235927 5242 -10485 -64806372 10 9 -8487
5.725 2 ATTITUDE 0.019539 3.143407 -0.027525
5.756 2 INS 43 23 -237511 5242 -10485 -65023328 -18 30 -8463
5.784 2 GPS_INT 0 0 0 404513340 -37290018 704743 654507 0 0 0 120 10 294359500 92 24 3 1
5.785 2 ATTITUDE 0.019589 3.143344 -0.027526
5.794 2 LINK_REPORT 2 -1 6 0 14696 346 0 3039. 72. 1 108.22
5.839 2 INS 46 20 -239101 -20971 -10485 -65240680 -19 0 -8514
5.840 2 GVF 22.832458 1 1 1. -1.08,-14.42,3.,3.,0.,2.
5.841 2 CIRCLE -1.08 -14.42 3.
5.841 2 GPS 3 43818396 447810790 3587 654531 4 0 2395 294359750 30 0
5.842 2 ATTITUDE 0.019704 3.143347 -0.027484
5.855 2 INS 46 20 -240696 -26214 -10485 -65458000 -5 20 -8482
5.894 2 ROVER_CTRL 0. 0. 0. 0. 1400. 600. 1000. 0. 0. 0. 0. -0.06828
5.894 2 ROTORCRAFT_FP 20 46 241017 -10485 -26214 65501780 80 -112 12875 0 0 0 0 -144 0
5.895 2 ATTITUDE 0.019712 3.143288 -0.027486
5.936 2 INS 46 20 -242296 -26214 -10485 -65675580 -34 43 -8506
5.941 2 SERIAL_COM 19 4 -54 -8499 0 0 0 14 175 80 76 0 0 0 0 0
5.942 2 GPS_INT 0 0 0 404513341 -37290020 704767 654531 0 0 0 119 8 294359750 92 24 3 1
5.943 2 ATTITUDE 0.019752 3.143258 -0.027519
5.952 2 INS 46 20 -243901 -26214 -10485 -65892684 0 -10 -8511
5.968 2 GPS_SOL 119 8 92 24
5.984 2 ATTITUDE 0.019717 3.143316 -0.027469
6.016 2 INS 46 20 -245513 -26214 -10485 -66109736 -19 9 -8491
6.032 2 ATTITUDE 0.019798 3.143286 -0.027469
6.033 2 IMU_MAG_RAW 255 0 0 0
6.065 2 INS 46 20 -247129 -26214 -10485 -66326996 -19 -14 -8486
6.066 2 GPS 3 43818396 447810790 3587 654531 4 0 2395 294359750 30 0
6.091 2 GPS_INT 0 0 0 404513341 -37290020 704767 654531 0 0 0 119 8 294359750 92 24 3 1
6.092 2 ATTITUDE 0.019804 3.143322 -0.027523
6.106 2 INS 48 15 -248750 -10485 0 -66543524 -3 -3 -8415
6.134 2 ROTORCRAFT_FP 15 48 249075 0 -10485 66586860 81 -112 12875 0 0 0 0 -144 0
6.136 2 ATTITUDE 0.019884 3.143356 -0.027524
6.179 2 INS 48 15 -250377 -10485 0 -66760760 -34 -9 -8510
6.180 2 STATIC_CONTROL 0 0. 0 0. 0. 0. 0. 0. 0. 0. 0. 0. 0.
6.181 2 ATTITUDE 0.019879 3.143359 -0.02748
6.211 2 INS 48 15 -252009 -10485 0 -66977772 -10 -24 -8505
6.237 2 GPS_INT 0 0 0 404513342 -37290022 704783 654547 0 0 0 118 15 294360000 92 24 3 1
6.238 2 ATTITUDE 0.019919 3.143342 -0.027501
6.252 2 INS 48 15 -253646 -10485 0 -67194792 -28 10 -8476
6.284 2 ATTITUDE 0.019912 3.143408 -0.027513
6.300 2 INS 53 15 -255289 -5242 -5242 -67411672 -23 -14 -8476
6.337 2 GVF 22.916271 1 1 1. -1.08,-14.42,3.,3.,0.,2.
6.338 2 CIRCLE -1.08 -14.42 3.
6.339 2 GPS 3 43818394 447810792 3587 654561 1 1 2395 294360250 30 0
6.339 2 ATTITUDE 0.019898 3.143366 -0.027534
6.353 2 INS 53 15 -256936 -5242 -10485 -67628560 -14 -9 -8486
6.424 2 ROVER_CTRL 0. 0. 0. 0. 1400. 600. 1000. 0. 0. 0. 0. -0.06816
6.424 2 ROTORCRAFT_FP 15 53 257267 -10485 -5242 67671888 81 -112 12875 0 0 0 0 -144 0
6.426 2 GPS_INT 0 0 0 404513343 -37290023 704797 654561 0 0 0 117 13 294360250 92 24 3 1
6.426 2 ATTITUDE 0.019874 3.143361 -0.027543
6.426 2 INS 53 15 -258590 -5242 -10485 -67845424 -9 15 -8477
6.426 2 SERIAL_COM 20 -14 -13 -8466 0 0 0 14 176 80 76 0 0 0 0 0
6.426 2 ATTITUDE 0.019878 3.143471 -0.027555
6.455 2 INS 53 15 -260248 -5242 -10485 -68062536 -29 -4 -8500
6.471 2 ATTITUDE 0.019886 3.143462 -0.02764
6.503 2 INS 53 15 -261912 -5242 -10485 -68279720 -19 -40 -8524
6.529 2 GPS_INT 0 0 0 404513343 -37290023 704797 654561 0 0 0 117 13 294360250 92 24 3 1
6.530 2 ATTITUDE 0.019846 3.143591 -0.027667
6.561 2 INS 58 10 -263581 5242 -20971 -68496640 -18 -24 -8471
6.561 2 GPS 3 43818392 447810794 3587 654581 4 -3 2395 294360500 30 0
6.577 2 ATTITUDE 0.019845 3.14356 -0.027688
6.609 2 INS 58 10 -265256 0 -20971 -68713880 5 -4 -8506
6.635 2 ROTORCRAFT_FP 10 58 265591 -20971 0 68757304 81 -113 12876 0 0 0 0 -144 0
6.636 2 ATTITUDE 0.019843 3.14354 -0.02769
6.682 2 DATALINK_REPORT 2 3 1105 2970 0 0
6.682 2 INS 58 10 -266935 0 -20971 -68931192 -33 -14 -8481
6.682 2 GPS_INT 0 0 0 404513345 -37290025 704817 654581 0 0 0 117 9 294360500 92 24 3 1
6.683 2 DL_VALUE 10 6.
6.683 2 ATTITUDE 0.019797 3.143531 -0.027658
6.698 2 INS 58 10 -268620 0 -20971 -69148528 6 -4 -8477
6.714 2 ROVER_STATUS 0 60 3 0 1 20 8.089128
6.729 2 ATTITUDE 0.019889 3.143587 -0.027684
6.734 2 WP_MOVED_ENU 13 775 -1018 2560
6.745 2 WP_MOVED_ENU 13 775 -1018 2560
6.761 2 INS 58 10 -270310 0 -20971 -69365848 -14 -3 -8463
6.777 2 ATTITUDE 0.019945 3.143661 -0.027729
6.795 2 LINK_REPORT 2 -1 7 0 17627 416 0 2931. 70. 1 108.22
6.886 2 INS 61 7 -272006 0 10485 -69582584 -9 -9 -8477
6.887 2 GVF 23.010157 1 1 1. -1.08,-14.42,3.,3.,0.,2.
6.888 2 CIRCLE -1.08 -14.42 3.
6.889 2 GPS 3 43818391 447810795 3587 654584 4 -1 2395 294360750 30 0
6.889 2 GPS_INT 0 0 0 404513346 -37290026 704820 654584 0 0 0 116 11 294360750 92 24 3 1
6.891 2 ALIVE 122,195,7,233,5,247,195,75,60,187,26,129,128,90,246,93
6.892 2 ATTITUDE 0.019966 3.143621 -0.027782
6.892 2 ROTORCRAFT_NAV_STATUS 5 5 0. 0. 3 0 2
6.893 2 IMU_MAG_RAW 255 0 0 0
6.893 2 INS 61 7 -273707 -10485 15728 -69799688 -23 15 -8491
6.894 2 ROVER_CTRL 0. 0. 0. 0. 1400. 600. 1000. 0. 0. 0. 0. -0.068027
6.895 2 ROTORCRAFT_FP 7 61 274048 15728 -10485 69843016 81 -113 12876 0 0 0 0 -144 0
6.912 2 ATTITUDE 0.019963 3.143624 -0.027738
6.912 2 INS 61 7 -275413 -10485 15728 -70016504 -22 36 -8439
6.913 2 SERIAL_COM 20 10 -9 -8472 0 0 0 14 176 80 76 0 0 0 0 0
6.927 2 ATTITUDE 0.019949 3.143605 -0.027706
6.959 2 INS 61 7 -277125 -10485 15728 -70233576 6 0 -8491
6.975 2 GPS_INT 0 0 0 404513346 -37290026 704820 654584 0 0 0 116 11 294360750 92 24 3 1
6.976 2 ATTITUDE 0.019988 3.143619 -0.027757
7.007 2 INS 61 7 -278842 -10485 15728 -70450896 -17 -3 -8458
7.023 2 ATTITUDE 0.020016 3.143662 -0.027802
7.065 2 INS 61 7 -280564 -10485 15728 -70668096 2 1 -8458
7.066 2 GPS 3 43818391 447810795 3587 654584 4 -2 2395 294360750 30 0
7.081 2 ATTITUDE 0.020032 3.143708 -0.027806
7.097 2 INS 61 5 -282291 -47185 5242 -70885152 7 -8 -8478
7.138 2 ROTORCRAFT_FP 5 61 282637 5242 -47185 70928304 82 -114 12876 0 0 0 0 -144 0
7.140 2 GPS_INT 0 0 0 404513346 -37290027 704845 654609 0 0 0 115 11 294361000 92 24 3 1
7.141 2 ATTITUDE 0.020021 3.143637 -0.027814
7.178 2 INS 61 5 -284024 -47185 5242 -71102128 -23 -18 -8490
7.179 2 STATIC_CONTROL 0 0. 0 0. 0. 0. 0. 0. 0. 0. 0. 0. 0.
7.179 2 ATTITUDE 0.020072 3.143669 -0.027805
7.194 2 INS 61 5 -285762 -47185 5242 -71319320 -22 -4 -8458
7.226 2 ATTITUDE 0.020069 3.143669 -0.027817
7.259 2 INS 61 5 -287505 -47185 5242 -71536736 -5 10 -8507
7.274 2 GPS_INT 0 0 0 404513346 -37290027 704845 654609 0 0 0 115 11 294361000 92 24 3 1
7.275 2 ATTITUDE 0.020084 3.143659 -0.027829
7.328 2 INS 61 -2 -289254 -20971 -26214 -71754032 -17 -28 -8447
7.329 2 GVF 23.008242 1 1 1. -1.08,-14.42,3.,3.,0.,2.
7.330 2 CIRCLE -1.08 -14.42 3.
7.330 2 GPS 3 43818388 447810797 3587 654628 5 -2 2395 294361250 30 0
7.331 2 STATE_FILTER_STATUS 6 3 0
7.332 2 ATTITUDE 0.020068 3.143706 -0.02782
7.345 2 INS 61 -2 -291008 -20971 -31457 -71971000 6 -18 -8482
7.360 2 ROVER_CTRL 0. 0. 0. 0. 1400. 600. 1000. 0. 0. 0. 0. -0.068039
7.386 2 ROTORCRAFT_FP -2 61 291359 -31457 -20971 72014552 82 -113 12876 0 0 0 0 -144 0
7.386 2 ATTITUDE 0.020067 3.143654 -0.027831
7.413 2 INS 61 -2 -292767 -20971 -31457 -72188184 -23 1 -8491
7.413 2 SERIAL_COM 21 -8 -23 -8487 0 0 0 14 177 80 76 0 0 0 0 0
7.429 2 GPS_INT 0 0 0 404513347 -37290030 704864 654628 0 0 0 114 10 294361250 92 24 3 1
7.429 2 ATTITUDE 0.020075 3.143648 -0.027748
7.445 2 INS 61 -2 -294532 -20971 -31457 -72405440 -63 26 -8457
7.477 2 ATTITUDE 0.020062 3.143596 -0.027789
7.494 2 INS 61 -2 -296301 -20971 -31457 -72622360 11 40 -8474
7.525 2 ATTITUDE 0.020058 3.143631 -0.02777
7.557 2 INS 64 -7 -298076 -47185 -26214 -72839208 -4 -38 -8467
7.558 2 GPS 3 43818385 447810797 3587 654669 10 6 2395 294361500 30 0
7.584 2 GPS_INT 0 0 0 404513347 -37290033 704905 654669 0 0 0 113 10 294361500 92 24 3 1
7.585 2 ATTITUDE 0.020056 3.143647 -0.027719
7.599 2 INS 64 -7 -299857 -47185 -26214 -73056136 -18 -23 -8486
7.625 2 ROTORCRAFT_FP -7 64 300215 -26214 -47185 73099752 82 -113 12876 0 0 0 0 -144 0
7.626 2 ATTITUDE 0.020082 3.143672 -0.02769
7.627 2 IMU_MAG_RAW 255 0 0 0
7.656 2 INS 64 -7 -301642 -47185 -26214 -73273456 -38 -33 -8486
7.672 2 ATTITUDE 0.020083 3.143645 -0.027677
7.704 2 INS 64 -7 -303434 -47185 -26214 -73490592 -23 26 -8472
7.720 2 GPS_INT 0 0 0 404513347 -37290033 704905 654669 0 0 0 113 10 294361500 92 24 3 1
7.721 2 ATTITUDE 0.020069 3.143607 -0.027625
7.752 2 INS 64 -7 -305230 -47185 -26214 -73708128 -10 -9 -8506
7.767 2 ATTITUDE 0.020088 3.143641 -0.027645
7.796 2 LINK_REPORT 2 -1 8 0 20587 485 0 2960. 69. 1 108.22
7.821 2 INS 64 -12 -307032 -10485 -5242 -73925656 1 1 -8482
7.822 2 GVF 23.030691 1 1 1. -1.08,-14.42,3.,3.,0.,2.
7.822 2 CIRCLE -1.08 -14.42 3.
7.822 2 GPS 3 43818384 447810798 3587 654694 1 1 2395 294361750 30 0
7.823 2 ATTITUDE 0.020048 3.143739 -0.027645
7.913 2 INS 64 -12 -308839 -15728 0 -74142416 -23 -13 -8477
7.914 2 ROVER_CTRL 0. 0. 0. 0. 1400. 600. 1000. 0. 0. 0. 0. -0.067998
7.915 2 ROTORCRAFT_FP -12 64 309201 0 -15728 74185936 82 -113 12876 0 0 0 0 -144 0
7.915 2 GPS_INT 0 0 0 404513348 -37290035 704930 654694 0 0 0 113 9 294361750 92 24 3 1
7.916 2 ATTITUDE 0.020097 3.143834 -0.027625
7.916 2 INS 64 -12 -310651 -15728 0 -74359920 -38 -28 -8490
7.917 2 SERIAL_COM 21 -9 -10 -8506 0 0 0 14 177 80 76 0 0 0 0 0
7.917 2 ATTITUDE 0.020024 3.14389 -0.027628
7.957 2 INS 64 -12 -312468 -15728 0 -74576960 1 21 -8473
7.958 2 GPS_SOL 113 9 92 24
7.973 2 ATTITUDE 0.020001 3.143863 -0.02765
8.005 2 INS 64 -12 -314291 -15728 0 -74794192 -49 -19 -8500
8.037 2 GPS_INT 0 0 0 404513348 -37290035 704930 654694 0 0 0 113 9 294361750 92 24 3 1
8.039 2 ATTITUDE 0.019976 3.143864 -0.027738
8.039 2 WP_MOVED_ENU 14 -760 -1031 2560
8.040 2 WP_MOVED_ENU 14 -760 -1031 2560
8.053 2 INS 64 -12 -316119 -15728 0 -75011304 26 -13 -8478
8.054 2 GPS 3 43818384 447810798 3587 654694 2 1 2395 294361750 30 0
8.069 2 ATTITUDE 0.020038 3.143853 -0.027782
8.100 2 INS 69 -17 -317953 -5242 10485 -75228336 -9 6 -8482
8.128 2 ROTORCRAFT_FP -17 69 318328 10485 -5242 75272560 82 -113 12877 0 0 0 0 -144 0
8.130 2 ATTITUDE 0.020129 3.143898 -0.027814
8.143 2 INS 69 -17 -319792 -5242 10485 -75445008 -18 -4 -8458
8.183 2 STATIC_CONTROL 0 0. 0 0. 0. 0. 0. 0. 0. 0. 0. 0. 0.
8.184 2 GPS_INT 0 0 0 404513349 -37290037 704952 654716 0 0 0 112 15 294362000 92 24 3 1
8.186 2 ATTITUDE 0.020175 3.143986 -0.027816
8.209 2 INS 69 -17 -321635 -5242 10485 -75662280 -28 16 -8482
8.209 2 ROVER_STATUS 0 59 3 0 1 21 8.089128
8.224 2 ATTITUDE 0.02017 3.143998 -0.027838
8.240 2 INS 69 -17 -323485 -5242 10485 -75879424 -19 1 -8477
8.271 2 DL_VALUE 11 0.
8.271 2 ATTITUDE 0.020144 3.144065 -0.027896
8.382 2 INS 71 -20 -325339 -31457 10485 -76096680 1 -9 -8502
8.383 2 GVF 23.08997 1 1 1. -1.08,-14.42,3.,3.,0.,2.
8.384 2 CIRCLE -1.08 -14.42 3.
8.385 2 GPS 3 43818381 447810800 3587 654724 6 -2 2395 294362250 30 0
8.386 2 GPS_INT 0 0 0 404513350 -37290038 704960 654724 0 0 0 111 12 294362250 92 24 3 1
8.386 2 ATTITUDE 0.020119 3.144084 -0.027909
8.387 2 INS 71 -20 -327199 -31457 10485 -76313400 -48 10 -8487
8.387 2 ROVER_CTRL 0. 0. 0. 0. 1400. 600. 1000. 0. 0. 0. 0. -0.067882
8.387 2 ROTORCRAFT_FP -20 71 327572 10485 -31457 76356992 82 -114 12878 0 0 0 0 -144 0
8.388 2 ATTITUDE 0.020126 3.144107 -0.027887
8.406 2 INS 71 -20 -329065 -31457 10485 -76530600 1 0 -8478
8.407 2 SERIAL_COM 22 6 -13 -8458 0 0 0 14 178 80 76 0 0 0 0 0
8.422 2 ATTITUDE 0.020132 3.144144 -0.027856
8.422 2 ROTORCRAFT_NAV_STATUS 7 7 0. 0. 3 0 2
8.438 2 IMU_MAG_RAW 255 0 0 0
8.438 2 INS 71 -20 -330935 -31457 10485 -76747744 -23 0 -8496
8.472 2 GPS_INT 0 0 0 404513350 -37290038 704960 654724 0 0 0 111 12 294362250 92 24 3 1
8.472 2 ATTITUDE 0.020142 3.144136 -0.0279
8.503 2 INS 71 -20 -332811 -31457 10485 -76965144 -19 0 -8477
8.520 2 ATTITUDE 0.020169 3.144131 -0.027888
8.551 2 INS 76 -25 -334692 -5242 -36700 -77182216 -18 6 -8444
8.552 2 GPS 3 43818379 447810802 3587 654763 7 6 2395 294362500 30 0
8.567 2 ATTITUDE 0.020209 3.144089 -0.027928
8.599 2 INS 76 -25 -336579 -10485 -41943 -77399248 -23 -5 -8472
8.637 2 ROTORCRAFT_FP -25 76 336958 -41943 -10485 77442976 82 -114 12878 0 0 0 0 -144 0
8.638 2 GPS_INT 0 0 0 404513352 -37290041 704999 654763 0 0 0 111 13 294362500 92 24 3 1
8.639 2 ATTITUDE 0.020215 3.144143 -0.027917
8.651 2 INS 76 -25 -338470 -10485 -41943 -77616544 6 0 -8497
8.667 2 ATTITUDE 0.020211 3.144093 -0.027874
8.699 2 INS 76 -25 -340368 -10485 -41943 -77833336 -8 -14 -8458
8.715 2 ATTITUDE 0.020242 3.144063 -0.027905
8.747 2 INS 76 -25 -342270 -10485 -41943 -78050344 -47 -19 -8457
8.772 2 GPS_INT 0 0 0 404513352 -37290041 704999 654763 0 0 0 111 13 294362500 92 24 3 1
8.773 2 ATTITUDE 0.020312 3.144065 -0.027898
8.797 2 LINK_REPORT 2 -1 9 0 23592 556 0 3005. 71. 1 108.22
8.826 2 INS 79 -35 -344177 0 -31457 -78267624 -14 5 -8483
8.827 2 ENERGY 255 8.097959 0.2 1.619592 1.027027 0.001038 0.008391
8.828 2 GVF 23.172377 1 1 1. -1.08,-14.42,3.,3.,0.,2.
8.829 2 CIRCLE -1.08 -14.42 3.
8.829 2 GPS 3 43818375 447810803 3587 654794 5 13 2395 294362750 30 0
8.830 2 ATTITUDE 0.020331 3.144107 -0.027909
8.880 2 INS 79 -35 -346091 5242 -31457 -78484624 -22 26 -8468
8.880 2 ROVER_CTRL 0. 0. 0. 0. 1400. 600. 1000. 0. 0. 0. 0. -0.067756
8.881 2 ROTORCRAFT_FP -35 79 346474 -31457 5242 78528024 83 -114 12878 0 0 0 0 -144 0
8.881 2 ATTITUDE 0.020307 3.144087 -0.027911
8.909 2 INS 79 -35 -348009 5242 -31457 -78701856 -23 -10 -8482
8.909 2 SERIAL_COM 22 -44 21 -8487 0 0 0 14 178 80 76 0 0 0 0 0
8.925 2 GPS_INT 0 0 0 404513353 -37290045 705030 654794 0 0 0 110 16 294362750 92 24 3 1
8.925 2 ATTITUDE 0.020291 3.144121 -0.027936
8.941 2 INS 79 -35 -349932 5242 -31457 -78919288 0 10 -8516
8.972 2 ATTITUDE 0.020404 3.144124 -0.027916
9.003 2 INS 79 -35 -351862 5242 -31457 -79136592 -33 -68 -8486
9.019 2 ATTITUDE 0.020444 3.144178 -0.027864
9.035 2 INS 79 -35 -353795 5242 -31457 -79353680 -4 -24 -8487
9.051 2 GPS 3 43818375 447810803 3587 654794 5 13 2395 294362750 30 0
9.077 2 GPS_INT 0 0 0 404513353 -37290045 705030 654794 0 0 0 110 16 294362750 92 24 3 1
9.078 2 ATTITUDE 0.020459 3.144166 -0.027885
9.093 2 INS 87 -38 -355735 -15728 10485 -79571064 -42 21 -8458
9.119 2 ROTORCRAFT_FP -38 87 356125 10485 -15728 79614592 83 -114 12878 0 0 0 0 -144 0
9.119 2 ATTITUDE 0.020488 3.144145 -0.027929
9.134 2 INS 87 -38 -357680 -15728 10485 -79787920 7 11 -8464
9.150 2 STATIC_CONTROL 0 0. 0 0. 0. 0. 0. 0. 0. 0. 0. 0. 0.
9.166 2 ATTITUDE 0.020571 3.144158 -0.027907
9.198 2 INS 87 -38 -359630 -15728 10485 -80004984 -5 -5 -8507
9.230 2 GPS_INT 0 0 0 404513355 -37290047 705053 654817 0 0 0 109 15 294363000 92 23 3 1
9.231 2 ATTITUDE 0.020535 3.144214 -0.027899
9.232 2 IMU_MAG_RAW 255 0 0 0
9.245 2 INS 87 -38 -361585 -15728 10485 -80222232 -23 1 -8496
9.261 2 ATTITUDE 0.020548 3.144119 -0.027897
9.329 2 INS 89 -43 -363546 -26214 5242 -80439136 -19 -18 -8487
9.330 2 GVF 23.302313 1 1 1. -1.08,-14.42,3.,3.,0.,2.
9.330 2 CIRCLE -1.08 -14.42 3.
9.330 2 GPS 3 43818372 447810807 3587 654807 6 -8 2395 294363250 30 0
9.331 2 ATTITUDE 0.020512 3.144163 -0.027898
9.331 2 WP_MOVED_ENU 15 -775 1018 2560
9.331 2 WP_MOVED_ENU 15 -775 1018 2560
9.418 2 INS 89 -43 -365512 -36700 5242 -80656224 -23 25 -8483
9.418 2 ROVER_CTRL 0. 0. 0. 0. 1400. 600. 1000. 0. 0. 0. 0. -0.067587
9.419 2 ROTORCRAFT_FP -43 89 365905 5242 -36700 80699752 83 -114 12878 0 0 0 0 -144 0
9.419 2 GPS_INT 0 0 0 404513356 -37290049 705043 654807 0 0 0 109 15 294363250 92 24 3 1
9.420 2 ATTITUDE 0.020529 3.144146 -0.027846
9.420 2 INS 89 -43 -367483 -36700 5242 -80873800 -28 20 -8502
9.420 2 SERIAL_COM 23 -14 -47 -8457 0 0 0 14 179 80 76 0 0 0 0 0
9.420 2 ATTITUDE 0.020597 3.14417 -0.0279
9.434 2 INS 89 -43 -369459 -36700 5242 -81090504 -3 -14 -8454
9.465 2 ATTITUDE 0.020585 3.144182 -0.027913
9.497 2 INS 89 -43 -371441 -36700 5242 -81307408 -23 -18 -8477
9.523 2 GPS_INT 0 0 0 404513356 -37290049 705043 654807 0 0 0 109 15 294363250 92 24 3 1
9.524 2 ALIVE 122,195,7,233,5,247,195,75,60,187,26,129,128,90,246,93
9.525 2 ATTITUDE 0.020557 3.144206 -0.027945
9.550 2 INS 92 -48 -373429 0 5242 -81524680 -38 -5 -8496
9.550 2 GPS 3 43818370 447810808 3587 654813 2 -3 2395 294363500 30 0
9.565 2 ATTITUDE 0.020565 3.14427 -0.02798
9.597 2 INS 92 -48 -375421 5242 10485 -81741408 -26 -37 -8434
9.614 2 ROTORCRAFT_FP -48 92 375820 10485 5242 81785000 84 -114 12878 0 0 0 0 -144 0
9.615 2 ATTITUDE 0.020646 3.144261 -0.027939
9.645 2 INS 92 -48 -377419 5242 10485 -81958576 -32 -28 -8463
9.672 2 GPS_INT 0 0 0 404513357 -37290051 705049 654813 0 0 0 108 14 294363500 92 24 3 1
9.673 2 ATTITUDE 0.020674 3.144309 -0.027905
9.700 2 INS 92 -48 -379422 5242 10485 -82175440 -48 11 -8467
9.700 2 ROVER_STATUS 0 60 3 0 1 23 8.089128
9.715 2 ATTITUDE 0.020662 3.14431 -0.02794
9.747 2 INS 92 -48 -381431 5242 10485 -82392776 -49 -5 -8525
9.763 2 ATTITUDE 0.020745 3.144313 -0.02793
9.796 2 LINK_REPORT 2 -1 10 0 26525 625 0 2933. 69. 1 108.22
9.816 2 INS 92 -48 -383444 5242 10485 -82610272 -49 -19 -8505
9.817 2 GVF 23.3585 1 1 1. -1.08,-14.42,3.,3.,0.,2.
9.817 2 CIRCLE -1.08 -14.42 3.
9.817 2 GPS 3 43818368 447810809 3587 654807 8 -2 2395 294363750 30 0
9.881 2 GPS_INT 0 0 0 404513358 -37290053 705043 654807 0 0 0 107 11 294363750 92 24 3 1
9.881 2 ATTITUDE 0.020675 3.144378 -0.027953
9.882 2 INS 94 -51 -385463 -47185 0 -82827160 -24 -44 -8511
9.882 2 ROVER_CTRL 0. 0. 0. 0. 1400. 600. 1000. 0. 0. 0. 0. -0.067506
9.882 2 ROTORCRAFT_FP -51 94 385867 0 -47185 82870544 84 -114 12879 0 0 0 0 -144 0
9.883 2 DL_VALUE 12 0.
9.883 2 ATTITUDE 0.020648 3.144371 -0.027977
9.883 2 INS 94 -51 -387487 -47185 0 -83044176 -77 -4 -8481
9.896 2 SERIAL_COM 23 -14 -19 -8482 0 0 0 14 179 80 76 0 0 0 0 0
9.912 2 ATTITUDE 0.020705 3.144407 -0.028003
9.945 2 INS 94 -51 -389516 -47185 0 -83261392 12 -4 -8459
9.945 2 GPS_SOL 107 11 92 24
9.971 2 GPS_INT 0 0 0 404513358 -37290053 705043 654807 0 0 0 107 11 294363750 92 24 3 1
9.972 2 ATTITUDE 0.020693 3.144409 -0.027973
9.987 2 INS 94 -51 -391551 -47185 0 -83478616 -9 -18 -8482
10.002 2 ATTITUDE 0.020645 3.144475 -0.027987
10.020 2 ROTORCRAFT_NAV_STATUS 8 8 0. 0. 3 0 2
10.021 2 IMU_MAG_RAW 255 0 0 0
10.049 2 INS 94 -51 -393594 -47185 0 -83695920 -19 11 -8483
10.050 2 GPS 3 43818368 447810809 3587 654807 9 -3 2395 294363750 30 0
10.065 2 ATTITUDE 0.020674 3.144488 -0.027968
10.097 2 INS 97 -58 -395637 -5242 -31457 -83912920 -28 -33 -8477
10.122 2 ROTORCRAFT_FP -58 97 396047 -31457 -15728 83956344 84 -114 12880 0 0 0 0 -144 0
10.123 2 GPS_INT 0 0 0 404513359 -37290056 705065 654829 0 0 0 107 12 294364000 92 24 3 1
10.124 2 ATTITUDE 0.02068 3.144534 -0.027993
10.165 2 INS 97 -58 -397688 -15728 -31457 -84130352 -48 -4 -8482
10.166 2 STATIC_CONTROL 0 0. 0 0. 0. 0. 0. 0. 0. 0. 0. 0. 0.
10.167 2 ATTITUDE 0.020698 3.144525 -0.028047
10.180 2 INS 97 -58 -399744 -15728 -31457 -84347760 -38 6 -8487
10.212 2 ATTITUDE 0.02067 3.14454 -0.028054
10.243 2 INS 97 -58 -401805 -15728 -31457 -84565088 10 -28 -8507
10.259 2 GPS_INT 0 0 0 404513359 -37290056 705065 654829 0 0 0 107 12 294364000 92 24 3 1
10.260 2 ATTITUDE 0.020731 3.144564 -0.028055
10.314 2 INS 97 -58 -403872 -15728 -31457 -84782056 -39 11 -8501
10.315 2 GVF 23.415108 1 1 1. -1.08,-14.42,3.,3.,0.,2.
10.315 2 CIRCLE -1.08 -14.42 3.
10.316 2 GPS 3 43818363 447810811 3587 654832 7 -7 2395 294364250 30 0
10.317 2 ATTITUDE 0.02078 3.144564 -0.028054
10.317 2 PONG 
10.330 2 INS 102 -66 -405944 -31457 -26214 -84999232 -52 -8 -8452
10.370 2 ROVER_CTRL 0. 0. 0. 0. 1400. 600. 1000. 0. 0. 0. 0. -0.06738
10.370 2 ROTORCRAFT_FP -66 102 406359 -26214 -31457 85042672 85 -114 12880 0 0 0 0 -144 0
10.371 2 ATTITUDE 0.020742 3.144585 -0.028066
10.397 2 INS 102 -66 -408021 -31457 -26214 -85216240 -33 -13 -8472
10.398 2 SERIAL_COM 24 -67 -53 -8494 0 0 0 14 180 80 76 0 0 0 0 0
10.424 2 GPS_INT 0 0 0 404513360 -37290060 705068 654832 0 0 0 106 12 294364250 92 24 3 1
10.425 2 ATTITUDE 0.020753 3.144568 -0.028044
10.439 2 INS 102 -66 -410104 -31457 -26214 -85432960 22 -37 -8435
10.455 2 ATTITUDE 0.02075 3.144589 -0.028095
10.487 2 INS 102 -66 -412192 -31457 -26214 -85650248 11 -28 -8488
10.488 2 STATE_FILTER_STATUS 6 3 0
10.503 2 ATTITUDE 0.020702 3.144614 -0.028098
10.545 2 INS 102 -66 -414285 -31457 -26214 -85867248 -33 -19 -8496
10.545 2 GPS 3 43818360 447810813 3587 654841 1 0 2395 294364500 30 0
10.571 2 GPS_INT 0 0 0 404513362 -37290063 705077 654841 0 0 0 105 9 294364500 92 24 3 1
10.573 2 ATTITUDE 0.020783 3.144615 -0.028133
10.587 2 INS 107 -74 -416383 0 0 -86083848 -9 -22 -8483
10.627 2 ROTORCRAFT_FP -74 107 416804 0 0 86127280 84 -115 12880 0 0 0 0 -144 0
10.628 2 ATTITUDE 0.020772 3.144587 -0.028088
10.628 2 WP_MOVED_ENU 16 50798 51645 2557
10.628 2 WP_MOVED_ENU 16 50798 51645 2557
10.629 2 INS 107 -74 -418487 0 0 -86301056 -38 -53 -8495
10.659 2 ATTITUDE 0.020758 3.144559 -0.028036
10.692 2 INS 107 -74 -420596 0 0 -86518408 -38 -19 -8487
10.720 2 GPS_INT 0 0 0 404513362 -37290063 705077 654841 0 0 0 105 9 294364500 92 24 3 1
10.722 2 INS_REF 485058794 -31613915 411670613 404513324 -37290030 704601 654365 0.
10.722 2 ATTITUDE 0.020767 3.144487 -0.028079
10.734 2 INS 107 -74 -422711 0 0 -86735488 -15 1 -8512
10.749 2 ATTITUDE 0.020744 3.144457 -0.028132
10.798 2 LINK_REPORT 2 -1 11 0 29581 698 0 3056. 73. 2 25.26
10.816 2 INS 107 -74 -424830 0 0 -86952736 -53 -38 -8500
10.817 2 GVF 23.532322 1 1 1. -1.08,-14.42,3.,3.,0.,2.
10.817 2 CIRCLE -1.08 -14.42 3.
10.817 2 GPS 3 43818358 447810816 3587 654851 2 -3 2395 294364750 30 0
10.818 2 ATTITUDE 0.020763 3.144459 -0.028141
10.818 2 IMU_MAG_RAW 255 0 0 0
10.909 2 INS 110 -76 -426955 5242 -15728 -87169584 -38 5 -8511
10.909 2 ROVER_CTRL 0. 0. 0. 0. 1400. 600. 1000. 0. 0. 0. 0. -0.067248
10.909 2 ROTORCRAFT_FP -76 110 427381 -15728 5242 87212880 84 -115 12879 0 0 0 0 -144 0
10.910 2 GPS_INT 0 0 0 404513364 -37290065 705087 654851 0 0 0 105 11 294364750 92 24 3 1
10.910 2 ATTITUDE 0.020696 3.144437 -0.028153
10.910 2 INS 110 -76 -429086 5242 -15728 -87386280 -43 6 -8491
10.910 2 SERIAL_COM 24 22 -31 -8421 0 0 0 14 180 80 76 0 0 0 0 0
10.910 2 ATTITUDE 0.020746 3.144482 -0.028198
10.941 2 INS 110 -76 -431221 5242 -15728 -87603248 -7 -17 -8440
10.955 2 ATTITUDE 0.02072 3.144509 -0.028211
10.987 2 INS 110 -76 -433362 5242 -15728 -87820376 -19 -15 -8520
11.003 2 GPS_INT 0 0 0 404513364 -37290065 705087 654851 0 0 0 105 11 294364750 92 24 3 1
11.005 2 ATTITUDE 0.020685 3.144457 -0.028264
11.045 2 INS 110 -76 -435508 5242 -15728 -88037512 -27 -9 -8472
11.046 2 GPS 3 43818358 447810816 3587 654851 3 -4 2395 294364750 30 0
11.061 2 ATTITUDE 0.02065 3.144405 -0.028284
11.077 2 INS 117 -84 -437660 -10485 -10485 -88254544 -52 -48 -8462
11.107 2 ROTORCRAFT_FP -84 117 438091 -15728 -20971 88297960 84 -115 12879 0 0 0 0 -144 0
11.108 2 ATTITUDE 0.020638 3.144417 -0.028275
11.165 2 INS 117 -84 -439816 -20971 -15728 -88471976 -27 6 -8483
11.166 2 STATIC_CONTROL 0 0. 0 0. 0. 0. 0. 0. 0. 0. 0. 0. 0.
11.168 2 GPS_INT 0 0 0 404513366 -37290068 705088 654852 0 0 0 104 13 294365000 92 24 3 1
11.169 2 ATTITUDE 0.020622 3.144473 -0.028288
11.191 2 INS 117 -84 -441979 -20971 -15728 -88688952 -46 -13 -8448
11.192 2 ROVER_STATUS 0 60 3 0 1 24 8.097959
11.207 2 ATTITUDE 0.020628 3.144518 -0.028258
11.238 2 INS 117 -84 -444147 -20971 -15728 -88905784 -32 11 -8478
11.254 2 ATTITUDE 0.020645 3.144521 -0.028197
11.363 2 INS 117 -84 -446319 -20971 -15728 -89122728 -23 -53 -8487
11.364 2 GVF 23.654598 1 1 1. -1.08,-14.42,3.,3.,0.,2.
11.365 2 CIRCLE -1.08 -14.42 3.
11.365 2 GPS 3 43818354 447810820 3587 654858 5 -2 2395 294365250 30 0
11.366 2 GPS_INT 0 0 0 404513368 -37290070 705094 654858 0 0 0 104 10 294365250 92 24 3 1
11.367 2 ATTITUDE 0.020629 3.144472 -0.028227
11.367 2 INS 122 -89 -448497 15728 15728 -89340176 -20 -10 -8526
11.369 2 ROVER_CTRL 0. 0. 0. 0. 1400. 600. 1000. 0. 0. 0. 0. -0.067049
11.370 2 ROTORCRAFT_FP -89 122 448933 15728 15728 89383624 84 -115 12880 0 0 0 0 -144 0
11.371 2 ATTITUDE 0.020686 3.144548 -0.028229
11.392 2 INS 122 -89 -450680 15728 15728 -89556928 -27 -47 -8453
11.392 2 SERIAL_COM 25 -10 -20 -8526 0 0 0 14 181 80 76 0 0 0 0 0
11.407 2 ATTITUDE 0.020681 3.144624 -0.028189
11.423 2 INS 122 -89 -452869 15728 15728 -89774208 -23 -4 -8478
11.454 2 GPS_INT 0 0 0 404513368 -37290070 705094 654858 0 0 0 104 10 294365250 92 24 3 1
11.455 2 DL_VALUE 13 0.
11.455 2 ATTITUDE 0.020663 3.144657 -0.028158
11.486 2 INS 122 -89 -455063 15728 15728 -89991624 -63 0 -8511
11.502 2 ATTITUDE 0.020671 3.144628 -0.028116
11.536 2 INS 122 -89 -457261 15728 15728 -90208928 17 -23 -8478
11.537 2 GPS 3 43818353 447810821 3587 654866 4 -4 2395 294365500 30 0
11.550 2 ATTITUDE 0.020681 3.14464 -0.028116
11.585 2 INS 125 -89 -459467 -20971 10485 -90426048 -78 0 -8500
11.631 2 ROTORCRAFT_FP -89 125 459910 10485 -20971 90469640 84 -115 12880 0 0 0 0 -144 0
11.632 2 GPS_INT 0 0 0 404513369 -37290071 705102 654866 0 0 0 103 13 294365500 92 24 3 1
11.633 2 ATTITUDE 0.020616 3.144599 -0.028128
11.633 2 ROTORCRAFT_NAV_STATUS 10 10 0. 0. 3 0 2
11.634 2 IMU_MAG_RAW 255 0 0 0
11.634 2 INS 125 -89 -461678 -20971 10485 -90643496 -38 -33 -8506
11.646 2 ATTITUDE 0.020535 3.144613 -0.02815
11.680 2 INS 125 -89 -463891 -20971 10485 -90860336 -9 35 -8498
11.694 2 ATTITUDE 0.020583 3.144656 -0.028173
11.710 2 DATALINK_REPORT 2 4 1465 2981 0 0
11.726 2 INS 125 -89 -466111 -20971 10485 -91077648 -43 -28 -8487
11.752 2 GPS_INT 0 0 0 404513369 -37290071 705102 654866 0 0 0 103 13 294365500 92 24 3 1
11.753 2 ATTITUDE 0.020664 3.144732 -0.028197
11.799 2 LINK_REPORT 2 -1 12 0 32560 768 0 2979. 70. 2 25.26
11.808 2 INS 125 -89 -468337 -20971 10485 -91294856 -43 -18 -8487
11.809 2 GVF 23.754797 1 1 1. -1.08,-14.42,3.,3.,0.,2.
11.809 2 CIRCLE -1.08 -14.42 3.
11.810 2 GPS 3 43818351 447810823 3587 654881 2 -1 2395 294365750 30 0
11.811 2 ATTITUDE 0.020616 3.144711 -0.02826
11.823 2 INS 133 -97 -470568 -10485 -20971 -91512288 -28 -14 -8487
11.864 2 ROVER_CTRL 0. 0. 0. 0. 1400. 600. 1000. 0. 0. 0. 0. -0.066863
11.865 2 ROTORCRAFT_FP -97 133 471015 -20971 -10485 91555472 84 -115 12880 0 0 0 0 -144 0
11.866 2 ATTITUDE 0.020691 3.144649 -0.028293
11.929 2 INS 133 -97 -472805 -10485 -20971 -91729312 -9 11 -8483
11.930 2 SERIAL_COM 25 10 -29 -8516 0 0 0 14 181 80 76 0 0 0 0 0
11.931 2 GPS_INT 0 0 0 404513371 -37290074 705117 654881 0 0 0 103 9 294365750 92 24 3 1
11.931 2 ATTITUDE 0.020709 3.144601 -0.02825
11.931 2 WP_MOVED_ENU 17 51645 -50798 2557
11.932 2 WP_MOVED_ENU 17 51645 -50798 2557
11.932 2 INS 133 -97 -475046 -10485 -20971 -91946160 -19 1 -8483
11.932 2 GPS_SOL 103 9 92 24
11.945 2 ATTITUDE 0.020726 3.144602 -0.028294
11.977 2 INS 133 -97 -477293 -10485 -20971 -92163560 -28 -43 -8491
11.993 2 ATTITUDE 0.020775 3.14469 -0.028286
12.038 2 INS 133 -97 -479545 -10485 -20971 -92380368 -17 -17 -8421
12.039 2 GPS 3 43818351 447810823 3587 654881 3 -2 2395 294365750 30 0
12.064 2 GPS_INT 0 0 0 404513371 -37290074 705117 654881 0 0 0 103 9 294365750 92 24 3 1
12.065 2 ATTITUDE 0.020759 3.144744 -0.0283
12.079 2 INS 138 -102 -481803 15728 -10485 -92597784 -32 -28 -8463
12.109 2 ROTORCRAFT_FP -102 138 482255 -10485 15728 92641024 85 -115 12880 0 0 0 0 -144 0
12.110 2 ATTITUDE 0.020747 3.144734 -0.028309
12.122 2 INS 138 -102 -484065 15728 -10485 -92814544 -23 -18 -8478
12.153 2 STATIC_CONTROL 0 0. 0 0. 0. 0. 0. 0. 0. 0. 0. 0. 0.
12.153 2 ATTITUDE 0.020731 3.14479 -0.02831
12.184 2 INS 138 -102 -486333 15728 -10485 -93031624 -31 -18 -8477
12.210 2 GPS_INT 0 0 0 404513373 -37290077 705115 654880 0 0 0 102 9 294366000 92 24 3 1
12.212 2 ALIVE 122,195,7,233,5,247,195,75,60,187,26,129,128,90,246,93
12.213 2 ATTITUDE 0.020741 3.144771 -0.028268
12.226 2 INS 138 -102 -488607 15728 -10485 -93248984 -27 -28 -8501
12.246 2 ATTITUDE 0.020758 3.144772 -0.028261
12.273 2 INS 138 -102 -490886 15728 -10485 -93466096 -36 6 -8477
12.311 2 GVF 23.915344 1 1 1. -1.08,-14.42,3.,3.,0.,2.
12.312 2 CIRCLE -1.08 -14.42 3.
12.313 2 GPS 3 43818344 447810828 3587 654889 7 -1 2395 294366250 30 0
12.314 2 ATTITUDE 0.020774 3.144797 -0.028198
12.402 2 INS 143 -115 -493170 15728 -41943 -93683040 -13 -8 -8454
12.403 2 ROVER_CTRL 0. 0. 0. 0. 1400. 600. 1000. 0. 0. 0. 0. -0.066703
12.404 2 ROTORCRAFT_FP -115 143 493627 -41943 15728 93726440 85 -115 12880 0 0 0 0 -144 0
12.405 2 GPS_INT 0 0 0 404513375 -37290082 705125 654889 0 0 0 102 7 294366250 92 25 3 1
12.406 2 ATTITUDE 0.020815 3.144739 -0.028177
12.406 2 INS 143 -115 -495459 15728 -41943 -93900072 -38 11 -8502
12.407 2 SERIAL_COM 26 1 -27 -8502 0 0 0 14 182 80 76 0 0 0 0 0
12.408 2 ATTITUDE 0.02076 3.144692 -0.028113
12.409 2 IMU_MAG_RAW 255 0 0 0
12.433 2 INS 143 -115 -497754 15728 -41943 -94117200 -27 -3 -8478
12.448 2 ATTITUDE 0.020778 3.144672 -0.028125
12.481 2 INS 143 -115 -500054 15728 -41943 -94334720 -4 -19 -8512
12.497 2 GPS_INT 0 0 0 404513375 -37290082 705125 654889 0 0 0 102 7 294366250 92 25 3 1
12.498 2 ATTITUDE 0.020776 3.144737 -0.028138
12.539 2 INS 143 -115 -502359 15728 -41943 -94551808 -48 -38 -8490
12.540 2 GPS 3 43818342 447810830 3587 654892 6 -1 2395 294366500 30 0
12.541 2 ATTITUDE 0.020773 3.144686 -0.028149
12.570 2 INS 148 -120 -504669 15728 15728 -94769024 -42 -22 -8477
12.599 2 ROTORCRAFT_FP -120 148 505132 15728 15728 94812480 85 -115 12880 0 0 0 0 -144 0
12.599 2 ATTITUDE 0.020769 3.144752 -0.028119
12.630 2 INS 148 -120 -506986 15728 15728 -94985968 -23 -22 -8458
12.646 2 GPS_INT 0 0 0 404513377 -37290085 705128 654892 0 0 0 101 8 294366500 92 25 3 1
12.647 2 ATTITUDE 0.020786 3.144761 -0.028185
12.679 2 INS 148 -120 -509306 15728 15728 -95202768 12 -27 -8473
12.679 2 ROVER_STATUS 0 60 3 0 1 26 8.089128
12.694 2 ATTITUDE 0.020826 3.144731 -0.028216
12.727 2 INS 148 -120 -511633 15728 15728 -95419792 -18 -27 -8458
12.747 2 ATTITUDE 0.020835 3.144745 -0.028229
12.797 2 INS 148 -120 -513965 15728 15728 -95636888 -32 -22 -8472
12.797 2 GVF 24.035263 1 1 1. -1.08,-14.42,3.,3.,0.,2.
12.798 2 CIRCLE -1.08 -14.42 3.
12.799 2 GPS 3 43818342 447810830 3587 654892 6 -2 2395 294366500 30 0
12.800 2 LINK_REPORT 2 -1 13 0 35641 841 0 3081. 73. 2 25.26
12.861 2 GPS_INT 0 0 0 404513377 -37290085 705128 654892 0 0 0 101 8 294366500 92 25 3 1
12.862 2 ATTITUDE 0.020818 3.144778 -0.028261
12.863 2 INS 156 -128 -516301 -5242 -5242 -95854160 -27 -22 -8467
12.863 2 ROVER_CTRL 0. 0. 0. 0. 1400. 600. 1000. 0. 0. 0. 0. -0.066487
12.864 2 ROTORCRAFT_FP -128 156 516769 -5242 -5242 95897480 85 -115 12881 0 0 0 0 -144 0
12.865 2 ATTITUDE 0.020825 3.144779 -0.028251
12.889 2 INS 156 -128 -518644 -5242 -5242 -96071224 -38 -9 -8482
12.890 2 SERIAL_COM 26 -32 -57 -8476 0 0 0 14 182 80 76 0 0 0 0 0
12.905 2 ATTITUDE 0.020756 3.144791 -0.028232
12.919 2 INS 156 -128 -520991 -5242 -5242 -96288360 -17 -8 -8459
12.948 2 GPS_INT 0 0 0 404513380 -37290087 705129 654893 0 0 0 101 13 294366750 92 26 3 1
12.949 2 ATTITUDE 0.020757 3.144771 -0.028256
12.979 2 INS 156 -128 -523344 -5242 -5242 -96505488 -22 -37 -8467
12.996 2 ATTITUDE 0.020753 3.144815 -0.028267
13.037 2 INS 156 -128 -525703 -5242 -5242 -96722544 -36 -47 -8471
13.038 2 GPS 3 43818340 447810834 3587 654893 0 -5 2395 294366750 30 0
13.038 2 DL_VALUE 14 0.
13.054 2 ATTITUDE 0.020756 3.144903 -0.028259
13.070 2 INS 163 -135 -528066 15728 -26214 -96939272 -31 -52 -8453
13.108 2 ROTORCRAFT_FP -135 163 528539 -26214 26214 96982744 85 -115 12881 0 0 0 0 -144 0
13.109 2 GPS_INT 0 0 0 404513382 -37290091 705127 654891 0 0 0 100 8 294367000 92 24 3 1
13.110 2 ATTITUDE 0.020828 3.144865 -0.028226
13.138 2 INS 163 -135 -530435 26214 -26214 -97156704 -14 -4 -8526
13.139 2 STATIC_CONTROL 0 0. 0 0. 0. 0. 0. 0. 0. 0. 0. 0. 0.
13.139 2 ATTITUDE 0.020835 3.144855 -0.028236
13.170 2 INS 163 -135 -532809 26214 -26214 -97373728 -46 -22 -8458
13.185 2 ATTITUDE 0.020807 3.144982 -0.028251
13.201 2 ROTORCRAFT_NAV_STATUS 11 11 0. 0. 3 0 2
13.202 2 WP_MOVED_ENU 18 -50798 -51645 2557
13.257 2 WP_MOVED_ENU 18 -50798 -51645 2557
13.258 2 IMU_MAG_RAW 255 0 0 0
13.258 2 INS 163 -135 -535188 26214 -26214 -97590648 -12 -32 -8472
13.259 2 GPS_INT 0 0 0 404513382 -37290091 705127 654891 0 0 0 100 8 294367000 92 24 3 1
13.261 2 ATTITUDE 0.020806 3.145016 -0.028261
13.305 2 INS 163 -135 -537573 26214 -26214 -97808264 -8 -4 -8502
13.306 2 ENERGY 255 8.097959 0.2 1.619592 1.021739 0.001288 0.010414
13.306 2 GVF 24.223356 1 1 1. -1.08,-14.42,3.,3.,0.,2.
13.307 2 CIRCLE -1.08 -14.42 3.
13.307 2 GPS 3 43818336 447810836 3587 654891 6 -4 2395 294367000 30 0
13.307 2 ATTITUDE 0.020773 3.144977 -0.028261
13.360 2 INS 171 -140 -539963 10485 0 -98025104 12 -14 -8503
13.360 2 ROVER_CTRL 0. 0. 0. 0. 1400. 600. 1000. 0. 0. 0. 0. -0.066237
13.361 2 ROTORCRAFT_FP -140 171 540441 0 10485 98068344 85 -115 12881 0 0 0 0 -144 0
13.361 2 ATTITUDE 0.020738 3.145009 -0.028242
13.404 2 INS 171 -140 -542358 10485 0 -98242312 -7 -43 -8482
13.404 2 SERIAL_COM 27 1 -42 -8491 0 0 0 14 183 80 76 0 0 0 0 0
13.404 2 GPS_INT 0 0 0 404513385 -37290094 705134 654898 0 0 0 100 9 294367250 92 26 3 1
13.405 2 ATTITUDE 0.020712 3.145011 -0.028264
13.419 2 INS 171 -140 -544759 10485 0 -98460144 -22 25 -8468
13.435 2 ATTITUDE 0.020718 3.145046 -0.028201
13.466 2 INS 171 -140 -547165 10485 0 -98677416 -27 -38 -8496
13.499 2 ATTITUDE 0.020706 3.145041 -0.028223
13.514 2 INS 171 -140 -549576 10485 0 -98894576 -31 -33 -8482
13.531 2 GPS 3 43818331 447810841 3587 654926 5 4 2395 294367500 30 0
13.557 2 GPS_INT 0 0 0 404513387 -37290097 705162 654926 0 0 0 99 11 294367500 92 25 3 1
13.558 2 ATTITUDE 0.020688 3.145087 -0.028202
13.572 2 INS 176 -148 -551993 26214 5242 -99111576 -42 -33 -8510
13.598 2 ROTORCRAFT_FP -148 176 552479 5242 26214 99155112 84 -115 12882 0 0 0 0 -144 0
13.599 2 ATTITUDE 0.020705 3.145098 -0.028237
13.614 2 INS 176 -148 -554414 26214 5242 -99328528 17 -43 -8488
13.645 2 ATTITUDE 0.020724 3.145132 -0.02825
13.677 2 INS 176 -148 -556842 26214 5242 -99545808 -52 -14 -8501
13.694 2 GPS_INT 0 0 0 404513387 -37290097 705162 654926 0 0 0 99 11 294367500 92 25 3 1
13.695 2 STATE_FILTER_STATUS 6 3 0
13.695 2 ATTITUDE 0.020645 3.145144 -0.028262
13.725 2 INS 176 -148 -559274 26214 5242 -99763056 -3 6 -8488
13.743 2 ATTITUDE 0.020697 3.145144 -0.028338
13.796 2 INS 176 -148 -561712 26214 5242 -99980016 -12 -32 -8468
13.797 2 GVF 24.387604 1 1 1. -1.08,-14.42,3.,3.,0.,2.
13.798 2 CIRCLE -1.08 -14.42 3.
13.798 2 GPS 3 43818331 447810841 3587 654926 5 4 2395 294367500 30 0
13.799 2 ATTITUDE 0.020715 3.145115 -0.028372
13.800 2 LINK_REPORT 2 -1 14 0 38678 913 0 3037. 72. 2 25.26
13.812 2 INS 184 -153 -564155 -20971 -15728 -100197008 -41 -4 -8472
13.887 2 ROVER_CTRL 0. 0. 0. 0. 1400. 600. 1000. 0. 0. 0. 0. -0.066022
13.887 2 ROTORCRAFT_FP -153 184 564644 -15728 -20971 100240512 84 -116 12882 0 0 0 0 -144 0
13.888 2 GPS_INT 0 0 0 404513389 -37290100 705173 654937 0 0 0 99 13 294367750 92 25 3 1
13.888 2 ATTITUDE 0.02069 3.145108 -0.028362
13.888 2 INS 184 -153 -566603 -20971 -15728 -100413880 -40 7 -8454
13.888 2 SERIAL_COM 27 6 -3 -8488 0 0 0 14 183 80 76 0 0 0 0 0
13.888 2 ATTITUDE 0.020697 3.145121 -0.028384
13.929 2 INS 184 -153 -569057 -20971 -15728 -100631360 -31 1 -8492
13.929 2 GPS_SOL 99 13 92 25
13.946 2 ATTITUDE 0.020748 3.145146 -0.028387
13.960 2 INS 184 -153 -571516 -20971 -15728 -100848912 -28 -23 -8525
14.008 2 GPS_INT 0 0 0 404513389 -37290100 705173 654937 0 0 0 99 13 294367750 92 25 3 1
14.009 2 ATTITUDE 0.020775 3.145222 -0.028474
14.009 2 IMU_MAG_RAW 255 0 0 0
14.023 2 INS 184 -153 -573980 -20971 -15728 -101065824 -46 -52 -8481
14.024 2 GPS 3 43818329 447810844 3587 654937 4 -6 2395 294367750 30 0
14.038 2 ATTITUDE 0.020815 3.145181 -0.028442
14.094 2 INS 184 -158 -576449 0 -5242 -101283368 -28 -23 -8501
14.095 2 ROTORCRAFT_FP -158 184 576944 -5242 10485 101326832 85 -116 12882 0 0 0 0 -144 0
14.097 2 ATTITUDE 0.020882 3.145248 -0.028411
14.110 2 INS 184 -158 -578924 10485 -5242 -101500632 -31 -3 -8492
14.153 2 STATIC_CONTROL 0 0. 0 0. 0. 0. 0. 0. 0. 0. 0. 0. 0.
14.154 2 GPS_INT 0 0 0 404513390 -37290102 705179 654943 0 0 0 98 14 294368000 92 25 3 1
14.155 2 ATTITUDE 0.020943 3.145248 -0.028423
14.178 2 INS 184 -158 -581405 10485 -5242 -101717936 -61 21 -8487
14.179 2 ROVER_STATUS 0 60 3 0 1 27 8.089128
14.194 2 ATTITUDE 0.020872 3.145335 -0.028435
14.210 2 INS 184 -158 -583891 10485 -5242 -101935024 -27 -3 -8483
14.245 2 ATTITUDE 0.02088 3.145319 -0.028425
14.349 2 INS 184 -158 -586381 10485 -5242 -102151920 -31 -3 -8478
14.350 2 GVF 24.488438 1 1 1. -1.08,-14.42,3.,3.,0.,2.
14.350 2 CIRCLE -1.08 -14.42 3.
14.351 2 GPS 3 43818327 447810845 3587 654943 2 4 2395 294368000 30 0
14.352 2 GPS_INT 0 0 0 404513390 -37290102 705179 654943 0 0 0 98 14 294368000 92 25 3 1
14.353 2 ATTITUDE 0.020953 3.145331 -0.028416
14.353 2 INS 192 -168 -588877 26214 -73400 -102368880 -7 -52 -8477
14.354 2 ROVER_CTRL 0. 0. 0. 0. 1400. 600. 1000. 0. 0. 0. 0. -0.065894
14.355 2 ROTORCRAFT_FP -168 192 589377 -73400 26214 102412256 85 -116 12883 0 0 0 0 -144 0
14.356 2 ATTITUDE 0.020972 3.145357 -0.028353
14.377 2 INS 192 -168 -591378 26214 -73400 -102586080 -2 -18 -8464
14.378 2 SERIAL_COM 28 12 -7 -8460 0 0 0 14 184 80 76 0 0 0 0 0
14.392 2 ATTITUDE 0.020989 3.14533 -0.02833
14.408 2 INS 192 -168 -593884 26214 -73400 -102803144 -36 -37 -8496
14.440 2 GPS_INT 0 0 0 404513392 -37290107 705194 654958 0 0 0 98 10 294368250 92 25 3 1
14.440 2 ATTITUDE 0.020929 3.145395 -0.028385
14.472 2 INS 192 -168 -596396 26214 -73400 -103020504 -46 -32 -8496
14.488 2 ATTITUDE 0.020912 3.14546 -0.028431
14.504 2 WP_MOVED_ENU 19 -51645 50798 2557
14.505 2 WP_MOVED_ENU 19 -51645 50798 2557
14.520 2 INS 192 -168 -598914 26214 -73400 -103237424 -31 -32 -8477
14.521 2 GPS 3 43818320 447810849 3220 654976 3 3 2395 294368500 30 0
14.536 2 ATTITUDE 0.020912 3.145473 -0.028421
14.568 2 INS 197 -179 -601436 15728 0 -103454688 -7 -18 -8488
14.623 2 ROTORCRAFT_FP -179 197 601944 0 15728 103498208 85 -116 12883 0 0 0 0 -144 0
14.624 2 GPS_INT 0 0 0 404513394 -37290111 705212 654976 0 0 0 97 12 294368500 92 25 3 1
14.625 2 ATTITUDE 0.020931 3.145497 -0.02839
14.625 2 INS 197 -179 -603964 15728 0 -103671632 -12 -37 -8488
14.638 2 DL_VALUE 15 1.
14.638 2 ATTITUDE 0.020929 3.145478 -0.028475
14.670 2 INS 197 -179 -606498 15728 0 -103888640 -30 -47 -8453
14.686 2 ATTITUDE 0.020961 3.145493 -0.028466
14.719 2 INS 197 -179 -609036 15728 0 -104105584 -61 12 -8482
14.757 2 GPS_INT 0 0 0 404513394 -37290111 705212 654976 0 0 0 97 12 294368500 92 25 3 1
14.758 2 AUTOPILOT_VERSION 60200 v6.2_unstable-650-g74eaf7c20-dirty
14.758 2 ATTITUDE 0.020987 3.145495 -0.028478
14.758 2 INS 197 -179 -611580 15728 0 -104322680 -17 -13 -8483
14.800 2 LINK_REPORT 2 -1 15 0 41569 980 0 2891. 67. 2 25.26
14.808 2 GVF 24.651875 1 1 1. -1.08,-14.42,3.,3.,0.,2.
14.809 2 CIRCLE -1.08 -14.42 3.
14.810 2 GPS 3 43818320 447810849 3220 654976 4 4 2395 294368500 30 0
14.811 2 ATTITUDE 0.021006 3.145518 -0.028456
14.812 2 ROTORCRAFT_NAV_STATUS 13 13 0. 0. 3 0 2
14.813 2 IMU_MAG_RAW 255 0 0 0
14.813 2 INS 202 -184 -614129 -5242 -20971 -104539544 -60 -46 -8447
14.849 2 ROVER_CTRL 0. 0. 0. 0. 1400. 600. 1000. 0. 0. 0. 0. -0.065732
14.850 2 ROTORCRAFT_FP -184 202 614639 -20971 -5242 104582920 86 -116 12883 0 0 0 0 -144 0
14.850 2 ATTITUDE 0.021055 3.145508 -0.028447
14.902 2 INS 202 -184 -616683 -5242 -20971 -104756848 -23 -52 -8525
14.904 2 SERIAL_COM 28 -32 -61 -8481 0 0 0 14 184 80 76 0 0 0 0 0
14.906 2 GPS_INT 0 0 0 404513396 -37290114 705231 654995 0 0 0 97 12 294368750 92 24 3 1
14.908 2 ALIVE 122,195,7,233,5,247,195,75,60,187,26,129,128,90,246,93
14.909 2 ATTITUDE 0.021063 3.145587 -0.028426
14.918 2 INS 202 -184 -619243 -5242 -20971 -104973832 -26 3 -8445
14.934 2 ATTITUDE 0.021049 3.145557 -0.028428
14.966 2 INS 202 -184 -621808 -5242 -20971 -105190736 -57 -3 -8496
14.982 2 ATTITUDE 0.021049 3.145475 -0.028512
14.991 2 GET_SETTING 53 2
15.024 2 INS 202 -184 -624378 -5242 -20971 -105408064 -41 13 -8473
15.025 2 GPS 3 43818317 447810852 3220 654995 3 3 2395 294368750 30 0
15.051 2 GPS_INT 0 0 0 404513396 -37290114 705231 654995 0 0 0 97 12 294368750 92 24 3 1
15.051 2 DL_VALUE 53 0.8
15.051 2 ATTITUDE 0.021098 3.145478 -0.028492
15.065 2 INS 207 -192 -626953 -15728 -10485 -105625504 -17 -36 -8478
15.093 2 ROTORCRAFT_FP -192 207 627469 -10485 -15728 105668944 86 -116 12883 0 0 0 0 -144 0
15.094 2 ATTITUDE 0.021135 3.145471 -0.02847
15.108 2 INS 207 -192 -629535 -15728 -15728 -105842280 -22 -46 -8467
15.137 2 STATIC_CONTROL 0 0. 0 0. 0. 0. 0. 0. 0. 0. 0. 0. 0.
15.138 2 ATTITUDE 0.021087 3.145535 -0.028474
15.169 2 INS 207 -192 -632121 -15728 -15728 -106059536 -17 -2 -8473
15.186 2 GPS_INT 0 0 0 404513397 -37290117 705252 655016 0 0 0 96 11 294369000 92 25 3 1
15.187 2 ATTITUDE 0.021041 3.145516 -0.028549
15.217 2 INS 207 -192 -634713 -15728 -15728 -106276856 -35 -22 -8459
15.233 2 ATTITUDE 0.021007 3.145517 -0.028613
15.286 2 INS 207 -192 -637309 -15728 -15728 -106493792 -27 -23 -8478
15.287 2 GVF 24.779888 1 1 1. -1.08,-14.42,3.,3.,0.,2.
15.287 2 CIRCLE -1.08 -14.42 3.
15.288 2 GPS 3 43818315 447810853 3220 655016 3 3 2395 294369000 30 0
15.288 2 ATTITUDE 0.021006 3.145475 -0.028612
15.375 2 INS 204 -197 -639911 -20971 5242 -106710592 -55 -31 -8453
15.377 2 ROVER_CTRL 0. 0. 0. 0. 1400. 600. 1000. 0. 0. 0. 0. -0.065703
15.379 2 ROTORCRAFT_FP -197 204 640432 5242 -20971 106754128 86 -117 12883 0 0 0 0 -144 0
15.381 2 GPS_INT 0 0 0 404513397 -37290120 705258 655022 0 0 0 96 10 294369250 92 25 3 1
15.382 2 PONG 
15.383 2 ATTITUDE 0.021098 3.145478 -0.028583
15.383 2 INS 204 -197 -642519 -20971 5242 -106927880 -36 12 -8492
15.384 2 SERIAL_COM 29 -47 -7 -8488 0 0 0 14 185 80 76 0 0 0 0 0
15.392 2 ATTITUDE 0.021049 3.145503 -0.028583
15.408 2 INS 204 -197 -645131 -20971 5242 -107145136 -36 -23 -8506
15.439 2 ATTITUDE 0.021033 3.145548 -0.028533
15.455 2 INS 204 -197 -647749 -20971 5242 -107362112 -28 -27 -8502
15.486 2 GPS_INT 0 0 0 404513397 -37290120 705258 655022 0 0 0 96 10 294369250 92 25 3 1
15.487 2 ATTITUDE 0.02098 3.145527 -0.028491
15.517 2 INS 204 -197 -650372 -20971 5242 -107579248 -57 -18 -8501
15.518 2 GPS 3 43818312 447810853 3220 655022 4 5 2395 294369250 30 0
15.533 2 ATTITUDE 0.02101 3.145506 -0.028556
15.565 2 INS 207 -199 -653001 15728 26214 -107796520 -12 -62 -8491
15.591 2 ROTORCRAFT_FP -199 207 653529 26214 15728 107840176 86 -116 12884 0 0 0 0 -144 0
15.593 2 ATTITUDE 0.021046 3.145614 -0.028505
15.593 2 IMU_MAG_RAW 255 0 0 0
15.607 2 INS 207 -199 -655635 15728 26214 -108013832 -57 -37 -8496
15.635 2 GPS_INT 0 0 0 404513398 -37290121 705241 655005 0 0 0 96 12 294369500 92 25 3 1
15.636 2 ATTITUDE 0.021074 3.145659 -0.028484
15.643 2 GET_SETTING 54 2
15.667 2 INS 207 -199 -658274 15728 26214 -108231264 -32 -13 -8502
15.667 2 ROVER_STATUS 0 60 3 0 1 29 8.10679
15.668 2 DL_VALUE 54 0.8
15.682 2 ATTITUDE 0.021091 3.145724 -0.028519
15.717 2 INS 207 -199 -660918 15728 26214 -108447880 -36 -7 -8468
15.732 2 ATTITUDE 0.021106 3.145716 -0.028522
15.800 2 LINK_REPORT 2 -1 16 0 44466 1050 0 2897. 70. 5 88.9
15.838 2 INS 207 -199 -663568 15728 26214 -108664728 -61 -26 -8472
15.839 2 INS_REF 485058794 -31613915 411670613 404513324 -37290030 704601 654365 0.
15.839 2 GVF 24.777966 1 1 1. -1.08,-14.42,3.,3.,0.,2.
15.840 2 CIRCLE -1.08 -14.42 3.
15.840 2 GPS 3 43818311 447810854 3220 655005 7 -6 2395 294369500 30 0
15.841 2 GPS_INT 0 0 0 404513398 -37290121 705241 655005 0 0 0 96 12 294369500 92 25 3 1
15.842 2 ATTITUDE 0.021093 3.14577 -0.028545
15.842 2 WP_MOVED_ENU 0 0 0 2560
15.842 2 WP_MOVED_ENU 0 0 0 2560
15.843 2 INS 212 -202 -666223 -15728 5242 -108881784 -36 3 -8483
15.844 2 ROVER_CTRL 0. 0. 0. 0. 1400. 600. 1000. 0. 0. 0. 0. -0.06557
15.875 2 ROTORCRAFT_FP -202 212 666757 5242 -15728 108925376 86 -116 12884 0 0 0 0 -144 0
15.875 2 ATTITUDE 0.021133 3.145741 -0.028522
15.876 2 INS 212 -202 -668883 -15728 5242 -109098688 -31 -7 -8464
15.876 2 SERIAL_COM 29 -27 -66 -8487 0 0 0 14 185 80 76 0 0 0 0 0
15.876 2 ATTITUDE 0.021173 3.145691 -0.028541
15.936 2 INS 212 -202 -671550 -15728 5242 -109315816 -36 -26 -8458
15.937 2 GPS_SOL 95 11 92 24
15.939 2 GPS_INT 0 0 0 404513400 -37290122 705262 655026 0 0 0 95 11 294369750 92 24 3 1
15.940 2 ATTITUDE 0.02111 3.145612 -0.028498
15.952 2 INS 212 -202 -674220 -15728 5242 -109532632 -51 -47 -8490
15.983 2 ATTITUDE 0.021106 3.145646 -0.028511
16.016 2 INS 212 -202 -676896 -15728 5242 -109749752 -7 13 -8455
16.017 2 GPS 3 43818310 447810856 3220 655026 2 5 2395 294369750 30 0
16.032 2 ATTITUDE 0.021147 3.14567 -0.028499
16.064 2 INS 212 -202 -679578 -15728 5242 -109966624 -36 -7 -8478
16.101 2 ROTORCRAFT_FP -207 217 680121 5242 15728 110010528 86 -116 12884 0 0 0 0 -144 0
16.103 2 GPS_INT 0 0 0 404513401 -37290124 705267 655031 0 0 0 95 11 294370000 100 24 3 1
16.105 2 ATTITUDE 0.021164 3.145675 -0.028502
16.105 2 INS 217 -207 -682264 20971 10485 -110183432 -13 -8 -8497
16.117 2 STATIC_CONTROL 0 0. 0 0. 0. 0. 0. 0. 0. 0. 0. 0. 0.
16.132 2 ATTITUDE 0.021224 3.145709 -0.028505
16.165 2 INS 217 -207 -684957 20971 10485 -110400368 -41 -32 -8491
16.180 2 ATTITUDE 0.021177 3.145724 -0.028484
16.212 2 INS 217 -207 -687654 20971 10485 -110617712 -27 -17 -8473
16.239 2 GPS_INT 0 0 0 404513401 -37290124 705267 655031 0 0 0 95 11 294370000 100 24 3 1
16.240 2 DL_VALUE 16 0.
16.240 2 ATTITUDE 0.021166 3.145673 -0.028473
16.290 2 INS 217 -207 -690357 20971 10485 -110834928 -31 -12 -8478
16.290 2 GVF 24.908331 1 1 1. -1.08,-14.42,3.,3.,0.,2.
16.291 2 CIRCLE -1.08 -14.42 3.
16.291 2 GPS 3 43818309 447810857 3220 655031 5 -4 2395 294370000 30 0
16.291 2 ATTITUDE 0.021195 3.145696 -0.028515
16.344 2 INS 222 -209 -693065 15728 5242 -111051744 -46 -46 -8472
16.344 2 ROVER_CTRL 0. 0. 0. 0. 1400. 600. 1000. 0. 0. 0. 0. -0.065405
16.344 2 ROTORCRAFT_FP -209 222 693608 5242 15728 111095168 86 -116 12884 0 0 0 0 -144 0
16.345 2 ATTITUDE 0.021243 3.145731 -0.028484
16.410 2 INS 222 -209 -695779 15728 5242 -111269008 -13 21 -8508
16.411 2 SERIAL_COM 30 -2 -7 -8479 0 0 0 14 186 80 76 0 0 0 0 0
16.412 2 GPS_INT 0 0 0 404513403 -37290126 705247 655011 0 0 0 94 12 294370250 100 23 3 1
16.413 2 ATTITUDE 0.021187 3.145714 -0.028486
16.414 2 ROTORCRAFT_NAV_STATUS 15 15 0. 0. 3 0 2
16.414 2 IMU_MAG_RAW 255 0 0 0
16.415 2 INS 222 -209 -698497 15728 5242 -111486224 -37 -27 -8496
16.426 2 ATTITUDE 0.021162 3.14575 -0.028516
16.458 2 INS 222 -209 -701221 15728 5242 -111703608 -12 -46 -8483
16.474 2 ATTITUDE 0.021129 3.145774 -0.028519
16.517 2 INS 222 -209 -703950 15728 5242 -111921192 -32 -27 -8496
16.517 2 GPS 3 43818307 447810859 3220 655011 5 -8 2395 294370250 30 0
16.541 2 GPS_INT 0 0 0 404513403 -37290126 705247 655011 0 0 0 94 12 294370250 100 23 3 1
16.542 2 ATTITUDE 0.021114 3.145789 -0.028582
16.557 2 INS 230 -212 -706685 5242 10485 -112138336 -35 -22 -8464
16.585 2 ROTORCRAFT_FP -212 230 707232 10485 5242 112181552 86 -117 12885 0 0 0 0 -144 0
16.586 2 ATTITUDE 0.021144 3.145769 -0.028594
16.601 2 INS 230 -212 -709426 5242 10485 -112355544 -52 -23 -8506
16.632 2 ATTITUDE 0.021096 3.145749 -0.028606
16.648 2 INS 230 -212 -712170 5242 10485 -112572960 -31 -22 -8468
16.679 2 GPS_INT 0 0 0 404513406 -37290127 705248 655012 0 0 0 94 13 294370500 100 23 3 1
16.680 2 ATTITUDE 0.021069 3.145857 -0.028601
16.711 2 INS 230 -212 -714920 5242 10485 -112790000 -21 -26 -8464
16.727 2 ATTITUDE 0.021064 3.145841 -0.028559
16.782 2 INS 230 -212 -717676 5242 10485 -113007256 -17 -36 -8488
16.783 2 GVF 25.079775 1 1 1. -1.08,-14.42,3.,3.,0.,2.
16.783 2 CIRCLE -1.08 -14.42 3.
16.784 2 GPS 3 43818306 447810863 3220 655012 3 -4 2395 294370500 30 0
16.784 2 DATALINK_REPORT 1 7 1826 2998 0 0
16.785 2 ATTITUDE 0.021061 3.145875 -0.02856
16.798 2 INS 232 -217 -720437 -15728 15728 -113224488 -41 8 -8468
16.801 2 LINK_REPORT 2 -1 17 0 47752 1128 0 3286. 78. 5 88.9
16.872 2 ROVER_CTRL 0. 0. 0. 0. 1400. 600. 1000. 0. 0. 0. 0. -0.06524
16.873 2 ROTORCRAFT_FP -217 232 720990 15728 -15728 113267880 86 -117 12885 0 0 0 0 -144 0
16.874 2 GPS_INT 0 0 0 404513407 -37290129 705269 655034 0 0 0 94 8 294370750 100 24 3 1
16.875 2 ATTITUDE 0.021048 3.145889 -0.028594
16.876 2 INS 232 -217 -723203 -15728 15728 -113441640 -17 -23 -8497
16.876 2 SERIAL_COM 30 -36 -27 -8488 0 0 0 14 186 80 76 0 0 0 0 0
16.877 2 STATE_FILTER_STATUS 6 3 0
16.877 2 ATTITUDE 0.02104 3.145984 -0.028618
16.904 2 INS 232 -217 -725975 -15728 15728 -113658744 -56 -26 -8477
16.919 2 ATTITUDE 0.021004 3.145977 -0.028611
16.951 2 INS 232 -217 -728752 -15728 15728 -113876048 -36 -18 -8497
16.981 2 GPS_INT 0 0 0 404513407 -37290129 705269 655034 0 0 0 94 8 294370750 100 24 3 1
16.982 2 ATTITUDE 0.021012 3.145966 -0.02863
17.011 2 INS 232 -217 -731535 -15728 15728 -114093208 -35 3 -8454
17.011 2 GPS 3 43818304 447810864 3220 655034 5 0 2395 294370750 30 0
17.028 2 ATTITUDE 0.020955 3.14599 -0.028555
17.061 2 INS 232 -217 -734322 -15728 15728 -114310080 -3 -14 -8492
17.091 2 ROTORCRAFT_FP -217 238 734880 10485 -5242 114353496 85 -116 12886 0 0 0 0 -144 0
17.092 2 ATTITUDE 0.020981 3.146012 -0.028565
17.093 2 WP_MOVED_ENU 1 0 0 2560
17.093 2 WP_MOVED_ENU 1 0 0 2560
17.144 2 INS 238 -217 -737115 -5242 10485 -114527008 -32 -38 -8482
17.145 2 STATIC_CONTROL 0 0. 0 0. 0. 0. 0. 0. 0. 0. 0. 0. 0.
17.147 2 GPS_INT 0 0 0 404513409 -37290130 705287 655051 0 0 0 93 12 294371000 100 24 3 1
17.148 2 ATTITUDE 0.020893 3.146035 -0.028629
17.157 2 INS 238 -217 -739913 -5242 10485 -114743968 -12 -19 -8497
17.158 2 ROVER_STATUS 0 60 3 0 1 30 8.089128
17.173 2 ATTITUDE 0.02089 3.145952 -0.02862
17.189 2 IMU_MAG_RAW 255 0 0 0
17.206 2 INS 238 -217 -742718 -5242 10485 -114961176 -35 -7 -8449
17.221 2 ATTITUDE 0.020908 3.145933 -0.028727
17.341 2 INS 238 -217 -745525 -5242 10485 -115178096 -35 -42 -8472
17.342 2 GVF 25.185209 1 1 1. -1.08,-14.42,3.,3.,0.,2.
17.342 2 CIRCLE -1.08 -14.42 3.
17.343 2 GPS 3 43818304 447810866 3220 655051 3 6 2395 294371000 30 0
17.344 2 GPS_INT 0 0 0 404513409 -37290130 705287 655051 0 0 0 93 12 294371000 100 24 3 1
17.345 2 ATTITUDE 0.020913 3.145946 -0.028783
17.346 2 INS 243 -225 -748340 -20971 -20971 -115395232 -62 1 -8525
17.346 2 ROVER_CTRL 0. 0. 0. 0. 1400. 600. 1000. 0. 0. 0. 0. -0.06506
17.348 2 ROTORCRAFT_FP -225 243 748906 -20971 -20971 115438776 85 -117 12885 0 0 0 0 -144 0
17.349 2 ATTITUDE 0.020897 3.145993 -0.028767
17.369 2 INS 243 -225 -751159 -20971 -20971 -115612328 -22 -23 -8478
17.370 2 SERIAL_COM 31 1 -62 -8525 0 0 0 14 187 80 76 0 0 0 0 0
17.371 2 ATTITUDE 0.020934 3.146037 -0.028766
17.400 2 INS 243 -225 -753983 -20971 -20971 -115829776 -35 -31 -8463
17.429 2 GPS_INT 0 0 0 404513410 -37290133 705287 655051 0 0 0 93 11 294371250 100 23 3 1
17.429 2 ATTITUDE 0.020882 3.145976 -0.028777
17.461 2 INS 243 -225 -756814 -20971 -20971 -116047224 -51 -28 -8501
17.475 2 ATTITUDE 0.020932 3.146039 -0.0288
17.507 2 INS 243 -225 -759649 -20971 -20971 -116264312 -36 -22 -8454
17.508 2 GPS 3 43818301 447810867 3220 655051 4 -3 2395 294371250 30 0
17.522 2 ATTITUDE 0.020972 3.146075 -0.028844
17.554 2 INS 245 -230 -762490 -10485 -31457 -116481344 -60 -8 -8454
17.604 2 ROTORCRAFT_FP -230 245 763061 -31457 -10485 116524928 86 -118 12886 0 0 0 0 -144 0
17.606 2 GPS_INT 0 0 0 404513411 -37290136 705289 655053 0 0 0 93 10 294371500 100 23 3 1
17.611 2 ALIVE 122,195,7,233,5,247,195,75,60,187,26,129,128,90,246,93
17.612 2 ATTITUDE 0.020991 3.146087 -0.028851
17.613 2 INS 245 -230 -765335 -10485 -31457 -116698736 -56 -49 -8511
17.619 2 ATTITUDE 0.020989 3.1461 -0.02883
17.651 2 INS 245 -230 -768186 -10485 -31457 -116915816 -66 -9 -8467
17.667 2 ATTITUDE 0.020986 3.146112 -0.02881
17.700 2 INS 245 -230 -771043 -10485 -31457 -117132760 -27 -33 -8492
17.728 2 GPS_INT 0 0 0 404513411 -37290136 705289 655053 0 0 0 93 10 294371500 100 23 3 1
17.730 2 ATTITUDE 0.021006 3.146104 -0.028842
17.779 2 INS 245 -230 -773906 -10485 -31457 -117349848 -45 -18 -8459
17.779 2 ENERGY 255 8.097959 0.2 1.619592 1.018182 0.001536 0.012426
17.779 2 GVF 25.276228 1 1 1. -1.08,-14.42,3.,3.,0.,2.
17.780 2 CIRCLE -1.08 -14.42 3.
17.780 2 GPS 3 43818299 447810868 3220 655053 5 -5 2395 294371500 30 0
17.780 2 ATTITUDE 0.021022 3.146137 -0.028926
17.794 2 INS 250 -240 -776772 -26214 0 -117567008 -37 -24 -8492
17.802 2 LINK_REPORT 2 -1 18 0 50772 1199 0 3020. 71. 5 88.9
17.834 2 ROVER_CTRL 0. 0. 0. 0. 1400. 600. 1000. 0. 0. 0. 0. -0.064947
17.835 2 ROTORCRAFT_FP -240 250 777346 0 -26214 117610304 85 -118 12886 0 0 0 0 -144 0
17.835 2 DL_VALUE 17 1.
17.835 2 ATTITUDE 0.020953 3.146164 -0.028904
17.836 2 SETTING 53 2 0.2
17.886 2 INS 250 -240 -779644 -26214 0 -117784424 -71 -15 -8515
17.887 2 SERIAL_COM 31 -13 -17 -8489 0 0 0 14 187 80 76 0 0 0 0 0
17.887 2 GPS_INT 0 0 0 404513413 -37290140 705298 655062 0 0 0 92 8 294371750 100 24 3 1
17.887 2 DL_VALUE 53 0.2
17.888 2 ATTITUDE 0.020947 3.146176 -0.028917
17.902 2 INS 250 -240 -782522 -26214 0 -118001936 -41 1 -8502
17.903 2 GPS_SOL 92 8 100 24
17.920 2 ATTITUDE 0.020934 3.14622 -0.028918
17.951 2 INS 250 -240 -785405 -26214 0 -118219256 -32 -8 -8488
17.968 2 ATTITUDE 0.02107 3.146242 -0.02892
17.985 2 ROTORCRAFT_NAV_STATUS 16 16 0. 0. 3 0 2
17.985 2 IMU_MAG_RAW 255 0 0 0
18.011 2 INS 250 -240 -788293 -26214 0 -118436616 -61 -33 -8501
18.012 2 GPS 3 43818295 447810871 3220 655062 4 0 2395 294371750 30 0
18.038 2 GPS_INT 0 0 0 404513413 -37290140 705298 655062 0 0 0 92 8 294371750 100 24 3 1
18.039 2 ATTITUDE 0.021035 3.146262 -0.028987
18.053 2 INS 250 -240 -791187 -26214 0 -118654184 -12 7 -8489
18.079 2 ROTORCRAFT_FP -240 250 791769 0 -26214 118698040 86 -118 12887 0 0 0 0 -144 0
18.081 2 ATTITUDE 0.021042 3.146276 -0.029009
18.095 2 INS 253 -245 -794086 -15728 -26214 -118871656 -41 -52 -8487
18.124 2 STATIC_CONTROL 0 0. 0 0. 0. 0. 0. 0. 0. 0. 0. 0. 0.
18.125 2 ATTITUDE 0.021061 3.146311 -0.029003
18.155 2 INS 253 -245 -796991 -15728 -26214 -119088544 -25 -17 -8430
18.171 2 GPS_INT 0 0 0 404513414 -37290143 705323 655088 0 0 0 92 9 294372000 100 24 3 1
18.173 2 ATTITUDE 0.021024 3.146389 -0.029014
18.203 2 INS 253 -245 -799900 -15728 -26214 -119305888 -66 -9 -8491
18.218 2 ATTITUDE 0.021074 3.146454 -0.029028
18.272 2 INS 253 -245 -802814 -15728 -26214 -119523120 -61 -43 -8501
18.273 2 GVF 25.381138 1 1 1. -1.08,-14.42,3.,3.,0.,2.
18.274 2 CIRCLE -1.08 -14.42 3.
18.274 2 GPS 3 43818293 447810872 3220 655088 5 2 2395 294372000 30 0
18.274 2 ATTITUDE 0.021086 3.146521 -0.029
18.365 2 INS 261 -250 -805735 -10485 26214 -119739904 -36 -32 -8473
18.366 2 ROVER_CTRL 0. 0. 0. 0. 1400. 600. 1000. 0. 0. 0. 0. -0.064767
18.367 2 ROTORCRAFT_FP -250 261 806319 26214 -10485 119783280 86 -118 12888 0 0 0 0 -144 0
18.368 2 GPS_INT 0 0 0 404513416 -37290145 705340 655104 0 0 0 92 9 294372250 100 22 3 1
18.369 2 ATTITUDE 0.021055 3.146511 -0.029024
18.369 2 INS 261 -250 -808660 -10485 26214 -119957184 -41 -27 -8497
18.370 2 SERIAL_COM 32 -38 -61 -8491 0 0 0 14 188 80 76 0 0 0 0 0
18.371 2 ATTITUDE 0.021029 3.146557 -0.029038
18.379 2 WP_MOVED_ENU 2 -276 -3691 2560
18.380 2 WP_MOVED_ENU 2 -276 -3691 2560
18.396 2 INS 261 -250 -811591 -10485 26214 -120174392 -90 -13 -8457
18.411 2 ATTITUDE 0.020971 3.14663 -0.029071
18.444 2 INS 261 -250 -814527 -10485 26214 -120391616 -21 -22 -8477
18.472 2 GPS_INT 0 0 0 404513416 -37290145 705340 655104 0 0 0 92 9 294372250 100 22 3 1
18.473 2 ATTITUDE 0.02099 3.14659 -0.02906
18.503 2 INS 261 -250 -817468 -10485 26214 -120609032 -61 -19 -8505
18.504 2 GPS 3 43818291 447810874 3220 655104 6 0 2395 294372250 30 0
18.519 2 ATTITUDE 0.020984 3.146602 -0.029105
18.575 2 INS 263 -253 -820415 -41943 0 -120826360 -50 -48 -8476
18.576 2 ROTORCRAFT_FP -253 263 821005 0 -47185 120869824 85 -119 12888 0 0 0 0 -144 0
18.577 2 ATTITUDE 0.021021 3.146605 -0.029095
18.591 2 INS 263 -253 -823368 -47185 0 -121043520 -50 -8 -8472
18.621 2 GPS_INT 0 0 0 404513417 -37290146 705344 655108 0 0 0 91 8 294372500 99 24 3 1
18.622 2 ATTITUDE 0.02107 3.146606 -0.029139
18.652 2 INS 263 -253 -826324 -47185 0 -121260392 -58 13 -8415
18.653 2 ROVER_STATUS 0 60 3 0 1 32 8.089128
18.668 2 ATTITUDE 0.021069 3.146638 -0.029225
18.702 2 INS 263 -253 -829287 -47185 0 -121477432 -50 -8 -8472
18.716 2 ATTITUDE 0.021044 3.14666 -0.029247
18.769 2 INS 263 -253 -832255 -47185 0 -121694520 -51 -19 -8506
18.769 2 GVF 25.514317 1 1 1. -1.08,-14.42,3.,3.,0.,2.
18.770 2 CIRCLE -1.08 -14.42 3.
18.770 2 GPS 3 43818290 447810875 3220 655108 8 1 2395 294372500 30 0
18.802 2 LINK_REPORT 2 -1 19 0 53651 1268 0 2879. 69. 6 88.9
18.828 2 GPS_INT 0 0 0 404513417 -37290146 705344 655108 0 0 0 91 8 294372500 99 24 3 1
18.829 2 ATTITUDE 0.021063 3.146586 -0.029268
18.829 2 IMU_MAG_RAW 255 0 0 0
18.829 2 INS 266 -256 -835228 10485 20971 -121911560 -55 -8 -8472
18.829 2 ROVER_CTRL 0. 0. 0. 0. 1400. 600. 1000. 0. 0. 0. 0. -0.064686
18.830 2 ROTORCRAFT_FP -256 266 835823 20971 10485 121954808 86 -119 12888 0 0 0 0 -144 0
18.830 2 ATTITUDE 0.021133 3.1466 -0.02929
18.855 2 INS 266 -256 -838206 10485 20971 -122128552 -55 -37 -8462
18.855 2 SERIAL_COM 32 6 -71 -8511 0 0 0 14 188 80 76 0 0 0 0 0
18.871 2 ATTITUDE 0.021185 3.146603 -0.02927
18.888 2 INS 266 -256 -841190 10485 20971 -122345480 -55 -8 -8472
18.918 2 GPS_INT 0 0 0 404513419 -37290147 705358 655122 0 0 0 91 10 294372750 100 24 3 1
18.919 2 ATTITUDE 0.021161 3.146581 -0.029263
18.950 2 INS 266 -256 -844179 10485 20971 -122562496 -31 -37 -8482
18.966 2 ATTITUDE 0.021135 3.146616 -0.029241
19.009 2 INS 266 -256 -847175 10485 20971 -122779792 -37 -24 -8501
19.010 2 GPS 3 43818289 447810877 3220 655122 6 -4 2395 294372750 30 0
19.011 2 ATTITUDE 0.021154 3.14665 -0.029242
19.040 2 INS 266 -256 -850173 10485 20971 -122996624 -45 -32 -8477
19.080 2 ROTORCRAFT_FP -256 271 850774 -5242 -26214 123040160 86 -119 12888 0 0 0 0 -144 0
19.081 2 GPS_INT 0 0 0 404513420 -37290148 705361 655125 0 0 0 91 9 294373000 99 24 3 1
19.082 2 ATTITUDE 0.0212 3.146738 -0.029237
19.122 2 INS 271 -256 -853178 -36700 -5242 -123213872 -46 -13 -8501
19.123 2 STATIC_CONTROL 0 0. 0 0. 0. 0. 0. 0. 0. 0. 0. 0. 0.
19.124 2 ATTITUDE 0.02122 3.146718 -0.029249
19.139 2 INS 271 -256 -856189 -36700 -5242 -123431160 -46 -23 -8491
19.170 2 ATTITUDE 0.021227 3.146743 -0.029237
19.186 2 INS 271 -256 -859204 -36700 -5242 -123648552 -21 -31 -8472
19.219 2 GPS_INT 0 0 0 404513420 -37290148 705361 655125 0 0 0 91 9 294373000 99 24 3 1
19.220 2 ATTITUDE 0.021316 3.146777 -0.029252
19.272 2 INS 271 -256 -862225 -36700 -5242 -123865752 -45 7 -8478
19.272 2 GVF 25.621473 1 1 1. -1.08,-14.42,3.,3.,0.,2.
19.273 2 CIRCLE -1.08 -14.42 3.
19.273 2 GPS 3 43818288 447810878 3220 655125 6 3 2395 294373000 30 0
19.273 2 ATTITUDE 0.021335 3.146675 -0.02922
19.288 2 INS 273 -258 -865251 -26214 15728 -124082808 -74 -17 -8447
19.328 2 ROVER_CTRL 0. 0. 0. 0. 1400. 600. 1000. 0. 0. 0. 0. -0.064572
19.329 2 ROTORCRAFT_FP -258 273 865857 15728 -26214 124126152 87 -119 12888 0 0 0 0 -144 0
19.329 2 ATTITUDE 0.021309 3.146751 -0.029202
19.356 2 INS 273 -258 -868283 -26214 15728 -124299520 -26 -37 -8487
19.357 2 SERIAL_COM 33 -47 -41 -8491 0 0 0 14 189 80 76 0 0 0 0 0
19.372 2 GPS_INT 0 0 0 404513421 -37290148 705355 655119 0 0 0 90 15 294373250 99 24 3 1
19.373 2 ATTITUDE 0.021327 3.146785 -0.029193
19.387 2 INS 273 -258 -871320 -26214 15728 -124516392 -31 -27 -8458
19.404 2 DL_VALUE 18 1.
19.419 2 ATTITUDE 0.021347 3.146776 -0.029171
19.438 2 INS 273 -258 -874361 -26214 15728 -124733496 -71 -57 -8505
19.469 2 ATTITUDE 0.021355 3.146746 -0.029202
19.501 2 INS 273 -258 -877409 -26214 15728 -124950976 -42 -3 -8507
19.502 2 GPS 3 43818289 447810880 3220 655119 6 -8 2395 294373250 30 0
19.527 2 GPS_INT 0 0 0 404513421 -37290148 705355 655119 0 0 0 90 15 294373250 99 24 3 1
19.528 2 ATTITUDE 0.021343 3.146746 -0.029195
19.543 2 INS 279 -263 -880461 15728 -41943 -125167760 -46 -28 -8491
19.583 2 ROTORCRAFT_FP -263 279 881073 -41943 15728 125211216 87 -119 12889 0 0 0 0 -144 0
19.585 2 ATTITUDE 0.021309 3.146717 -0.029175
19.585 2 ROTORCRAFT_NAV_STATUS 18 18 0. 0. 3 0 2
19.586 2 IMU_MAG_RAW 255 0 0 0
19.599 2 INS 279 -263 -883520 15728 -41943 -125384688 -30 -27 -8453
19.614 2 ATTITUDE 0.02136 3.146731 -0.029187
19.646 2 INS 279 -263 -886583 15728 -41943 -125602208 -32 -32 -8501
19.677 2 GPS_INT 0 0 0 404513423 -37290150 705360 655124 0 0 0 90 8 294373500 99 24 3 1
19.677 2 ATTITUDE 0.021356 3.146703 -0.029133
19.677 2 WP_MOVED_ENU 3 1894 4208 1994
19.678 2 WP_MOVED_ENU 3 1894 4208 1994
19.694 2 INS 279 -263 -889651 15728 -41943 -125819368 -35 -17 -8444
19.709 2 ATTITUDE 0.021381 3.14677 -0.029188
19.775 2 INS 279 -263 -892726 15728 -41943 -126036392 -55 -31 -8472
19.776 2 GVF 25.728672 1 1 1. -1.08,-14.42,3.,3.,0.,2.
19.777 2 CIRCLE -1.08 -14.42 3.
19.778 2 GPS 3 43818287 447810882 3220 655124 8 -1 2395 294373500 30 0
19.779 2 ATTITUDE 0.021357 3.14675 -0.029124
19.803 2 LINK_REPORT 2 -1 20 0 56659 1339 0 3008. 71. 6 88.9
19.864 2 INS 286 -268 -895805 -5242 0 -126253560 -36 3 -8454
19.864 2 ROVER_CTRL 0. 0. 0. 0. 1400. 600. 1000. 0. 0. 0. 0. -0.064362
19.865 2 ROTORCRAFT_FP -268 286 896431 5242 -5242 126297736 87 -119 12889 0 0 0 0 -144 0
19.866 2 GPS_INT 0 0 0 404513426 -37290153 705373 655137 0 0 0 90 14 294373750 99 25 3 1
19.866 2 ATTITUDE 0.021274 3.146816 -0.029126
19.866 2 INS 286 -268 -898889 -5242 5242 -126470688 -31 -56 -8477
19.867 2 SERIAL_COM 33 -17 -35 -8444 0 0 0 14 189 80 76 0 0 0 0 0
19.867 2 ATTITUDE 0.021313 3.146828 -0.029104
19.896 2 INS 286 -268 -901979 -5242 5242 -126687608 -36 -47 -8487
19.896 2 GPS_SOL 90 14 99 25
19.912 2 ATTITUDE 0.021338 3.146881 -0.029159
19.945 2 INS 286 -268 -905074 -5242 5242 -126904528 -27 -37 -8491
19.963 2 GPS_INT 0 0 0 404513426 -37290153 705373 655137 0 0 0 90 14 294373750 99 25 3 1
19.964 2 ATTITUDE 0.021301 3.146916 -0.029096
20.006 2 SETTING 54 2 0.2
20.006 2 INS 286 -268 -908174 -5242 5242 -127121400 -26 -22 -8473
20.007 2 GPS 3 43818284 447810885 3220 655137 2 -2 2395 294373750 30 0
20.007 2 ATTITUDE 0.021265 3.146957 -0.029151
20.050 2 INS 286 -268 -911281 -5242 5242 -127338328 -60 -42 -8486
20.051 2 DL_VALUE 54 0.2
20.068 2 ROTORCRAFT_FP -268 286 911902 5242 -5242 127381752 86 -119 12890 0 0 0 0 -144 0
20.069 2 STATE_FILTER_STATUS 6 3 0
20.070 2 ATTITUDE 0.021261 3.14701 -0.029164
20.126 2 INS 289 -271 -914391 -15728 -20971 -127555264 -66 -28 -8490
20.127 2 STATIC_CONTROL 0 0. 0 0. 0. 0. 0. 0. 0. 0. 0. 0. 0.
20.128 2 GPS_INT 0 0 0 404513427 -37290154 705355 655119 0 0 0 89 12 294374000 99 24 3 1
20.129 2 ATTITUDE 0.021376 3.147012 -0.029208
20.150 2 INS 289 -271 -917508 -15728 -20971 -127771872 -46 -2 -8482
20.151 2 ROVER_STATUS 0 60 3 0 1 33 8.097959
20.166 2 ATTITUDE 0.021404 3.147055 -0.029233
20.182 2 INS 289 -271 -920630 -15728 -20971 -127989160 -31 -22 -8482
20.214 2 ATTITUDE 0.021456 3.147024 -0.029213
20.326 2 INS 289 -271 -923757 -15728 -20971 -128206392 -51 -28 -8487
20.326 2 GVF 25.863214 1 1 1. -1.08,-14.42,3.,3.,0.,2.
20.327 2 CIRCLE -1.08 -14.42 3.
20.327 2 GPS 3 43818283 447810886 3220 655119 4 -4 2395 294374000 30 0
20.327 2 GPS_INT 0 0 0 404513427 -37290154 705355 655119 0 0 0 89 12 294374000 99 24 3 1
20.328 2 ALIVE 122,195,7,233,5,247,195,75,60,187,26,129,128,90,246,93
20.328 2 ATTITUDE 0.021405 3.146922 -0.029202
20.328 2 INS 296 -276 -926888 -10485 -5242 -128423224 -64 -12 -8444
20.328 2 ROVER_CTRL 0. 0. 0. 0. 1400. 600. 1000. 0. 0. 0. 0. -0.0642
20.329 2 ROTORCRAFT_FP -276 296 927515 -5242 -10485 128466600 87 -119 12889 0 0 0 0 -144 0
20.329 2 ATTITUDE 0.021402 3.146935 -0.029173
20.329 2 PONG 
20.353 2 INS 296 -276 -930025 -10485 -5242 -128640192 -65 -17 -8472
20.353 2 SERIAL_COM 34 -17 -26 -8483 0 0 0 14 190 80 76 0 0 0 0 0
20.354 2 ATTITUDE 0.021405 3.146978 -0.029218
20.369 2 IMU_MAG_RAW 255 0 0 0
20.385 2 INS 296 -276 -933168 -10485 -5242 -128857712 -46 -52 -8490
20.412 2 GPS_INT 0 0 0 404513429 -37290156 705346 655111 0 0 0 89 15 294374250 99 24 3 1
20.413 2 ATTITUDE 0.021402 3.146946 -0.029227
20.446 2 INS 296 -276 -936316 -10485 -5242 -129074592 -26 -12 -8478
20.460 2 ATTITUDE 0.021354 3.146968 -0.029227
20.492 2 INS 296 -276 -939470 -10485 -5242 -129291736 -30 -61 -8458
20.492 2 GPS 3 43818282 447810888 3220 655111 2 -5 2395 294374250 30 0
20.508 2 ATTITUDE 0.021286 3.146961 -0.029208
20.540 2 INS 302 -279 -942629 15728 5242 -129508792 -60 -31 -8457
20.576 2 ROTORCRAFT_FP -279 302 943260 5242 10485 129552144 87 -119 12890 0 0 0 0 -144 0
20.577 2 GPS_INT 0 0 0 404513431 -37290158 705332 655096 0 0 0 89 11 294374500 99 24 3 1
20.578 2 ATTITUDE 0.02123 3.146976 -0.02923
20.593 2 INS 302 -279 -945792 10485 5242 -129725536 -44 -47 -8457
20.609 2 ATTITUDE 0.021227 3.146917 -0.029229
20.641 2 INS 302 -279 -948961 10485 5242 -129942320 -75 -51 -8462
20.657 2 ATTITUDE 0.021267 3.146887 -0.02923
20.689 2 INS 302 -279 -952136 10485 5242 -130159984 -51 -13 -8496
20.715 2 GPS_INT 0 0 0 404513431 -37290158 705332 655096 0 0 0 89 11 294374500 99 24 3 1
20.716 2 ATTITUDE 0.021265 3.14688 -0.029208
20.731 2 INS 302 -279 -955317 10485 5242 -130376776 -55 -31 -8467
20.768 2 GVF 26.038929 1 1 1. -1.08,-14.42,3.,3.,0.,2.
20.769 2 CIRCLE -1.08 -14.42 3.
20.769 2 GPS 3 43818280 447810891 3220 655096 4 -4 2395 294374500 30 0
20.770 2 ATTITUDE 0.021334 3.146947 -0.029156
20.783 2 INS 307 -281 -958502 10485 5242 -130593808 -45 -46 -8466
20.804 2 LINK_REPORT 2 -1 21 0 59693 1411 0 3034. 72. 8 36.25
20.822 2 ROVER_CTRL 0. 0. 0. 0. 1400. 600. 1000. 0. 0. 0. 0. -0.064024
20.822 2 ROTORCRAFT_FP -281 307 959139 5242 20971 130637096 87 -119 12889 0 0 0 0 -144 0
20.823 2 ATTITUDE 0.021309 3.146941 -0.029124
20.891 2 INS_REF 485058794 -31613915 411670613 404513324 -37290030 704601 654365 0.
20.891 2 INS 307 -281 -961691 20971 5242 -130810568 -45 8 -8468
20.892 2 SERIAL_COM 34 -32 -81 -8514 0 0 0 14 190 80 76 0 0 0 0 0
20.893 2 GPS_INT 0 0 0 404513433 -37290159 705347 655111 0 0 0 88 9 294374750 99 24 3 1
20.894 2 ATTITUDE 0.021328 3.146976 -0.029083
20.895 2 INS 307 -281 -964887 20971 5242 -131027776 -51 -3 -8511
20.906 2 ATTITUDE 0.021313 3.146997 -0.029106
20.939 2 INS 307 -281 -968089 20971 5242 -131245264 -45 -27 -8472
20.954 2 ATTITUDE 0.021276 3.147066 -0.02912
20.970 2 WP_MOVED_ENU 4 -880 10140 1991
20.971 2 WP_MOVED_ENU 4 -880 10140 1991
21.023 2 INS 307 -281 -971294 20971 5242 -131462408 -56 -3 -8482
21.025 2 GPS 3 43818279 447810893 3220 655111 4 -1 2395 294374750 30 0
21.027 2 GPS_INT 0 0 0 404513433 -37290159 705347 655111 0 0 0 88 9 294374750 99 24 3 1
21.028 2 DL_VALUE 19 1.
21.029 2 ATTITUDE 0.02128 3.147093 -0.029101
21.039 2 INS 307 -281 -974506 20971 5242 -131679568 -31 -46 -8458
21.064 2 ROTORCRAFT_FP -281 307 975149 5242 20971 131723200 87 -119 12890 0 0 0 0 -144 0
21.065 2 ATTITUDE 0.021288 3.147095 -0.02912
21.081 2 INS 312 -284 -977723 -15728 0 -131896744 -45 -37 -8487
21.110 2 STATIC_CONTROL 0 0. 0 0. 0. 0. 0. 0. 0. 0. 0. 0. 0.
21.111 2 ATTITUDE 0.02127 3.147192 -0.029132
21.142 2 INS 312 -284 -980946 -15728 0 -132114032 -65 -27 -8457
21.173 2 GPS_INT 0 0 0 404513435 -37290160 705358 655122 0 0 0 88 9 294375000 99 24 3 1
21.174 2 ATTITUDE 0.021255 3.147207 -0.029115
21.175 2 ROTORCRAFT_NAV_STATUS 19 19 0. 0. 3 0 2
21.175 2 IMU_MAG_RAW 255 0 0 0
21.189 2 INS 312 -284 -984176 -15728 0 -132331080 -46 -8 -8491
21.205 2 ATTITUDE 0.021252 3.147232 -0.029116
21.259 2 INS 312 -284 -987406 -15728 0 -132548128 -22 -42 -8511
21.259 2 GVF 26.174597 1 1 1. -1.08,-14.42,3.,3.,0.,2.
21.260 2 CIRCLE -1.08 -14.42 3.
21.261 2 GPS 3 43818278 447810895 3220 655122 2 2 2395 294375000 30 0
21.261 2 ATTITUDE 0.021268 3.147266 -0.029119
21.349 2 INS 320 -289 -990644 0 -52428 -132765200 -41 -17 -8458
21.350 2 ROVER_CTRL 0. 0. 0. 0. 1400. 600. 1000. 0. 0. 0. 0. -0.063816
21.351 2 ROTORCRAFT_FP -289 320 991292 -57671 5242 132808376 87 -119 12891 0 0 0 0 -144 0
21.351 2 GPS_INT 0 0 0 404513437 -37290162 705363 655127 0 0 0 88 8 294375250 98 24 3 1
21.352 2 ATTITUDE 0.021266 3.147258 -0.029129
21.352 2 INS 320 -289 -993887 5242 -57671 -132982048 -55 8 -8458
21.352 2 SERIAL_COM 35 -18 -56 -8501 0 0 0 14 191 80 76 0 0 0 0 0
21.353 2 ATTITUDE 0.021259 3.147346 -0.029131
21.381 2 INS 320 -289 -997136 5242 -57671 -133199008 -21 3 -8468
21.397 2 ATTITUDE 0.021266 3.147329 -0.02912
21.432 2 INS 320 -289 -1000390 5242 -57671 -133416272 -46 -28 -8501
21.461 2 GPS_INT 0 0 0 404513437 -37290162 705363 655127 0 0 0 88 8 294375250 98 24 3 1
21.462 2 ATTITUDE 0.021254 3.147338 -0.029186
21.492 2 INS 320 -289 -1003649 5242 -57671 -133632896 0 -30 -8445
21.493 2 GPS 3 43818277 447810897 3220 655127 10 -1 2395 294375250 30 0
21.508 2 ATTITUDE 0.021231 3.147372 -0.029199
21.540 2 INS 325 -294 -1006914 -10485 5242 -133849784 -16 -26 -8459
21.556 2 ROTORCRAFT_FP -294 325 1007568 10485 -10485 133893152 86 -119 12891 0 0 0 0 -144 0
21.558 2 ATTITUDE 0.021197 3.147376 -0.029224
21.587 2 INS 325 -294 -1010184 -10485 10485 -134067144 -81 -3 -8500
21.613 2 GPS_INT 0 0 0 404513439 -37290165 705369 655133 0 0 0 87 13 294375500 98 23 3 1
21.614 2 ATTITUDE 0.02121 3.147432 -0.029235
21.643 2 INS 325 -294 -1013459 -10485 10485 -134284256 -69 -31 -8428
21.643 2 ROVER_STATUS 0 60 3 0 1 35 8.089128
21.658 2 ATTITUDE 0.021208 3.147422 -0.029247
21.691 2 INS 325 -294 -1016739 -10485 10485 -134501040 -37 -18 -8482
21.707 2 ATTITUDE 0.021258 3.14739 -0.029258
21.761 2 INS 325 -294 -1020025 -10485 10485 -134718032 -31 -12 -8463
21.761 2 GVF 26.351786 1 1 1. -1.08,-14.42,3.,3.,0.,2.
21.761 2 CIRCLE -1.08 -14.42 3.
21.761 2 GPS 3 43818274 447810900 3220 655133 3 -2 2395 294375500 30 0
21.804 2 LINK_REPORT 2 -1 22 0 62575 1479 0 2882. 68. 8 36.25
21.813 2 GPS_INT 0 0 0 404513439 -37290165 705369 655133 0 0 0 87 13 294375500 98 23 3 1
21.813 2 ATTITUDE 0.021211 3.147412 -0.029259
21.814 2 INS 327 -296 -1023318 -47185 -5242 -134935456 -56 -13 -8501
21.814 2 ROVER_CTRL 0. 0. 0. 0. 1400. 600. 1000. 0. 0. 0. 0. -0.063704
21.814 2 ROTORCRAFT_FP -296 327 1023979 -5242 -47185 134979168 86 -119 12891 0 0 0 0 -144 0
21.814 2 ATTITUDE 0.021152 3.147427 -0.029259
21.830 2 INS 327 -296 -1026613 -47185 -5242 -135152816 -46 2 -8506
21.856 2 SERIAL_COM 35 -13 -56 -8487 0 0 0 14 191 80 76 0 0 0 0 0
21.857 2 DATALINK_REPORT 2 10 2188 3009 0 0
21.857 2 ATTITUDE 0.021251 3.147526 -0.0292
21.888 2 INS 327 -296 -1029916 -47185 -5242 -135369936 -49 -31 -8463
21.889 2 GPS_SOL 87 9 98 23
21.914 2 GPS_INT 0 0 0 404513440 -37290166 705390 655154 0 0 0 87 9 294375750 98 23 3 1
21.915 2 ATTITUDE 0.021259 3.147517 -0.029146
21.929 2 INS 327 -296 -1033222 -47185 -5242 -135587184 -37 -18 -8496
21.945 2 ATTITUDE 0.021235 3.147505 -0.029146
21.961 2 IMU_MAG_RAW 255 0 0 0
21.991 2 INS 327 -296 -1036534 -47185 -5242 -135804400 -27 -23 -8491
21.992 2 GPS 3 43818273 447810901 3220 655154 8 6 2395 294375750 30 0
22.007 2 ATTITUDE 0.021192 3.147476 -0.029146
22.023 2 INS 327 -296 -1039852 -47185 -5242 -136021376 -56 -27 -8486
22.065 2 ROTORCRAFT_FP -296 327 1040519 -5242 -47185 136065120 86 -119 12892 0 0 0 0 -144 0
22.067 2 GPS_INT 0 0 0 404513440 -37290166 705390 655154 0 0 0 87 9 294375750 98 23 3 1
22.068 2 ATTITUDE 0.021166 3.147519 -0.02919
22.109 2 INS 325 -299 -1043175 -52428 -26214 -136238272 -36 -22 -8458
22.111 2 STATIC_CONTROL 0 0. 0 0. 0. 0. 0. 0. 0. 0. 0. 0. 0.
22.111 2 ATTITUDE 0.021227 3.14753 -0.029232
22.123 2 INS 325 -299 -1046503 -52428 -26214 -136455760 0 -55 -8459
22.156 2 ATTITUDE 0.021317 3.147533 -0.029201
22.188 2 INS 325 -299 -1049837 -52428 -26214 -136673184 -35 -51 -8477
22.204 2 GPS_INT 0 0 0 404513439 -37290167 705396 655160 0 0 0 87 10 294376000 98 24 3 1
22.206 2 ATTITUDE 0.021228 3.14758 -0.02918
22.295 2 INS 325 -299 -1053176 -52428 -26214 -136890032 -70 -26 -8457
22.295 2 ENERGY 255 8.097959 0.2 1.619592 1.015625 0.001786 0.01445
22.296 2 GVF 26.352125 1 1 1. -1.08,-14.42,3.,3.,0.,2.
22.297 2 CIRCLE -1.08 -14.42 3.
22.298 2 GPS 3 43818273 447810900 3220 655160 10 -4 2395 294376000 30 0
22.298 2 ATTITUDE 0.021194 3.147563 -0.029179
22.299 2 WP_MOVED_ENU 5 4974 11054 1994
22.299 2 WP_MOVED_ENU 5 4974 11054 1994
22.300 2 INS 327 -302 -1056523 -10485 -15728 -137107600 -55 -18 -8472
22.301 2 ROVER_CTRL 0. 0. 0. 0. 1400. 600. 1000. 0. 0. 0. 0. -0.063704
22.335 2 ROTORCRAFT_FP -302 327 1057193 -20971 -10485 137151136 86 -119 12892 0 0 0 0 -144 0
22.335 2 ATTITUDE 0.021168 3.147554 -0.029245
22.336 2 INS 327 -302 -1059870 -10485 -20971 -137324864 -33 -23 -8515
22.336 2 SERIAL_COM 36 2 -12 -8483 0 0 0 14 192 80 76 0 0 0 0 0
22.362 2 GPS_INT 0 0 0 404513440 -37290169 705397 655161 0 0 0 86 10 294376250 98 24 3 1
22.363 2 ATTITUDE 0.021142 3.14761 -0.029217
22.378 2 INS 327 -302 -1063224 -10485 -20971 -137542128 -65 2 -8472
22.393 2 ATTITUDE 0.021125 3.147687 -0.029187
22.425 2 INS 327 -302 -1066584 -10485 -20971 -137759632 -31 -47 -8487
22.457 2 ATTITUDE 0.021068 3.147721 -0.029212
22.473 2 INS 327 -302 -1069950 -10485 -20971 -137977248 -45 -23 -8506
22.489 2 GPS 3 43818271 447810901 3220 655161 3 1 2395 294376250 30 0
22.516 2 GPS_INT 0 0 0 404513440 -37290169 705397 655161 0 0 0 86 10 294376250 98 24 3 1
22.517 2 ATTITUDE 0.021065 3.14767 -0.029179
22.531 2 INS 330 -307 -1073321 20971 -10485 -138194160 -70 -22 -8447
22.557 2 ROTORCRAFT_FP -307 330 1073995 -10485 20971 138237488 86 -119 12892 0 0 0 0 -144 0
22.558 2 ATTITUDE 0.021028 3.147692 -0.02917
22.573 2 INS 330 -307 -1076696 20971 -10485 -138411072 -54 -46 -8462
22.589 2 DL_VALUE 20 4.
22.605 2 ATTITUDE 0.021014 3.147747 -0.029119
22.621 2 INS 330 -307 -1080078 20971 -10485 -138628032 -21 -18 -8488
22.652 2 GPS_INT 0 0 0 404513441 -37290171 705409 655174 0 0 0 86 8 294376500 99 24 3 1
22.653 2 ATTITUDE 0.021023 3.147685 -0.029184
22.683 2 INS 330 -307 -1083464 20971 -10485 -138845040 -60 -22 -8466
22.699 2 ATTITUDE 0.021042 3.147699 -0.029206
22.767 2 INS 330 -307 -1086856 20971 -10485 -139062272 -50 -42 -8495
22.767 2 GVF 26.420986 1 1 1. -1.08,-14.42,3.,3.,0.,2.
22.768 2 CIRCLE -1.08 -14.42 3.
22.769 2 GPS 3 43818269 447810902 3220 655174 5 0 2395 294376500 30 0
22.769 2 ATTITUDE 0.021046 3.14772 -0.029217
22.770 2 ROTORCRAFT_NAV_STATUS 21 21 0. 0. 3 0 2
22.770 2 IMU_MAG_RAW 255 0 0 0
22.805 2 LINK_REPORT 2 -1 23 0 65669 1553 0 3094. 74. 8 36.25
22.842 2 INS 335 -309 -1090258 10485 10485 -139279776 -55 -37 -8514
22.843 2 ROVER_CTRL 0. 0. 0. 0. 1400. 600. 1000. 0. 0. 0. 0. -0.063576
22.843 2 ROTORCRAFT_FP -309 335 1090933 10485 10485 139322704 86 -119 12893 0 0 0 0 -144 0
22.843 2 GPS_INT 0 0 0 404513443 -37290172 705428 655192 0 0 0 86 9 294376750 99 24 3 1
22.844 2 ATTITUDE 0.021033 3.14769 -0.029282
22.844 2 INS 335 -309 -1093656 15728 15728 -139496448 -70 8 -8453
22.844 2 SERIAL_COM 36 -27 -51 -8511 0 0 0 14 192 80 76 0 0 0 0 0
22.845 2 ATTITUDE 0.020988 3.14765 -0.029347
22.875 2 INS 335 -309 -1097063 15728 15728 -139713376 -60 -32 -8490
22.892 2 ATTITUDE 0.020938 3.147692 -0.029392
22.924 2 INS 335 -309 -1100477 15728 15728 -139930784 -46 -37 -8491
22.963 2 GPS_INT 0 0 0 404513443 -37290172 705428 655192 0 0 0 86 9 294376750 99 24 3 1
22.965 2 ALIVE 122,195,7,233,5,247,195,75,60,187,26,129,128,90,246,93
22.966 2 ATTITUDE 0.020915 3.14764 -0.029442
22.990 2 INS 335 -309 -1103895 15728 15728 -140147632 -54 -36 -8438
22.991 2 GPS 3 43818268 447810904 3220 655192 5 2 2395 294376750 30 0
23.006 2 ATTITUDE 0.021006 3.147609 -0.029397
23.022 2 INS 335 -309 -1107319 15728 15728 -140364544 -46 -22 -8463
23.052 2 ROTORCRAFT_FP -309 335 1108004 15728 15728 140408096 85 -120 12892 0 0 0 0 -144 0
23.054 2 ATTITUDE 0.020971 3.147567 -0.029419
23.110 2 INS 345 -312 -1110748 5242 10485 -140581776 -60 -18 -8482
23.112 2 STATIC_CONTROL 0 0. 0 0. 0. 0. 0. 0. 0. 0. 0. 0. 0.
23.113 2 GPS_INT 0 0 0 404513446 -37290173 705430 655194 0 0 0 85 13 294377000 98 23 3 1
23.115 2 ATTITUDE 0.020893 3.147557 -0.02944
23.136 2 INS 345 -312 -1114183 5242 10485 -140798656 -26 -27 -8482
23.137 2 ROVER_STATUS 0 59 3 0 1 36 8.097959
23.151 2 ATTITUDE 0.020873 3.147652 -0.02956
23.167 2 INS 345 -312 -1117622 5242 10485 -141015952 -26 -8 -8488
23.200 2 ATTITUDE 0.020932 3.147643 -0.029552
23.314 2 INS 345 -312 -1121066 5242 10485 -141233040 -52 -9 -8515
23.314 2 GVF 26.626472 1 1 1. -1.08,-14.42,3.,3.,0.,2.
23.315 2 CIRCLE -1.08 -14.42 3.
23.315 2 GPS 3 43818268 447810907 3220 655194 3 -6 2395 294377000 30 0
23.316 2 GPS_INT 0 0 0 404513446 -37290173 705430 655194 0 0 0 85 13 294377000 98 23 3 1
23.316 2 STATE_FILTER_STATUS 6 3 0
23.316 2 ATTITUDE 0.020894 3.147686 -0.029563
23.317 2 INS 348 -314 -1124517 -15728 -10485 -141450096 -74 7 -8472
23.317 2 ROVER_CTRL 0. 0. 0. 0. 1400. 600. 1000. 0. 0. 0. 0. -0.063371
23.318 2 ROTORCRAFT_FP -314 348 1125207 -10485 -10485 141493472 85 -120 12892 0 0 0 0 -144 0
23.319 2 ATTITUDE 0.020934 3.14767 -0.029521
23.341 2 INS 348 -314 -1127972 -10485 -10485 -141667104 -26 -22 -8477
23.341 2 SERIAL_COM 37 7 -74 -8472 0 0 0 14 193 80 76 0 0 0 0 0
23.342 2 ATTITUDE 0.020963 3.14766 -0.02953
23.373 2 INS 348 -314 -1131433 -10485 -10485 -141883824 -64 -3 -8453
23.400 2 GPS_INT 0 0 0 404513447 -37290174 705431 655195 0 0 0 85 11 294377250 98 23 3 1
23.401 2 ATTITUDE 0.020961 3.147648 -0.02953
23.431 2 INS 348 -314 -1134900 -10485 -10485 -142100736 -71 -9 -8510
23.447 2 ATTITUDE 0.021032 3.147628 -0.029561
23.489 2 INS 348 -314 -1138370 -10485 -10485 -142317904 -40 -18 -8477
23.489 2 GPS 3 43818267 447810909 3220 655195 3 -2 2395 294377250 30 0
23.490 2 ATTITUDE 0.020944 3.147589 -0.029551
23.521 2 INS 350 -320 -1141847 -26214 -15728 -142534880 -40 -7 -8454
23.581 2 ROTORCRAFT_FP -320 350 1142543 -15728 -31457 142578160 85 -121 12892 0 0 0 0 -144 0
23.581 2 GPS_INT 0 0 0 404513448 -37290177 705467 655231 0 0 0 85 12 294377500 98 24 3 1
23.582 2 ATTITUDE 0.020951 3.147633 -0.029531
23.582 2 WP_MOVED_ENU 6 5276 4620 1994
23.582 2 WP_MOVED_ENU 6 5276 4620 1994
23.582 2 IMU_MAG_RAW 255 0 0 0
23.582 2 INS 350 -320 -1145330 -31457 -15728 -142751776 -46 12 -8483
23.597 2 ATTITUDE 0.020947 3.147679 -0.029468
23.629 2 INS 350 -320 -1148816 -31457 -15728 -142968752 -26 17 -8483
23.645 2 ATTITUDE 0.020945 3.147649 -0.029482
23.677 2 INS 350 -320 -1152309 -31457 -15728 -143185296 -55 -8 -8487
23.703 2 GPS_INT 0 0 0 404513448 -37290177 705467 655231 0 0 0 85 12 294377500 98 24 3 1
23.705 2 ATTITUDE 0.02092 3.147672 -0.029526
23.719 2 INS 350 -320 -1155807 -31457 -15728 -143402368 -75 -22 -8466
23.762 2 GVF 26.696022 1 1 1. -1.08,-14.42,3.,3.,0.,2.
23.763 2 CIRCLE -1.08 -14.42 3.
23.763 2 GPS 3 43818264 447810910 3220 655231 5 7 2395 294377500 30 0
23.764 2 ATTITUDE 0.020923 3.147731 -0.02954
23.805 2 LINK_REPORT 2 -1 24 0 68651 1623 0 2982. 70. 8 36.25
23.810 2 INS 355 -327 -1159310 10485 -20971 -143619392 -69 -42 -8490
23.811 2 ROVER_CTRL 0. 0. 0. 0. 1400. 600. 1000. 0. 0. 0. 0. -0.063259
23.811 2 ROTORCRAFT_FP -327 355 1160011 -20971 10485 143662768 85 -120 12893 0 0 0 0 -144 0
23.812 2 ATTITUDE 0.020994 3.147755 -0.029553
23.837 2 INS 355 -327 -1162818 10485 -26214 -143836432 -45 -14 -8506
23.837 2 SERIAL_COM 37 -32 -69 -8481 0 0 0 14 193 80 76 0 0 0 0 0
23.853 2 GPS_INT 0 0 0 404513450 -37290180 705489 655253 0 0 0 85 13 294377750 98 24 3 1
23.854 2 ATTITUDE 0.020939 3.147701 -0.029561
23.882 2 INS 355 -327 -1166333 10485 -26214 -144053792 -63 -47 -8466
23.883 2 GPS_SOL 85 13 98 24
23.898 2 ATTITUDE 0.020958 3.147717 -0.029583
23.914 2 INS 355 -327 -1169851 10485 -26214 -144270928 -89 -22 -8481
23.946 2 ATTITUDE 0.020839 3.147773 -0.029641
23.978 2 INS 355 -327 -1173375 10485 -26214 -144488256 -50 -19 -8511
23.979 2 GPS 3 43818262 447810912 3220 655253 5 3 2395 294377750 30 0
24.005 2 GPS_INT 0 0 0 404513450 -37290180 705489 655253 0 0 0 85 13 294377750 98 24 3 1
24.006 2 ATTITUDE 0.020783 3.147772 -0.029651
24.020 2 INS 355 -327 -1176905 10485 -26214 -144705056 -68 -22 -8476
24.047 2 ROTORCRAFT_FP -327 355 1177615 -26214 10485 144748736 85 -121 12893 0 0 0 0 -144 0
24.048 2 ATTITUDE 0.020813 3.147762 -0.029663
24.092 2 INS 360 -330 -1180440 5242 -15728 -144922368 -39 -2 -8459
24.093 2 STATIC_CONTROL 0 0. 0 0. 0. 0. 0. 0. 0. 0. 0. 0. 0.
24.094 2 ATTITUDE 0.02079 3.147794 -0.029683
24.125 2 INS 360 -330 -1183980 5242 -15728 -145139344 -35 -9 -8488
24.151 2 GPS_INT 0 0 0 404513452 -37290182 705492 655256 0 0 0 84 10 294378000 98 23 3 1
24.153 2 ATTITUDE 0.020681 3.147784 -0.029651
24.167 2 INS 360 -330 -1187526 5242 -15728 -145356656 -30 -28 -8506
24.183 2 DL_VALUE 21 4.
24.199 2 ATTITUDE 0.020687 3.14781 -0.029705
24.215 2 INS 360 -330 -1191077 5242 -15728 -145573600 -78 7 -8458
24.264 2 GVF 26.834879 1 1 1. -1.08,-14.42,3.,3.,0.,2.
24.265 2 CIRCLE -1.08 -14.42 3.
24.266 2 GPS 3 43818260 447810914 3220 655256 3 -4 2395 294378000 30 0
24.266 2 ATTITUDE 0.020703 3.147855 -0.029655
24.268 2 INS 366 -337 -1194633 -5242 -15728 -145790656 -44 -47 -8481
24.340 2 ROVER_CTRL 0. 0. 0. 0. 1400. 600. 1000. 0. 0. 0. 0. -0.063086
24.341 2 ROTORCRAFT_FP -337 366 1195348 -15728 -5242 145834192 84 -121 12893 0 0 0 0 -144 0
24.341 2 GPS_INT 0 0 0 404513454 -37290185 705526 655290 0 0 0 84 14 294378250 98 24 3 1
24.341 2 ATTITUDE 0.020723 3.147838 -0.029647
24.342 2 INS 366 -337 -1198194 -5242 -20971 -146007648 -44 -27 -8463
24.342 2 SERIAL_COM 38 -13 -58 -8472 0 0 0 14 194 80 76 0 0 0 0 0
24.342 2 ATTITUDE 0.020711 3.147818 -0.029681
24.357 2 ROTORCRAFT_NAV_STATUS 23 23 0. 0. 3 0 2
24.357 2 IMU_MAG_RAW 255 0 0 0
24.373 2 INS 366 -337 -1201761 -5242 -20971 -146224800 -83 -17 -8452
24.388 2 ATTITUDE 0.020772 3.147849 -0.029716
24.421 2 INS 366 -337 -1205333 -5242 -20971 -146441888 -44 -32 -8467
24.447 2 GPS_INT 0 0 0 404513454 -37290185 705526 655290 0 0 0 84 14 294378250 98 24 3 1
24.448 2 ATTITUDE 0.020788 3.147863 -0.029757
24.464 2 INS 366 -337 -1208911 -5242 -20971 -146659072 -45 -42 -8491
24.479 2 GPS 3 43818257 447810916 3220 655290 3 11 2395 294378250 30 0
24.494 2 ATTITUDE 0.020763 3.147813 -0.029822
24.526 2 INS 368 -345 -1212493 -20971 -15728 -146876608 -59 -18 -8491
24.542 2 ROTORCRAFT_FP -345 368 1213214 -15728 -20971 146920224 85 -122 12893 0 0 0 0 -144 0
24.543 2 ATTITUDE 0.020804 3.147836 -0.029762
24.574 2 INS 368 -345 -1216081 -20971 -15728 -147093552 -45 -37 -8501
24.591 2 GPS_INT 0 0 0 404513455 -37290188 705569 655334 0 0 0 84 13 294378500 98 24 3 1
24.592 2 ATTITUDE 0.020777 3.147825 -0.029806
24.622 2 INS 368 -345 -1219674 -20971 -15728 -147310256 -44 -22 -8482
24.623 2 ROVER_STATUS 0 60 3 0 1 38 8.097959
24.638 2 ATTITUDE 0.020771 3.147856 -0.029828
24.670 2 INS 368 -345 -1223274 -20971 -15728 -147527984 -40 -3 -8507
24.688 2 ATTITUDE 0.020755 3.147837 -0.029809
24.804 2 INS 368 -345 -1226878 -20971 -15728 -147745200 -83 22 -8453
24.805 2 GVF 26.947994 1 1 1. -1.08,-14.42,3.,3.,0.,2.
24.805 2 CIRCLE -1.08 -14.42 3.
24.805 2 GPS 3 43818255 447810918 3220 655334 4 7 2395 294378500 30 0
24.806 2 GPS_INT 0 0 0 404513455 -37290188 705569 655334 0 0 0 84 13 294378500 98 24 3 1
24.806 2 ATTITUDE 0.020783 3.147862 -0.029757
24.806 2 INS 373 -350 -1230487 -5242 -10485 -147961824 -88 -22 -8457
24.806 2 ROVER_CTRL 0. 0. 0. 0. 1400. 600. 1000. 0. 0. 0. 0. -0.062974
24.807 2 ROTORCRAFT_FP -350 373 1231208 -10485 -5242 148005200 85 -121 12893 0 0 0 0 -138 0
24.807 2 ATTITUDE 0.02084 3.147917 -0.029749
24.807 2 LINK_REPORT 2 -1 25 0 71810 1696 0 3159. 73. 8 36.25
24.831 2 INS 373 -350 -1234101 -5242 -10485 -148178864 -58 -22 -8467
24.831 2 SERIAL_COM 38 -38 -44 -8491 0 0 0 14 194 80 76 0 0 0 0 0
24.847 2 ATTITUDE 0.02087 3.147919 -0.029761
24.847 2 WP_MOVED_ENU 7 10700 7001 1991
24.847 2 WP_MOVED_ENU 7 10700 7001 1991
24.863 2 INS 373 -350 -1237721 -5242 -10485 -148395808 -83 -52 -8470
24.893 2 GPS_INT 0 0 0 404513456 -37290191 705596 655360 0 0 0 84 15 294378750 98 24 3 1
24.894 2 ATTITUDE 0.020844 3.147878 -0.029763
24.925 2 INS 373 -350 -1241345 -5242 -10485 -148612688 -79 -8 -8481
24.940 2 ATTITUDE 0.020863 3.147817 -0.029739
24.973 2 INS 373 -350 -1244976 -5242 -10485 -148829568 -39 -18 -8472
24.974 2 GPS 3 43818252 447810919 3220 655360 1 7 2395 294378750 30 0
24.989 2 ATTITUDE 0.020846 3.14783 -0.02973
25.020 2 INS 373 -350 -1248611 -5242 -10485 -149047088 -47 -4 -8549
25.058 2 ROTORCRAFT_FP -350 373 1249339 -10485 -5242 149090448 85 -121 12893 0 0 0 0 -138 0
25.059 2 GPS_INT 0 0 0 404513456 -37290191 705596 655360 0 0 0 84 15 294378750 98 24 3 1
25.060 2 ATTITUDE 0.020861 3.147821 -0.029796
25.089 2 INS 376 -358 -1252254 -26214 -26214 -149264048 -33 -46 -8458
25.090 2 STATIC_CONTROL 0 0. 0 0. 0. 0. 0. 0. 0. 0. 0. 0. 0.
25.091 2 ATTITUDE 0.020838 3.147747 -0.029816
25.119 2 INS 376 -358 -1255898 -26214 -31457 -149481344 -59 -28 -8520
25.135 2 ATTITUDE 0.020855 3.147771 -0.029849
25.150 2 IMU_MAG_RAW 255 0 0 0
25.166 2 INS 376 -358 -1259550 -26214 -31457 -149698560 -49 -8 -8488
25.193 2 GPS_INT 0 0 0 404513457 -37290194 705627 655392 0 0 0 83 12 294379000 98 24 3 1
25.195 2 ATTITUDE 0.020841 3.147815 -0.029842
25.209 2 INS 376 -358 -1263206 -26214 -31457 -149915808 -44 -3 -8483
25.247 2 GVF 27.061529 1 1 1. -1.08,-14.42,3.,3.,0.,2.
25.247 2 CIRCLE -1.08 -14.42 3.
25.247 2 GPS 3 43818250 447810920 3220 655392 6 6 2395 294379000 30 0
25.248 2 ATTITUDE 0.020912 3.147829 -0.029884
25.262 2 INS 376 -366 -1266869 0 -20971 -150132784 -38 -31 -8458
25.301 2 ROVER_CTRL 0. 0. 0. 0. 1400. 600. 1000. 0. 0. 0. 0. -0.062922
25.302 2 ROTORCRAFT_FP -366 376 1267605 -20971 0 150176320 85 -122 12893 0 0 0 0 -138 0
25.302 2 ATTITUDE 0.020908 3.14779 -0.029851
25.327 2 INS 376 -366 -1270536 0 -20971 -150349744 -53 -37 -8463
25.328 2 SERIAL_COM 39 -19 -89 -8510 0 0 0 14 195 80 76 0 0 0 0 0
25.354 2 GPS_INT 0 0 0 404513458 -37290197 705653 655417 0 0 0 83 14 294379250 98 24 3 1
25.355 2 PONG 
25.355 2 ATTITUDE 0.020904 3.147773 -0.029839
25.370 2 INS 376 -366 -1274209 0 -20971 -150566864 -68 17 -8463
25.386 2 ATTITUDE 0.020931 3.147768 -0.029763
25.419 2 INS 376 -366 -1277887 0 -20971 -150784000 -94 -18 -8490
25.435 2 ATTITUDE 0.02097 3.147748 -0.029765
25.493 2 INS 376 -366 -1281570 0 -20971 -151001024 -53 -37 -8458
25.494 2 GPS 3 43818247 447810921 3220 655417 3 5 2395 294379250 30 0
25.495 2 GPS_INT 0 0 0 404513458 -37290197 705653 655417 0 0 0 83 14 294379250 98 24 3 1
25.496 2 ATTITUDE 0.020944 3.147793 -0.029839
25.509 2 INS 384 -368 -1285260 -5242 -5242 -151218288 -54 -37 -8487
25.541 2 ROTORCRAFT_FP -368 384 1286001 -5242 -5242 151261888 85 -122 12893 0 0 0 0 -138 0
25.542 2 ATTITUDE 0.020933 3.147776 -0.029807
25.572 2 INS 384 -368 -1288954 5242 -5242 -151435584 -35 -38 -8520
25.588 2 ATTITUDE 0.020862 3.147769 -0.029819
25.620 2 INS 384 -368 -1292652 5242 -5242 -151653040 -59 -19 -8506
25.647 2 GPS_INT 0 0 0 404513460 -37290199 705658 655422 0 0 0 83 11 294379500 98 24 3 1
25.648 2 ALIVE 122,195,7,233,5,247,195,75,60,187,26,129,128,90,246,93
25.649 2 ATTITUDE 0.020762 3.147781 -0.029831
25.662 2 INS 384 -368 -1296357 5242 -5242 -151870272 -73 -18 -8482
25.678 2 ATTITUDE 0.0208 3.147803 -0.0298
25.712 2 INS 384 -368 -1300067 5242 -5242 -152086912 -57 -36 -8428
25.750 2 GVF 27.174913 1 1 1. -1.08,-14.42,3.,3.,0.,2.
25.750 2 CIRCLE -1.08 -14.42 3.
25.751 2 GPS 3 43818246 447810923 3220 655422 1 -1 2395 294379500 30 0
25.752 2 ATTITUDE 0.020759 3.147762 -0.029791
25.765 2 INS 386 -373 -1303782 -5242 -15728 -152304000 -58 31 -8478
25.807 2 LINK_REPORT 2 -1 26 0 74537 1761 0 2727. 65. 9 60.89
25.844 2 ROVER_CTRL 0. 0. 0. 0. 1400. 600. 1000. 0. 0. 0. 0. -0.062766
25.845 2 ROTORCRAFT_FP -373 386 1304526 -15728 -5242 152347504 85 -122 12893 0 0 0 0 -138 0
25.845 2 GPS_INT 0 0 0 404513461 -37290201 705673 655437 0 0 0 82 9 294379750 98 24 3 1
25.845 2 AUTOPILOT_VERSION 60200 v6.2_unstable-650-g74eaf7c20-dirty
25.845 2 DL_VALUE 22 0.
25.845 2 ATTITUDE 0.020785 3.147786 -0.029803
25.846 2 INS 386 -373 -1307503 -5242 -15728 -152521168 -53 -56 -8447
25.846 2 SERIAL_COM 39 -18 -73 -8482 0 0 0 14 195 80 76 0 0 0 0 0
25.846 2 ATTITUDE 0.020825 3.147775 -0.029835
25.873 2 INS 386 -373 -1311229 -5242 -15728 -152738176 -65 -4 -8496
25.873 2 GPS_SOL 82 9 98 24
25.889 2 ATTITUDE 0.020887 3.147737 -0.029825
25.919 2 INS_REF 485058794 -31613915 411670613 404513324 -37290030 704601 654365 0.
25.920 2 INS 386 -373 -1314959 -5242 -15728 -152954512 -53 -41 -8448
25.956 2 GPS_INT 0 0 0 404513461 -37290201 705673 655437 0 0 0 82 9 294379750 98 24 3 1
25.957 2 ATTITUDE 0.020861 3.14777 -0.029838
25.957 2 ROTORCRAFT_NAV_STATUS 24 24 0. 0. 3 0 2
25.958 2 IMU_MAG_RAW 255 0 0 0
25.958 2 INS 386 -373 -1318696 -5242 -15728 -153171472 -44 -13 -8473
25.973 2 GPS 3 43818244 447810924 3220 655437 2 -2 2395 294379750 30 0
25.988 2 ATTITUDE 0.020846 3.147783 -0.029869
26.020 2 INS 386 -373 -1322439 -5242 -15728 -153388368 -39 -57 -8487
26.037 2 ROTORCRAFT_FP -373 386 1323190 -15728 -5242 153431920 85 -122 12893 0 0 0 0 -138 0
26.038 2 ATTITUDE 0.020834 3.147795 -0.029869
26.095 2 INS 391 -376 -1326184 -10485 10485 -153605584 -44 -18 -8491
26.096 2 STATIC_CONTROL 0 0. 0 0. 0. 0. 0. 0. 0. 0. 0. 0. 0.
26.097 2 GPS_INT 0 0 0 404513463 -37290202 705681 655445 0 0 0 82 8 294380000 98 24 3 1
26.098 2 ATTITUDE 0.020838 3.147829 -0.02986
26.123 2 INS 391 -376 -1329937 -20971 15728 -153822720 -29 -13 -8483
26.123 2 ROVER_STATUS 0 60 3 0 1 39 8.097959
26.138 2 ATTITUDE 0.020823 3.147834 -0.02987
26.138 2 WP_MOVED_ENU 8 11000 15270 1994
26.154 2 WP_MOVED_ENU 8 11000 15270 1994
26.170 2 INS 391 -376 -1333698 -20971 15728 -154039536 -43 3 -8454
26.186 2 ATTITUDE 0.020796 3.147834 -0.029848
26.292 2 INS 391 -376 -1337457 -20971 15728 -154256208 -38 -17 -8454
26.293 2 GVF 27.274321 1 1 1. -1.08,-14.42,3.,3.,0.,2.
26.293 2 CIRCLE -1.08 -14.42 3.
26.293 2 GPS 3 43818243 447810927 3220 655445 5 3 2395 294380000 30 0
26.294 2 GPS_INT 0 0 0 404513463 -37290202 705681 655445 0 0 0 82 8 294380000 98 24 3 1
26.295 2 ATTITUDE 0.020824 3.14789 -0.029861
26.295 2 INS 394 -381 -1341226 -26214 0 -154473120 -29 3 -8459
26.296 2 ROVER_CTRL 0. 0. 0. 0. 1400. 600. 1000. 0. 0. 0. 0. -0.06264
26.296 2 ROTORCRAFT_FP -381 394 1341980 0 -26214 154516608 85 -122 12893 0 0 0 0 -138 0
26.297 2 ATTITUDE 0.020908 3.147858 -0.0299
26.322 2 INS 394 -381 -1344999 -31457 5242 -154690448 -63 -22 -8477
26.323 2 SERIAL_COM 40 -13 -57 -8458 0 0 0 14 196 80 76 0 0 0 0 0
26.338 2 ATTITUDE 0.020934 3.147871 -0.029944
26.354 2 INS 394 -381 -1348778 -31457 5242 -154907392 -72 -3 -8458
26.387 2 GPS_INT 0 0 0 404513463 -37290204 705717 655481 0 0 0 82 11 294380250 98 23 3 1
26.388 2 ATTITUDE 0.020953 3.147895 -0.029964
26.419 2 INS 394 -381 -1352563 -31457 5242 -155124496 -73 -8 -8487
26.420 2 STATE_FILTER_STATUS 6 3 0
26.434 2 ATTITUDE 0.02096 3.147928 -0.029933
26.467 2 INS 394 -381 -1356352 -31457 5242 -155342064 -44 -38 -8491
26.467 2 GPS 3 43818241 447810927 3220 655481 5 7 2395 294380250 30 0
26.482 2 ATTITUDE 0.020944 3.147959 -0.029931
26.515 2 INS 396 -381 -1360146 0 -10485 -155558944 -44 -19 -8487
26.551 2 ROTORCRAFT_FP -381 396 1360909 -10485 0 155602496 85 -122 12894 0 0 0 0 -138 0
26.552 2 GPS_INT 0 0 0 404513464 -37290205 705723 655487 0 0 0 82 8 294380500 99 23 3 1
26.552 2 ATTITUDE 0.02094 3.147929 -0.029984
26.567 2 INS 396 -381 -1363946 0 -15728 -155775840 -103 -13 -8466
26.583 2 ATTITUDE 0.020865 3.147899 -0.030018
26.615 2 INS 396 -381 -1367751 0 -15728 -155993232 -50 -18 -8501
26.631 2 ATTITUDE 0.020857 3.14784 -0.030029
26.663 2 INS 396 -381 -1371562 0 -15728 -156210256 -49 -18 -8467
26.689 2 GPS_INT 0 0 0 404513464 -37290205 705723 655487 0 0 0 82 8 294380500 99 23 3 1
26.689 2 ATTITUDE 0.020845 3.147833 -0.030019
26.705 2 INS 396 -381 -1375377 0 -15728 -156427248 -50 7 -8507
26.754 2 ENERGY 255 8.097959 0.2 1.619592 1.013699 0.002036 0.016474
26.754 2 GVF 27.345312 1 1 1. -1.08,-14.42,3.,3.,0.,2.
26.754 2 CIRCLE -1.08 -14.42 3.
26.759 2 GPS 3 43818241 447810928 3220 655487 2 0 2395 294380500 30 0
26.760 2 ATTITUDE 0.020864 3.147877 -0.030032
26.760 2 IMU_MAG_RAW 255 0 0 0
26.760 2 INS 399 -386 -1379199 -15728 0 -156644112 -63 -27 -8487
26.769 2 ROVER_CTRL 0. 0. 0. 0. 1400. 600. 1000. 0. 0. 0. 0. -0.062561
26.808 2 LINK_REPORT 2 -1 27 0 77781 1838 0 3244. 77. 9 60.89
26.825 2 ROTORCRAFT_FP -386 399 1379964 0 -15728 156687376 85 -122 12893 0 0 0 0 -138 0
26.825 2 ATTITUDE 0.020798 3.147782 -0.029989
26.825 2 INS 399 -386 -1383025 -15728 0 -156860880 -30 7 -8497
26.826 2 SERIAL_COM 40 7 -68 -8483 0 0 0 14 196 80 76 0 0 0 0 0
26.841 2 GPS_INT 0 0 0 404513465 -37290207 705729 655493 0 0 0 82 10 294380750 99 23 3 1
26.842 2 ATTITUDE 0.020801 3.147847 -0.030032
26.856 2 INS 399 -386 -1386857 -15728 0 -157077504 -8 -37 -8473
26.872 2 ATTITUDE 0.020796 3.147862 -0.030022
26.919 2 INS 399 -386 -1390695 -15728 0 -157294528 -49 -22 -8487
26.919 2 DATALINK_REPORT 2 11 2548 2989 0 0
26.935 2 ATTITUDE 0.020774 3.147801 -0.029999
26.951 2 INS 399 -386 -1394537 -15728 0 -157511456 -48 17 -8440
26.967 2 GPS 3 43818239 447810929 3220 655493 3 -1 2395 294380750 30 0
26.993 2 GPS_INT 0 0 0 404513465 -37290207 705729 655493 0 0 0 82 10 294380750 99 23 3 1
26.994 2 ATTITUDE 0.020771 3.147825 -0.030031
27.009 2 INS 399 -386 -1398384 -15728 0 -157728128 -97 -22 -8462
27.035 2 ROTORCRAFT_FP -386 399 1399154 0 -15728 157771680 84 -123 12893 0 0 0 0 -138 0
27.036 2 ATTITUDE 0.020767 3.147871 -0.030066
27.051 2 INS 401 -389 -1402237 5242 15728 -157945616 -54 -22 -8496
27.067 2 STATIC_CONTROL 0 0. 0 0. 0. 0. 0. 0. 0. 0. 0. 0. 0.
27.083 2 ATTITUDE 0.02073 3.147892 -0.030098
27.115 2 INS 401 -389 -1406096 5242 15728 -158162752 -97 -13 -8457
27.131 2 GPS_INT 0 0 0 404513466 -37290208 705734 655498 0 0 0 81 9 294381000 98 24 3 1
27.131 2 ATTITUDE 0.020779 3.147893 -0.03014
27.163 2 INS 401 -389 -1409960 5242 15728 -158379904 -44 -18 -8492
27.179 2 ATTITUDE 0.020754 3.147896 -0.03013
27.233 2 INS 401 -389 -1413828 5242 15728 -158597056 -63 -8 -8482
27.233 2 GVF 27.417597 1 1 1. -1.08,-14.42,3.,3.,0.,2.
27.233 2 CIRCLE -1.08 -14.42 3.
27.234 2 GPS 3 43818238 447810930 3220 655498 4 -1 2395 294381000 30 0
27.234 2 ATTITUDE 0.020794 3.147945 -0.030124
27.325 2 INS 404 -391 -1417702 10485 -15728 -158814128 -62 -31 -8453
27.326 2 ROVER_CTRL 0. 0. 0. 0. 1400. 600. 1000. 0. 0. 0. 0. -0.06253
27.326 2 ROTORCRAFT_FP -391 404 1418482 -15728 10485 158857616 85 -123 12893 0 0 0 0 -138 0
27.327 2 GPS_INT 0 0 0 404513467 -37290209 705741 655505 0 0 0 81 14 294381250 99 23 3 1
27.327 2 ATTITUDE 0.020783 3.147928 -0.030094
27.328 2 INS 404 -391 -1421581 10485 -15728 -159031344 -68 -32 -8487
27.328 2 SERIAL_COM 41 -32 -67 -8477 0 0 0 14 197 80 76 0 0 0 0 0
27.329 2 ATTITUDE 0.0208 3.147928 -0.030116
27.357 2 INS 404 -391 -1425466 10485 -15728 -159248240 -78 -32 -8490
27.372 2 DL_VALUE 23 1.
27.388 2 ATTITUDE 0.020734 3.147917 -0.030182
27.404 2 INS 404 -391 -1429356 10485 -15728 -159464864 -62 7 -8473
27.431 2 GPS_INT 0 0 0 404513467 -37290209 705741 655505 0 0 0 81 14 294381250 99 23 3 1
27.432 2 ATTITUDE 0.020706 3.147953 -0.030214
27.460 2 WP_MOVED_ENU 9 15352 13312 1994
27.460 2 WP_MOVED_ENU 9 15352 13312 1994
27.461 2 INS 404 -391 -1433252 10485 -15728 -159682288 -68 -9 -8496
27.461 2 GPS 3 43818237 447810931 3220 655505 4 4 2395 294381250 30 0
27.476 2 ATTITUDE 0.020725 3.147987 -0.030196
27.509 2 INS 404 -391 -1437152 10485 -15728 -159899696 -45 -24 -8540
27.549 2 ROTORCRAFT_FP -396 407 1437933 -20971 -5242 159943136 85 -123 12894 0 0 0 0 -138 0
27.550 2 ATTITUDE 0.020773 3.148025 -0.030135
27.550 2 ROTORCRAFT_NAV_STATUS 26 26 0. 0. 3 0 2
27.550 2 IMU_MAG_RAW 255 0 0 0
27.550 2 INS 407 -396 -1441058 0 -20971 -160117040 -73 -19 -8496
27.580 2 GPS_INT 0 0 0 404513468 -37290212 705741 655506 0 0 0 81 13 294381500 99 24 3 1
27.581 2 ATTITUDE 0.020831 3.14804 -0.030114
27.612 2 INS 407 -396 -1444970 0 -20971 -160334016 -78 -34 -8510
27.612 2 ROVER_STATUS 0 60 3 0 1 41 8.097959
27.628 2 ATTITUDE 0.020837 3.148063 -0.030092
27.660 2 INS 407 -396 -1448886 0 -20971 -160551168 -19 6 -8484
27.676 2 ATTITUDE 0.020821 3.148117 -0.030181
27.730 2 INS 407 -396 -1452809 0 -20971 -160768448 -44 -14 -8488
27.730 2 GVF 27.503675 1 1 1. -1.08,-14.42,3.,3.,0.,2.
27.731 2 CIRCLE -1.08 -14.42 3.
27.731 2 GPS 3 43818235 447810932 3220 655506 3 3 2395 294381500 30 0
27.794 2 GPS_INT 0 0 0 404513468 -37290212 705741 655506 0 0 0 81 13 294381500 99 24 3 1
27.794 2 ATTITUDE 0.020849 3.14809 -0.030183
27.795 2 INS 409 -399 -1456734 -5242 5242 -160985472 -48 -19 -8473
27.795 2 ROVER_CTRL 0. 0. 0. 0. 1400. 600. 1000. 0. 0. 0. 0. -0.062435
27.795 2 ROTORCRAFT_FP -399 409 1457520 5242 -5242 161028832 85 -123 12894 0 0 0 0 -138 0
27.796 2 ATTITUDE 0.020827 3.148073 -0.030182
27.809 2 LINK_REPORT 2 -1 28 0 80882 1911 0 3101. 73. 9 60.89
27.819 2 INS 409 -399 -1460667 5242 5242 -161202736 -73 -23 -8477
27.820 2 SERIAL_COM 41 -28 -68 -8477 0 0 0 14 197 80 76 0 0 0 0 0
27.820 2 ATTITUDE 0.020775 3.148034 -0.030184
27.865 2 INS 409 -399 -1464605 5242 5242 -161419728 -49 -19 -8506
27.865 2 GPS_SOL 81 14 99 23
27.881 2 GPS_INT 0 0 0 404513468 -37290213 705742 655506 0 0 0 81 14 294381750 99 23 3 1
27.882 2 ATTITUDE 0.020728 3.148057 -0.030248
27.912 2 INS 409 -399 -1468549 5242 5242 -161636848 -83 -10 -8491
27.928 2 ATTITUDE 0.020766 3.148092 -0.030229
27.960 2 INS 409 -399 -1472496 5242 5242 -161853568 -47 -22 -8440
27.961 2 GPS 3 43818234 447810932 3220 655506 3 -5 2395 294381750 30 0
27.976 2 ATTITUDE 0.020754 3.148073 -0.030185
28.008 2 INS 409 -399 -1476449 5242 5242 -162070800 -87 -28 -8476
28.045 2 ROTORCRAFT_FP -399 409 1477245 5242 5242 162114544 85 -123 12894 0 0 0 0 -138 0
28.046 2 GPS_INT 0 0 0 404513468 -37290213 705742 655506 0 0 0 81 14 294381750 99 23 3 1
28.047 2 ATTITUDE 0.020823 3.148076 -0.030185
28.075 2 INS 409 -401 -1480409 -10485 5242 -162288336 -83 -23 -8490
28.076 2 STATIC_CONTROL 0 0. 0 0. 0. 0. 0. 0. 0. 0. 0. 0. 0.
28.076 2 ATTITUDE 0.020915 3.148099 -0.030237
28.107 2 INS 409 -401 -1484373 -20971 5242 -162505392 -39 -23 -8502
28.123 2 ATTITUDE 0.020902 3.148122 -0.030186
28.155 2 INS 409 -401 -1488343 -20971 5242 -162722528 -63 -19 -8487
28.181 2 GPS_INT 0 0 0 404513469 -37290214 705744 655508 0 0 0 80 14 294382000 99 23 3 1
28.182 2 ATTITUDE 0.020911 3.148081 -0.030153
28.197 2 INS 409 -401 -1492317 -20971 5242 -162939648 -62 -58 -8481
28.234 2 GVF 27.533543 1 1 1. -1.08,-14.42,3.,3.,0.,2.
28.234 2 CIRCLE -1.08 -14.42 3.
28.235 2 GPS 3 43818233 447810933 3220 655508 4 -6 2395 294382000 30 0
28.235 2 ATTITUDE 0.020875 3.148053 -0.030119
28.250 2 INS 409 -401 -1496298 -20971 5242 -163156640 -78 -14 -8477
28.289 2 ROVER_CTRL 0. 0. 0. 0. 1400. 600. 1000. 0. 0. 0. 0. -0.062402
28.289 2 ROTORCRAFT_FP -401 409 1497098 10485 0 163200064 85 -123 12894 0 0 0 0 -138 0
28.290 2 ATTITUDE 0.020894 3.148077 -0.030132
28.355 2 INS 409 -401 -1500283 5242 5242 -163373488 -43 -33 -8463
28.355 2 SERIAL_COM 42 -19 -39 -8502 0 0 0 14 198 80 76 0 0 0 0 0
28.356 2 GPS_INT 0 0 0 404513469 -37290214 705732 655496 0 0 0 80 10 294382250 99 24 3 1
28.357 2 ALIVE 122,195,7,233,5,247,195,75,60,187,26,129,128,90,246,93
28.357 2 ATTITUDE 0.020921 3.148059 -0.030164
28.357 2 IMU_MAG_RAW 255 0 0 0
28.357 2 INS 409 -401 -1504274 5242 5242 -163590736 -78 -43 -8486
28.371 2 ATTITUDE 0.02099 3.148037 -0.030151
28.403 2 INS 409 -401 -1508270 5242 5242 -163807664 -63 -23 -8482
28.418 2 ATTITUDE 0.020943 3.148059 -0.030142
28.463 2 INS 409 -401 -1512271 5242 5242 -164024848 -49 -43 -8482
28.463 2 GPS 3 43818233 447810933 3220 655496 4 2 2395 294382250 30 0
28.489 2 GPS_INT 0 0 0 404513469 -37290214 705732 655496 0 0 0 80 10 294382250 99 24 3 1
28.489 2 ATTITUDE 0.021013 3.148097 -0.030111
28.504 2 INS 409 -401 -1516278 5242 5242 -164241616 -98 -34 -8495
28.530 2 ROTORCRAFT_FP -404 414 1517079 -10485 52428 164284832 85 -123 12894 0 0 0 0 -138 0
28.531 2 ATTITUDE 0.020987 3.148164 -0.030058
28.546 2 INS 414 -404 -1520291 47185 -10485 -164458608 -73 -14 -8482
28.578 2 ATTITUDE 0.020991 3.148185 -0.030093
28.594 2 INS 414 -404 -1524306 47185 -10485 -164675568 -52 -32 -8434
28.626 2 GPS_INT 0 0 0 404513471 -37290215 705751 655515 0 0 0 80 14 294382500 99 24 3 1
28.627 2 ATTITUDE 0.021 3.148209 -0.030106
28.658 2 INS 414 -404 -1528329 47185 -10485 -164892672 -49 -33 -8491
28.674 2 ATTITUDE 0.021007 3.148234 -0.030106
28.740 2 INS 414 -404 -1532357 47185 -10485 -165110112 -83 -48 -8486
28.740 2 GVF 27.604393 1 1 1. -1.08,-14.42,3.,3.,0.,2.
28.741 2 CIRCLE -1.08 -14.42 3.
28.741 2 GPS 3 43818232 447810935 3220 655515 10 14 2395 294382500 30 0
28.741 2 ATTITUDE 0.020951 3.148215 -0.030074
28.742 2 WP_MOVED_ENU 10 10132 5780 1994
28.742 2 WP_MOVED_ENU 10 10132 5780 1994
28.809 2 LINK_REPORT 2 -1 29 0 83571 1975 0 2689. 64. 9 60.89
28.815 2 INS 414 -404 -1536395 47185 -10485 -165327056 -72 -19 -8458
28.815 2 ROVER_CTRL 0. 0. 0. 0. 1400. 600. 1000. 0. 0. 0. 0. -0.062325
28.816 2 ROTORCRAFT_FP -407 417 1537197 -15728 -10485 165370208 85 -123 12895 0 0 0 0 -138 0
28.816 2 GPS_INT 0 0 0 404513472 -37290216 705761 655525 0 0 0 80 11 294382750 99 24 3 1
28.817 2 ATTITUDE 0.020938 3.148251 -0.030001
28.817 2 INS 417 -407 -1540429 -10485 -15728 -165544064 -23 -32 -8473
28.817 2 SERIAL_COM 42 -9 -68 -8477 0 0 0 14 198 80 76 0 0 0 0 0
28.818 2 ATTITUDE 0.020936 3.148251 -0.030077
28.847 2 INS 417 -407 -1544472 -10485 -15728 -165761008 -83 -23 -8481
28.879 2 ATTITUDE 0.020929 3.148294 -0.030112
28.895 2 INS 417 -407 -1548521 -10485 -15728 -165978096 -72 1 -8467
28.926 2 GPS_INT 0 0 0 404513472 -37290216 705761 655525 0 0 0 80 11 294382750 99 24 3 1
28.926 2 ATTITUDE 0.020893 3.148288 -0.030083
28.958 2 INS 417 -407 -1552576 -10485 -15728 -166195312 -30 -19 -8516
28.958 2 GPS 3 43818231 447810937 3220 655525 3 -3 2395 294382750 30 0
28.973 2 DL_VALUE 24 1.
28.974 2 ATTITUDE 0.020932 3.148289 -0.030127
29.006 2 INS 417 -407 -1556634 -10485 -15728 -166412368 -77 -23 -8472
29.022 2 ROTORCRAFT_FP -407 417 1557447 -15728 -10485 166455600 85 -123 12895 0 0 0 0 -138 0
29.022 2 ATTITUDE 0.020897 3.148301 -0.030146
29.068 2 INS 417 -407 -1560699 -5242 5242 -166629280 -63 -4 -8491
29.068 2 STATIC_CONTROL 0 0. 0 0. 0. 0. 0. 0. 0. 0. 0. 0. 0.
29.093 2 GPS_INT 0 0 0 404513472 -37290217 705761 655525 0 0 0 80 10 294383000 99 23 3 1
29.094 2 ATTITUDE 0.020901 3.148332 -0.030179
29.094 2 INS 417 -407 -1564770 -10485 10485 -166846544 -49 11 -8478
29.109 2 ROVER_STATUS 0 60 3 0 1 42 8.097959
29.125 2 ATTITUDE 0.020927 3.148376 -0.030182
29.126 2 ROTORCRAFT_NAV_STATUS 27 27 0. 0. 3 0 2
29.156 2 IMU_MAG_RAW 255 0 0 0
29.157 2 INS 417 -407 -1568845 -10485 10485 -167063616 -39 -9 -8483
29.172 2 ATTITUDE 0.020904 3.148334 -0.030225
29.290 2 INS 417 -407 -1572926 -10485 10485 -167281152 -55 -14 -8512
29.290 2 GVF 27.647484 1 1 1. -1.08,-14.42,3.,3.,0.,2.
29.291 2 CIRCLE -1.08 -14.42 3.
29.291 2 GPS 3 43818230 447810937 3220 655525 3 4 2395 294383000 30 0
29.291 2 GPS_INT 0 0 0 404513472 -37290217 705761 655525 0 0 0 80 10 294383000 99 23 3 1
29.292 2 ATTITUDE 0.020899 3.148323 -0.030291
29.292 2 INS 417 -407 -1577012 -10485 10485 -167498192 -48 -38 -8482
29.293 2 ROVER_CTRL 0. 0. 0. 0. 1400. 600. 1000. 0. 0. 0. 0. -0.062278
29.294 2 ROTORCRAFT_FP -409 419 1577831 -47185 -5242 167541584 85 -124 12895 0 0 0 0 -138 0
29.294 2 ATTITUDE 0.020895 3.148357 -0.030314
29.306 2 INS 419 -409 -1581104 -5242 -52428 -167715008 -42 -18 -8454
29.306 2 SERIAL_COM 43 -38 -48 -8482 0 0 0 14 199 80 76 0 0 0 0 0
29.322 2 ATTITUDE 0.020881 3.148347 -0.030294
29.354 2 INS 419 -409 -1585201 -5242 -52428 -167932208 -44 -23 -8492
29.370 2 GPS_INT 0 0 0 404513472 -37290218 705744 655508 0 0 0 79 11 294383250 99 25 3 1
29.370 2 ATTITUDE 0.020877 3.148317 -0.030337
29.402 2 INS 419 -409 -1589303 -5242 -52428 -168149168 -48 -22 -8459
29.418 2 ATTITUDE 0.020872 3.148319 -0.030371
29.460 2 INS 419 -409 -1593410 -5242 -52428 -168366448 -67 -58 -8495
29.461 2 GPS 3 43818230 447810937 3220 655508 9 -11 2395 294383250 30 0
29.476 2 ATTITUDE 0.020902 3.148322 -0.03035
29.492 2 INS 419 -409 -1597523 -5242 -52428 -168583696 -68 11 -8497
29.534 2 ROTORCRAFT_FP -417 417 1598346 -10485 5242 168626976 85 -124 12895 0 0 0 0 -138 0
29.534 2 GPS_INT 0 0 0 404513472 -37290221 705727 655491 0 0 0 79 10 294383500 99 25 3 1
29.535 2 ATTITUDE 0.020908 3.148272 -0.030424
29.550 2 INS 417 -417 -1601641 5242 -10485 -168800608 -54 -19 -8502
29.565 2 ATTITUDE 0.020916 3.148262 -0.030434
29.613 2 INS 417 -417 -1605764 5242 -10485 -169017888 -92 -23 -8466
29.613 2 STATE_FILTER_STATUS 6 3 0
29.613 2 ATTITUDE 0.02091 3.148286 -0.030415
29.644 2 INS 417 -417 -1609894 5242 -10485 -169235120 -48 -3 -8454
29.672 2 GPS_INT 0 0 0 404513472 -37290221 705727 655491 0 0 0 79 10 294383500 99 25 3 1
29.672 2 ATTITUDE 0.02083 3.148362 -0.030426
29.725 2 INS 417 -417 -1614026 5242 -10485 -169451824 -77 -28 -8482
29.726 2 GVF 27.652079 1 1 1. -1.08,-14.42,3.,3.,0.,2.
29.726 2 CIRCLE -1.08 -14.42 3.
29.726 2 GPS 3 43818227 447810937 3220 655491 2 -2 2395 294383500 30 0
29.727 2 ATTITUDE 0.020782 3.14832 -0.030428
29.741 2 INS 417 -417 -1618165 5242 -10485 -169668736 -82 -33 -8487
29.782 2 ROVER_CTRL 0. 0. 0. 0. 1400. 600. 1000. 0. 0. 0. 0. -0.062273
29.783 2 ROTORCRAFT_FP -417 422 1618993 -20971 -5242 169712032 85 -124 12895 0 0 0 0 -138 0
29.783 2 ATTITUDE 0.02079 3.148383 -0.030451
29.809 2 INS 422 -417 -1622309 -5242 -20971 -169885712 -68 1 -8497
29.809 2 SERIAL_COM 43 -27 -47 -8435 0 0 0 14 199 80 76 0 0 0 0 0
29.810 2 LINK_REPORT 2 -1 30 0 86818 2050 0 3247. 75. 9 60.89
29.835 2 GPS_INT 0 0 0 404513473 -37290222 705739 655503 0 0 0 79 12 294383750 99 25 3 1
29.836 2 ATTITUDE 0.020787 3.14832 -0.030448
29.851 2 INS 422 -417 -1626459 -5242 -20971 -170102912 -77 -9 -8463
29.851 2 GPS_SOL 79 12 99 25
29.867 2 ATTITUDE 0.020753 3.148319 -0.03047
29.899 2 INS 422 -417 -1630615 -5242 -20971 -170319552 -63 1 -8483
29.915 2 ATTITUDE 0.020671 3.148353 -0.03048
29.931 2 IMU_MAG_RAW 255 0 0 0
29.957 2 INS 422 -417 -1634774 -5242 -20971 -170536704 -57 -4 -8464
29.957 2 GPS 3 43818226 447810938 3220 655503 3 2 2395 294383750 30 0
29.983 2 GPS_INT 0 0 0 404513473 -37290222 705739 655503 0 0 0 79 12 294383750 99 25 3 1
29.984 2 ATTITUDE 0.020628 3.148332 -0.030553
29.999 2 INS 422 -417 -1638940 -5242 -20971 -170754016 -72 -44 -8487
30.003 2 SETTING 71 2 2.5
30.067 2 ROTORCRAFT_FP -417 422 1639778 -20971 -5242 170797616 84 -125 12895 0 0 0 0 -138 0
30.067 2 ATTITUDE 0.020647 3.148354 -0.030566
30.068 2 WP_MOVED_ENU 11 289 13698 1994
30.068 2 WP_MOVED_ENU 11 289 13698 1994
30.068 2 DL_VALUE 71 2.5
30.068 2 INS 419 -419 -1643125 -15728 -5242 -170971728 -82 -54 -8486
30.068 2 STATIC_CONTROL 0 0. 0 0. 0. 0. 0. 0. 0. 0. 0. 0. 0.
30.069 2 ATTITUDE 0.02058 3.148398 -0.030591
30.099 2 INS 419 -419 -1647289 -20971 0 -171187936 -43 1 -8479
30.125 2 GPS_INT 0 0 0 404513472 -37290223 705739 655503 0 0 0 79 11 294384000 99 24 3 1
30.126 2 ATTITUDE 0.020541 3.148452 -0.030582
30.141 2 INS 419 -419 -1651470 -20971 0 -171404704 -100 -18 -8433
30.172 2 ATTITUDE 0.020567 3.148496 -0.030605
30.189 2 INS 419 -419 -1655657 -20971 0 -171621632 -72 -14 -8477
30.226 2 GVF 27.680906 1 1 1. -1.08,-14.42,3.,3.,0.,2.
30.226 2 CIRCLE -1.08 -14.42 3.
30.226 2 GPS 3 43818225 447810937 3220 655503 4 -1 2395 294384000 30 0
30.226 2 ATTITUDE 0.020596 3.148436 -0.030553
30.241 2 INS 419 -419 -1659848 -20971 0 -171838816 -72 -24 -8496
30.312 2 ROVER_CTRL 0. 0. 0. 0. 1400. 600. 1000. 0. 0. 0. 0. -0.062242
30.313 2 ROTORCRAFT_FP -419 419 1660688 0 -20971 171882352 84 -125 12896 0 0 0 0 -138 0
30.313 2 GPS_INT 0 0 0 404513472 -37290223 705739 655503 0 0 0 79 11 294384000 99 24 3 1
30.314 2 ATTITUDE 0.020612 3.148449 -0.030597
30.314 2 INS 419 -419 -1664046 10485 5242 -172055760 -72 -19 -8501
30.314 2 SERIAL_COM 44 -9 -71 -8463 0 0 0 14 200 80 76 0 0 0 0 0
30.314 2 ATTITUDE 0.020682 3.148475 -0.030536
30.315 2 PONG 
30.344 2 INS 419 -419 -1668248 10485 5242 -172272688 -86 -38 -8452
30.360 2 ATTITUDE 0.020608 3.148446 -0.030538
30.392 2 INS 419 -419 -1672456 10485 5242 -172489648 -71 -18 -8467
30.423 2 GPS_INT 0 0 0 404513472 -37290223 705741 655506 0 0 0 79 12 294384250 99 25 3 1
30.424 2 ATTITUDE 0.020623 3.148492 -0.030549
30.454 2 INS 419 -419 -1676670 10485 5242 -172706272 -71 11 -8454
30.454 2 GPS 3 43818225 447810937 3220 655506 4 4 2395 294384250 30 0
30.470 2 ATTITUDE 0.020607 3.148557 -0.030606
30.486 2 INS 419 -419 -1680889 10485 5242 -172923648 -81 -4 -8463
30.518 2 ROTORCRAFT_FP -419 419 1681732 5242 10485 172966992 84 -125 12896 0 0 0 0 -138 0
30.519 2 ATTITUDE 0.020613 3.148601 -0.030597
30.574 2 INS 417 -422 -1685112 -36700 -15728 -173140928 -92 -15 -8487
30.574 2 GPS_INT 0 0 0 404513472 -37290224 705738 655503 0 0 0 78 11 294384500 99 24 3 1
30.575 2 DL_VALUE 25 0.
30.575 2 ATTITUDE 0.020513 3.148581 -0.030639
30.604 2 INS 417 -422 -1689341 -36700 -15728 -173357808 -72 0 -8497
30.604 2 ROVER_STATUS 0 60 3 0 1 44 8.097959
30.620 2 ATTITUDE 0.020626 3.14866 -0.030611
30.636 2 INS 417 -422 -1693576 -36700 -15728 -173574784 -72 -18 -8472
30.668 2 ATTITUDE 0.020632 3.148685 -0.03057
30.779 2 INS 417 -422 -1697816 -36700 -15728 -173792080 -71 -28 -8463
30.779 2 GVF 27.654503 1 1 1. -1.08,-14.42,3.,3.,0.,2.
30.780 2 CIRCLE -1.08 -14.42 3.
30.780 2 GPS 3 43818225 447810937 3220 655503 6 -3 2395 294384500 30 0
30.781 2 GPS_INT 0 0 0 404513472 -37290224 705738 655503 0 0 0 78 11 294384500 99 24 3 1
30.781 2 ATTITUDE 0.020642 3.148613 -0.030634
30.781 2 ROTORCRAFT_NAV_STATUS 29 29 0. 0. 3 0 2
30.782 2 IMU_MAG_RAW 255 0 0 0
30.782 2 INS 417 -422 -1702061 -36700 -15728 -174009360 -82 -4 -8472
30.782 2 ROVER_CTRL 0. 0. 0. 0. 1400. 600. 1000. 0. 0. 0. 0. -0.06227
30.783 2 ROTORCRAFT_FP -422 417 1702909 -15728 -36700 174052640 84 -125 12896 0 0 0 0 -138 0
30.783 2 ATTITUDE 0.020615 3.148605 -0.030656
30.806 2 INS 417 -424 -1706312 31457 -5242 -174226048 -63 -28 -8477
30.807 2 SERIAL_COM 44 -14 -82 -8482 0 0 0 14 200 80 76 0 0 0 0 0
30.807 2 ATTITUDE 0.020619 3.148637 -0.030647
30.809 2 LINK_REPORT 2 -1 31 0 89905 2125 0 3087. 75. 11 20.73
30.839 2 INS 417 -424 -1710567 31457 -5242 -174442832 -113 29 -8496
30.868 2 GPS_INT 0 0 0 404513472 -37290225 705741 655505 0 0 0 78 9 294384750 99 25 3 1
30.869 2 ATTITUDE 0.020648 3.148652 -0.030628
30.899 2 INS 417 -424 -1714829 31457 -5242 -174659792 -67 -28 -8467
30.915 2 ATTITUDE 0.020655 3.148646 -0.030596
30.947 2 INS 417 -424 -1719095 31457 -5242 -174876912 -62 -42 -8444
30.948 2 GPS 3 43818224 447810937 3220 655505 7 -1 2395 294384750 30 0
30.963 2 INS_REF 485058794 -31613915 411670613 404513324 -37290030 704601 654365 0.
30.979 2 ATTITUDE 0.020661 3.148616 -0.030598
30.995 2 INS 417 -424 -1723367 31457 -5242 -175093296 -48 -4 -8468
31.044 2 ROTORCRAFT_FP -424 417 1724221 -5242 31457 175136624 84 -125 12896 0 0 0 0 -138 0
31.045 2 GPS_INT 0 0 0 404513472 -37290225 705741 655505 0 0 0 78 9 294384750 99 25 3 1
31.045 2 ALIVE 122,195,7,233,5,247,195,75,60,187,26,129,128,90,246,93
31.046 2 ATTITUDE 0.020702 3.148629 -0.030588
31.046 2 INS 417 -422 -1727642 -15728 20971 -175310208 -97 16 -8482
31.071 2 STATIC_CONTROL 0 0. 0 0. 0. 0. 0. 0. 0. 0. 0. 0. 0.
31.072 2 ATTITUDE 0.020675 3.148634 -0.030588
31.087 2 INS 417 -422 -1731924 -15728 26214 -175527136 -72 -9 -8491
31.119 2 ATTITUDE 0.020663 3.148655 -0.03062
31.135 2 INS 417 -422 -1736212 -15728 26214 -175744144 -97 -18 -8471
31.166 2 GPS_INT 0 0 0 404513472 -37290224 705730 655495 0 0 0 78 12 294385000 99 24 3 1
31.167 2 ATTITUDE 0.020703 3.148628 -0.0306
31.221 2 INS 417 -422 -1740505 -15728 26214 -175960928 -76 -18 -8463
31.221 2 ENERGY 255 8.097959 0.2 1.619592 1.012195 0.002285 0.018488
31.222 2 GVF 27.654503 1 1 1. -1.08,-14.42,3.,3.,0.,2.
31.222 2 CIRCLE -1.08 -14.42 3.
31.222 2 GPS 3 43818225 447810937 3220 655495 7 -4 2395 294385000 30 0
31.223 2 ATTITUDE 0.020698 3.148621 -0.030612
31.237 2 INS 417 -422 -1744803 -15728 26214 -176177920 -86 -18 -8463
31.277 2 ROVER_CTRL 0. 0. 0. 0. 1400. 600. 1000. 0. 0. 0. 0. -0.06227
31.277 2 ROTORCRAFT_FP -422 417 1745664 26214 -15728 176221264 84 -125 12896 0 0 0 0 -138 0
31.278 2 ATTITUDE 0.020667 3.148579 -0.030623
31.343 2 INS 417 -419 -1749107 -10485 -15728 -176395120 -69 -15 -8511
31.343 2 SERIAL_COM 45 -4 -76 -8458 0 0 0 14 201 80 76 0 0 0 0 0
31.344 2 GPS_INT 0 0 0 404513471 -37290223 705714 655478 0 0 0 78 13 294385250 99 25 3 1
31.345 2 ATTITUDE 0.020633 3.148593 -0.030636
31.345 2 WP_MOVED_ENU 12 760 1031 2560
31.345 2 WP_MOVED_ENU 12 760 1031 2560
31.345 2 INS 417 -419 -1753415 -10485 -15728 -176612144 -61 -32 -8420
31.359 2 ATTITUDE 0.020599 3.148573 -0.03066
31.393 2 INS 417 -419 -1757730 -10485 -15728 -176829184 -77 -23 -8482
31.407 2 ATTITUDE 0.020554 3.148608 -0.030639
31.453 2 INS 417 -419 -1762049 -10485 -15728 -177046160 -57 -18 -8467
31.454 2 GPS 3 43818225 447810936 3220 655478 3 -7 2395 294385250 30 0
31.479 2 GPS_INT 0 0 0 404513471 -37290223 705714 655478 0 0 0 78 13 294385250 99 25 3 1
31.480 2 ATTITUDE 0.02053 3.148598 -0.030756
31.493 2 INS 417 -419 -1766373 -10485 -15728 -177262976 -62 -37 -8444
31.519 2 ROTORCRAFT_FP -419 417 1767243 -15728 -10485 177306576 84 -125 12896 0 0 0 0 -138 0
31.521 2 ATTITUDE 0.020527 3.148623 -0.030737
31.521 2 IMU_MAG_RAW 255 0 0 0
31.535 2 INS 414 -422 -1770703 5242 0 -177480192 -77 6 -8483
31.566 2 ATTITUDE 0.020534 3.148711 -0.030729
31.583 2 INS 414 -422 -1775038 5242 0 -177696928 -43 -4 -8464
31.614 2 GPS_INT 0 0 0 404513471 -37290224 705703 655467 0 0 0 78 14 294385500 101 24 3 1
31.615 2 ATTITUDE 0.020604 3.148736 -0.03069
31.647 2 INS 414 -422 -1779378 5242 0 -177913936 -72 -23 -8467
31.662 2 ATTITUDE 0.02058 3.148747 -0.030744
31.718 2 INS 414 -422 -1783724 5242 0 -178130864 -72 -14 -8477
31.719 2 GVF 27.612724 1 1 1. -1.08,-14.42,3.,3.,0.,2.
31.719 2 CIRCLE -1.08 -14.42 3.
31.720 2 GPS 3 43818225 447810936 3220 655467 2 -11 2395 294385500 30 0
31.721 2 ATTITUDE 0.020511 3.148753 -0.030724
31.733 2 INS 414 -422 -1788076 5242 0 -178347984 -88 -11 -8525
31.807 2 ROVER_CTRL 0. 0. 0. 0. 1400. 600. 1000. 0. 0. 0. 0. -0.062316
31.807 2 ROTORCRAFT_FP -422 414 1788950 0 5242 178391600 83 -125 12897 0 0 0 0 -138 0
31.808 2 GPS_INT 0 0 0 404513471 -37290224 705703 655467 0 0 0 78 14 294385500 101 24 3 1
31.808 2 ATTITUDE 0.020483 3.148777 -0.030728
31.808 2 INS 414 -419 -1792433 -20971 10485 -178564848 -52 1 -8440
31.809 2 SERIAL_COM 45 -23 -72 -8467 0 0 0 14 201 80 76 0 0 0 0 0
31.809 2 ATTITUDE 0.020469 3.148757 -0.030739
31.810 2 LINK_REPORT 2 -1 32 0 92929 2195 0 3024. 70. 11 20.73
31.849 2 INS 414 -419 -1796793 -20971 10485 -178781728 -76 -43 -8457
31.849 2 GPS_SOL 78 14 99 25
31.866 2 ATTITUDE 0.02042 3.148793 -0.030696
31.883 2 INS 414 -419 -1801160 -20971 10485 -178998592 -52 16 -8440
31.914 2 GPS_INT 0 0 0 404513471 -37290223 705680 655445 0 0 0 78 14 294385750 99 25 3 1
31.915 2 ATTITUDE 0.020436 3.148837 -0.030697
31.945 2 INS 414 -419 -1805532 -20971 10485 -179215264 -71 -9 -8453
31.946 2 GPS 3 43818225 447810936 3220 655445 5 -6 2395 294385750 30 0
31.961 2 ATTITUDE 0.02042 3.148859 -0.03069
31.977 2 DATALINK_REPORT 2 13 2905 2965 0 0
32.019 2 INS 414 -419 -1809909 -20971 10485 -179431952 -81 -4 -8448
32.020 2 ROTORCRAFT_FP -419 414 1810786 10485 -20971 179475456 83 -125 12897 0 0 0 0 -138 0
32.021 2 ATTITUDE 0.020456 3.148899 -0.030754
32.034 2 INS 414 -419 -1814294 -20971 10485 -179649376 -97 -24 -8471
32.076 2 STATIC_CONTROL 0 0. 0 0. 0. 0. 0. 0. 0. 0. 0. 0. 0.
32.077 2 GPS_INT 0 0 0 404513470 -37290223 705673 655437 0 0 0 77 15 294386000 101 23 3 1
32.078 2 ATTITUDE 0.02045 3.148943 -0.030765
32.091 2 INS 414 -419 -1818681 -10485 10485 -179866304 -63 -39 -8487
32.092 2 ROVER_STATUS 0 60 3 0 1 45 8.097959
32.107 2 ATTITUDE 0.020468 3.148896 -0.030784
32.141 2 INS 414 -419 -1823074 -10485 10485 -180083856 -53 29 -8498
32.155 2 DL_VALUE 26 0.
32.155 2 ATTITUDE 0.020461 3.148962 -0.030763
32.273 2 INS 414 -419 -1827473 -10485 10485 -180300800 -82 -10 -8496
32.273 2 GVF 27.611259 1 1 1. -1.08,-14.42,3.,3.,0.,2.
32.273 2 CIRCLE -1.08 -14.42 3.
32.274 2 GPS 3 43818225 447810934 3220 655437 3 -7 2395 294386000 30 0
32.274 2 GPS_INT 0 0 0 404513470 -37290223 705673 655437 0 0 0 77 15 294386000 101 23 3 1
32.275 2 ATTITUDE 0.020487 3.149009 -0.030764
32.275 2 INS 414 -419 -1831877 -10485 10485 -180517632 -63 -13 -8483
32.275 2 ROVER_CTRL 0. 0. 0. 0. 1400. 600. 1000. 0. 0. 0. 0. -0.062318
32.276 2 ROTORCRAFT_FP -419 414 1832758 10485 -10485 180561040 83 -126 12898 0 0 0 0 -138 0
32.276 2 ATTITUDE 0.020475 3.148988 -0.030817
32.301 2 INS 414 -417 -1836286 -20971 -5242 -180734608 -67 -28 -8472
32.301 2 SERIAL_COM 46 10 -58 -8483 0 0 0 14 202 80 76 0 0 0 0 0
32.302 2 ATTITUDE 0.020419 3.149003 -0.030827
32.317 2 ROTORCRAFT_NAV_STATUS 31 31 0. 0. 3 0 2
32.317 2 IMU_MAG_RAW 255 0 0 0
32.333 2 INS 414 -417 -1840701 -20971 -5242 -180952048 -73 5 -8497
32.361 2 GPS_INT 0 0 0 404513470 -37290222 705672 655436 0 0 0 77 13 294386250 101 24 3 1
32.362 2 ATTITUDE 0.020447 3.149025 -0.030808
32.393 2 INS 414 -417 -1845120 -20971 -5242 -181168704 -76 6 -8459
32.409 2 ATTITUDE 0.020392 3.148985 -0.03082
32.441 2 INS 414 -417 -1849547 -20971 -5242 -181385792 -74 -5 -8512
32.443 2 GPS 3 43818226 447810934 3220 655436 3 -3 2395 294386250 30 0
32.457 2 ATTITUDE 0.020327 3.148956 -0.030831
32.489 2 INS 414 -417 -1853976 -20971 -5242 -181602624 -101 21 -8448
32.527 2 ROTORCRAFT_FP -417 414 1854863 -5242 -20971 181646064 83 -126 12898 0 0 0 0 -138 0
32.529 2 GPS_INT 0 0 0 404513470 -37290222 705672 655436 0 0 0 77 13 294386250 101 24 3 1
32.531 2 ATTITUDE 0.020347 3.148958 -0.030829
32.542 2 INS 414 -419 -1858413 5242 -36700 -181819920 -58 5 -8492
32.558 2 ATTITUDE 0.020279 3.148928 -0.03087
32.592 2 INS 414 -419 -1862853 5242 -36700 -182037504 -81 -23 -8472
32.608 2 ATTITUDE 0.020243 3.149016 -0.030894
32.622 2 WP_MOVED_ENU 13 775 -1018 2560
32.623 2 WP_MOVED_ENU 13 775 -1018 2560
32.638 2 INS 414 -419 -1867299 5242 -36700 -182254736 -92 5 -8496
32.665 2 GPS_INT 0 0 0 404513470 -37290223 705675 655439 0 0 0 77 11 294386500 101 24 3 1
32.666 2 ATTITUDE 0.020241 3.148976 -0.030927
32.680 2 INS 414 -419 -1871751 5242 -36700 -182472064 -81 -29 -8458
32.717 2 GVF 27.611259 1 1 1. -1.08,-14.42,3.,3.,0.,2.
32.718 2 CIRCLE -1.08 -14.42 3.
32.718 2 GPS 3 43818225 447810934 3220 655439 5 2 2395 294386500 30 0
32.719 2 ATTITUDE 0.02026 3.148924 -0.03098
32.733 2 INS 414 -419 -1876208 5242 -36700 -182689376 -86 -19 -8467
32.772 2 ROVER_CTRL 0. 0. 0. 0. 1400. 600. 1000. 0. 0. 0. 0. -0.062318
32.772 2 ROTORCRAFT_FP -419 414 1877105 -36700 5242 182733152 83 -126 12897 0 0 0 0 -138 0
32.773 2 ATTITUDE 0.020236 3.148914 -0.030989
32.798 2 INS 412 -419 -1880672 -15728 20971 -182906000 -81 -24 -8458
32.799 2 SERIAL_COM 46 -34 -91 -8481 0 0 0 14 202 80 76 0 0 0 0 0
32.811 2 LINK_REPORT 2 -1 33 0 95863 2265 0 2934. 70. 11 20.73
32.824 2 GPS_INT 0 0 0 404513470 -37290223 705682 655446 0 0 0 77 10 294386750 101 24 3 1
32.825 2 STATE_FILTER_STATUS 6 3 0
32.825 2 ATTITUDE 0.020243 3.148917 -0.03097
32.840 2 INS 412 -419 -1885138 -15728 20971 -183123328 -58 -6 -8512
32.856 2 ATTITUDE 0.020241 3.148833 -0.031
32.889 2 INS 412 -419 -1889611 -15728 20971 -183340144 -57 21 -8460
32.905 2 ATTITUDE 0.020251 3.148823 -0.031007
32.947 2 INS 412 -419 -1894090 -15728 20971 -183557328 -62 -9 -8464
32.949 2 GPS 3 43818225 447810934 3220 655446 5 -1 2395 294386750 30 0
32.964 2 GPS_INT 0 0 0 404513470 -37290223 705682 655446 0 0 0 77 10 294386750 101 24 3 1
32.965 2 ATTITUDE 0.020235 3.148855 -0.030998
32.978 2 INS 412 -419 -1898572 -15728 20971 -183774224 -62 0 -8468
33.009 2 ROTORCRAFT_FP -419 412 1899471 20971 -15728 183817616 82 -127 12897 0 0 0 0 -138 0
33.010 2 ATTITUDE 0.020128 3.148847 -0.031044
33.041 2 INS 412 -419 -1903063 -15728 20971 -183991408 -67 -14 -8492
33.057 2 STATIC_CONTROL 0 0. 0 0. 0. 0. 0. 0. 0. 0. 0. 0. 0.
33.058 2 ATTITUDE 0.020144 3.148888 -0.031077
33.089 2 INS 409 -417 -1907556 -15728 10485 -184208096 -81 -5 -8467
33.120 2 GPS_INT 0 0 0 404513469 -37290221 705686 655450 0 0 0 77 8 294387000 101 22 3 1
33.121 2 ATTITUDE 0.020169 3.149026 -0.031101
33.122 2 IMU_MAG_RAW 255 0 0 0
33.135 2 INS 409 -417 -1912058 -15728 10485 -184425552 -97 5 -8496
33.151 2 ATTITUDE 0.020186 3.149039 -0.031092
33.216 2 INS 409 -417 -1916560 -15728 10485 -184642512 -62 -9 -8483
33.217 2 GVF 27.540733 1 1 1. -1.08,-14.42,3.,3.,0.,2.
33.218 2 CIRCLE -1.08 -14.42 3.
33.219 2 GPS 3 43818227 447810933 3220 655450 4 1 2395 294387000 30 0
33.219 2 ATTITUDE 0.020203 3.149053 -0.031126
33.306 2 INS 409 -417 -1921069 -15728 10485 -184859584 -67 11 -8459
33.307 2 ROVER_CTRL 0. 0. 0. 0. 1400. 600. 1000. 0. 0. 0. 0. -0.062394
33.307 2 ROTORCRAFT_FP -417 409 1921972 10485 -15728 184902992 82 -127 12898 0 0 0 0 -138 0
33.308 2 GPS_INT 0 0 0 404513469 -37290221 705686 655450 0 0 0 77 8 294387000 101 22 3 1
33.308 2 ATTITUDE 0.020274 3.149035 -0.031062
33.308 2 INS 409 -414 -1925585 -10485 10485 -185076304 -96 10 -8467
33.308 2 SERIAL_COM 47 -18 -89 -8434 0 0 0 14 203 80 76 0 0 0 0 0
33.309 2 ATTITUDE 0.02028 3.149081 -0.031041
33.339 2 INS 409 -414 -1930107 -10485 10485 -185293424 -62 -33 -8478
33.355 2 ATTITUDE 0.020276 3.149062 -0.031029
33.388 2 INS 409 -414 -1934631 -10485 10485 -185510544 -62 -9 -8473
33.405 2 GPS_INT 0 0 0 404513469 -37290220 705694 655459 0 0 0 77 10 294387250 101 24 3 1
33.406 2 ATTITUDE 0.020316 3.149023 -0.031008
33.446 2 INS 409 -414 -1939163 -10485 10485 -185728000 -96 -9 -8472
33.446 2 GPS 3 43818228 447810933 3220 655459 4 4 2395 294387250 30 0
33.462 2 ATTITUDE 0.020334 3.148993 -0.03104
33.478 2 INS 409 -414 -1943699 -10485 10485 -185945104 -72 11 -8468
33.507 2 ROTORCRAFT_FP -414 409 1944608 10485 -10485 185988448 83 -127 12898 0 0 0 0 -138 0
33.508 2 ATTITUDE 0.020371 3.14906 -0.031
33.539 2 INS 409 -412 -1948242 20971 10485 -186162064 -86 -33 -8477
33.556 2 GPS_INT 0 0 0 404513469 -37290219 705691 655455 0 0 0 76 10 294387500 101 23 3 1
33.557 2 ATTITUDE 0.020296 3.149043 -0.031009
33.586 2 INS 409 -412 -1952788 20971 10485 -186379376 -67 -23 -8483
33.586 2 ROVER_STATUS 0 60 3 0 1 47 8.097959
33.603 2 ATTITUDE 0.020237 3.149045 -0.031031
33.635 2 INS 409 -412 -1957340 20971 10485 -186595984 -91 -24 -8472
33.650 2 ATTITUDE 0.020123 3.149122 -0.031099
33.759 2 INS 409 -412 -1961900 20971 10485 -186812896 -115 -5 -8452
33.760 2 GVF 27.538393 1 1 1. -1.08,-14.42,3.,3.,0.,2.
33.762 2 CIRCLE -1.08 -14.42 3.
33.762 2 GPS 3 43818229 447810933 3220 655455 5 -4 2395 294387500 30 0
33.780 2 GPS_INT 0 0 0 404513469 -37290219 705691 655455 0 0 0 76 10 294387500 101 23 3 1
33.781 2 ALIVE 122,195,7,233,5,247,195,75,60,187,26,129,128,90,246,93
33.782 2 ATTITUDE 0.020108 3.149125 -0.03111
33.782 2 INS 409 -412 -1966462 20971 10485 -187029744 -62 10 -8464
33.783 2 ROVER_CTRL 0. 0. 0. 0. 1400. 600. 1000. 0. 0. 0. 0. -0.062397
33.784 2 ROTORCRAFT_FP -412 409 1967375 10485 20971 187073184 82 -127 12898 0 0 0 0 -138 0
33.784 2 DL_VALUE 27 0.
33.785 2 ATTITUDE 0.020167 3.149094 -0.03111
33.785 2 INS 414 -412 -1971029 -5242 -15728 -187246864 -91 -9 -8482
33.790 2 SERIAL_COM 47 -9 -82 -8501 0 0 0 14 203 80 76 0 0 0 0 0
33.805 2 ATTITUDE 0.020133 3.149096 -0.031112
33.812 2 LINK_REPORT 2 -1 34 0 98836 2335 0 2973. 70. 11 20.73
33.838 2 INS 414 -412 -1975602 -5242 -15728 -187464112 -57 -9 -8492
33.838 2 GPS_SOL 76 11 101 22
33.864 2 GPS_INT 0 0 0 404513470 -37290219 705686 655450 0 0 0 76 11 294387750 101 22 3 1
33.864 2 ATTITUDE 0.020152 3.149033 -0.031092
33.880 2 INS 414 -412 -1980182 -5242 -15728 -187681072 -77 0 -8483
33.896 2 ATTITUDE 0.020104 3.149087 -0.03108
33.954 2 ROTORCRAFT_NAV_STATUS 32 32 0. 0. 3 0 2
33.955 2 WP_MOVED_ENU 14 -760 -1031 2560
33.956 2 WP_MOVED_ENU 14 -760 -1031 2560
33.956 2 IMU_MAG_RAW 255 0 0 0
33.957 2 INS 414 -412 -1984766 -5242 -15728 -187898096 -62 -9 -8468
33.958 2 GPS 3 43818229 447810934 3220 655450 2 -2 2395 294387750 30 0
33.959 2 ATTITUDE 0.02008 3.14908 -0.031113
33.985 2 INS 414 -412 -1989357 -5242 -15728 -188115584 -87 25 -8502
34.022 2 ROTORCRAFT_FP -412 414 1990275 -15728 -5242 188159040 82 -127 12898 0 0 0 0 -138 0
34.024 2 GPS_INT 0 0 0 404513470 -37290219 705686 655450 0 0 0 76 11 294387750 101 22 3 1
34.025 2 ATTITUDE 0.020099 3.149081 -0.031196
34.050 2 INS 414 -412 -1993951 -5242 -15728 -188332672 -91 5 -8467
34.051 2 STATIC_CONTROL 0 0. 0 0. 0. 0. 0. 0. 0. 0. 0. 0. 0.
34.052 2 ATTITUDE 0.02014 3.14903 -0.031195
34.083 2 INS 412 -409 -1998550 26214 -5242 -188549696 -73 0 -8497
34.099 2 ATTITUDE 0.020188 3.149043 -0.031176
34.131 2 INS 412 -409 -2003156 26214 -5242 -188766704 -87 -5 -8501
34.157 2 GPS_INT 0 0 0 404513470 -37290218 705678 655443 0 0 0 76 11 294388000 101 23 3 1
34.158 2 ATTITUDE 0.020196 3.149099 -0.031148
34.173 2 INS 412 -409 -2007768 26214 -5242 -188983712 -85 -9 -8458
34.213 2 GVF 27.578756 1 1 1. -1.08,-14.42,3.,3.,0.,2.
34.214 2 CIRCLE -1.08 -14.42 3.
34.214 2 GPS 3 43818230 447810934 3220 655443 6 3 2395 294388000 30 0
34.215 2 ATTITUDE 0.02025 3.149016 -0.031156
34.227 2 INS 412 -409 -2012384 26214 -5242 -189200800 -52 -9 -8488
34.268 2 ROVER_CTRL 0. 0. 0. 0. 1400. 600. 1000. 0. 0. 0. 0. -0.062353
34.268 2 ROTORCRAFT_FP -409 412 2013307 -5242 26214 189244160 83 -127 12898 0 0 0 0 -138 0
34.269 2 ATTITUDE 0.020268 3.149006 -0.031178
34.292 2 INS 417 -409 -2017005 -31457 -15728 -189417520 -85 -52 -8443
34.292 2 SERIAL_COM 48 -14 -86 -8487 0 0 0 14 204 80 76 0 0 0 0 0
34.309 2 GPS_INT 0 0 0 404513471 -37290218 705687 655451 0 0 0 76 8 294388250 104 23 3 1
34.309 2 ATTITUDE 0.020211 3.149018 -0.031178
34.324 2 INS 417 -409 -2021630 -31457 -15728 -189634672 -90 21 -8449
34.356 2 ATTITUDE 0.020154 3.148976 -0.031177
34.373 2 INS 417 -409 -2026264 -31457 -15728 -189851776 -67 -14 -8473
34.404 2 ATTITUDE 0.020121 3.148937 -0.031144
34.436 2 INS 417 -409 -2030901 -31457 -15728 -190068704 -51 -28 -8454
34.437 2 GPS 3 43818230 447810935 3220 655451 6 -1 2395 294388250 30 0
34.463 2 GPS_INT 0 0 0 404513471 -37290218 705687 655451 0 0 0 76 8 294388250 104 23 3 1
34.464 2 ATTITUDE 0.020108 3.148961 -0.031208
34.479 2 INS 417 -409 -2035542 -31457 -15728 -190285760 -96 15 -8482
34.505 2 ROTORCRAFT_FP -409 417 2036471 -15728 -31457 190329120 82 -127 12897 0 0 0 0 -138 0
34.506 2 ATTITUDE 0.020095 3.148912 -0.031188
34.536 2 INS 412 -407 -2040190 5242 0 -190503024 -71 1 -8459
34.552 2 ATTITUDE 0.020092 3.148934 -0.031208
34.584 2 INS 412 -407 -2044843 5242 0 -190720464 -57 30 -8484
34.601 2 GPS_INT 0 0 0 404513470 -37290217 705679 655443 0 0 0 76 10 294388500 104 23 3 1
34.602 2 ATTITUDE 0.02007 3.148853 -0.031209
34.632 2 INS 412 -407 -2049501 5242 0 -190937136 -66 -28 -8453
34.648 2 ATTITUDE 0.020011 3.148867 -0.03125
34.713 2 INS 412 -407 -2054165 5242 0 -191153792 -100 -19 -8452
34.714 2 GVF 27.577866 1 1 1. -1.08,-14.42,3.,3.,0.,2.
34.714 2 CIRCLE -1.08 -14.42 3.
34.714 2 GPS 3 43818230 447810934 3220 655443 3 2 2395 294388500 30 0
34.714 2 ATTITUDE 0.019943 3.148879 -0.031207
34.715 2 IMU_MAG_RAW 255 0 0 0
34.804 2 INS 412 -407 -2058834 5242 0 -191371104 -47 -4 -8473
34.805 2 ROVER_CTRL 0. 0. 0. 0. 1400. 600. 1000. 0. 0. 0. 0. -0.062354
34.805 2 ROTORCRAFT_FP -407 412 2059773 0 5242 191414768 81 -127 12897 0 0 0 0 -138 0
34.806 2 GPS_INT 0 0 0 404513470 -37290217 705679 655443 0 0 0 76 10 294388500 104 23 3 1
34.806 2 ATTITUDE 0.019919 3.148901 -0.031188
34.806 2 INS 414 -404 -2063508 5242 -36700 -191588672 -127 4 -8500
34.807 2 SERIAL_COM 48 -1 -102 -8515 0 0 0 14 204 80 76 0 0 0 0 0
34.807 2 ATTITUDE 0.019975 3.148976 -0.031233
34.812 2 LINK_REPORT 2 -1 35 0 101825 2405 0 2989. 70. 11 20.73
34.820 2 INS 414 -404 -2068188 5242 -36700 -191805664 -57 -39 -8482
34.851 2 ATTITUDE 0.019961 3.149039 -0.031269
34.883 2 INS 414 -404 -2072873 5242 -36700 -192022560 -92 -5 -8496
34.910 2 GPS_INT 0 0 0 404513470 -37290216 705672 655436 0 0 0 76 9 294388750 104 24 3 1
34.910 2 ATTITUDE 0.020007 3.149032 -0.031225
34.937 2 INS 414 -404 -2077562 5242 -36700 -192239328 -56 -43 -8463
34.937 2 GPS 3 43818231 447810934 3220 655436 6 1 2395 294388750 30 0
34.952 2 ATTITUDE 0.019982 3.149046 -0.031259
34.984 2 INS 414 -404 -2082259 5242 -36700 -192456400 -58 4 -8511
35.001 2 ROTORCRAFT_FP -404 414 2083203 -36700 5242 192499936 81 -128 12898 0 0 0 0 -138 0
35.002 2 ATTITUDE 0.020023 3.149089 -0.031294
35.059 2 INS 414 -404 -2086959 5242 -36700 -192673392 -67 -4 -8477
35.061 2 STATIC_CONTROL 0 0. 0 0. 0. 0. 0. 0. 0. 0. 0. 0. 0.
35.062 2 GPS_INT 0 0 0 404513470 -37290216 705680 655444 0 0 0 76 11 294389000 104 23 3 1
35.063 2 ATTITUDE 0.020027 3.149101 -0.031307
35.086 2 INS 412 -404 -2091665 -10485 10485 -192890656 -91 -9 -8490
35.087 2 ROVER_STATUS 0 60 3 0 1 48 8.097959
35.102 2 ATTITUDE 0.020042 3.14917 -0.031266
35.134 2 INS 412 -404 -2096377 -10485 10485 -193107456 -96 30 -8467
35.150 2 ATTITUDE 0.02005 3.149211 -0.031292
35.263 2 INS 412 -404 -2101093 -10485 10485 -193324880 -77 15 -8467
35.264 2 GVF 27.576553 1 1 1. -1.08,-14.42,3.,3.,0.,2.
35.265 2 CIRCLE -1.08 -14.42 3.
35.266 2 GPS 3 43818231 447810934 3220 655444 3 -2 2395 294389000 30 0
35.278 2 GPS_INT 0 0 0 404513470 -37290216 705680 655444 0 0 0 76 11 294389000 104 23 3 1
35.279 2 ATTITUDE 0.020075 3.149287 -0.031325
35.280 2 WP_MOVED_ENU 15 -775 1018 2560
35.280 2 WP_MOVED_ENU 15 -775 1018 2560
35.281 2 INS 412 -404 -2105816 -10485 10485 -193542176 -106 15 -8476
35.281 2 ROVER_CTRL 0. 0. 0. 0. 1400. 600. 1000. 0. 0. 0. 0. -0.062355
35.282 2 ROTORCRAFT_FP -404 412 2106761 10485 -10485 193585552 81 -128 12899 0 0 0 0 -138 0
35.283 2 ATTITUDE 0.020029 3.149279 -0.031315
35.289 2 INS 409 -401 -2110543 -20971 -5242 -193759248 -96 10 -8476
35.290 2 SERIAL_COM 49 15 -106 -8476 0 0 0 14 205 80 76 0 0 0 0 0
35.291 2 ATTITUDE 0.020038 3.14923 -0.031348
35.334 2 INS 409 -401 -2115275 -20971 -5242 -193976400 -67 0 -8477
35.335 2 PONG 
35.361 2 GPS_INT 0 0 0 404513469 -37290215 705642 655406 0 0 0 75 14 294389250 101 24 3 1
35.361 2 DL_VALUE 28 2.
35.361 2 ATTITUDE 0.02006 3.149285 -0.031423
35.376 2 INS 409 -401 -2120013 -20971 -5242 -194193616 -82 0 -8487
35.393 2 ATTITUDE 0.020087 3.149306 -0.031457
35.403 2 BLOCK 5 2
35.435 2 INS 409 -401 -2124756 -20971 -5242 -194410432 -110 -34 -8475
35.436 2 GPS 3 43818232 447810933 3220 655406 3 -11 2395 294389250 30 0
35.450 2 ATTITUDE 0.020104 3.149298 -0.031469
35.467 2 INS 409 -401 -2129504 -20971 -5242 -194627456 -81 -14 -8477
35.531 2 ROTORCRAFT_FP -401 409 2130459 -5242 -20971 194671008 82 -128 12899 0 0 0 0 -138 0
35.532 2 GPS_INT 0 0 0 404513469 -37290215 705642 655406 0 0 0 75 14 294389250 101 24 3 1
35.533 2 ATTITUDE 0.020101 3.149313 -0.031467
35.534 2 ROTORCRAFT_NAV_STATUS 0 0 0. 0. 5 0 2
35.534 2 IMU_MAG_RAW 255 0 0 0
35.535 2 INS 409 -399 -2134258 15728 20971 -194844528 -71 26 -8458
35.547 2 ATTITUDE 0.020098 3.14926 -0.031458
35.579 2 INS 409 -399 -2139017 15728 20971 -195061920 -91 15 -8487
35.595 2 ATTITUDE 0.020097 3.149228 -0.031438
35.628 2 INS 409 -399 -2143781 15728 20971 -195279008 -81 -5 -8467
35.654 2 GPS_INT 0 0 0 404513469 -37290214 705639 655403 0 0 0 75 9 294389500 101 25 3 1
35.655 2 ATTITUDE 0.020125 3.149252 -0.031441
35.696 2 INS 409 -399 -2148553 15728 20971 -195496144 -92 -1 -8510
35.697 2 ENERGY 255 8.097959 0.2 1.619592 1.010989 0.002535 0.020512
35.698 2 GPS 3 43818233 447810933 3220 655403 6 2 2395 294389500 30 0
35.699 2 ATTITUDE 0.020186 3.149254 -0.031485
35.779 2 GVF_PARAMETRIC 5 1 -8e-06 -6.,7.398438,-3.4375,19.429688,20.609375,41.796875,42.96875,59.96875,0.,0.,0.,0.,0.,0.,0.,0. -0.89571,-1.483998
35.779 2 INS 409 -399 -2153327 15728 20971 -195713216 -106 15 -8490
35.780 2 ROVER_CTRL 0. 0. 0. 0. 1400. 600. 1000. 0. 0. 0. 0. -0.
35.780 2 ROTORCRAFT_FP -399 409 2154286 20971 15728 195756672 82 -128 12899 0 0 0 0 -138 0
35.780 2 ATTITUDE 0.020189 3.149311 -0.031467
35.780 2 INS 409 -396 -2158107 0 -20971 -195930192 -91 0 -8500
35.781 2 SERIAL_COM 49 -24 -110 -8456 0 0 0 14 205 80 76 0 0 0 0 0
35.806 2 GPS_INT 0 0 0 404513469 -37290212 705638 655403 0 0 0 75 9 294389750 101 24 3 1
35.806 2 ATTITUDE 0.020114 3.149227 -0.031507
35.813 2 LINK_REPORT 2 -1 36 0 104877 2476 0 3052. 71. 13 40.08
35.831 2 INS 409 -396 -2162892 0 -20971 -196147408 -91 0 -8501
35.832 2 GPS_SOL 75 9 101 24
35.847 2 ATTITUDE 0.020157 3.149178 -0.031516
35.879 2 INS 409 -396 -2167683 0 -20971 -196364624 -72 -14 -8491
35.895 2 ATTITUDE 0.020185 3.149212 -0.031497
35.927 2 INS 409 -396 -2172479 0 -20971 -196581664 -90 0 -8463
35.928 2 GPS 3 43818235 447810933 3220 655403 3 0 2395 294389750 30 0
35.953 2 GPS_INT 0 0 0 404513469 -37290212 705638 655403 0 0 0 75 9 294389750 101 24 3 1
35.954 2 ATTITUDE 0.020191 3.149182 -0.031528
35.969 2 INS 409 -396 -2177281 0 -20971 -196798704 -114 -9 -8457
35.996 2 ROTORCRAFT_FP -396 409 2178246 -20971 0 196842560 82 -129 12898 0 0 0 0 -138 0
35.997 2 STATE_FILTER_STATUS 6 3 0
35.997 2 ATTITUDE 0.020156 3.149153 -0.031542
36.053 2 INS 409 -396 -2182088 0 -20971 -197016080 -80 -13 -8458
36.053 2 STATIC_CONTROL 0 0. 0 0. 0. 0. 0. 0. 0. 0. 0. 0. 0.
36.053 2 INS_REF 485058794 -31613915 411670613 404513324 -37290030 704601 654365 0.
36.053 2 ATTITUDE 0.020078 3.149209 -0.031533
36.069 2 INS 407 -396 -2186900 -10485 -15728 -197232880 -95 6 -8458
36.097 2 GPS_INT 0 0 0 404513468 -37290212 705627 655391 0 0 0 75 12 294390000 101 25 3 1
36.098 2 ATTITUDE 0.020094 3.149261 -0.031622
36.154 2 GVF_PARAMETRIC 5 1 -6e-06 6.,16.4375,39.609375,43.179688,18.046875,27.347656,59.648438,52.,0.,0.,0.,0.,0.,0.,0.,0. -0.894538,-1.48478
36.155 2 INS 407 -396 -2191724 -10485 -15728 -197450000 -81 -29 -8471
36.156 2 ATTITUDE 0.020059 3.149263 -0.031647
36.182 2 INS 407 -396 -2196540 -10485 -15728 -197666400 -80 -8 -8429
36.182 2 GPS 3 43818235 447810932 3220 655391 3 -3 2395 294390000 30 0
36.197 2 ATTITUDE 0.020092 3.149222 -0.031614
36.213 2 INS 407 -396 -2201368 -10485 -15728 -197883088 -90 15 -8463
36.229 2 ROVER_CTRL 0. 0. 0. 0. 1400. 600. 1000. 0. 0. 0. 0. -0.
36.289 2 ROTORCRAFT_FP -396 407 2202339 -15728 -10485 197926496 82 -129 12899 0 0 0 0 -138 0
36.289 2 GPS_INT 0 0 0 404513468 -37290212 705627 655391 0 0 0 75 12 294390000 101 25 3 1
36.290 2 ATTITUDE 0.020092 3.149164 -0.03159
36.290 2 INS 404 -394 -2206202 -20971 10485 -198099776 -89 -4 -8453
36.290 2 SERIAL_COM 50 0 -71 -8472 0 0 0 14 206 80 76 0 0 0 0 0
36.290 2 ATTITUDE 0.02011 3.149145 -0.031558
36.305 2 IMU_MAG_RAW 255 0 0 0
36.321 2 INS 404 -394 -2211040 -20971 10485 -198316992 -106 -35 -8499
36.337 2 ATTITUDE 0.020149 3.149157 -0.03159
36.369 2 INS 404 -394 -2215884 -20971 10485 -198533760 -109 5 -8452
36.395 2 GPS_INT 0 0 0 404513467 -37290210 705611 655375 0 0 0 75 9 294390250 101 25 3 1
36.395 2 ALIVE 122,195,7,233,5,247,195,75,60,187,26,129,128,90,246,93
36.395 2 ATTITUDE 0.020128 3.149131 -0.031568
36.427 2 INS 404 -394 -2220733 -20971 10485 -198750912 -99 -19 -8457
36.427 2 GPS 3 43818236 447810931 3220 655375 5 0 2395 294390250 30 0
36.442 2 ATTITUDE 0.020179 3.149123 -0.03159
36.474 2 INS 404 -394 -2225587 -20971 10485 -198968496 -72 -5 -8491
36.504 2 ROTORCRAFT_FP -394 404 2226559 10485 -20971 199011968 82 -129 12899 0 0 0 0 -138 0
36.505 2 ATTITUDE 0.020131 3.149181 -0.031625
36.505 2 WP_MOVED_ENU 16 50798 51645 2557
36.505 2 WP_MOVED_ENU 16 50798 51645 2557
36.581 2 GVF_PARAMETRIC 5 1 -7e-06 0.,0.2,0.2,0.5,0.5,0.05,59.648438,52.,0.,0.,0.,0.,0.,0.,0.,0. -0.893757,-1.485951
36.583 2 INS 404 -389 -2230457 -20971 5242 -199186160 -66 10 -8483
36.585 2 GPS_INT 0 0 0 404513467 -37290208 705598 655362 0 0 0 75 14 294390500 101 24 3 1
36.586 2 ATTITUDE 0.020108 3.149224 -0.031638
36.587 2 INS 404 -389 -2235312 -20971 5242 -199402992 -71 -29 -8487
36.587 2 ROVER_STATUS 0 56 3 0 1 50 8.097959
36.595 2 ATTITUDE 0.020159 3.149226 -0.03168
36.627 2 INS 404 -389 -2240182 -20971 5242 -199620288 -100 -9 -8486
36.643 2 ATTITUDE 0.0202 3.149186 -0.031713
36.675 2 INS 404 -389 -2245058 -20971 5242 -199837264 -95 -5 -8487
36.675 2 GPS 3 43818238 447810931 3220 655362 5 -6 2395 294390500 30 0
36.701 2 GPS_INT 0 0 0 404513467 -37290208 705598 655362 0 0 0 75 14 294390500 101 24 3 1
36.701 2 ATTITUDE 0.020176 3.14922 -0.031746
36.717 2 INS 404 -389 -2249939 -20971 5242 -200054192 -85 -4 -8444
36.756 2 ROVER_CTRL 0. 0. 0. 0. 1400. 600. 1000. 0. 0. 0. 0. -0.
36.757 2 ROTORCRAFT_FP -389 404 2250915 5242 -20971 200097472 82 -130 12899 0 0 0 0 -138 0
36.757 2 ATTITUDE 0.020238 3.149221 -0.031748
36.783 2 INS 401 -386 -2254826 -5242 -15728 -200271216 -105 15 -8482
36.783 2 SERIAL_COM 50 1 -70 -8453 0 0 0 14 206 80 76 0 0 0 0 0
36.784 2 ATTITUDE 0.02016 3.149223 -0.031782
36.814 2 LINK_REPORT 2 -1 37 0 107898 2545 0 3021. 69. 13 40.08
36.815 2 INS 401 -386 -2259718 -5242 -15728 -200488480 -105 -29 -8495
36.857 2 GPS_INT 0 0 0 404513466 -37290208 705608 655372 0 0 0 75 10 294390750 102 24 3 1
36.858 2 AUTOPILOT_VERSION 60200 v6.2_unstable-650-g74eaf7c20-dirty
36.858 2 ATTITUDE 0.020135 3.149225 -0.031804
36.873 2 INS 401 -386 -2264614 -5242 -15728 -200705616 -94 -19 -8471
36.889 2 ATTITUDE 0.02012 3.14923 -0.031807
36.953 2 GVF_PARAMETRIC 5 1 -5e-06 -6.,7.398438,-3.4375,19.429688,20.609375,41.796875,42.96875,59.96875,0.,0.,0.,0.,0.,0.,0.,0. -0.890631,-1.487123
36.954 2 INS 401 -386 -2269515 -5242 -15728 -200922576 -109 -19 -8466
36.954 2 GPS 3 43818238 447810930 3220 655372 2 1 2395 294390750 30 0
36.954 2 DL_VALUE 29 1.
36.954 2 ATTITUDE 0.020159 3.149275 -0.031766
36.969 2 INS 401 -386 -2274423 -5242 -15728 -201139392 -99 -14 -8466
37.006 2 ROTORCRAFT_FP -386 401 2275410 -15728 -5242 201182960 82 -130 12899 0 0 0 0 -138 0
37.006 2 GPS_INT 0 0 0 404513466 -37290208 705608 655372 0 0 0 75 10 294390750 102 24 3 1
37.007 2 ATTITUDE 0.020166 3.149267 -0.031763
37.036 2 INS 401 -386 -2279336 -5242 -15728 -201356192 -99 -43 -8457
37.036 2 STATIC_CONTROL 0 0. 0 0. 0. 0. 0. 0. 0. 0. 0. 0. 0.
37.037 2 ATTITUDE 0.020156 3.149216 -0.031762
37.051 2 DATALINK_REPORT 1 15 3264 3036 0 0
37.068 2 INS 401 -386 -2284254 0 -10485 -201573120 -100 -14 -8476
37.083 2 ATTITUDE 0.02011 3.149271 -0.031788
37.099 2 ROTORCRAFT_NAV_STATUS 1 1 0. 0. 5 0 2
37.100 2 IMU_MAG_RAW 255 0 0 0
37.115 2 INS 401 -386 -2289178 0 -10485 -201790080 -86 15 -8477
37.142 2 GPS_INT 0 0 0 404513466 -37290208 705611 655375 0 0 0 74 9 294391000 102 23 3 1
37.143 2 ATTITUDE 0.020136 3.149313 -0.031798
37.174 2 INS 401 -386 -2294106 0 -10485 -202007056 -95 0 -8491
37.174 2 GPS 3 43818238 447810930 3220 655375 1 0 2395 294391000 30 0
37.189 2 ATTITUDE 0.020135 3.149328 -0.031821
37.248 2 INS 401 -386 -2299040 0 -10485 -202224080 -123 26 -8428
37.249 2 ROVER_CTRL 0. 0. 0. 0. 1400. 600. 1000. 0. 0. 0. 0. -0.
37.249 2 ROTORCRAFT_FP -386 401 2300027 -10485 0 202267536 82 -130 12899 0 0 0 0 -138 0
37.249 2 ATTITUDE 0.020088 3.149339 -0.031843
37.277 2 INS 401 -386 -2303979 0 0 -202441424 -90 -24 -8466
37.278 2 SERIAL_COM 51 -5 -109 -8457 0 0 0 14 207 80 76 0 0 0 0 0
37.303 2 GPS_INT 0 0 0 404513466 -37290207 705597 655361 0 0 0 74 10 294391250 101 23 3 1
37.304 2 ATTITUDE 0.020129 3.14929 -0.031866
37.342 2 GVF_PARAMETRIC 5 1 0. 6.,16.4375,39.609375,43.179688,18.046875,27.347656,59.648438,52.,0.,0.,0.,0.,0.,0.,0.,0. -0.890631,-1.487123
37.342 2 INS 401 -386 -2308923 0 0 -202658432 -94 11 -8448
37.342 2 ATTITUDE 0.020123 3.149325 -0.031855
37.373 2 INS 401 -386 -2313873 0 0 -202875344 -90 -29 -8466
37.389 2 ATTITUDE 0.020182 3.149254 -0.031853
37.421 2 INS 401 -386 -2318828 0 0 -203092416 -125 25 -8476
37.421 2 GPS 3 43818239 447810930 3220 655361 1 0 2395 294391250 30 0
37.448 2 GPS_INT 0 0 0 404513466 -37290207 705597 655361 0 0 0 74 10 294391250 101 23 3 1
37.449 2 ATTITUDE 0.020181 3.149194 -0.03182
37.464 2 INS 401 -386 -2323788 0 0 -203309280 -71 -34 -8491
37.491 2 ROTORCRAFT_FP -386 401 2324781 0 0 203352800 82 -130 12899 0 0 0 0 -138 0
37.491 2 ATTITUDE 0.020251 3.149238 -0.031809
37.523 2 INS 401 -384 -2328755 -10485 5242 -203526528 -124 -5 -8457
37.539 2 ATTITUDE 0.020214 3.149253 -0.03179
37.571 2 INS 401 -384 -2333726 -10485 5242 -203743600 -91 -19 -8476
37.587 2 GPS_INT 0 0 0 404513466 -37290205 705582 655346 0 0 0 74 13 294391500 100 24 3 1
37.587 2 ATTITUDE 0.020184 3.149338 -0.031828
37.619 2 INS 401 -384 -2338702 -10485 5242 -203960752 -99 11 -8453
37.635 2 ATTITUDE 0.020167 3.149415 -0.031873
37.677 2 INS 401 -384 -2343683 -10485 5242 -204177600 -105 -35 -8476
37.678 2 GPS 3 43818241 447810930 3220 655346 2 -2 2395 294391500 30 0
37.693 2 ATTITUDE 0.020166 3.149448 -0.031908
37.786 2 GVF_PARAMETRIC 5 1 -4e-06 0.,0.2,0.2,0.5,0.5,0.05,59.648438,52.,0.,0.,0.,0.,0.,0.,0.,0. -0.88985,-1.487123
37.788 2 INS 401 -384 -2348670 -10485 5242 -204394352 -94 -19 -8447
37.788 2 ROVER_CTRL 0. 0. 0. 0. 1400. 600. 1000. 0. 0. 0. 0. -0.
37.789 2 ROTORCRAFT_FP -384 401 2349672 5242 -10485 204438000 82 -130 12900 0 0 0 0 -138 0
37.791 2 GPS_INT 0 0 0 404513466 -37290205 705582 655346 0 0 0 74 13 294391500 100 24 3 1
37.791 2 ATTITUDE 0.020143 3.149463 -0.031899
37.792 2 INS 401 -381 -2353661 0 0 -204611152 -104 25 -8453
37.793 2 SERIAL_COM 51 11 -99 -8453 0 0 0 14 207 80 76 0 0 0 0 0
37.793 2 ATTITUDE 0.020245 3.149487 -0.031921
37.801 2 WP_MOVED_ENU 17 51645 -50798 2557
37.801 2 WP_MOVED_ENU 17 51645 -50798 2557
37.814 2 LINK_REPORT 2 -1 38 0 111064 2615 0 3166. 70. 13 40.08
37.816 2 INS 401 -381 -2358660 -5242 5242 -204828288 -95 4 -8496
37.817 2 GPS_SOL 74 13 100 24
37.832 2 ATTITUDE 0.020252 3.149522 -0.031912
37.865 2 INS 401 -381 -2363663 -5242 5242 -205045536 -86 5 -8467
37.891 2 GPS_INT 0 0 0 404513466 -37290204 705581 655345 0 0 0 74 13 294391750 100 24 3 1
37.891 2 ATTITUDE 0.020267 3.149565 -0.031967
37.891 2 IMU_MAG_RAW 255 0 0 0
37.922 2 INS 401 -381 -2368671 -5242 5242 -205262784 -100 -25 -8486
37.923 2 GPS 3 43818241 447810930 3220 655345 2 6 2395 294391750 30 0
37.938 2 ATTITUDE 0.020262 3.149589 -0.03197
37.970 2 INS 401 -381 -2373684 -5242 5242 -205479744 -76 -14 -8472
37.986 2 ROTORCRAFT_FP -381 401 2374687 5242 -5242 205523136 83 -130 12900 0 0 0 0 -138 0
37.987 2 ATTITUDE 0.020299 3.149643 -0.031932
38.045 2 INS 401 -381 -2378703 -5242 5242 -205696656 -119 0 -8462
38.046 2 STATIC_CONTROL 0 0. 0 0. 0. 0. 0. 0. 0. 0. 0. 0. 0.
38.047 2 GPS_INT 0 0 0 404513466 -37290204 705581 655345 0 0 0 74 13 294391750 100 24 3 1
38.047 2 ATTITUDE 0.020305 3.14967 -0.031954
38.073 2 INS 401 -378 -2383726 -10485 0 -205913648 -120 14 -8481
38.074 2 ROVER_STATUS 0 55 3 0 1 51 8.097959
38.089 2 ATTITUDE 0.020322 3.149672 -0.031954
38.131 2 GVF_PARAMETRIC 5 1 -3e-06 -6.,7.398438,-3.4375,19.429688,20.609375,41.796875,42.96875,59.96875,0.,0.,0.,0.,0.,0.,0.,0. -0.887506,-1.487123
38.132 2 INS 401 -378 -2388756 -10485 0 -206130720 -115 -19 -8481
38.133 2 ATTITUDE 0.020432 3.149695 -0.032001
38.173 2 INS 401 -378 -2393791 -10485 0 -206347840 -105 -15 -8501
38.173 2 GPS 3 43818242 447810930 3220 655357 2 7 2395 294392000 30 0
38.199 2 GPS_INT 0 0 0 404513466 -37290203 705593 655357 0 0 0 74 12 294392000 100 24 3 1
38.200 2 ATTITUDE 0.020463 3.149706 -0.032035
38.253 2 INS 401 -378 -2398832 -10485 0 -206564816 -95 -14 -8467
38.253 2 ROVER_CTRL 0. 0. 0. 0. 1400. 600. 1000. 0. 0. 0. 0. -0.
38.254 2 ROTORCRAFT_FP -378 401 2399840 0 -10485 206608160 83 -131 12901 0 0 0 0 -138 0
38.254 2 ATTITUDE 0.020415 3.14976 -0.032036
38.274 2 INS 401 -376 -2403876 -5242 -10485 -206781776 -109 10 -8463
38.274 2 SERIAL_COM 52 0 -100 -8477 0 0 0 14 208 80 76 0 0 0 0 0
38.285 2 ATTITUDE 0.020462 3.149827 -0.032082
38.317 2 INS 401 -376 -2408926 -10485 -10485 -206998928 -76 24 -8502
38.333 2 GPS_INT 0 0 0 404513466 -37290202 705585 655349 0 0 0 74 14 294392250 100 23 3 1
38.333 2 ATTITUDE 0.020436 3.149883 -0.032114
38.365 2 INS 401 -376 -2413982 -10485 -10485 -207215808 -86 -14 -8487
38.381 2 ATTITUDE 0.020398 3.149916 -0.032162
38.423 2 INS 401 -376 -2419043 -10485 -10485 -207432944 -99 -29 -8462
38.423 2 GPS 3 43818243 447810930 3220 655349 1 -5 2395 294392250 30 0
38.438 2 ATTITUDE 0.020429 3.149864 -0.032192
38.455 2 INS 401 -376 -2424109 -10485 -10485 -207650160 -106 -6 -8520
38.497 2 ROTORCRAFT_FP -376 401 2425123 -10485 -10485 207693696 83 -131 12901 0 0 0 0 -138 0
38.497 2 GPS_INT 0 0 0 404513466 -37290202 705585 655349 0 0 0 74 14 294392250 100 23 3 1
38.497 2 ATTITUDE 0.020429 3.149888 -0.032119
38.534 2 GVF_PARAMETRIC 5 1 -5e-06 6.,16.4375,39.609375,43.179688,18.046875,27.347656,59.648438,52.,0.,0.,0.,0.,0.,0.,0.,0. -0.886725,-1.487123
38.535 2 INS 404 -373 -2429181 5242 20971 -207867472 -104 -24 -8481
38.535 2 DL_VALUE 30 15.
38.535 2 ATTITUDE 0.020414 3.149899 -0.032078
38.565 2 INS 404 -373 -2434258 10485 26214 -208084304 -105 9 -8491
38.581 2 ATTITUDE 0.020486 3.149839 -0.032133
38.613 2 INS 404 -373 -2439340 10485 26214 -208301296 -94 -28 -8439
38.639 2 GPS_INT 0 0 0 404513467 -37290201 705564 655328 0 0 0 74 9 294392500 100 24 3 1
38.640 2 ATTITUDE 0.020526 3.149832 -0.032082
38.655 2 INS 404 -373 -2444428 10485 26214 -208518368 -115 10 -8482
38.671 2 GPS 3 43818244 447810931 3220 655328 6 -2 2395 294392500 30 0
38.687 2 ATTITUDE 0.020511 3.149834 -0.032114
38.687 2 ROTORCRAFT_NAV_STATUS 3 3 0. 0. 5 0 2
38.703 2 IMU_MAG_RAW 255 0 0 0
38.742 2 INS 404 -373 -2449521 10485 26214 -208735824 -100 -34 -8496
38.743 2 ROVER_CTRL 0. 0. 0. 0. 1400. 600. 1000. 0. 0. 0. 0. -0.
38.743 2 ROTORCRAFT_FP -373 404 2450540 26214 10485 208779232 84 -131 12901 0 0 0 0 -138 0
38.743 2 ATTITUDE 0.020508 3.149849 -0.032114
38.798 2 INS 407 -368 -2454618 5242 -10485 -208952576 -109 -10 -8453
38.799 2 SERIAL_COM 52 -24 -91 -8487 0 0 0 14 208 80 76 0 0 0 0 0
38.799 2 GPS_INT 0 0 0 404513468 -37290199 705570 655334 0 0 0 73 9 294392750 100 24 3 1
38.800 2 ATTITUDE 0.020418 3.149848 -0.03218
38.814 2 INS 407 -368 -2459722 10485 -10485 -209169520 -86 20 -8483
38.815 2 LINK_REPORT 2 -1 39 0 114132 2684 0 3068. 69. 13 40.08
38.830 2 ATTITUDE 0.020362 3.149837 -0.032202
38.862 2 INS 407 -368 -2464831 10485 -10485 -209386448 -109 -19 -8462
38.878 2 ATTITUDE 0.020411 3.14983 -0.032194
38.965 2 GVF_PARAMETRIC 5 1 -5e-06 0.,0.2,0.2,0.5,0.5,0.05,59.648438,52.,0.,0.,0.,0.,0.,0.,0.,0. -0.8836,-1.48478
38.966 2 INS 407 -368 -2469945 10485 -10485 -209603680 -85 15 -8468
38.966 2 GPS 3 43818246 447810932 3220 655334 3 -2 2395 294392750 30 0
38.966 2 GPS_INT 0 0 0 404513468 -37290199 705570 655334 0 0 0 73 9 294392750 100 24 3 1
38.967 2 ATTITUDE 0.020316 3.149802 -0.032205
38.967 2 INS 407 -368 -2475065 10485 -10485 -209820960 -115 -25 -8486
38.981 2 ROTORCRAFT_FP -368 407 2476089 -10485 10485 209864464 83 -131 12901 0 0 0 0 -138 0
38.981 2 ATTITUDE 0.020365 3.149814 -0.032217
39.027 2 INS 407 -368 -2480189 10485 -10485 -210038160 -95 10 -8473
39.027 2 STATIC_CONTROL 0 0. 0 0. 0. 0. 0. 0. 0. 0. 0. 0. 0.
39.028 2 ATTITUDE 0.020318 3.149952 -0.032229
39.059 2 INS 407 -368 -2485320 -5242 -5242 -210255168 -104 -10 -8472
39.096 2 GPS_INT 0 0 0 404513468 -37290199 705567 655331 0 0 0 73 15 294393000 100 24 3 1
39.096 2 ALIVE 122,195,7,233,5,247,195,75,60,187,26,129,128,90,246,93
39.097 2 ATTITUDE 0.020325 3.150027 -0.032277
39.097 2 WP_MOVED_ENU 18 -50798 -51645 2557
39.097 2 WP_MOVED_ENU 18 -50798 -51645 2557
39.111 2 INS 407 -368 -2490455 -5242 -5242 -210472400 -109 -14 -8487
39.127 2 ATTITUDE 0.02036 3.150064 -0.0323
39.169 2 INS 407 -368 -2495596 -5242 -5242 -210689424 -134 10 -8476
39.170 2 GPS 3 43818246 447810932 3220 655331 0 8 2395 294393000 30 0
39.170 2 STATE_FILTER_STATUS 6 3 0
39.185 2 ATTITUDE 0.020328 3.150072 -0.032344
39.201 2 INS 407 -368 -2500741 -5242 -5242 -210906624 -101 -11 -8501
39.217 2 ROVER_CTRL 0. 0. 0. 0. 1400. 600. 1000. 0. 0. 0. 0. -0.
39.277 2 ROTORCRAFT_FP -368 407 2501772 -5242 -5242 210950144 83 -132 12902 0 0 0 0 -138 0
39.277 2 GPS_INT 0 0 0 404513468 -37290199 705567 655331 0 0 0 73 15 294393000 100 24 3 1
39.278 2 ATTITUDE 0.020284 3.150075 -0.032334
39.278 2 INS 409 -368 -2505893 -5242 -10485 -211123696 -85 21 -8454
39.279 2 SERIAL_COM 53 -5 -119 -8477 0 0 0 14 209 80 76 0 0 0 0 0
39.279 2 ATTITUDE 0.020268 3.150043 -0.032346
39.334 2 GVF_PARAMETRIC 5 1 -4e-06 -6.,7.398438,-3.4375,19.429688,20.609375,41.796875,42.96875,59.96875,0.,0.,0.,0.,0.,0.,0.,0. -0.8836,-1.483998
39.335 2 INS 409 -368 -2511049 -5242 -15728 -211340528 -103 -14 -8458
39.335 2 ATTITUDE 0.020283 3.150119 -0.032335
39.365 2 INS 409 -368 -2516211 -5242 -15728 -211557904 -104 -14 -8487
39.381 2 GPS_INT 0 0 0 404513469 -37290199 705578 655342 0 0 0 73 9 294393250 100 24 3 1
39.382 2 ATTITUDE 0.02028 3.150112 -0.032284
39.413 2 INS 409 -368 -2521379 -5242 -15728 -211775152 -115 -30 -8519
39.414 2 GPS 3 43818246 447810933 3220 655342 2 -1 2395 294393250 30 0
39.430 2 ATTITUDE 0.020244 3.150178 -0.032285
39.461 2 INS 409 -368 -2526551 -5242 -15728 -211992784 -96 19 -8502
39.487 2 ROTORCRAFT_FP -368 409 2527586 -15728 -5242 212036320 82 -132 12903 0 0 0 0 -138 0
39.488 2 ATTITUDE 0.020248 3.150224 -0.03231
39.488 2 IMU_MAG_RAW 255 0 0 0
39.503 2 INS 409 -368 -2531732 0 -15728 -212209776 -108 -34 -8462
39.532 2 GPS_INT 0 0 0 404513469 -37290199 705588 655352 0 0 0 73 15 294393500 100 24 3 1
39.533 2 ATTITUDE 0.020254 3.150261 -0.032309
39.564 2 INS 409 -368 -2536913 10485 -20971 -212426688 -95 -5 -8467
39.565 2 ROVER_STATUS 0 60 3 0 1 53 8.097959
39.580 2 ATTITUDE 0.020259 3.150319 -0.032354
39.612 2 INS 409 -368 -2542100 10485 -20971 -212644032 -114 24 -8477
39.628 2 ATTITUDE 0.020255 3.150299 -0.032353
39.670 2 INS 409 -368 -2547294 10485 -20971 -212861344 -110 25 -8487
39.670 2 GPS 3 43818246 447810933 3220 655352 3 12 2395 294393500 30 0
39.686 2 GPS_INT 0 0 0 404513469 -37290199 705588 655352 0 0 0 73 15 294393500 100 24 3 1
39.686 2 ATTITUDE 0.020297 3.150291 -0.032378
39.779 2 GVF_PARAMETRIC 5 1 -7e-06 6.,16.4375,39.609375,43.179688,18.046875,27.347656,59.648438,52.,0.,0.,0.,0.,0.,0.,0.,0. -0.8836,-1.483998
39.779 2 INS 409 -368 -2552494 10485 -20971 -213078224 -114 -19 -8481
39.779 2 ROVER_CTRL 0. 0. 0. 0. 1400. 600. 1000. 0. 0. 0. 0. -0.
39.780 2 ROTORCRAFT_FP -368 409 2553533 -20971 10485 213121744 83 -132 12903 0 0 0 0 -138 0
39.780 2 ATTITUDE 0.020304 3.150293 -0.0324
39.780 2 INS 412 -368 -2557699 0 -10485 -213295408 -108 -29 -8452
39.781 2 SERIAL_COM 53 -14 -119 -8486 0 0 0 14 209 80 76 0 0 0 0 0
39.786 2 ATTITUDE 0.020368 3.15022 -0.032401
39.816 2 LINK_REPORT 2 -1 40 0 117128 2751 0 2996. 67. 13 40.08
39.817 2 INS 412 -368 -2562906 0 -15728 -213512256 -129 -10 -8466
39.817 2 GPS_SOL 73 14 100 24
39.833 2 GPS_INT 0 0 0 404513470 -37290199 705605 655369 0 0 0 73 14 294393750 100 24 3 1
39.833 2 ATTITUDE 0.020331 3.150234 -0.032445
39.848 2 INS 412 -368 -2568121 0 -15728 -213729024 -84 6 -8445
39.881 2 ATTITUDE 0.020369 3.150265 -0.032433
39.912 2 INS 412 -368 -2573341 0 -15728 -213946080 -124 -14 -8490
39.913 2 GPS 3 43818246 447810934 3220 655369 2 3 2395 294393750 30 0
39.928 2 ATTITUDE 0.020407 3.150289 -0.032412
39.960 2 INS 412 -368 -2578566 0 -15728 -214163104 -72 -54 -8539
40.025 2 ROTORCRAFT_FP -368 412 2579613 -15728 0 214206528 83 -132 12903 0 0 0 0 -138 0
40.026 2 GPS_INT 0 0 0 404513470 -37290199 705605 655369 0 0 0 73 14 294393750 100 24 3 1
40.026 2 ATTITUDE 0.020488 3.150273 -0.03236
40.027 2 INS 412 -368 -2583797 0 -15728 -214380128 -100 5 -8482
40.027 2 STATIC_CONTROL 0 0. 0 0. 0. 0. 0. 0. 0. 0. 0. 0. 0.
40.027 2 ATTITUDE 0.020431 3.150278 -0.032341
40.057 2 INS 412 -371 -2589033 0 -31457 -214597264 -90 -58 -8486
40.073 2 ATTITUDE 0.020459 3.150258 -0.032362
40.177 2 GVF_PARAMETRIC 5 1 -1e-05 0.,0.2,0.2,0.5,0.5,0.05,59.648438,52.,0.,0.,0.,0.,0.,0.,0.,0. -0.884772,-1.482826
40.178 2 INS 412 -371 -2594274 0 -31457 -214814112 -115 -5 -8496
40.178 2 GPS_INT 0 0 0 404513470 -37290199 705610 655374 0 0 0 73 8 294394000 100 25 3 1
40.178 2 DL_VALUE 31 1.
40.179 2 ATTITUDE 0.020406 3.150239 -0.032355
40.179 2 INS 412 -371 -2599522 0 -31457 -215030688 -70 -18 -8468
40.179 2 ENERGY 255 8.097959 0.2 1.619592 1.01 0.002784 0.022531
40.179 2 GPS 3 43818246 447810934 3220 655374 5 -1 2395 294394000 30 0
40.179 2 ATTITUDE 0.020423 3.150218 -0.032379
40.236 2 INS 412 -371 -2604775 0 -31457 -215247440 -119 -14 -8466
40.236 2 ROVER_CTRL 0. 0. 0. 0. 1400. 600. 1000. 0. 0. 0. 0. -0.
40.237 2 ROTORCRAFT_FP -371 412 2605829 -31457 0 215291072 83 -132 12903 0 0 0 0 -138 0
40.237 2 ATTITUDE 0.020347 3.150219 -0.032454
40.305 2 INS 414 -371 -2610031 5242 -5242 -215464496 -129 -5 -8466
40.305 2 SERIAL_COM 54 -24 -100 -8491 0 0 0 14 210 80 76 0 0 0 0 0
40.306 2 GPS_INT 0 0 0 404513471 -37290200 705619 655383 0 0 0 73 14 294394250 100 23 3 1
40.306 2 ATTITUDE 0.020323 3.150221 -0.032486
40.306 2 ROTORCRAFT_NAV_STATUS 5 5 0. 0. 5 0 2
40.307 2 IMU_MAG_RAW 255 0 0 0
40.307 2 INS 414 -371 -2615292 10485 0 -215681776 -81 -10 -8502
40.321 2 PONG 
40.321 2 ATTITUDE 0.020342 3.150236 -0.032467
40.353 2 INS 414 -371 -2620562 10485 0 -215898688 -99 -9 -8444
40.369 2 ATTITUDE 0.020359 3.150238 -0.032489
40.385 2 WP_MOVED_ENU 19 -51645 50798 2557
40.385 2 WP_MOVED_ENU 19 -51645 50798 2557
40.415 2 INS 414 -371 -2625834 10485 0 -216115904 -138 -19 -8462
40.415 2 GPS 3 43818245 447810935 3220 655383 3 8 2395 294394250 30 0
40.441 2 GPS_INT 0 0 0 404513471 -37290200 705619 655383 0 0 0 73 14 294394250 100 23 3 1
40.441 2 ATTITUDE 0.020376 3.150239 -0.032533
40.457 2 INS 414 -371 -2631111 10485 0 -216333216 -125 -1 -8506
40.483 2 ROTORCRAFT_FP -371 414 2632168 0 10485 216376720 83 -133 12903 0 0 0 0 -138 0
40.483 2 ATTITUDE 0.02043 3.15022 -0.032511
40.524 2 GVF_PARAMETRIC 5 1 -3e-06 -6.,7.398438,-3.4375,19.429688,20.609375,41.796875,42.96875,59.96875,0.,0.,0.,0.,0.,0.,0.,0. -0.884772,-1.482045
40.524 2 INS 417 -368 -2636395 0 10485 -216550560 -109 -39 -8490
40.525 2 ATTITUDE 0.020497 3.150261 -0.032541
40.555 2 INS 417 -368 -2641684 5242 15728 -216767824 -134 -10 -8486
40.581 2 GPS_INT 0 0 0 404513471 -37290198 705642 655406 0 0 0 73 12 294394500 100 24 3 1
40.582 2 ATTITUDE 0.020514 3.150266 -0.032541
40.598 2 INS 417 -368 -2646979 5242 15728 -216985216 -118 -14 -8467
40.629 2 ATTITUDE 0.020458 3.150279 -0.032595
40.661 2 INS 417 -368 -2652278 5242 15728 -217202416 -125 14 -8511
40.662 2 GPS 3 43818247 447810935 3220 655406 4 7 2395 294394500 30 0
40.677 2 ATTITUDE 0.020414 3.150261 -0.032658
40.768 2 INS 417 -368 -2657583 5242 15728 -217419312 -128 29 -8463
40.769 2 ROVER_CTRL 0. 0. 0. 0. 1400. 600. 1000. 0. 0. 0. 0. -0.
40.769 2 ROTORCRAFT_FP -368 417 2658650 15728 5242 217462928 83 -133 12903 0 0 0 0 -138 0
40.770 2 GPS_INT 0 0 0 404513471 -37290198 705642 655406 0 0 0 73 12 294394500 100 24 3 1
40.770 2 ATTITUDE 0.020508 3.150221 -0.032694
40.771 2 INS 419 -366 -2662894 -10485 0 -217636448 -104 -14 -8472
40.771 2 SERIAL_COM 54 -15 -124 -8482 0 0 0 14 210 80 76 0 0 0 0 0
40.771 2 ATTITUDE 0.020497 3.150203 -0.032632
40.800 2 INS 419 -366 -2668208 -10485 5242 -217853296 -119 34 -8488
40.816 2 ATTITUDE 0.020514 3.150194 -0.03262
40.816 2 LINK_REPORT 2 -1 41 0 120274 2823 0 3146. 72. 14 25.57
40.848 2 INS 419 -366 -2673529 -10485 5242 -218070192 -113 -39 -8466
40.878 2 GPS_INT 0 0 0 404513472 -37290197 705651 655415 0 0 0 72 9 294394750 100 24 3 1
40.878 2 ATTITUDE 0.020481 3.150238 -0.032609
40.930 2 GVF_PARAMETRIC 5 1 -4e-06 6.,16.4375,39.609375,43.179688,18.046875,27.347656,59.648438,52.,0.,0.,0.,0.,0.,0.,0.,0. -0.882819,-1.480092
40.931 2 INS 419 -366 -2678855 -10485 5242 -218287024 -94 -24 -8467
40.931 2 GPS 3 43818247 447810936 3220 655415 2 2 2395 294394750 30 0
40.932 2 ATTITUDE 0.020446 3.150253 -0.03259
40.946 2 INS 419 -366 -2684186 -10485 5242 -218503712 -108 -18 -8448
40.977 2 ROTORCRAFT_FP -366 419 2685254 5242 -10485 218547120 83 -133 12903 0 0 0 0 -138 0
40.977 2 ATTITUDE 0.020516 3.150277 -0.032612
41.036 2 INS 419 -366 -2689524 -10485 5242 -218720656 -134 -29 -8490
41.036 2 STATIC_CONTROL 0 0. 0 0. 0. 0. 0. 0. 0. 0. 0. 0. 0.
41.037 2 GPS_INT 0 0 0 404513472 -37290197 705651 655415 0 0 0 72 9 294394750 100 24 3 1
41.037 2 ATTITUDE 0.020544 3.150266 -0.032643
41.062 2 INS 414 -363 -2694866 -26214 -47185 -218937600 -94 -14 -8473
41.062 2 ROVER_STATUS 0 60 3 0 1 54 8.097959
41.078 2 ATTITUDE 0.02056 3.150288 -0.032646
41.078 2 IMU_MAG_RAW 255 0 0 0
41.110 2 INS 414 -363 -2700214 -26214 -47185 -219154624 -140 20 -8501
41.110 2 INS_REF 485058794 -31613915 411670613 404513324 -37290030 704601 654365 0.
41.126 2 ATTITUDE 0.02061 3.150313 -0.032637
41.182 2 INS 414 -363 -2705565 -26214 -47185 -219371520 -114 -44 -8490
41.182 2 GPS 3 43818247 447810935 3220 655416 9 4 2395 294395000 30 0
41.182 2 GPS_INT 0 0 0 404513471 -37290197 705652 655416 0 0 0 72 10 294395000 100 24 3 1
41.183 2 ATTITUDE 0.020627 3.150329 -0.032574
41.198 2 INS 414 -363 -2710923 -26214 -47185 -219588864 -90 -19 -8497
41.237 2 ROVER_CTRL 0. 0. 0. 0. 1400. 600. 1000. 0. 0. 0. 0. -0.
41.237 2 ROTORCRAFT_FP -363 414 2711996 -47185 -26214 219632208 84 -133 12903 0 0 0 0 -138 0
41.237 2 ATTITUDE 0.020615 3.150309 -0.032586
41.263 2 INS 414 -366 -2716287 -5242 -20971 -219806064 -108 -4 -8458
41.264 2 SERIAL_COM 55 -19 -90 -8497 0 0 0 14 211 80 76 0 0 0 0 0
41.279 2 ATTITUDE 0.020631 3.150343 -0.032599
41.332 2 GVF_PARAMETRIC 5 1 -1.6e-05 0.,0.2,0.2,0.5,0.5,0.05,59.648438,52.,0.,0.,0.,0.,0.,0.,0.,0. -0.881647,-1.482045
41.332 2 INS 414 -366 -2721656 -10485 -26214 -220023136 -98 -9 -8435
41.333 2 GPS_INT 0 0 0 404513470 -37290198 705640 655404 0 0 0 72 9 294395250 100 25 3 1
41.333 2 ATTITUDE 0.020605 3.150332 -0.032642
41.348 2 INS 414 -366 -2727028 -10485 -26214 -220240240 -106 -19 -8511
41.379 2 ATTITUDE 0.020633 3.150294 -0.03261
41.411 2 INS 414 -366 -2732408 -10485 -26214 -220457392 -128 -57 -8466
41.411 2 GPS 3 43818247 447810934 3220 655404 4 -2 2395 294395250 30 0
41.426 2 ATTITUDE 0.020578 3.150263 -0.032683
41.458 2 INS 414 -366 -2737792 -10485 -26214 -220674544 -100 -39 -8487
41.484 2 ROTORCRAFT_FP -366 414 2738869 -26214 -10485 220717792 84 -133 12903 0 0 0 0 -138 0
41.485 2 GPS_INT 0 0 0 404513470 -37290198 705640 655404 0 0 0 72 9 294395250 100 25 3 1
41.485 2 ATTITUDE 0.020543 3.150222 -0.032684
41.500 2 INS 412 -366 -2743182 -15728 0 -220891776 -125 5 -8506
41.516 2 ATTITUDE 0.020487 3.150221 -0.032709
41.548 2 INS 412 -366 -2748578 -20971 0 -221109088 -133 -34 -8471
41.564 2 ATTITUDE 0.020483 3.150169 -0.03273
41.596 2 INS 412 -366 -2753977 -20971 0 -221326000 -65 5 -8479
41.624 2 GPS_INT 0 0 0 404513470 -37290197 705602 655366 0 0 0 72 14 294395500 100 24 3 1
41.624 2 ATTITUDE 0.020511 3.150233 -0.032721
41.656 2 INS 412 -366 -2759384 -20971 0 -221543056 -139 -10 -8501
41.656 2 GPS 3 43818247 447810934 3220 655366 3 -9 2395 294395500 30 0
41.672 2 ATTITUDE 0.02054 3.150243 -0.032703
41.688 2 WP_MOVED_ENU 0 0 0 2560
41.688 2 WP_MOVED_ENU 0 0 0 2560
41.783 2 GVF_PARAMETRIC 5 1 -6e-06 -6.,7.398438,-3.4375,19.429688,20.609375,41.796875,42.96875,59.96875,0.,0.,0.,0.,0.,0.,0.,0. -0.882819,-1.482826
41.784 2 INS 412 -366 -2764794 -20971 0 -221760208 -113 -18 -8458
41.784 2 ROVER_CTRL 0. 0. 0. 0. 1400. 600. 1000. 0. 0. 0. 0. -0.
41.785 2 ROTORCRAFT_FP -366 412 2765877 0 -20971 221803616 83 -133 12903 0 0 0 0 -138 0
41.785 2 DL_VALUE 32 1.
41.785 2 ATTITUDE 0.020518 3.15027 -0.032713
41.785 2 INS 409 -363 -2770210 -5242 5242 -221977232 -95 -5 -8502
41.785 2 SERIAL_COM 55 -44 -109 -8487 0 0 0 14 211 80 76 0 0 0 0 0
41.786 2 GPS_INT 0 0 0 404513469 -37290196 705589 655354 0 0 0 72 14 294395750 100 25 3 1
41.804 2 ALIVE 122,195,7,233,5,247,195,75,60,187,26,129,128,90,246,93
41.805 2 ATTITUDE 0.020503 3.150338 -0.032734
41.805 2 INS 409 -363 -2775632 -5242 5242 -222194672 -113 -23 -8472
41.805 2 GPS_SOL 72 14 100 25
41.817 2 LINK_REPORT 2 -1 42 0 123434 2893 0 3160. 70. 14 25.57
41.820 2 ATTITUDE 0.020573 3.150372 -0.032747
41.852 2 INS 409 -363 -2781058 -5242 5242 -222412064 -124 -5 -8491
41.867 2 ATTITUDE 0.020559 3.150342 -0.032781
41.884 2 ROTORCRAFT_NAV_STATUS 6 6 0. 0. 5 0 2
41.884 2 IMU_MAG_RAW 255 0 0 0
41.910 2 INS 409 -363 -2786489 -5242 5242 -222629072 -114 -15 -8501
41.910 2 GPS 3 43818248 447810933 3220 655354 2 -5 2395 294395750 30 0
41.926 2 GPS_INT 0 0 0 404513469 -37290196 705589 655354 0 0 0 72 14 294395750 100 25 3 1
41.927 2 ATTITUDE 0.02059 3.150299 -0.032833
41.971 2 INS 409 -363 -2791927 -5242 5242 -222846192 -99 -18 -8483
41.971 2 ROTORCRAFT_FP -363 409 2793015 5242 -5242 222889536 84 -134 12903 0 0 0 0 -138 0
41.972 2 ATTITUDE 0.020564 3.150345 -0.032849
42.016 2 INS 409 -363 -2797370 -5242 5242 -223063008 -93 1 -8454
42.017 2 STATIC_CONTROL 0 0. 0 0. 0. 0. 0. 0. 0. 0. 0. 0. 0.
42.017 2 ATTITUDE 0.020549 3.150346 -0.03283
42.049 2 INS 414 -360 -2802818 5242 -5242 -223279968 -143 -28 -8462
42.075 2 GPS_INT 0 0 0 404513470 -37290195 705579 655343 0 0 0 72 12 294396000 100 25 3 1
42.075 2 ATTITUDE 0.020506 3.150326 -0.032829
42.129 2 GVF_PARAMETRIC 5 1 -2e-06 6.,16.4375,39.609375,43.179688,18.046875,27.347656,59.648438,52.,0.,0.,0.,0.,0.,0.,0.,0. -0.880475,-1.482045
42.129 2 INS 414 -360 -2808271 10485 -10485 -223497280 -113 -18 -8472
42.130 2 DATALINK_REPORT 2 16 3614 3063 0 0
42.130 2 ATTITUDE 0.020564 3.150425 -0.032897
42.157 2 INS 414 -360 -2813729 10485 -10485 -223714528 -75 -24 -8502
42.158 2 GPS 3 43818249 447810934 3220 655343 3 -5 2395 294396000 30 0
42.173 2 ATTITUDE 0.020538 3.150459 -0.032917
42.264 2 INS 414 -360 -2819194 10485 -10485 -223931664 -99 1 -8459
42.265 2 ROVER_CTRL 0. 0. 0. 0. 1400. 600. 1000. 0. 0. 0. 0. -0.
42.265 2 ROTORCRAFT_FP -360 414 2820287 -10485 10485 223975296 84 -134 12904 0 0 0 0 -138 0
42.266 2 GPS_INT 0 0 0 404513470 -37290195 705579 655343 0 0 0 72 12 294396000 100 25 3 1
42.266 2 ATTITUDE 0.020533 3.150474 -0.032908
42.266 2 INS 409 -360 -2824663 -31457 0 -224148672 -123 11 -8463
42.267 2 SERIAL_COM 56 10 -111 -8512 0 0 0 14 212 80 76 0 0 0 0 0
42.267 2 ATTITUDE 0.020529 3.150436 -0.032834
42.296 2 INS 409 -360 -2830137 -36700 0 -224365456 -109 -14 -8463
42.312 2 ATTITUDE 0.020516 3.150415 -0.032877
42.344 2 INS 409 -360 -2835619 -36700 0 -224582736 -110 20 -8483
42.371 2 GPS_INT 0 0 0 404513469 -37290195 705576 655340 0 0 0 72 8 294396250 100 23 3 1
42.372 2 STATE_FILTER_STATUS 6 3 0
42.372 2 ATTITUDE 0.020522 3.150437 -0.032922
42.403 2 INS 409 -360 -2841102 -36700 0 -224799936 -85 5 -8497
42.403 2 GPS 3 43818249 447810933 3220 655340 6 2 2395 294396250 30 0
42.419 2 ATTITUDE 0.020435 3.150503 -0.032901
42.451 2 INS 409 -360 -2846592 -36700 0 -225017232 -99 -5 -8468
42.478 2 ROTORCRAFT_FP -360 409 2847696 0 -36700 225060816 83 -134 12904 0 0 0 0 -138 0
42.478 2 ATTITUDE 0.020416 3.150549 -0.032924
42.528 2 GVF_PARAMETRIC 5 1 -1.1e-05 0.,0.2,0.2,0.5,0.5,0.05,59.648438,52.,0.,0.,0.,0.,0.,0.,0.,0. -0.880475,-1.483998
42.529 2 INS 407 -358 -2852089 -5242 5242 -225234320 -118 -24 -8487
42.529 2 GPS_INT 0 0 0 404513468 -37290194 705573 655337 0 0 0 72 13 294396500 100 23 3 1
42.530 2 ATTITUDE 0.020402 3.150563 -0.032956
42.556 2 INS 407 -358 -2857589 -5242 5242 -225451328 -99 5 -8468
42.556 2 ROVER_STATUS 0 59 3 0 1 56 8.097959
42.572 2 ATTITUDE 0.020444 3.150556 -0.032946
42.604 2 INS 407 -358 -2863095 -5242 5242 -225668560 -133 -34 -8481
42.620 2 ATTITUDE 0.02043 3.150538 -0.032956
42.652 2 INS 407 -358 -2868607 -5242 5242 -225885552 -123 -14 -8482
42.652 2 GPS 3 43818250 447810932 3220 655337 2 -3 2395 294396500 30 0
42.678 2 GPS_INT 0 0 0 404513468 -37290194 705573 655337 0 0 0 72 13 294396500 100 23 3 1
42.678 2 ATTITUDE 0.020456 3.150548 -0.032958
42.679 2 IMU_MAG_RAW 255 0 0 0
42.694 2 INS 407 -358 -2874128 -5242 5242 -226102800 -138 0 -8477
42.733 2 ROVER_CTRL 0. 0. 0. 0. 1400. 600. 1000. 0. 0. 0. 0. -0.
42.733 2 ROTORCRAFT_FP -358 407 2875228 5242 -5242 226146128 83 -135 12904 0 0 0 0 -138 0
42.733 2 ATTITUDE 0.020474 3.150592 -0.032971
42.760 2 INS 407 -355 -2879646 0 -5242 -226319632 -127 -4 -8438
42.761 2 SERIAL_COM 56 -13 -117 -8434 0 0 0 14 212 80 76 0 0 0 0 0
42.762 2 ATTITUDE 0.020504 3.150584 -0.033003
42.792 2 INS 407 -355 -2885174 -5242 0 -226536672 -114 -15 -8490
42.818 2 LINK_REPORT 2 -1 43 0 126382 2960 0 2948. 67. 14 25.57
42.819 2 GPS_INT 0 0 0 404513468 -37290193 705561 655326 0 0 0 72 12 294396750 101 25 3 1
42.820 2 ATTITUDE 0.02052 3.150617 -0.033035
42.851 2 INS 407 -355 -2890708 -5242 0 -226753584 -122 -19 -8495
42.867 2 ATTITUDE 0.020455 3.150597 -0.033059
42.921 2 GVF_PARAMETRIC 5 1 -2e-06 -6.,7.398438,-3.4375,19.429688,20.609375,41.796875,42.96875,59.96875,0.,0.,0.,0.,0.,0.,0.,0. -0.878522,-1.48478
42.921 2 INS 407 -355 -2896244 -5242 0 -226970592 -161 -13 -8413
42.922 2 GPS 3 43818251 447810932 3220 655326 1 3 2395 294396750 30 0
42.922 2 ATTITUDE 0.02045 3.150622 -0.03304
42.953 2 INS 407 -355 -2901789 -5242 0 -227187504 -113 -13 -8447
43.011 2 ROTORCRAFT_FP -355 407 2902902 0 -5242 227231200 83 -135 12905 0 0 0 0 -138 0
43.012 2 GPS_INT 0 0 0 404513468 -37290193 705561 655326 0 0 0 72 12 294396750 101 25 3 1
43.012 2 ATTITUDE 0.020372 3.15062 -0.033116
43.012 2 WP_MOVED_ENU 1 0 0 2560
43.013 2 WP_MOVED_ENU 1 0 0 2560
43.013 2 INS 407 -355 -2907342 -5242 0 -227404480 -143 -14 -8470
43.013 2 STATIC_CONTROL 0 0. 0 0. 0. 0. 0. 0. 0. 0. 0. 0. 0.
43.013 2 ATTITUDE 0.020347 3.150645 -0.033106
43.043 2 INS 407 -355 -2912890 0 -10485 -227621232 -118 20 -8467
43.059 2 ATTITUDE 0.02039 3.150612 -0.033179
43.091 2 INS 407 -355 -2918450 0 -10485 -227838608 -118 -29 -8500
43.118 2 GPS_INT 0 0 0 404513468 -37290193 705564 655328 0 0 0 71 14 294397000 101 25 3 1
43.119 2 ATTITUDE 0.020379 3.15056 -0.0332
43.150 2 INS 407 -355 -2924014 0 -10485 -228055792 -123 10 -8487
43.150 2 GPS 3 43818251 447810932 3220 655328 1 2 2395 294397000 30 0
43.166 2 ATTITUDE 0.020379 3.150499 -0.033223
43.225 2 INS 407 -355 -2929584 0 -10485 -228272592 -133 -49 -8499
43.225 2 ROVER_CTRL 0. 0. 0. 0. 1400. 600. 1000. 0. 0. 0. 0. -0.
43.226 2 ROTORCRAFT_FP -355 407 2930698 -10485 0 228316064 83 -135 12904 0 0 0 0 -138 0
43.226 2 ATTITUDE 0.020364 3.150511 -0.033213
43.254 2 INS 407 -355 -2935159 0 -10485 -228489344 -113 -13 -8458
43.254 2 SERIAL_COM 57 15 -110 -8501 0 0 0 14 213 80 76 0 0 0 0 0
43.280 2 GPS_INT 0 0 0 404513468 -37290193 705561 655325 0 0 0 71 12 294397250 101 26 3 1
43.280 2 ATTITUDE 0.020332 3.150511 -0.033204
43.317 2 GVF_PARAMETRIC 5 1 -3e-06 6.,16.4375,39.609375,43.179688,18.046875,27.347656,59.648438,52.,0.,0.,0.,0.,0.,0.,0.,0. -0.878522,-1.48478
43.318 2 INS 407 -355 -2940740 10485 -31457 -228706336 -109 -14 -8476
43.318 2 DL_VALUE 33 0.
43.318 2 ATTITUDE 0.020351 3.150533 -0.033192
43.349 2 INS 407 -355 -2946326 10485 -31457 -228923488 -114 -35 -8514
43.364 2 ATTITUDE 0.020369 3.15057 -0.033193
43.424 2 INS 407 -355 -2951917 10485 -31457 -229140464 -121 1 -8448
43.424 2 GPS 3 43818251 447810932 3220 655325 6 4 2395 294397250 30 0
43.425 2 GPS_INT 0 0 0 404513468 -37290193 705561 655325 0 0 0 71 12 294397250 101 26 3 1
43.425 2 ATTITUDE 0.0204 3.150584 -0.033195
43.440 2 INS 407 -355 -2957513 10485 -31457 -229357712 -114 -44 -8490
43.497 2 ROTORCRAFT_FP -355 407 2958634 -31457 10485 229401328 83 -135 12904 0 0 0 0 -138 0
43.498 2 ATTITUDE 0.020419 3.150534 -0.033172
43.498 2 ROTORCRAFT_NAV_STATUS 8 8 0. 0. 5 0 2
43.498 2 IMU_MAG_RAW 255 0 0 0
43.498 2 INS 407 -355 -2963115 10485 -31457 -229575184 -118 -5 -8486
43.513 2 ATTITUDE 0.020382 3.150529 -0.033175
43.545 2 INS 407 -355 -2968722 -15728 -5242 -229792352 -99 -10 -8472
43.572 2 GPS_INT 0 0 0 404513468 -37290193 705550 655314 0 0 0 71 9 294397500 101 25 3 1
43.572 2 ATTITUDE 0.02041 3.150576 -0.033144
43.587 2 INS 407 -355 -2974334 -15728 -5242 -230009104 -133 15 -8486
43.619 2 ATTITUDE 0.020416 3.1506 -0.033135
43.635 2 INS 407 -355 -2979951 -15728 -5242 -230226032 -98 -23 -8458
43.651 2 GPS 3 43818251 447810932 3220 655314 2 1 2395 294397500 30 0
43.667 2 ATTITUDE 0.020443 3.150651 -0.033151
43.774 2 GVF_PARAMETRIC 5 1 -5e-06 0.,0.2,0.2,0.5,0.5,0.05,59.648438,52.,0.,0.,0.,0.,0.,0.,0.,0. -0.878522,-1.48478
43.775 2 INS 407 -355 -2985575 -15728 -5242 -230442976 -109 -14 -8476
43.775 2 ROVER_CTRL 0. 0. 0. 0. 1400. 600. 1000. 0. 0. 0. 0. -0.
43.782 2 ROTORCRAFT_FP -355 407 2986701 -5242 -15728 230486304 83 -135 12905 0 0 0 0 -138 0
43.782 2 GPS_INT 0 0 0 404513468 -37290193 705550 655314 0 0 0 71 9 294397500 101 25 3 1
43.782 2 ATTITUDE 0.020482 3.150665 -0.033108
43.783 2 INS 407 -355 -2991203 -15728 -5242 -230660144 -122 -19 -8490
43.783 2 SERIAL_COM 57 15 -133 -8486 0 0 0 14 213 80 76 0 0 0 0 0
43.783 2 ATTITUDE 0.020477 3.15074 -0.033134
43.804 2 INS 407 -355 -2996838 -15728 -5242 -230876976 -132 -52 -8451
43.804 2 GPS_SOL 71 14 101 24
43.818 2 LINK_REPORT 2 -1 44 0 129496 3029 0 3114. 69. 14 25.57
43.820 2 ATTITUDE 0.020527 3.150722 -0.033155
43.836 2 INS 407 -355 -3002475 -15728 -5242 -231093888 -141 11 -8457
43.865 2 GPS_INT 0 0 0 404513468 -37290193 705536 655300 0 0 0 71 14 294397750 101 24 3 1
43.865 2 ATTITUDE 0.020526 3.150658 -0.033166
43.897 2 INS 407 -355 -3008120 -15728 -5242 -231310992 -141 -28 -8451
43.897 2 GPS 3 43818251 447810932 3220 655300 2 -3 2395 294397750 30 0
43.913 2 ATTITUDE 0.020525 3.15067 -0.033252
43.945 2 INS 407 -355 -3013768 -15728 -5242 -231527968 -121 -23 -8462
43.971 2 ROTORCRAFT_FP -355 407 3014900 -5242 -15728 231571264 84 -136 12905 0 0 0 0 -138 0
43.971 2 ATTITUDE 0.020556 3.15062 -0.033292
43.987 2 INS 407 -355 -3019423 -15728 -5242 -231744784 -109 0 -8496
44.026 2 STATIC_CONTROL 0 0. 0 0. 0. 0. 0. 0. 0. 0. 0. 0. 0.
44.027 2 GPS_INT 0 0 0 404513468 -37290193 705536 655300 0 0 0 71 14 294397750 101 24 3 1
44.027 2 ATTITUDE 0.020561 3.150687 -0.033338
44.052 2 INS 407 -355 -3025083 0 5242 -231961824 -126 1 -8463
44.052 2 ROVER_STATUS 0 56 3 0 1 57 8.097959
44.068 2 ATTITUDE 0.020547 3.15066 -0.033372
44.110 2 GVF_PARAMETRIC 5 1 -2e-06 -6.,7.398438,-3.4375,19.429688,20.609375,41.796875,42.96875,59.96875,0.,0.,0.,0.,0.,0.,0.,0. -0.878522,-1.48478
44.111 2 INS 407 -355 -3030749 0 10485 -232179328 -136 -18 -8481
44.111 2 ATTITUDE 0.020576 3.15066 -0.033384
44.152 2 INS 407 -355 -3036419 0 10485 -232396080 -130 -33 -8452
44.153 2 GPS 3 43818251 447810932 3220 655291 3 -3 2395 294398000 30 0
44.168 2 GPS_INT 0 0 0 404513468 -37290193 705527 655291 0 0 0 71 12 294398000 100 24 3 1
44.169 2 ATTITUDE 0.020582 3.150629 -0.033341
44.184 2 INS 407 -355 -3042096 0 10485 -232613168 -123 10 -8515
44.226 2 ROVER_CTRL 0. 0. 0. 0. 1400. 600. 1000. 0. 0. 0. 0. -0.
44.227 2 ROTORCRAFT_FP -355 407 3043230 10485 0 232656608 84 -136 12905 0 0 0 0 -138 0
44.227 2 ATTITUDE 0.020586 3.150728 -0.033417
44.253 2 INS 407 -355 -3047777 0 10485 -232830096 -121 11 -8467
44.253 2 SERIAL_COM 58 -23 -103 -8491 0 0 0 14 214 80 76 0 0 0 0 0
44.268 2 ATTITUDE 0.020561 3.150828 -0.033389
44.269 2 WP_MOVED_ENU 2 -276 -3691 2560
44.269 2 WP_MOVED_ENU 2 -276 -3691 2560
44.314 2 IMU_MAG_RAW 255 0 0 0
44.315 2 INS 407 -353 -3053463 0 26214 -233046688 -111 -13 -8439
44.315 2 GPS_INT 0 0 0 404513468 -37290192 705508 655272 0 0 0 71 8 294398250 100 25 3 1
44.316 2 ATTITUDE 0.020655 3.15078 -0.033379
44.346 2 INS 407 -353 -3059155 0 26214 -233263632 -97 -18 -8477
44.362 2 ATTITUDE 0.020619 3.150782 -0.033379
44.405 2 INS 407 -353 -3064853 0 26214 -233480880 -142 -24 -8490
44.405 2 GPS 3 43818252 447810932 3220 655272 6 0 2395 294398250 30 0
44.406 2 ATTITUDE 0.020638 3.150787 -0.033401
44.436 2 INS 407 -353 -3070554 0 26214 -233697792 -126 -18 -8471
44.511 2 ROTORCRAFT_FP -353 407 3071696 26214 0 233741168 84 -136 12905 0 0 0 0 -138 0
44.512 2 GPS_INT 0 0 0 404513468 -37290192 705508 655272 0 0 0 71 8 294398250 100 25 3 1
44.513 2 ALIVE 122,195,7,233,5,247,195,75,60,187,26,129,128,90,246,93
44.513 2 ATTITUDE 0.020677 3.150777 -0.0334
44.514 2 GVF_PARAMETRIC 5 1 -8e-06 6.,16.4375,39.609375,43.179688,18.046875,27.347656,59.648438,52.,0.,0.,0.,0.,0.,0.,0.,0. -0.877741,-1.48478
44.515 2 INS 407 -353 -3076262 0 26214 -233914656 -126 -14 -8476
44.515 2 ATTITUDE 0.020694 3.150873 -0.033466
44.543 2 INS 404 -348 -3081974 -10485 20971 -234131456 -112 -33 -8477
44.559 2 ATTITUDE 0.020679 3.150875 -0.033517
44.591 2 INS 404 -348 -3087692 -10485 20971 -234348592 -126 -43 -8481
44.617 2 GPS_INT 0 0 0 404513467 -37290190 705483 655247 0 0 0 71 14 294398500 100 25 3 1
44.617 2 ATTITUDE 0.020667 3.150792 -0.033518
44.659 2 INS 404 -348 -3093417 -10485 20971 -234565472 -103 -15 -8501
44.659 2 ENERGY 255 8.097959 0.2 1.619592 1.009174 0.003034 0.024556
44.660 2 GPS 3 43818253 447810931 3220 655247 5 -6 2395 294398500 30 0
44.660 2 ATTITUDE 0.020652 3.150803 -0.03355
44.728 2 INS 404 -348 -3099145 -10485 20971 -234782688 -147 0 -8495
44.729 2 ROVER_CTRL 0. 0. 0. 0. 1400. 600. 1000. 0. 0. 0. 0. -0.
44.729 2 ROTORCRAFT_FP -348 404 3100292 20971 -10485 234826160 84 -137 12905 0 0 0 0 -138 0
44.730 2 ATTITUDE 0.020628 3.150796 -0.033537
44.744 2 INS 404 -348 -3104880 -10485 20971 -235000000 -122 6 -8467
44.744 2 SERIAL_COM 58 20 -127 -8506 0 0 0 14 214 80 76 0 0 0 0 0
44.771 2 GPS_INT 0 0 0 404513466 -37290190 705488 655252 0 0 0 71 9 294398750 100 25 3 1
44.771 2 ATTITUDE 0.020579 3.150874 -0.033539
44.787 2 INS 399 -348 -3110619 -20971 5242 -235217264 -107 0 -8491
44.802 2 ATTITUDE 0.020577 3.150857 -0.033548
44.819 2 LINK_REPORT 2 -1 45 0 132564 3098 0 3068. 69. 14 25.57
44.835 2 INS 399 -348 -3116364 -20971 5242 -235434240 -122 -34 -8500
44.851 2 ATTITUDE 0.020605 3.150816 -0.033614
44.940 2 GVF_PARAMETRIC 5 1 -7e-06 0.,0.2,0.2,0.5,0.5,0.05,59.648438,52.,0.,0.,0.,0.,0.,0.,0.,0. -0.875788,-1.487905
44.940 2 INS 399 -348 -3122114 -20971 5242 -235651424 -112 -38 -8486
44.941 2 GPS 3 43818253 447810930 3220 655252 4 3 2395 294398750 30 0
44.941 2 GPS_INT 0 0 0 404513466 -37290190 705488 655252 0 0 0 71 9 294398750 100 25 3 1
44.941 2 DL_VALUE 34 0.
44.941 2 ATTITUDE 0.02057 3.150796 -0.033605
44.942 2 INS 399 -348 -3127869 -20971 5242 -235868720 -130 -18 -8466
44.965 2 ROTORCRAFT_FP -348 399 3129020 5242 -20971 235911920 84 -137 12905 0 0 0 0 -138 0
44.966 2 ATTITUDE 0.020582 3.150736 -0.033562
44.981 2 INS 399 -348 -3133631 -20971 5242 -236085520 -155 6 -8447
45.011 2 STATIC_CONTROL 0 0. 0 0. 0. 0. 0. 0. 0. 0. 0. 0. 0.
45.012 2 ATTITUDE 0.020641 3.150791 -0.0336
45.043 2 INS 401 -348 -3139396 -15728 15728 -236302480 -145 6 -8452
45.070 2 GPS_INT 0 0 0 404513466 -37290189 705478 655242 0 0 0 71 14 294399000 100 24 3 1
45.070 2 ATTITUDE 0.020572 3.150804 -0.033583
45.070 2 ROTORCRAFT_NAV_STATUS 9 9 0. 0. 5 0 2
45.070 2 IMU_MAG_RAW 255 0 0 0
45.085 2 INS 401 -348 -3145174 -10485 15728 -236519840 -153 4 -8505
45.101 2 ATTITUDE 0.020568 3.150784 -0.033605
45.146 2 INS 401 -348 -3150943 -10485 15728 -236736560 -131 -38 -8476
45.147 2 GPS 3 43818254 447810930 3220 655242 5 -5 2395 294399000 30 0
45.162 2 ATTITUDE 0.020579 3.150681 -0.033603
45.254 2 INS 401 -348 -3156725 -10485 15728 -236953424 -121 -48 -8457
45.255 2 ROVER_CTRL 0. 0. 0. 0. 1400. 600. 1000. 0. 0. 0. 0. -0.
45.255 2 ROTORCRAFT_FP -348 401 3157882 15728 -10485 236996992 84 -137 12905 0 0 0 0 -138 0
45.255 2 GPS_INT 0 0 0 404513466 -37290189 705478 655242 0 0 0 71 14 294399000 100 24 3 1
45.256 2 ATTITUDE 0.020607 3.150713 -0.033562
45.256 2 INS 401 -348 -3162513 -10485 15728 -237170992 -130 -28 -8466
45.256 2 SERIAL_COM 59 -10 -136 -8486 0 0 0 14 215 80 76 0 0 0 0 0
45.256 2 ATTITUDE 0.020635 3.150663 -0.033552
45.307 2 GVF_PARAMETRIC 5 1 -6e-06 -6.,7.398438,-3.4375,19.429688,20.609375,41.796875,42.96875,59.96875,0.,0.,0.,0.,0.,0.,0.,0. -0.875788,-1.487123
45.308 2 INS 401 -345 -3168304 36700 -15728 -237388512 -131 21 -8482
45.308 2 ATTITUDE 0.020624 3.150653 -0.033551
45.323 2 PONG 
45.365 2 INS 401 -345 -3174102 36700 -15728 -237605392 -101 -38 -8463
45.365 2 GPS_INT 0 0 0 404513466 -37290188 705462 655226 0 0 0 71 14 294399250 98 25 3 1
45.366 2 ATTITUDE 0.020643 3.150665 -0.033564
45.396 2 INS 401 -345 -3179905 36700 -15728 -237822528 -125 -28 -8466
45.396 2 GPS 3 43818255 447810930 3220 655226 7 6 2395 294399250 30 0
45.412 2 ATTITUDE 0.020652 3.150689 -0.033576
45.428 2 INS 401 -345 -3185714 36700 -15728 -238039312 -126 -4 -8472
45.460 2 ROTORCRAFT_FP -345 401 3186877 -15728 36700 238082624 84 -137 12905 0 0 0 0 -138 0
45.461 2 ATTITUDE 0.020681 3.1507 -0.033628
45.492 2 INS 401 -345 -3191527 36700 -15728 -238256208 -112 -23 -8482
45.508 2 GPS_INT 0 0 0 404513466 -37290189 705457 655221 0 0 0 70 15 294399500 98 25 3 1
45.508 2 ATTITUDE 0.020741 3.150734 -0.033651
45.540 2 INS 401 -345 -3197346 5242 -10485 -238473248 -123 -39 -8510
45.540 2 ROVER_STATUS 0 56 3 0 1 59 8.097959
45.541 2 STATE_FILTER_STATUS 6 3 0
45.556 2 ATTITUDE 0.020724 3.15079 -0.033662
45.572 2 WP_MOVED_ENU 3 1894 4208 1994
45.572 2 WP_MOVED_ENU 3 1894 4208 1994
45.588 2 INS 401 -345 -3203171 5242 -10485 -238690272 -111 -9 -8463
45.603 2 ATTITUDE 0.02072 3.150834 -0.033685
45.646 2 INS 401 -345 -3209002 5242 -10485 -238907264 -142 0 -8505
45.646 2 GPS 3 43818254 447810930 3220 655221 2 5 2395 294399500 30 0
45.662 2 GPS_INT 0 0 0 404513466 -37290189 705457 655221 0 0 0 70 15 294399500 98 25 3 1
45.662 2 ATTITUDE 0.020695 3.150859 -0.033646
45.747 2 GVF_PARAMETRIC 5 1 -4e-06 6.,16.4375,39.609375,43.179688,18.046875,27.347656,59.648438,52.,0.,0.,0.,0.,0.,0.,0.,0. -0.874616,-1.487123
45.748 2 INS 401 -345 -3214835 5242 -10485 -239124288 -117 -53 -8486
45.748 2 ROVER_CTRL 0. 0. 0. 0. 1400. 600. 1000. 0. 0. 0. 0. -0.
45.749 2 ROTORCRAFT_FP -345 401 3216002 -10485 5242 239167520 84 -137 12905 0 0 0 0 -138 0
45.749 2 ATTITUDE 0.020725 3.15086 -0.0337
45.749 2 INS 401 -345 -3220675 5242 -10485 -239341168 -131 30 -8478
45.749 2 SERIAL_COM 59 -15 -141 -8471 0 0 0 14 215 80 76 0 0 0 0 0
45.762 2 ATTITUDE 0.020731 3.150894 -0.033691
45.794 2 INS 401 -345 -3226522 -10485 10485 -239557952 -140 10 -8439
45.794 2 GPS_SOL 70 14 98 24
45.810 2 GPS_INT 0 0 0 404513466 -37290189 705438 655203 0 0 0 70 14 294399750 98 24 3 1
45.810 2 ATTITUDE 0.020665 3.150888 -0.033649
45.819 2 LINK_REPORT 2 -1 46 0 135732 3170 0 3168. 72. 15 26.81
45.842 2 INS 401 -345 -3232371 -10485 10485 -239775024 -122 -15 -8482
45.857 2 ATTITUDE 0.020683 3.150857 -0.033712
45.857 2 IMU_MAG_RAW 255 0 0 0
45.889 2 INS 401 -345 -3238226 -10485 10485 -239992112 -136 -14 -8476
45.890 2 GPS 3 43818254 447810930 3220 655203 3 -6 2395 294399750 30 0
45.905 2 ATTITUDE 0.020688 3.150851 -0.033658
45.937 2 INS 401 -345 -3244088 -10485 10485 -240208864 -112 1 -8483
45.975 2 ROTORCRAFT_FP -345 401 3245261 10485 -10485 240252352 84 -138 12906 0 0 0 0 -138 0
45.975 2 GPS_INT 0 0 0 404513466 -37290189 705438 655203 0 0 0 70 14 294399750 98 24 3 1
45.976 2 ATTITUDE 0.020651 3.150872 -0.03371
46.004 2 INS 401 -345 -3249955 -10485 10485 -240425888 -130 -19 -8453
46.005 2 STATIC_CONTROL 0 0. 0 0. 0. 0. 0. 0. 0. 0. 0. 0. 0.
46.005 2 ATTITUDE 0.020639 3.150937 -0.033743
46.036 2 INS 399 -343 -3255827 -26214 -5242 -240643184 -127 -55 -8500
46.052 2 ATTITUDE 0.020653 3.151013 -0.033754
46.116 2 GVF_PARAMETRIC 5 1 -8e-06 0.,0.2,0.2,0.5,0.5,0.05,59.648438,52.,0.,0.,0.,0.,0.,0.,0.,0. -0.873835,-1.487905
46.117 2 INS 399 -343 -3261704 -31457 -5242 -240860480 -131 -5 -8487
46.117 2 GPS_INT 0 0 0 404513465 -37290188 705403 655167 0 0 0 70 14 294400000 99 24 3 1
46.118 2 ATTITUDE 0.020681 3.151063 -0.033797
46.142 2 INS 399 -343 -3267588 -31457 -5242 -241078416 -123 -16 -8525
46.142 2 GPS 3 43818255 447810929 3220 655167 5 -9 2395 294400000 30 0
46.158 2 ATTITUDE 0.020658 3.151085 -0.033819
46.174 2 INS_REF 485058794 -31613915 411670613 404513324 -37290030 704601 654365 0.
46.226 2 INS 399 -343 -3273474 -31457 -5242 -241295248 -156 -20 -8500
46.227 2 ROVER_CTRL 0. 0. 0. 0. 1400. 600. 1000. 0. 0. 0. 0. -0.
46.227 2 ROTORCRAFT_FP -343 399 3274661 -5242 -31457 241338976 84 -138 12906 0 0 0 0 -138 0
46.228 2 ATTITUDE 0.020635 3.151058 -0.033816
46.265 2 INS 399 -343 -3279367 -31457 -5242 -241511776 -144 -10 -8433
46.265 2 SERIAL_COM 60 -30 -141 -8490 0 0 0 14 216 80 76 0 0 0 0 0
46.266 2 GPS_INT 0 0 0 404513463 -37290188 705367 655131 0 0 0 70 13 294400250 99 23 3 1
46.266 2 ATTITUDE 0.020622 3.15107 -0.033807
46.284 2 INS 391 -343 -3285266 -26214 -15728 -241728944 -128 -20 -8515
46.297 2 ATTITUDE 0.02062 3.151062 -0.033838
46.329 2 INS 391 -343 -3291170 -26214 -15728 -241945856 -107 -15 -8487
46.361 2 ATTITUDE 0.020631 3.151032 -0.033847
46.392 2 INS 391 -343 -3297080 -26214 -15728 -242162592 -130 -10 -8458
46.392 2 GPS 3 43818255 447810926 3220 655131 5 -6 2395 294400250 30 0
46.418 2 GPS_INT 0 0 0 404513463 -37290188 705367 655131 0 0 0 70 13 294400250 99 23 3 1
46.418 2 ATTITUDE 0.020642 3.151005 -0.033761
46.433 2 INS 391 -343 -3302993 -26214 -15728 -242379408 -140 -39 -8476
46.460 2 ROTORCRAFT_FP -343 391 3304183 -15728 -26214 242422848 84 -138 12906 0 0 0 0 -138 0
46.460 2 ATTITUDE 0.02066 3.150963 -0.033783
46.514 2 GVF_PARAMETRIC 5 1 -9e-06 -6.,7.398438,-3.4375,19.429688,20.609375,41.796875,42.96875,59.96875,0.,0.,0.,0.,0.,0.,0.,0. -0.873835,-1.49103
46.514 2 INS 391 -343 -3308913 -26214 -15728 -242596528 -118 -6 -8515
46.514 2 DL_VALUE 35 0.
46.515 2 ATTITUDE 0.020646 3.150944 -0.033729
46.529 2 INS 391 -345 -3314838 -10485 -15728 -242813744 -136 -45 -8500
46.556 2 GPS_INT 0 0 0 404513462 -37290188 705343 655107 0 0 0 70 8 294400500 99 24 3 1
46.556 2 ATTITUDE 0.020686 3.150915 -0.033718
46.587 2 INS 391 -345 -3320768 -10485 -15728 -243030512 -107 0 -8492
46.603 2 ATTITUDE 0.020746 3.150939 -0.033741
46.645 2 INS 391 -345 -3326704 -10485 -15728 -243247760 -135 -20 -8477
46.646 2 GPS 3 43818255 447810925 3220 655107 3 1 2395 294400500 30 0
46.646 2 ATTITUDE 0.020837 3.150931 -0.033762
46.661 2 ROTORCRAFT_NAV_STATUS 11 11 0. 0. 5 0 2
46.662 2 IMU_MAG_RAW 255 0 0 0
46.677 2 INS 391 -345 -3332651 -10485 -15728 -243465168 -135 -34 -8481
46.749 2 ROVER_CTRL 0. 0. 0. 0. 1400. 600. 1000. 0. 0. 0. 0. -0.
46.750 2 ROTORCRAFT_FP -345 391 3333834 -15728 -10485 243508352 85 -138 12906 0 0 0 0 -138 0
46.751 2 GPS_INT 0 0 0 404513462 -37290188 705343 655107 0 0 0 70 8 294400500 99 24 3 1
46.751 2 ATTITUDE 0.020931 3.150899 -0.033806
46.751 2 INS 391 -345 -3338592 -10485 -15728 -243682176 -113 -5 -8521
46.752 2 SERIAL_COM 60 -15 -136 -8487 0 0 0 14 216 80 76 0 0 0 0 0
46.752 2 ATTITUDE 0.020938 3.150913 -0.03385
46.785 2 INS 389 -348 -3344542 31457 -26214 -243899376 -106 -19 -8459
46.797 2 ATTITUDE 0.020913 3.150906 -0.033847
46.819 2 LINK_REPORT 2 -1 47 0 138678 3236 0 2946. 66. 15 26.81
46.830 2 INS 389 -348 -3350500 31457 -26214 -244116896 -112 -20 -8496
46.870 2 GPS_INT 0 0 0 404513462 -37290189 705331 655095 0 0 0 70 13 294400750 99 22 3 1
46.871 2 ATTITUDE 0.020837 3.150857 -0.033815
46.871 2 WP_MOVED_ENU 4 -880 10140 1991
46.871 2 WP_MOVED_ENU 4 -880 10140 1991
46.921 2 GVF_PARAMETRIC 5 1 -1.3e-05 6.,16.4375,39.609375,43.179688,18.046875,27.347656,59.648438,52.,0.,0.,0.,0.,0.,0.,0.,0. -0.875788,-1.491811
46.921 2 INS 389 -348 -3356473 31457 -26214 -244334384 -155 -28 -8471
46.921 2 GPS 3 43818254 447810925 3220 655095 7 9 2395 294400750 30 0
46.922 2 ATTITUDE 0.020864 3.150838 -0.033824
46.936 2 INS 389 -348 -3362427 31457 -26214 -244550640 -141 11 -8496
46.952 2 ROTORCRAFT_FP -348 389 3363621 -26214 31457 244593952 85 -138 12905 0 0 0 0 -138 0
46.953 2 ATTITUDE 0.0209 3.15084 -0.033846
47.011 2 INS 389 -348 -3368399 31457 -26214 -244767360 -159 -19 -8452
47.011 2 STATIC_CONTROL 0 0. 0 0. 0. 0. 0. 0. 0. 0. 0. 0. 0.
47.012 2 GPS_INT 0 0 0 404513462 -37290189 705331 655095 0 0 0 70 13 294400750 99 22 3 1
47.012 2 ATTITUDE 0.020887 3.150865 -0.033827
47.027 2 INS 394 -348 -3374391 5242 -10485 -244984912 -105 -32 -8453
47.043 2 ROVER_STATUS 0 58 3 0 1 60 8.10679
47.043 2 ATTITUDE 0.020864 3.150854 -0.033849
47.075 2 INS 394 -348 -3380361 5242 -10485 -245201392 -134 -32 -8447
47.107 2 ATTITUDE 0.020839 3.150858 -0.033796
47.123 2 INS 394 -348 -3386352 5242 -10485 -245418640 -141 -19 -8495
47.139 2 GPS 3 43818254 447810926 3220 655101 3 5 2395 294401000 30 0
47.165 2 GPS_INT 0 0 0 404513463 -37290189 705337 655101 0 0 0 70 14 294401000 99 23 3 1
47.165 2 ALIVE 122,195,7,233,5,247,195,75,60,187,26,129,128,90,246,93
47.166 2 ATTITUDE 0.020866 3.15086 -0.033808
47.245 2 INS 394 -348 -3392343 5242 -10485 -245635808 -135 -23 -8476
47.245 2 ROVER_CTRL 0. 0. 0. 0. 1400. 600. 1000. 0. 0. 0. 0. -0.
47.245 2 ROTORCRAFT_FP -348 394 3393549 -10485 5242 245679568 85 -138 12905 0 0 0 0 -138 0
47.246 2 DATALINK_REPORT 2 17 3966 3076 0 0
47.246 2 ATTITUDE 0.020851 3.150884 -0.033831
47.246 2 INS 394 -348 -3398342 5242 -10485 -245852560 -140 20 -8444
47.246 2 SERIAL_COM 61 -23 -135 -8476 0 0 0 14 217 80 76 0 0 0 0 0
47.247 2 ATTITUDE 0.020856 3.150939 -0.033873
47.310 2 GVF_PARAMETRIC 5 1 -4e-06 0.,0.2,0.2,0.5,0.5,0.05,59.648438,52.,0.,0.,0.,0.,0.,0.,0.,0. -0.875788,-1.489858
47.311 2 INS 394 -348 -3404347 -5242 10485 -246069584 -121 -43 -8467
47.311 2 GPS_INT 0 0 0 404513463 -37290189 705346 655110 0 0 0 70 13 294401250 99 22 3 1
47.311 2 ATTITUDE 0.02083 3.150909 -0.033897
47.326 2 INS 394 -348 -3410356 -5242 10485 -246286704 -145 -68 -8475
47.341 2 ATTITUDE 0.020879 3.150975 -0.033899
47.388 2 INS 394 -348 -3416373 -5242 10485 -246503808 -102 -20 -8483
47.389 2 GPS 3 43818254 447810926 3220 655110 3 7 2395 294401250 30 0
47.404 2 ATTITUDE 0.020804 3.150977 -0.033931
47.436 2 INS 394 -348 -3422393 -5242 10485 -246720800 -131 -10 -8467
47.473 2 ROTORCRAFT_FP -348 394 3423596 10485 -5242 246764304 84 -139 12906 0 0 0 0 -138 0
47.474 2 GPS_INT 0 0 0 404513463 -37290189 705346 655110 0 0 0 70 13 294401250 99 22 3 1
47.474 2 ATTITUDE 0.020735 3.150991 -0.033965
47.474 2 IMU_MAG_RAW 255 0 0 0
47.475 2 INS 394 -348 -3428421 -5242 10485 -246938368 -117 -10 -8496
47.505 2 ATTITUDE 0.020722 3.150939 -0.033998
47.521 2 INS 389 -345 -3434447 -20971 -10485 -247155600 -151 -20 -8495
47.553 2 ATTITUDE 0.020745 3.151047 -0.033969
47.585 2 INS 389 -345 -3440483 -20971 -10485 -247372448 -155 10 -8467
47.601 2 GPS_INT 0 0 0 404513462 -37290188 705340 655104 0 0 0 70 13 294401500 99 23 3 1
47.602 2 ATTITUDE 0.020743 3.15104 -0.033956
47.633 2 INS 389 -345 -3446525 -20971 -10485 -247589248 -148 -28 -8428
47.633 2 GPS 3 43818255 447810925 3220 655104 3 8 2395 294401500 30 0
47.649 2 ATTITUDE 0.02073 3.151052 -0.033981
47.735 2 GVF_PARAMETRIC 5 1 -7e-06 -6.,7.398438,-3.4375,19.429688,20.609375,41.796875,42.96875,59.96875,0.,0.,0.,0.,0.,0.,0.,0. -0.874616,-1.491811
47.735 2 INS 389 -345 -3452571 -20971 -10485 -247806656 -107 -40 -8511
47.736 2 ROVER_CTRL 0. 0. 0. 0. 1400. 600. 1000. 0. 0. 0. 0. -0.
47.736 2 ROTORCRAFT_FP -345 389 3453787 -10485 -20971 247850192 84 -139 12906 0 0 0 0 -138 0
47.737 2 ATTITUDE 0.020758 3.151108 -0.033982
47.737 2 INS 389 -345 -3458624 -20971 -10485 -248024160 -141 -20 -8511
47.737 2 SERIAL_COM 61 -16 -155 -8481 0 0 0 14 217 80 76 0 0 0 0 0
47.760 2 GPS_INT 0 0 0 404513462 -37290188 705340 655104 0 0 0 70 13 294401500 99 23 3 1
47.761 2 ATTITUDE 0.020839 3.151171 -0.034006
47.787 2 INS 391 -348 -3464682 31457 -36700 -248241696 -161 -35 -8519
47.787 2 GPS_SOL 70 11 102 23
47.803 2 ATTITUDE 0.020885 3.151173 -0.034028
47.819 2 INS 391 -348 -3470744 31457 -36700 -248466384 -1750 1760 -10469
47.820 2 LINK_REPORT 2 -1 48 0 141873 3307 0 3195. 71. 15 26.81
47.851 2 ATTITUDE 0.009737 3.151412 -0.055062
47.883 2 INS 391 -348 -3476813 31457 -36700 -248780672 8170 -7820 -11297
47.883 2 GPS 3 43818254 447810925 3220 655107 9 4 2395 294401750 30 0
47.934 2 GPS_INT 0 0 0 404513462 -37290189 705343 655107 0 0 0 70 11 294401750 102 23 3 1
47.934 2 AUTOPILOT_VERSION 60200 v6.2_unstable-650-g74eaf7c20-dirty
47.934 2 ATTITUDE -0.021158 3.150512 -0.117451
47.935 2 INS 391 -348 -3482891 31457 -36700 -249039584 12754 -12270 1634
47.950 2 ROTORCRAFT_FP -348 391 3484106 -36700 31457 249049648 -117 -592 12905 0 0 0 0 6613 0
47.950 2 ATTITUDE -0.035836 3.149739 -0.162526
47.995 2 INS 391 -348 -3488971 31457 -36700 -249295728 14667 -4847 -9512
47.996 2 STATIC_CONTROL 0 0. 0 0. 0. 0. 0. 0. 0. 0. 0. 0. 0.
47.996 2 ATTITUDE -0.060263 3.153667 -0.198818
48.028 2 INS 391 -348 -3495060 31457 -36700 -249402592 10242 -7015 -2744
48.054 2 GPS_INT 0 0 0 404513466 -37290193 705386 655150 0 0 0 69 13 294402000 102 23 3 1
48.054 2 ATTITUDE -0.062304 3.155729 -0.221246
48.108 2 GVF_PARAMETRIC 5 1 -6.2e-05 6.,16.4375,39.609375,43.179688,18.046875,27.347656,59.648438,52.,0.,0.,0.,0.,0.,0.,0.,0. -0.879694,-1.487123
48.108 2 INS 401 -358 -3501153 157286 -125829 -249714368 14003 -4275 -11055
48.108 2 DL_VALUE 36 0.
48.108 2 ATTITUDE -0.029423 3.175837 -0.234537
48.135 2 INS 401 -358 -3507249 157286 -125829 -249815504 5266 539 -3486
48.136 2 GPS 3 43818251 447810930 3230 655150 39 36 2395 294402000 30 0
48.151 2 ATTITUDE -1.1e-05 3.198209 -0.242564
48.151 2 WP_MOVED_ENU 5 4974 11054 1994
48.182 2 WP_MOVED_ENU 5 4974 11054 1994
48.182 2 INS 401 -358 -3513358 157286 -125829 -250082752 7314 7753 -3828
48.246 2 ROVER_CTRL 2.5 2.454779 6790.220703 15. 1400. 600. 1000. 760.352722 3436.69043 -192.093857 0.045221 -0.
48.247 2 ROTORCRAFT_FP -358 401 3514573 -125829 157286 250137104 36 -955 13179 0 0 0 0 6790 0
48.247 2 GPS_INT 0 0 0 404513466 -37290193 705386 655150 0 0 0 69 13 294402000 102 23 3 1
48.248 2 ATTITUDE 0.000118 3.235526 -0.221229
48.248 2 INS 401 -358 -3519459 157286 -125829 -250208864 21613 -8854 -5195
48.248 2 SERIAL_COM 62 3843 26721 -14655 0 0 0 14 218 80 76 0 0 0 0 0
48.248 2 ATTITUDE -0.009294 3.270817 -0.190591
48.277 2 ROTORCRAFT_NAV_STATUS 13 13 0. 0. 5 0 2
48.277 2 IMU_MAG_RAW 255 0 0 0
48.278 2 INS 442 -430 -3525577 492830 -1080032 -250334320 12339 -4711 1468
48.293 2 ATTITUDE -0.031259 3.321806 -0.140267
48.325 2 INS 442 -430 -3531684 492830 -1080032 -250564288 6047 -1394 -5016
48.352 2 GPS_INT 0 0 0 404513480 -37290227 705465 655229 0 0 0 69 11 294402250 99 23 3 1
48.352 2 ATTITUDE -0.026286 3.377926 -0.060036
48.367 2 INS 442 -430 -3537807 492830 -1080032 -250863504 -5438 10549 -14659
48.383 2 GPS 3 43818222 447810946 2956 655229 225 21 2395 294402250 30 0
48.399 2 ATTITUDE 0.05182 3.470656 -0.050713
48.431 2 INS 442 -430 -3543936 492830 -1080032 -251141648 6751 3727 -247
48.447 2 ROTORCRAFT_FP -430 442 3545159 -1080032 492830 251205952 154 -255 14533 0 0 0 0 5872 0
48.447 2 ATTITUDE 0.041888 3.601383 -0.069565
48.511 2 GVF_PARAMETRIC 5 1 -0.000349 0.,0.2,0.2,0.5,0.5,0.05,59.648438,52.,0.,0.,0.,0.,0.,0.,0.,0. -0.907819,-1.471108
48.512 2 INS 442 -430 -3550068 492830 -1080032 -251303136 10480 12630 -11481
48.512 2 GPS_INT 0 0 0 404513480 -37290227 705465 655229 0 0 0 69 11 294402250 99 23 3 1
48.512 2 ATTITUDE 0.023147 3.731481 -0.073397
48.527 2 INS 527 -558 -3556205 964689 -1095760 -251532432 3800 6831 -9766
48.527 2 ROVER_STATUS 0 57 3 2 1 62 7.091233
48.543 2 ATTITUDE 0.031538 3.834925 -0.057185
48.575 2 INS 527 -558 -3562347 964689 -1095760 -251763024 -14087 -329 -9715
48.591 2 ATTITUDE 0.063684 3.964551 -0.073188
48.634 2 INS 527 -558 -3568496 964689 -1095760 -251926592 219 7646 -451
48.634 2 GPS 3 43818171 447810979 3033 655212 278 8 2395 294402500 30 0
48.660 2 GPS_INT 0 0 0 404513510 -37290287 705448 655212 0 0 0 69 13 294402500 99 22 3 1
48.661 2 ATTITUDE 0.060368 4.096925 -0.094986
48.714 2 INS 527 -558 -3574650 964689 -1095760 -252251888 -6473 16416 -8894
48.714 2 ROVER_CTRL 2.5 1.883836 5450.839355 15. 1400. 600. 1000. 1417.041504 2637.370117 -1392.269165 0.616164 -0.
48.714 2 ROTORCRAFT_FP -558 527 3575887 -1095760 964689 252248784 289 -300 17036 0 0 0 0 5450 0
48.715 2 ATTITUDE 0.06488 4.209577 -0.057207
48.740 2 INS 527 -558 -3580809 964689 -1095760 -252327376 -5830 10353 -1743
48.740 2 SERIAL_COM 62 6122 -317 -2140 0 0 0 14 218 80 76 0 0 0 0 0
48.740 2 STATE_FILTER_STATUS 6 3 0
48.740 2 ATTITUDE 0.037311 4.326282 -0.049163
48.772 2 INS 673 -665 -3586975 1405090 -634387 -252650496 660 3728 -2799
48.798 2 GPS_INT 0 0 0 404513561 -37290336 705458 655222 0 0 0 69 17 294402750 99 23 3 1
48.798 2 ATTITUDE 0.052338 4.434038 -0.061852
48.821 2 LINK_REPORT 2 -1 49 0 144914 3376 0 3041. 69. 15 26.81
48.830 2 INS 673 -665 -3593142 1405090 -634387 -252860848 -11084 -2271 -30517
48.845 2 ATTITUDE 0.065414 4.551569 -0.069466
48.910 2 GVF_PARAMETRIC 5 1 -0.000375 -6.,7.398438,-3.4375,19.429688,20.609375,41.796875,42.96875,59.96875,0.,0.,0.,0.,0.,0.,0.,0. -0.999616,-1.380873
48.910 2 INS 673 -665 -3599318 1405090 -634387 -253022416 3532 7443 -9943
48.910 2 GPS 3 43818130 447811036 3184 655222 294 11 2395 294402750 30 0
48.911 2 ATTITUDE 0.060193 4.660669 -0.067473
48.925 2 INS 673 -665 -3605499 1405090 -634387 -253217552 1229 7659 2733
48.962 2 ROTORCRAFT_FP -665 673 3606736 -634387 1405090 253283120 172 -254 19354 0 0 0 0 5118 0
48.963 2 GPS_INT 0 0 0 404513561 -37290336 705458 655222 0 0 0 69 17 294402750 99 23 3 1
48.963 2 ATTITUDE 0.054404 4.765617 -0.068869
48.992 2 INS 673 -665 -3611684 1405090 -634387 -253522064 -9142 5310 277
48.993 2 STATIC_CONTROL 0 0. 0 0. 0. 0. 0. 0. 0. 0. 0. 0. 0.
48.993 2 ATTITUDE 0.067455 4.857788 -0.076008
49.024 2 INS 673 -665 -3617876 1405090 -634387 -253730192 1447 1902 -13766
49.040 2 ATTITUDE 0.048719 4.972454 -0.072762
49.056 2 IMU_MAG_RAW 255 0 0 0
49.072 2 INS 855 -709 -3624073 1609562 -94371 -253938032 -12149 -8159 -6364
49.099 2 GPS_INT 0 0 0 404513625 -37290356 705463 655227 0 0 0 70 17 294403000 99 24 3 1
49.099 2 ATTITUDE 0.03117 5.071791 -0.087397
49.114 2 INS 855 -709 -3630277 1609562 -94371 -254207872 -10933 7510 -11226
49.140 2 ENERGY 49 7.303175 4.65 33.959763 2.108474 0.005903 0.044552
49.140 2 GPS 3 43818114 447811107 3364 655227 309 13 2395 294403000 30 0
49.141 2 ATTITUDE 0.036946 5.168861 -0.085975
49.210 2 INS 855 -709 -3636483 1609562 -94371 -254312512 -10041 -1686 264
49.210 2 ROVER_CTRL 2.5 1.141921 4720.069336 7.746069 1400. 600. 1000. 1865.863892 1598.689941 -1537.632935 1.358079 -0.
49.211 2 ROTORCRAFT_FP -709 855 3637724 -94371 1609562 254394960 90 -356 21398 0 0 0 0 4720 0
49.211 2 ATTITUDE 0.040306 5.255212 -0.088061
49.253 2 INS 855 -709 -3642696 1609562 -94371 -254564432 -3870 -3791 -3993
49.253 2 SERIAL_COM 63 8417 -205 -5082 0 0 0 14 219 80 76 0 0 0 0 0
49.254 2 GPS_INT 0 0 0 404513625 -37290356 705463 655227 0 0 0 70 17 294403000 99 24 3 1
49.254 2 ATTITUDE 0.028376 5.328201 -0.07827
49.292 2 GVF_PARAMETRIC 5 1 -0.000299 6.,16.4375,39.609375,43.179688,18.046875,27.347656,59.648438,52.,0.,0.,0.,0.,0.,0.,0.,0. -1.009772,-1.237123
49.293 2 INS 1041 -691 -3648914 1478490 440401 -254786832 529 -2992 1942
49.294 2 ATTITUDE 0.028049 5.414978 -0.074447
49.324 2 INS 1041 -691 -3655136 1478490 440401 -254935264 -8614 -3037 1969
49.340 2 ATTITUDE 0.028982 5.503067 -0.086261
49.382 2 INS 1041 -691 -3661365 1478490 440401 -255227680 -3180 -2545 -13410
49.382 2 GPS 3 43818122 447811181 3572 655248 296 27 2395 294403250 30 0
49.408 2 GPS_INT 0 0 0 404513691 -37290347 705484 655248 0 0 0 70 18 294403250 99 23 3 1
49.408 2 ATTITUDE 0.019294 5.584589 -0.083761
49.424 2 INS 1041 -691 -3667594 1478490 440401 -255365728 -4647 -1966 -18263
49.450 2 ROTORCRAFT_FP -691 1041 3668848 440401 1478490 255369024 8 -318 23048 0 0 0 0 4327 0
49.450 2 ATTITUDE 0.015802 5.654987 -0.081682
49.450 2 WP_MOVED_ENU 6 5276 4620 1994
49.451 2 WP_MOVED_ENU 6 5276 4620 1994
49.466 2 INS 1041 -691 -3673832 1478490 440401 -255523840 -17219 -5576 4129
49.497 2 ATTITUDE 0.014632 5.705419 -0.066166
49.513 2 INS 1228 -606 -3680073 1599076 954203 -255799392 -12734 -12039 -10525
49.545 2 GPS_INT 0 0 0 404513757 -37290308 705557 655322 0 0 0 70 19 294403500 99 22 3 1
49.545 2 ATTITUDE 0.01306 5.761158 -0.075859
49.577 2 INS 1228 -606 -3686320 1599076 954203 -256012496 -4223 -3270 1631
49.593 2 ATTITUDE 0.008686 5.814231 -0.070768
49.634 2 INS 1228 -606 -3692574 1599076 954203 -256289264 -4298 -195 -14866
49.635 2 GPS 3 43818156 447811254 178 655322 357 14 2395 294403500 30 0
49.635 2 ATTITUDE 0.003451 5.882482 -0.070595
49.740 2 GVF_PARAMETRIC 5 1 -0.000329 0.,0.2,0.2,0.5,0.5,0.05,59.648438,52.,0.,0.,0.,0.,0.,0.,0.,0. -0.976569,-1.164076
49.740 2 INS 1228 -606 -3698830 1599076 954203 -256485040 -4295 -9013 -17283
49.741 2 ROVER_CTRL 2.5 0.345193 3427.409668 0.913066 1400. 600. 1000. 1920. 483.270416 -1775.86084 2.154807 -0.
49.741 2 ROTORCRAFT_FP -606 1228 3700089 954203 1599076 256533760 -17 -261 24249 0 0 0 0 3427 0
49.742 2 GPS_INT 0 0 0 404513757 -37290308 705557 655322 0 0 0 70 19 294403500 99 22 3 1
49.742 2 DL_VALUE 37 0.7
49.742 2 ATTITUDE -0.003988 5.950382 -0.070317
49.742 2 INS 1228 -606 -3705096 1599076 954203 -256654464 -8955 6840 870
49.743 2 SERIAL_COM 63 -3270 -4223 1631 0 0 0 14 219 80 76 0 0 0 0 0
49.755 2 ATTITUDE -0.018846 5.991555 -0.062983
49.771 2 INS 1415 -476 -3711366 1494219 1205861 -256913968 -10819 3583 -2568
49.772 2 GPS_SOL 70 18 99 24
49.787 2 ATTITUDE -0.012951 6.029141 -0.069072
49.819 2 INS 1415 -476 -3717641 1494219 1205861 -257139264 -113 -2263 603
49.821 2 LINK_REPORT 2 -1 50 0 148017 3445 0 3103. 69. 15 26.81
49.856 2 GPS_INT 0 0 0 404513823 -37290248 705521 655286 0 0 0 70 18 294403750 99 24 3 1
49.857 2 ALIVE 122,195,7,233,5,247,195,75,60,187,26,129,128,90,246,93
49.857 2 ATTITUDE -0.015554 6.063164 -0.066937
49.857 2 ROTORCRAFT_NAV_STATUS 14 14 0. 0. 5 0 2
49.858 2 IMU_MAG_RAW 255 0 0 0
49.882 2 INS 1415 -476 -3723928 1494219 1205861 -257318480 -5869 4994 6207
49.882 2 GPS 3 43818207 447811326 293 655286 368 -1 2395 294403750 30 0
49.883 2 ATTITUDE -0.002537 6.102523 -0.063084
49.914 2 INS 1415 -476 -3730206 1494219 1205861 -257630832 3604 1232 -19228
49.944 2 ROTORCRAFT_FP -476 1415 3731464 1205861 1494219 257600592 -25 -287 25085 0 0 0 0 2793 0
49.945 2 ATTITUDE -0.010722 6.138121 -0.068638
50.004 2 INS 1415 -476 -3736497 1494219 1205861 -257819200 6943 -2678 -14468
50.005 2 STATIC_CONTROL 0 0. 0 0. 0. 0. 0. 0. 0. 0. 0. 0. 0.
50.005 2 GPS_INT 0 0 0 404513823 -37290248 705521 655286 0 0 0 70 18 294403750 99 24 3 1
50.005 2 ATTITUDE -0.009843 6.166113 -0.06784
50.030 2 INS 1415 -476 -3742793 1494219 1205861 -258029568 9540 -1812 -14835
50.030 2 ROVER_STATUS 0 57 3 2 1 63 7.8242
50.046 2 ATTITUDE -0.017108 6.193894 -0.054363
50.088 2 GVF_PARAMETRIC 5 1 -0.000292 -6.,7.398438,-3.4375,19.429688,20.609375,41.796875,42.96875,59.96875,0.,0.,0.,0.,0.,0.,0.,0. -0.866803,-1.021889
50.089 2 INS 1592 -325 -3749093 1447033 1263532 -258178896 -2810 -2434 -757
50.089 2 ATTITUDE -0.016495 6.225778 -0.061921
50.130 2 INS 1592 -325 -3755400 1447033 1263532 -258438752 -4348 275 -5451
50.130 2 GPS 3 43818266 447811395 356 655337 367 14 2395 294404000 30 0
50.146 2 GPS_INT 0 0 0 404513885 -37290179 705573 655337 0 0 0 70 18 294404000 99 23 3 1
50.146 2 ATTITUDE -0.013202 6.261799 -0.062333
50.162 2 INS 1592 -325 -3761710 1447033 1263532 -258609504 -13077 -6853 -12282
50.204 2 ROVER_CTRL 2.5 -0.522353 2298.20874 -0.41271 1400. 600. 1000. 1866.330933 -731.293762 -1639.96228 3.022353 -0.
50.204 2 ROTORCRAFT_FP -325 1592 3762973 1263532 1447033 258700832 -52 -243 25732 0 0 0 0 2298 0
50.205 2 ATTITUDE -0.007402 0.013343 -0.058336
50.231 2 INS 1592 -325 -3768027 1447033 1263532 -258879984 -6021 900 -11669
50.231 2 SERIAL_COM 64 -1950 4548 -8427 0 0 0 14 220 80 76 0 0 0 0 0
50.231 2 ATTITUDE -0.00667 0.048549 -0.070057
50.263 2 INS 1761 -168 -3774349 1315961 1300233 -259061568 -2333 2814 -4777
50.292 2 GPS_INT 0 0 0 404513944 -37290107 705573 655338 0 0 0 71 18 294404250 99 23 3 1
50.292 2 ATTITUDE -0.015928 0.085386 -0.056677
50.324 2 INS 1761 -168 -3780676 1315961 1300233 -259325904 7402 -2436 -11496
50.324 2 PONG 
50.339 2 ATTITUDE -0.013444 0.116077 -0.048472
50.382 2 INS 1761 -168 -3787007 1315961 1300233 -259436992 1987 -3848 -11345
50.382 2 GPS 3 43818328 447811460 400 655338 354 7 2395 294404250 30 0
50.382 2 ATTITUDE -0.011517 0.139774 -0.047529
50.414 2 INS 1761 -168 -3793342 1315961 1300233 -259675376 -758 -2330 -17487
50.453 2 ROTORCRAFT_FP -168 1761 3794610 1300233 1315961 259700624 -53 -193 637 0 0 0 0 2915 0
50.454 2 GPS_INT 0 0 0 404513944 -37290107 705573 655338 0 0 0 71 18 294404250 99 23 3 1
50.454 2 ATTITUDE -0.005095 0.164217 -0.052508
50.490 2 GVF_PARAMETRIC 5 1 -0.000262 6.,16.4375,39.609375,43.179688,18.046875,27.347656,59.648438,52.,0.,0.,0.,0.,0.,0.,0.,0. -0.805475,-0.955873
50.490 2 INS 1761 -168 -3799685 1315961 1300233 -259868416 -3263 -7663 -10590
50.491 2 ATTITUDE -0.005277 0.19354 -0.051383
50.521 2 INS 1914 -10 -3806032 1242561 1305475 -260102048 6880 -4038 -12894
50.537 2 ATTITUDE -0.002005 0.215954 -0.054868
50.569 2 INS 1914 -10 -3812384 1242561 1305475 -260292000 3572 -1 -4048
50.595 2 GPS_INT 0 0 0 404513998 -37290034 705579 655343 0 0 0 71 18 294404500 98 23 3 1
50.596 2 ATTITUDE -0.008474 0.245495 -0.055556
50.626 2 INS 1914 -10 -3818742 1242561 1305475 -260485696 -7694 -9871 -4359
50.627 2 GPS 3 43818390 447811519 430 655343 344 12 2395 294404500 30 0
50.642 2 ATTITUDE -0.015298 0.269686 -0.060021
50.642 2 IMU_MAG_RAW 255 0 0 0
50.701 2 INS 1914 -10 -3825103 1242561 1305475 -260783376 8380 7350 -5690
50.702 2 ROVER_CTRL 2.5 -0.828754 2966.734131 -0.988494 1400. 600. 1000. 1648.531982 -1160.256226 -326.514252 3.328754 -0.
50.702 2 ROTORCRAFT_FP -10 1914 3826378 1305475 1242561 260797872 -79 -253 1189 0 0 0 0 2966 0
50.702 2 ATTITUDE -0.021519 0.296341 -0.067951
50.766 2 INS 1914 -10 -3831471 1242561 1305475 -260941776 2209 854 -9447
50.766 2 SERIAL_COM 64 -10930 -5580 -5275 0 0 0 14 220 80 76 0 0 0 0 0
50.767 2 GPS_INT 0 0 0 404513998 -37290034 705579 655343 0 0 0 71 18 294404500 98 23 3 1
50.767 2 ATTITUDE -0.017076 0.31358 -0.069016
50.768 2 WP_MOVED_ENU 7 10700 7001 1991
50.768 2 WP_MOVED_ENU 7 10700 7001 1991
50.768 2 INS 2065 140 -3837845 1226832 1237318 -261129152 -10108 -715 -9019
50.782 2 ATTITUDE -0.016991 0.330755 -0.050993
50.814 2 INS 2065 140 -3844224 1226832 1237318 -261388464 -6083 5652 3807
50.821 2 LINK_REPORT 2 -1 51 0 151089 3515 0 3072. 70. 16 27.46
50.830 2 ATTITUDE -0.012671 0.345003 -0.064711
50.920 2 GVF_PARAMETRIC 5 1 -0.000213 0.,0.2,0.2,0.5,0.5,0.05,59.648438,52.,0.,0.,0.,0.,0.,0.,0.,0. -0.685163,-0.837123
50.921 2 INS 2065 140 -3850607 1226832 1237318 -261674624 -10438 -3195 -24014
50.921 2 GPS 3 43818450 447811579 443 655327 333 -4 2395 294404750 30 0
50.922 2 GPS_INT 0 0 0 404514052 -37289964 705563 655327 0 0 0 71 18 294404750 98 23 3 1
50.922 2 ATTITUDE -0.025052 0.361177 -0.044887
50.922 2 INS 2065 140 -3856996 1226832 1237318 -261872576 25564 -4972 -21995
50.936 2 ROTORCRAFT_FP 140 2065 3858274 1237318 1226832 261939200 -127 -202 1486 0 0 0 0 2895 0
50.936 2 ATTITUDE -0.028759 0.369807 -0.065148
50.982 2 INS 2065 140 -3863390 1226832 1237318 -261953856 3662 -3047 9
50.982 2 STATIC_CONTROL 0 0. 0 0. 0. 0. 0. 0. 0. 0. 0. 0. 0.
50.983 2 ATTITUDE -0.013824 0.378527 -0.064951
51.014 2 INS 2065 140 -3869790 1226832 1237318 -262203152 13748 6619 560
51.040 2 GPS_INT 0 0 0 404514103 -37289895 705568 655332 0 0 0 71 20 294405000 98 23 3 1
51.041 2 ATTITUDE -0.022028 0.384705 -0.057037
51.072 2 INS 2211 291 -3876194 1184889 1253047 -262401344 -8550 -1734 1042
51.087 2 ATTITUDE -0.013426 0.388289 -0.049838
51.120 2 INS 2211 291 -3882605 1184889 1253047 -262763664 9114 1070 -19059
51.120 2 GPS 3 43818509 447811635 454 655332 331 1 2395 294405000 30 0
51.136 2 ATTITUDE -0.015421 0.401456 -0.055309
51.238 2 INS 2211 291 -3889019 1184889 1253047 -262911312 -10573 -6433 -45898
51.239 2 ROVER_CTRL 2.5 -0.918248 2796.249023 -1.142652 1400. 600. 1000. 1383.312622 -1285.547119 -107.0261 3.418248 -0.
51.239 2 ROTORCRAFT_FP 291 2211 3890301 1253047 1184889 262946000 -70 -205 1697 0 0 0 0 2796 0
51.240 2 GPS_INT 0 0 0 404514103 -37289895 705568 655332 0 0 0 71 20 294405000 98 23 3 1
51.240 2 ATTITUDE -0.01956 0.418757 -0.050572
51.241 2 INS 2211 291 -3895439 1184889 1253047 -263093472 7837 -62 -7859
51.241 2 SERIAL_COM 65 5889 -6993 416 0 0 0 14 221 80 76 0 0 0 0 0
51.241 2 ATTITUDE -0.008183 0.433243 -0.061558
51.254 2 INS_REF 485058794 -31613915 411670613 404513324 -37290030 704601 654365 0.
51.292 2 GVF_PARAMETRIC 5 1 -0.00016 -6.,7.398438,-3.4375,19.429688,20.609375,41.796875,42.96875,59.96875,0.,0.,0.,0.,0.,0.,0.,0. -0.569928,-0.721889
51.293 2 INS 2360 435 -3901863 1242561 1111489 -263348000 1579 4620 -8724
51.293 2 DL_VALUE 38 2.
51.293 2 ATTITUDE -0.007315 0.451717 -0.051087
51.336 2 INS 2360 435 -3908295 1242561 1111489 -263565776 6599 2311 -1879
51.337 2 GPS_INT 0 0 0 404514155 -37289829 705579 655344 0 0 0 71 20 294405250 98 23 3 1
51.337 2 ATTITUDE -0.00698 0.46385 -0.053203
51.378 2 INS 2360 435 -3914731 1242561 1111489 -263734752 8613 2752 -2374
51.379 2 GPS 3 43818566 447811692 438 655344 320 -5 2395 294405250 30 0
51.379 2 ATTITUDE -0.014203 0.480844 -0.060425
51.410 2 INS 2360 435 -3921172 1242561 1111489 -263926704 4775 2556 -10985
51.454 2 ROTORCRAFT_FP 435 2360 3922462 1111489 1242561 264026192 -88 -219 1992 0 0 0 0 2602 0
51.454 2 ATTITUDE -0.022201 0.494699 -0.046173
51.454 2 ROTORCRAFT_NAV_STATUS 16 16 0. 0. 5 0 2
51.455 2 IMU_MAG_RAW 255 0 0 0
51.469 2 INS 2360 435 -3927620 1242561 1111489 -264170608 -2083 4790 1275
51.485 2 GPS_INT 0 0 0 404514155 -37289829 705579 655344 0 0 0 71 20 294405250 98 23 3 1
51.486 2 ATTITUDE -0.016473 0.510976 -0.054032
51.517 2 INS 2513 565 -3934071 1253047 1106246 -264350400 -1840 8397 -5792
51.518 2 ROVER_STATUS 0 56 3 2 1 65 7.815369
51.533 2 ATTITUDE -0.018753 0.52007 -0.049129
51.565 2 INS 2513 565 -3940528 1253047 1106246 -264620896 -2126 287 -10770
51.581 2 ATTITUDE -0.012387 0.525911 -0.048732
51.623 2 INS 2513 565 -3946989 1253047 1106246 -264794880 1873 3412 1106
51.623 2 GPS 3 43818618 447811752 426 655286 319 -12 2395 294405500 30 0
51.649 2 GPS_INT 0 0 0 404514209 -37289768 705522 655286 0 0 0 72 20 294405500 99 23 3 1
51.650 2 ATTITUDE -0.003321 0.531547 -0.053754
51.730 2 GVF_PARAMETRIC 5 1 -0.000125 6.,16.4375,39.609375,43.179688,18.046875,27.347656,59.648438,52.,0.,0.,0.,0.,0.,0.,0.,0. -0.519147,-0.662123
51.731 2 INS 2513 565 -3953456 1253047 1106246 -265003168 -6940 -4820 -5540
51.731 2 ROVER_CTRL 2.5 -0.920408 2800.931885 -0.811122 1400. 600. 1000. 1102.186401 -1288.571167 181.794174 3.420408 -0.
51.732 2 ROTORCRAFT_FP 565 2513 3954749 1106246 1253047 265025024 -27 -227 2194 0 0 0 0 2800 0
51.732 2 ATTITUDE -0.014557 0.536094 -0.051156
51.733 2 INS 2513 565 -3959929 1253047 1106246 -265165232 -433 4820 67
51.733 2 SERIAL_COM 65 -8744 8820 -21947 0 0 0 14 221 80 76 0 0 0 0 0
51.734 2 ATTITUDE -0.013323 0.545619 -0.054943
51.772 2 INS 2657 698 -3966406 1106246 1017117 -265486176 -6448 -9312 -20816
51.772 2 GPS_SOL 72 18 99 23
51.790 2 GPS_INT 0 0 0 404514259 -37289708 705478 655242 0 0 0 72 18 294405750 99 23 3 1
51.791 2 ATTITUDE -0.015795 0.558112 -0.05694
51.820 2 INS 2657 698 -3972888 1106246 1017117 -265654576 -4665 -2814 -16392
51.822 2 LINK_REPORT 2 -1 52 0 154220 3584 0 3131. 69. 16 27.46
51.836 2 ATTITUDE -0.024591 0.568794 -0.053582
51.868 2 INS 2657 698 -3979377 1106246 1017117 -265888672 10020 569 -6829
51.868 2 GPS 3 43818669 447811807 425 655242 288 -15 2395 294405750 30 0
51.884 2 ATTITUDE -0.016128 0.577501 -0.063885
51.916 2 INS 2657 698 -3985869 1106246 1017117 -266096400 3550 -8732 -3639
51.967 2 ROTORCRAFT_FP 698 2657 3987175 1017117 1106246 266086400 -9 -275 2408 0 0 0 0 3007 0
51.967 2 GPS_INT 0 0 0 404514259 -37289708 705478 655242 0 0 0 72 18 294405750 99 23 3 1
51.968 2 STATE_FILTER_STATUS 6 3 0
51.968 2 ATTITUDE -0.005584 0.589907 -0.067636
51.968 2 INS 2657 698 -3992367 1106246 1017117 -266205488 -2485 4196 4189
51.983 2 STATIC_CONTROL 0 0. 0 0. 0. 0. 0. 0. 0. 0. 0. 0. 0.
51.983 2 ATTITUDE -0.001841 0.595946 -0.048035
52.015 2 INS 2657 698 -3998870 1106246 1017117 -266480576 -293 4036 914
52.031 2 ATTITUDE -0.002983 0.59635 -0.049863
52.046 2 WP_MOVED_ENU 8 11000 15270 1994
52.047 2 WP_MOVED_ENU 8 11000 15270 1994
52.122 2 GVF_PARAMETRIC 5 1 -4.1e-05 0.,0.2,0.2,0.5,0.5,0.05,59.648438,52.,0.,0.,0.,0.,0.,0.,0.,0. -0.419928,-0.551967
52.122 2 INS 2795 819 -4005378 1179646 959446 -266648480 2136 957 -8053
52.123 2 GPS_INT 0 0 0 404514308 -37289652 705547 655311 0 0 0 72 17 294406000 98 23 3 1
52.123 2 ATTITUDE 0.004865 0.593759 -0.05987
52.123 2 INS 2795 819 -4011890 1179646 959446 -266869760 -4150 408 -13149
52.123 2 GPS 3 43818717 447811861 407 655311 292 3 2395 294406000 30 0
52.137 2 ATTITUDE 0.007803 0.594831 -0.057718
52.154 2 INS 2795 819 -4018409 1179646 959446 -267085392 -4003 223 1749
52.170 2 ROVER_CTRL 2.5 -0.736279 3009.526611 -0.820951 1400. 600. 1000. 853.952332 -1030.789917 381.946564 3.236279 -0.
52.196 2 ROTORCRAFT_FP 819 2795 4019720 959446 1179646 267084592 40 -260 2439 0 0 0 0 3009 0
52.197 2 ATTITUDE 0.010689 0.600686 -0.056411
52.250 2 INS 2795 819 -4024932 1179646 959446 -267372144 1840 -3124 -17191
52.251 2 SERIAL_COM 66 7193 15074 -15879 0 0 0 14 222 80 76 0 0 0 0 0
52.251 2 GPS_INT 0 0 0 404514308 -37289652 705547 655311 0 0 0 72 17 294406000 98 23 3 1
52.252 2 ATTITUDE 0.00074 0.604104 -0.065056
52.252 2 IMU_MAG_RAW 255 0 0 0
52.266 2 INS 2931 934 -4031461 1116732 980417 -267514256 4287 -3847 -14701
52.267 2 DATALINK_REPORT 2 18 4318 3079 0 0
52.282 2 ATTITUDE -0.012421 0.607945 -0.070308
52.314 2 INS 2931 934 -4037996 1116732 980417 -267774720 -4882 5852 -2643
52.330 2 ATTITUDE -0.001342 0.613997 -0.075983
52.372 2 INS 2931 934 -4044536 1116732 980417 -268111648 7911 -10935 -34997
52.373 2 GPS 3 43818763 447811914 410 655169 284 -27 2395 294406250 30 0
52.388 2 GPS_INT 0 0 0 404514356 -37289599 705405 655169 0 0 0 72 17 294406250 98 24 3 1
52.389 2 ATTITUDE -0.000901 0.615406 -0.072448
52.404 2 INS 2931 934 -4051081 1116732 980417 -268266864 799 -355 -5235
52.434 2 ROTORCRAFT_FP 934 2931 4052391 980417 1116732 268239952 27 -281 2525 0 0 0 0 2995 0
52.435 2 ATTITUDE 0.008858 0.616543 -0.061944
52.476 2 GVF_PARAMETRIC 5 1 3.3e-05 -6.,7.398438,-3.4375,19.429688,20.609375,41.796875,42.96875,59.96875,0.,0.,0.,0.,0.,0.,0.,0. -0.374407,-0.500123
52.477 2 INS 2931 934 -4057632 1116732 980417 -268471232 7946 -4609 -10076
52.477 2 ATTITUDE 0.007041 0.624456 -0.05649
52.508 2 INS 3072 1041 -4064190 1153432 833617 -268645152 7918 6416 -5556
52.534 2 GPS_INT 0 0 0 404514405 -37289549 705346 655110 0 0 0 72 17 294406500 98 24 3 1
52.535 2 ALIVE 122,195,7,233,5,247,195,75,60,187,26,129,128,90,246,93
52.535 2 ATTITUDE 0.00654 0.632154 -0.059855
52.566 2 INS 3072 1041 -4070750 1153432 838860 -268939104 2614 2632 -1374
52.582 2 ATTITUDE -0.002928 0.637326 -0.071112
52.614 2 INS 3072 1041 -4077316 1153432 838860 -269080800 1147 -2861 -5673
52.614 2 GPS 3 43818805 447811968 388 655110 273 -22 2395 294406500 30 0
52.630 2 ATTITUDE -0.004039 0.643825 -0.064211
52.736 2 INS 3072 1041 -4083889 1153432 838860 -269270176 5163 4170 10253
52.736 2 ROVER_CTRL 2.5 -0.559119 3040.550293 -0.838824 1400. 600. 1000. 661.333679 -782.767273 358.629242 3.059119 -0.
52.737 2 ROTORCRAFT_FP 1041 3072 4085210 838860 1153432 269318624 0 -265 2634 0 0 0 0 3040 0
52.737 2 GPS_INT 0 0 0 404514405 -37289549 705346 655110 0 0 0 72 17 294406500 98 24 3 1
52.738 2 ATTITUDE 0.000761 0.64712 -0.065614
52.738 2 INS 3072 1041 -4090466 1153432 838860 -269570272 -233 443 -4062
52.738 2 SERIAL_COM 66 427 -4608 -21700 0 0 0 14 222 80 76 0 0 0 0 0
52.738 2 ATTITUDE 0.000561 0.648565 -0.078427
52.752 2 INS 3210 1152 -4097050 1132461 975174 -269696096 -1194 6938 -2418
52.784 2 ATTITUDE -0.008329 0.656821 -0.073314
52.816 2 INS 3210 1152 -4103638 1132461 975174 -269962560 2314 47 -4180
52.823 2 LINK_REPORT 2 -1 53 0 157172 3651 0 2952. 67. 16 27.46
52.832 2 GPS_INT 0 0 0 404514453 -37289498 705396 655160 0 0 0 72 16 294406750 98 24 3 1
52.833 2 ATTITUDE -0.000652 0.65245 -0.069545
52.896 2 GVF_PARAMETRIC 5 1 0.000608 6.,16.4375,39.609375,43.179688,18.046875,27.347656,59.648438,52.,0.,0.,0.,0.,0.,0.,0.,0. -0.278586,-0.413946
52.896 2 INS 3210 1152 -4110231 1132461 975174 -270168704 -3053 -3400 1422
52.897 2 GPS 3 43818849 447812020 399 655160 286 -8 2395 294406750 30 0
52.897 2 DL_VALUE 39 6.
52.897 2 ATTITUDE 0.011632 0.64407 -0.069724
52.912 2 INS 3210 1152 -4116830 1132461 975174 -270384928 -5465 -5797 -12474
52.938 2 ROTORCRAFT_FP 1152 3210 4118148 975174 1132461 270452960 56 -253 2602 0 0 0 0 2934 0
52.938 2 ATTITUDE 0.01089 0.634657 -0.061455
52.954 2 INS 3210 1152 -4123431 1132461 975174 -270608192 -9485 -3425 -5246
52.994 2 STATIC_CONTROL 0 0. 0 0. 0. 0. 0. 0. 0. 0. 0. 0. 0.
52.995 2 GPS_INT 0 0 0 404514453 -37289498 705396 655160 0 0 0 72 16 294406750 98 24 3 1
52.995 2 ATTITUDE 0.013406 0.629917 -0.062312
53.021 2 INS 3210 1152 -4130038 1132461 975174 -270877952 -540 -3217 -32264
53.022 2 ROVER_STATUS 0 60 3 2 1 66 7.718228
53.022 2 ATTITUDE 0.016266 0.629679 -0.070741
53.037 2 ROTORCRAFT_NAV_STATUS 17 17 0. 0. 5 0 2
53.038 2 IMU_MAG_RAW 255 0 0 0
53.053 2 INS 3348 1267 -4136653 1195375 948960 -271050304 -3332 -578 -5491
53.085 2 ATTITUDE 0.009525 0.631073 -0.070562
53.101 2 INS 3348 1267 -4143272 1195375 948960 -271346592 23811 -6579 -28152
53.117 2 GPS 3 43818895 447812076 391 655151 292 -2 2395 294407000 30 0
53.143 2 GPS_INT 0 0 0 404514503 -37289445 705387 655151 0 0 0 73 15 294407000 98 24 3 1
53.144 2 ATTITUDE 0.000797 0.634173 -0.069844
53.195 2 INS 3348 1267 -4149897 1195375 948960 -271468128 4866 -2276 -1555
53.196 2 ROVER_CTRL 2.5 -0.439892 2890.248047 -2.197297 1400. 600. 1000. 514.343323 -615.848206 189.113617 2.939892 -0.
53.196 2 ROTORCRAFT_FP 1267 3348 4151222 948960 1195375 271481504 30 -298 2595 0 0 0 0 2890 0
53.196 2 ATTITUDE -0.003751 0.633207 -0.072061
53.221 2 INS 3348 1267 -4156526 1195375 948960 -271682976 5342 9256 -4397
53.221 2 SERIAL_COM 67 -2276 4866 -1555 0 0 0 14 223 80 76 0 0 0 0 0
53.222 2 ATTITUDE 0.022185 0.626637 -0.071903
53.289 2 GVF_PARAMETRIC 5 1 0.001456 0.,0.2,0.2,0.5,0.5,0.05,59.648438,52.,0.,0.,0.,0.,0.,0.,0.,0. -0.171771,-0.336848
53.303 2 INS 3496 1384 -4163161 1247804 975174 -271911200 -1209 4187 -10227
53.304 2 GPS_INT 0 0 0 404514555 -37289391 705438 655202 0 0 0 73 15 294407250 98 24 3 1
53.305 2 ATTITUDE 0.020644 0.614917 -0.077359
53.305 2 INS 3496 1384 -4169801 1247804 975174 -272032384 2117 825 -6605
53.335 2 ATTITUDE 0.021825 0.602635 -0.068755
53.335 2 WP_MOVED_ENU 9 15352 13312 1994
53.335 2 WP_MOVED_ENU 9 15352 13312 1994
53.366 2 INS 3496 1384 -4176455 1247804 975174 -272408256 -6838 3564 -2476
53.366 2 GPS 3 43818941 447812133 385 655202 304 9 2395 294407250 30 0
53.382 2 ATTITUDE 0.006749 0.597396 -0.077424
53.414 2 INS 3496 1384 -4183099 1247804 975174 -272577856 -6125 5769 -7965
53.440 2 ROTORCRAFT_FP 1384 3496 4184431 975174 1247804 272661120 17 -358 2434 0 0 0 0 2755 0
53.441 2 GPS_INT 0 0 0 404514555 -37289391 705438 655202 0 0 0 73 15 294407250 98 24 3 1
53.441 2 ATTITUDE 0.012353 0.591516 -0.080808
53.456 2 INS 3496 1384 -4189757 1247804 975174 -272863936 5436 13077 -18234
53.472 2 ATTITUDE 0.005284 0.574342 -0.078944
53.504 2 INS 3648 1497 -4196420 1237318 886045 -272980736 834 -627 -5713
53.520 2 ATTITUDE -0.002569 0.559974 -0.066616
53.552 2 INS 3648 1497 -4203088 1237318 886045 -273338496 -4149 2476 -9958
53.580 2 GPS_INT 0 0 0 404514608 -37289340 705481 655245 0 0 0 73 14 294407500 98 24 3 1
53.580 2 ATTITUDE 0.004497 0.544876 -0.079968
53.622 2 INS 3648 1497 -4209761 1237318 886045 -273476064 1678 -1580 -12350
53.622 2 ENERGY 29 7.797707 1.45 11.306675 2.963779 0.008297 0.062951
53.622 2 GPS 3 43818985 447812191 371 655245 291 14 2395 294407500 30 0
53.623 2 ATTITUDE -0.001254 0.5382 -0.069463
53.734 2 GVF_PARAMETRIC 5 1 0.002577 -6.,7.398438,-3.4375,19.429688,20.609375,41.796875,42.96875,59.96875,0.,0.,0.,0.,0.,0.,0.,0. -0.101715,-0.332892
53.736 2 INS 3648 1497 -4216441 1237318 886045 -273654432 -2191 3955 8835
53.737 2 ROVER_CTRL 2.5 -0.381625 2802.23291 -3.761643 1400. 600. 1000. 391.501465 -534.275574 142.717361 2.881625 -0.
53.738 2 ROTORCRAFT_FP 1497 3648 4217783 886045 1237318 273647680 35 -261 2162 0 0 0 0 2802 0
53.739 2 ATTITUDE 0.009028 0.516713 -0.059424
53.739 2 INS 3648 1497 -4223123 1237318 886045 -273918688 2274 4072 -11913
53.740 2 SERIAL_COM 67 5639 -10143 -8140 0 0 0 14 223 80 76 0 0 0 0 0
53.741 2 GPS_INT 0 0 0 404514608 -37289340 705481 655245 0 0 0 73 14 294407500 98 24 3 1
53.742 2 ATTITUDE 0.011005 0.503841 -0.05943
53.749 2 INS 3804 1600 -4229815 1331690 791674 -273993408 3794 5231 1083
53.765 2 GPS_SOL 73 14 98 24
53.780 2 ATTITUDE 0.009729 0.491789 -0.06309
53.813 2 INS 3804 1600 -4236506 1326447 796917 -274323104 2199 3179 -5047
53.824 2 LINK_REPORT 2 -1 54 0 160348 3722 0 3176. 71. 16 27.46
53.828 2 ATTITUDE 0.019245 0.476213 -0.067238
53.829 2 IMU_MAG_RAW 255 0 0 0
53.860 2 INS 3804 1600 -4243206 1326447 796917 -274612448 6915 -4046 -27637
53.861 2 GPS 3 43819025 447812252 337 655260 297 -1 2395 294407750 30 0
53.887 2 GPS_INT 0 0 0 404514663 -37289293 705496 655260 0 0 0 73 14 294407750 98 24 3 1
53.887 2 ATTITUDE 0.019254 0.45985 -0.063967
53.902 2 INS 3804 1600 -4249910 1326447 796917 -274707456 1790 5053 -15765
53.928 2 ROTORCRAFT_FP 1600 3804 4251252 796917 1326447 274794560 49 -254 1853 0 0 0 0 2561 0
53.929 2 ATTITUDE 0.011367 0.444119 -0.057627
53.971 2 INS 3804 1600 -4256620 1326447 796917 -274985248 2451 9227 -6103
53.972 2 STATIC_CONTROL 0 0. 0 0. 0. 0. 0. 0. 0. 0. 0. 0. 0.
53.973 2 ATTITUDE 0.01544 0.43126 -0.061029
54.003 2 INS 3804 1600 -4263335 1326447 796917 -275266080 509 2455 -14564
54.030 2 GPS_INT 0 0 0 404514663 -37289293 705496 655260 0 0 0 73 14 294407750 98 24 3 1
54.030 2 ATTITUDE 0.00684 0.407972 -0.068876
54.072 2 GVF_PARAMETRIC 5 1 0.003773 6.,16.4375,39.609375,43.179688,18.046875,27.347656,59.648438,52.,0.,0.,0.,0.,0.,0.,0.,0. -0.007273,-0.25782
54.072 2 INS 3968 1679 -4270056 1342176 587202 -275379040 -1022 4115 -5261
54.072 2 ATTITUDE 0.010757 0.384611 -0.066849
54.114 2 INS 3968 1679 -4276783 1342176 587202 -275664096 1582 12407 -2447
54.114 2 GPS 3 43819057 447812315 287 655216 279 -22 2395 294408000 30 0
54.130 2 ATTITUDE 0.01957 0.369121 -0.069706
54.146 2 INS 3968 1679 -4283514 1342176 587202 -275858816 1408 8002 -17145
54.163 2 ROVER_CTRL 2.5 -0.377908 2603.776855 -4.397491 1400. 600. 1000. 277.604584 -529.071838 52.976608 2.877908 -0.
54.221 2 ROTORCRAFT_FP 1679 3968 4284861 587202 1342176 275865472 35 -285 1478 0 0 0 0 2603 0
54.222 2 GPS_INT 0 0 0 404514720 -37289256 705452 655216 0 0 0 73 14 294408000 98 24 3 1
54.222 2 ATTITUDE 0.016983 0.35025 -0.068003
54.222 2 INS 3968 1679 -4290249 1342176 587202 -276114048 1400 10217 -27865
54.222 2 SERIAL_COM 68 10938 -5294 -10315 0 0 0 14 224 80 76 0 0 0 0 0
54.223 2 ATTITUDE 0.006765 0.321177 -0.060923
54.253 2 INS 4134 1735 -4296991 1373633 414187 -276287488 -2401 10876 -3673
54.269 2 ATTITUDE 0.018713 0.29403 -0.068057
54.301 2 INS 4134 1735 -4303738 1373633 414187 -276470656 -9169 3749 -3977
54.328 2 GPS_INT 0 0 0 404514779 -37289230 705387 655151 0 0 0 73 14 294408250 98 24 3 1
54.329 2 ATTITUDE 0.015017 0.268418 -0.060161
54.360 2 INS 4134 1735 -4310490 1373633 414187 -276743680 3186 10964 -19295
54.361 2 GPS 3 43819079 447812380 227 655151 274 -9 2395 294408250 30 0
54.376 2 ATTITUDE 0.015839 0.248668 -0.056748
54.408 2 INS 4134 1735 -4317246 1373633 414187 -276862112 -3847 4869 -11591
54.434 2 ROTORCRAFT_FP 1735 4134 4318597 414187 1373633 276904896 112 -238 977 0 0 0 0 2560 0
54.434 2 ATTITUDE 0.029659 0.229606 -0.0583
54.495 2 GVF_PARAMETRIC 5 1 0.005139 0.,0.2,0.2,0.5,0.5,0.05,59.648438,52.,0.,0.,0.,0.,0.,0.,0.,0. 0.046257,-0.260667
54.496 2 INS 4134 1735 -4324017 1373633 414187 -277063008 -4119 4234 -583
54.496 2 GPS_INT 0 0 0 404514779 -37289230 705387 655151 0 0 0 73 14 294408250 98 24 3 1
54.497 2 DL_VALUE 40 0.7
54.497 2 ATTITUDE 0.022134 0.211335 -0.054091
54.510 2 INS 4303 1763 -4330775 1394604 68157 -277298816 -13825 454 -12627
54.510 2 ROVER_STATUS 0 60 3 2 1 68 7.815369
54.526 2 ATTITUDE 0.020963 0.194823 -0.035777
54.558 2 INS 4303 1763 -4337545 1394604 73400 -277450176 -2476 2705 -12872
54.573 2 ATTITUDE 0.040389 0.168013 -0.033498
54.616 2 INS 4303 1763 -4344323 1394604 73400 -277680384 903 7810 -356
54.616 2 GPS 3 43819091 447812446 124 655125 268 -8 2395 294408500 30 0
54.666 2 GPS_INT 0 0 0 404514838 -37289217 705361 655125 0 0 0 73 13 294408500 98 25 3 1
54.666 2 ATTITUDE 0.061215 0.142041 -0.047681
54.666 2 ROTORCRAFT_NAV_STATUS 19 19 0. 0. 5 0 2
54.667 2 WP_MOVED_ENU 10 10132 5780 1994
54.667 2 WP_MOVED_ENU 10 10132 5780 1994
54.667 2 IMU_MAG_RAW 255 0 0 0
54.667 2 INS 4303 1763 -4351114 1394604 73400 -277888672 -3036 -1110 -13690
54.714 2 ROVER_CTRL 2.5 -0.357967 2497.05835 -3.505924 1400. 600. 1000. 167.740433 -501.153992 28.324127 2.857967 -0.
54.714 2 ROTORCRAFT_FP 1763 4303 4352458 73400 1394604 277904512 180 -171 546 0 0 0 0 2497 0
54.715 2 ATTITUDE 0.034669 0.12927 -0.033486
54.715 2 INS 4303 1763 -4357886 1394604 73400 -278100544 12964 12907 -10377
54.715 2 SERIAL_COM 68 8183 10410 -7062 0 0 0 14 224 80 76 0 0 0 0 0
54.729 2 ATTITUDE 0.052831 0.113992 -0.028573
54.745 2 INS 4474 1771 -4364678 1420819 47185 -278307648 5937 3479 -16661
54.775 2 GPS_INT 0 0 0 404514898 -37289214 705334 655098 0 0 0 73 14 294408750 98 23 3 1
54.776 2 ATTITUDE 0.056137 0.096179 -0.020041
54.807 2 INS 4474 1771 -4371473 1420819 47185 -278535968 4376 3822 -17508
54.823 2 ATTITUDE 0.043221 0.078478 -0.02068
54.825 2 LINK_REPORT 2 -1 55 0 163420 3792 0 3072. 70. 16 27.46
54.877 2 GVF_PARAMETRIC 5 1 0.006899 -6.,7.398438,-3.4375,19.429688,20.609375,41.796875,42.96875,59.96875,0.,0.,0.,0.,0.,0.,0.,0. 0.095649,-0.203405
54.877 2 INS 4474 1771 -4378275 1420819 47185 -278716640 677 6072 -13755
54.878 2 GPS 3 43819094 447812512 71 655098 271 -14 2395 294408750 30 0
54.878 2 ATTITUDE 0.047833 0.068464 -0.029964
54.908 2 INS 4474 1771 -4385081 1420819 47185 -279007936 15190 -5934 -27799
54.934 2 ROTORCRAFT_FP 1771 4474 4386450 47185 1420819 279103968 160 -114 249 0 0 0 0 2505 0
54.935 2 GPS_INT 0 0 0 404514898 -37289214 705334 655098 0 0 0 73 14 294408750 98 23 3 1
54.935 2 ATTITUDE 0.03476 0.053685 -0.027115
54.977 2 INS 4474 1771 -4391897 1420819 47185 -279093440 994 3358 -2469
54.977 2 STATIC_CONTROL 0 0. 0 0. 0. 0. 0. 0. 0. 0. 0. 0. 0.
54.978 2 ATTITUDE 0.0432 0.031677 -0.025948
54.993 2 INS 4474 1771 -4398712 1420819 47185 -279410176 -1312 -1423 -15433
55.025 2 ATTITUDE 0.040706 0.003191 -0.031477
55.057 2 INS 4638 1763 -4405535 1357904 -131071 -279611712 -2245 -15 -9536
55.073 2 GPS_INT 0 0 0 404514956 -37289217 705292 655056 0 0 0 73 13 294409000 98 24 3 1
55.073 2 ATTITUDE 0.037843 6.256765 -0.046468
55.115 2 INS 4638 1763 -4412365 1357904 -131071 -279851744 -1584 -196 -9344
55.115 2 GPS 3 43819092 447812577 7 655056 261 -14 2395 294409000 30 0
55.116 2 STATE_FILTER_STATUS 6 3 0
55.116 2 ATTITUDE 0.033196 6.233555 -0.044283
55.147 2 INS 4638 1763 -4419201 1357904 -131071 -280045888 6253 466 -8835
55.185 2 ROVER_CTRL 2.5 -0.31462 2581.570557 -3.734508 1400. 600. 1000. 65.631721 -440.468018 154.519089 2.81462 -0.
55.186 2 ROTORCRAFT_FP 1763 4638 4420567 -131071 1357904 280086272 139 -154 25471 0 0 0 0 2581 0
55.186 2 ATTITUDE 0.034716 6.209474 -0.039298
55.238 2 INS 4638 1763 -4426038 1357904 -131071 -280297280 5132 5025 -2231
55.238 2 SERIAL_COM 69 5745 11806 -11844 0 0 0 14 225 80 76 0 0 0 0 0
55.239 2 GPS_INT 0 0 0 404514956 -37289217 705292 655056 0 0 0 73 13 294409000 98 24 3 1
55.239 2 ALIVE 122,195,7,233,5,247,195,75,60,187,26,129,128,90,246,93
55.239 2 ATTITUDE 0.048043 6.185825 -0.044082
55.276 2 GVF_PARAMETRIC 5 1 0.008527 6.,16.4375,39.609375,43.179688,18.046875,27.347656,59.648438,52.,0.,0.,0.,0.,0.,0.,0.,0. 0.130701,-0.220981
55.277 2 INS 4797 1735 -4432892 1253047 -377487 -280473600 -4287 3019 -8162
55.277 2 ATTITUDE 0.040733 6.165103 -0.046248
55.296 2 INS 4797 1735 -4439732 1253047 -377487 -280721568 -6115 360 -3979
55.324 2 ATTITUDE 0.038822 6.137042 -0.043968
55.324 2 PONG 
55.356 2 INS 4797 1735 -4446590 1253047 -377487 -280943808 -161 -1571 -8694
55.356 2 GPS 3 43819081 447812639 3526 655108 250 6 2395 294409250 30 0
55.382 2 GPS_INT 0 0 0 404515012 -37289231 705344 655108 0 0 0 73 13 294409250 98 23 3 1
55.382 2 ATTITUDE 0.042032 6.121136 -0.037459
55.398 2 INS 4797 1735 -4453450 1253047 -377487 -281179232 -1796 4740 60
55.424 2 ROTORCRAFT_FP 1735 4797 4454822 -377487 1253047 281156672 149 -175 25011 0 0 0 0 2726 0
55.424 2 ATTITUDE 0.039124 6.099336 -0.039352
55.425 2 IMU_MAG_RAW 255 0 0 0
55.456 2 INS 4797 1735 -4460320 1253047 -377487 -281333504 7852 8861 -6028
55.471 2 ATTITUDE 0.043898 6.079305 -0.032376
55.504 2 INS 4945 1681 -4467187 1179646 -466615 -281562368 2395 6602 -6870
55.520 2 GPS_INT 0 0 0 404515064 -37289255 705380 655144 0 0 0 73 14 294409500 98 24 3 1
55.520 2 ATTITUDE 0.069882 6.056127 -0.031217
55.551 2 INS 4945 1681 -4474061 1179646 -466615 -281804032 4736 -11058 -26347
55.567 2 ATTITUDE 0.055334 6.051125 -0.02773
55.610 2 INS 4945 1681 -4480942 1179646 -466615 -281946784 -1076 6358 -12013
55.610 2 GPS 3 43819061 447812697 3463 655144 243 9 2395 294409500 30 0
55.625 2 ATTITUDE 0.053179 6.047556 -0.01601
55.733 2 GVF_PARAMETRIC 5 1 0.010502 0.,0.2,0.2,0.5,0.5,0.05,59.648438,52.,0.,0.,0.,0.,0.,0.,0.,0. 0.139724,-0.188852
55.733 2 INS 4945 1681 -4487827 1179646 -466615 -282177088 -387 -2554 -10243
55.734 2 ROVER_CTRL 2.5 -0.195758 2758.138672 -1.927245 1400. 600. 1000. -10.51672 -274.061005 241.54187 2.695758 -0.
55.734 2 ROTORCRAFT_FP 1681 4945 4489206 -466615 1179646 282243680 220 -56 24739 0 0 0 0 2758 0
55.734 2 GPS_INT 0 0 0 404515064 -37289255 705380 655144 0 0 0 73 14 294409500 98 24 3 1
55.735 2 ATTITUDE 0.056391 6.035566 -0.009559
55.735 2 INS 4945 1681 -4494720 1179646 -466615 -282321376 -814 4875 -5156
55.735 2 SERIAL_COM 69 -11058 4736 -26347 0 0 0 14 225 80 76 0 0 0 0 0
55.735 2 ATTITUDE 0.048775 6.023833 -0.016113
55.758 2 INS 5084 1612 -4501615 1174404 -576716 -282560992 3818 10445 607
55.759 2 GPS_SOL 73 14 98 24
55.774 2 ATTITUDE 0.062854 6.019576 -0.025314
55.820 2 INS 5084 1612 -4508516 1174404 -576716 -282862816 -1902 9778 -6312
55.821 2 GPS_INT 0 0 0 404515113 -37289286 705392 655156 0 0 0 73 14 294409750 98 24 3 1
55.821 2 ATTITUDE 0.053258 6.001872 -0.022705
55.825 2 LINK_REPORT 2 -1 56 0 166496 3860 0 3076. 68. 17 26.73
55.852 2 INS 5084 1612 -4515424 1174404 -576716 -283049856 5219 3372 1424
55.852 2 GPS 3 43819035 447812752 3403 655156 250 0 2395 294409750 30 0
55.868 2 ATTITUDE 0.067 5.988353 -0.016224
55.900 2 INS 5084 1612 -4522336 1174404 -576716 -283275136 1691 1183 -7871
55.926 2 ROTORCRAFT_FP 1612 5084 4523721 -576716 1174404 283295264 262 -100 24498 0 0 0 0 2801 0
55.927 2 ATTITUDE 0.063353 5.974881 -0.027028
55.927 2 WP_MOVED_ENU 11 289 13698 1994
55.942 2 WP_MOVED_ENU 11 289 13698 1994
55.942 2 INS 5084 1612 -4529254 1174404 -576716 -283355296 -2151 4753 4109
55.982 2 STATIC_CONTROL 0 0. 0 0. 0. 0. 0. 0. 0. 0. 0. 0. 0.
55.983 2 GPS_INT 0 0 0 404515113 -37289286 705392 655156 0 0 0 73 14 294409750 98 24 3 1
55.983 2 ATTITUDE 0.065104 5.967857 -0.021446
56.008 2 INS 5084 1612 -4536175 1174404 -576716 -283695680 -1843 457 -13926
56.008 2 ROVER_STATUS 0 60 3 2 1 69 7.753552
56.024 2 ATTITUDE 0.070558 5.959304 -0.015393
56.067 2 GVF_PARAMETRIC 5 1 0.01238 -6.,7.398438,-3.4375,19.429688,20.609375,41.796875,42.96875,59.96875,0.,0.,0.,0.,0.,0.,0.,0. 0.12448,-0.158866
56.068 2 INS 5227 1546 -4543104 1148189 -566230 -283860384 6852 -5079 -14024
56.069 2 DL_VALUE 41 2.
56.069 2 ATTITUDE 0.07065 5.949865 -0.02664
56.124 2 INS 5227 1546 -4550036 1148189 -566230 -284074944 -1293 2471 -6853
56.124 2 GPS 3 43819008 447812807 3371 655163 245 -3 2395 294410000 30 0
56.125 2 GPS_INT 0 0 0 404515163 -37289318 705399 655163 0 0 0 73 14 294410000 98 24 3 1
56.125 2 ATTITUDE 0.069932 5.947255 -0.022477
56.140 2 INS 5227 1546 -4556975 1148189 -566230 -284225888 1982 4048 -7910
56.182 2 ROVER_CTRL 2.5 -0.088196 2802.116455 -1.200962 1400. 600. 1000. -51.154011 -123.473785 176.215179 2.588196 -0.
56.182 2 ROTORCRAFT_FP 1546 5227 4558362 -566230 1148189 284309568 303 -71 24348 0 0 0 0 2802 0
56.183 2 ATTITUDE 0.07921 5.944293 -0.018078
56.208 2 INS 5227 1546 -4563915 1148189 -566230 -284466784 -4729 231 -6336
56.208 2 SERIAL_COM 70 3993 3653 -2730 0 0 0 14 226 80 76 0 0 0 0 0
56.224 2 ATTITUDE 0.079183 5.941339 -0.0103
56.224 2 ROTORCRAFT_NAV_STATUS 21 21 0. 0. 5 0 2
56.240 2 IMU_MAG_RAW 255 0 0 0
56.256 2 INS 5360 1469 -4570861 1090518 -613416 -284673888 -2820 -4902 -26450
56.272 2 GPS_INT 0 0 0 404515211 -37289352 705432 655196 0 0 0 73 16 294410250 98 24 3 1
56.272 2 ATTITUDE 0.077022 5.938774 -0.015801
56.304 2 INS 5360 1469 -4577816 1090518 -613416 -284875360 569 -531 -10764
56.335 2 INS_REF 485058794 -31613915 411670613 404513324 -37290030 704601 654365 0.
56.335 2 ATTITUDE 0.076636 5.929312 -0.016987
56.351 2 INS 5360 1469 -4584772 1090518 -613416 -285038720 -7207 1114 -13226
56.351 2 GPS 3 43818980 447812861 3340 655196 239 -4 2395 294410250 30 0
56.366 2 ATTITUDE 0.074604 5.914917 -0.013672
56.399 2 INS 5360 1469 -4591732 1090518 -613416 -285227616 94 7065 -467
56.471 2 ROTORCRAFT_FP 1469 5360 4593124 -613416 1090518 285288992 296 -85 24197 0 0 0 0 2852 0
56.471 2 GPS_INT 0 0 0 404515211 -37289352 705432 655196 0 0 0 73 16 294410250 98 24 3 1
56.471 2 ATTITUDE 0.075302 5.905962 -0.022041
56.472 2 GVF_PARAMETRIC 5 1 0.014217 6.,16.4375,39.609375,43.179688,18.046875,27.347656,59.648438,52.,0.,0.,0.,0.,0.,0.,0.,0. 0.138301,-0.200788
56.472 2 INS 5360 1469 -4598698 1090518 -613416 -285412256 -6071 5268 -8248
56.472 2 ATTITUDE 0.079035 5.898798 -0.024327
56.502 2 INS 5493 1387 -4605670 1080032 -707788 -285695712 -1220 2974 4146
56.518 2 ATTITUDE 0.08415 5.892707 -0.030765
56.550 2 INS 5493 1387 -4612646 1085275 -707788 -285871552 4422 1426 -1706
56.567 2 GPS_INT 0 0 0 404515257 -37289390 705462 655226 0 0 0 73 16 294410500 98 24 3 1
56.567 2 ATTITUDE 0.080975 5.885413 -0.035633
56.608 2 INS 5493 1387 -4619628 1085275 -707788 -286057216 2419 5722 1820
56.609 2 GPS 3 43818948 447812912 3302 655226 247 2 2395 294410500 30 0
56.609 2 ATTITUDE 0.074084 5.880323 -0.024983
56.640 2 INS 5493 1387 -4626615 1085275 -707788 -286390560 -4080 713 -16510
56.679 2 ROVER_CTRL 2.5 -0.013914 2812.31543 0.358467 1400. 600. 1000. -64.467155 -19.479084 96.178055 2.513914 -0.
56.680 2 ROTORCRAFT_FP 1387 5493 4628014 -707788 1085275 286393344 302 -118 24042 0 0 0 0 2812 0
56.681 2 ATTITUDE 0.079754 5.868902 -0.026076
56.722 2 INS 5493 1387 -4633607 1085275 -707788 -286496576 -2567 -691 -9431
56.723 2 SERIAL_COM 70 2120 -2065 -7626 0 0 0 14 226 80 76 0 0 0 0 0
56.723 2 GPS_INT 0 0 0 404515257 -37289390 705462 655226 0 0 0 73 16 294410500 98 24 3 1
56.724 2 ATTITUDE 0.085513 5.856675 -0.035272
56.738 2 INS 5624 1300 -4640604 1116732 -665845 -286729472 185 2066 919
56.770 2 ATTITUDE 0.079321 5.860463 -0.028855
56.786 2 INS 5624 1300 -4647605 1127218 -671088 -286960896 5709 1141 -13900
56.818 2 ATTITUDE 0.088693 5.862535 -0.035792
56.827 2 LINK_REPORT 2 -1 57 0 169492 3928 0 2996. 68. 17 26.73
56.896 2 GVF_PARAMETRIC 5 1 0.016223 0.,0.2,0.2,0.5,0.5,0.05,59.648438,52.,0.,0.,0.,0.,0.,0.,0.,0. 0.113406,-0.185595
56.897 2 INS 5624 1300 -4654612 1127218 -671088 -287062176 -4299 3974 -2938
56.897 2 GPS 3 43818915 447812964 3298 655226 249 -5 2395 294410750 30 0
56.897 2 GPS_INT 0 0 0 404515303 -37289430 705462 655226 0 0 0 73 14 294410750 98 24 3 1
56.898 2 ATTITUDE 0.094243 5.86341 -0.03222
56.898 2 INS 5624 1300 -4661623 1127218 -671088 -287326272 -9004 5887 -7844
56.921 2 ROTORCRAFT_FP 1300 5624 4663025 -671088 1127218 287355200 386 -89 24032 0 0 0 0 2856 0
56.921 2 ATTITUDE 0.096291 5.865687 -0.012941
56.937 2 INS 5624 1300 -4668641 1127218 -671088 -287513408 2176 -1485 -16535
56.968 2 STATIC_CONTROL 0 0. 0 0. 0. 0. 0. 0. 0. 0. 0. 0. 0.
56.968 2 ATTITUDE 0.094762 5.865687 -0.021482
57.000 2 INS 5624 1300 -4675660 1127218 -671088 -287667424 -2749 -1494 -6142
57.030 2 GPS_INT 0 0 0 404515303 -37289430 705462 655226 0 0 0 73 14 294410750 98 24 3 1
57.031 2 ATTITUDE 0.096524 5.865393 -0.02645
57.031 2 IMU_MAG_RAW 255 0 0 0
57.046 2 INS 5762 1216 -4682686 1116732 -686816 -287918144 -3245 4207 -7566
57.062 2 ATTITUDE 0.095269 5.864318 -0.017572
57.108 2 INS 5762 1216 -4689717 1121975 -686816 -288163072 -7553 504 -17315
57.108 2 GPS 3 43818882 447813017 3293 655213 251 -12 2395 294411000 30 0
57.108 2 ATTITUDE 0.09326 5.856003 -0.018261
57.140 2 INS 5762 1216 -4696757 1121975 -686816 -288351072 206 5678 4673
57.212 2 ROVER_CTRL 2.5 0.030473 2828.133057 0.596734 1400. 600. 1000. -60.814045 42.662193 46.467781 2.469527 -0.
57.212 2 ROTORCRAFT_FP 1216 5762 4698170 -686816 1121975 288393312 405 -106 23967 0 0 0 0 2828 0
57.213 2 GPS_INT 0 0 0 404515351 -37289469 705449 655213 0 0 0 73 15 294411000 98 24 3 1
57.213 2 ATTITUDE 0.10012 5.851776 -0.020827
57.213 2 INS 5762 1216 -4703798 1121975 -686816 -288530784 2719 2643 5575
57.213 2 SERIAL_COM 71 4258 -5946 -4031 0 0 0 14 227 80 76 0 0 0 0 0
57.213 2 ATTITUDE 0.099225 5.853436 -0.024008
57.228 2 WP_MOVED_ENU 12 760 1031 2560
57.228 2 WP_MOVED_ENU 12 760 1031 2560
57.281 2 GVF_PARAMETRIC 5 1 0.017991 -6.,7.398438,-3.4375,19.429688,20.609375,41.796875,42.96875,59.96875,0.,0.,0.,0.,0.,0.,0.,0. 0.121879,-0.219975
57.282 2 INS 5895 1131 -4710844 1169161 -655359 -288703456 4489 3338 4904
57.282 2 ATTITUDE 0.106396 5.85129 -0.02323
57.297 2 INS 5895 1131 -4717898 1163918 -660602 -289020096 6967 -600 -3620
57.313 2 GPS_INT 0 0 0 404515399 -37289508 705491 655256 0 0 0 73 15 294411250 98 25 3 1
57.313 2 ATTITUDE 0.108035 5.847234 -0.024359
57.329 2 DATALINK_REPORT 3 19 4665 3043 0 0
57.357 2 INS 5895 1131 -4724952 1163918 -660602 -289227136 6840 -2067 -9989
57.357 2 GPS 3 43818849 447813071 3301 655256 256 3 2395 294411250 30 0
57.357 2 ATTITUDE 0.104478 5.840953 -0.032036
57.389 2 INS 5895 1131 -4732016 1163918 -660602 -289421600 2239 378 -2580
57.416 2 ROTORCRAFT_FP 1131 5895 4733430 -660602 1163918 289455552 401 -107 23940 0 0 0 0 2756 0
57.416 2 ATTITUDE 0.092975 5.844913 -0.025965
57.447 2 INS 5895 1131 -4739084 1163918 -660602 -289692224 1204 -1091 -21861
57.474 2 GPS_INT 0 0 0 404515399 -37289508 705491 655256 0 0 0 73 15 294411250 98 25 3 1
57.475 2 ATTITUDE 0.104201 5.842909 -0.02821
57.501 2 INS 6036 1047 -4746160 1179646 -676330 -289861696 535 3642 -10132
57.501 2 ROVER_STATUS 0 56 3 2 1 71 7.771214
57.517 2 ATTITUDE 0.094801 5.844674 -0.039448
57.533 2 INS 6036 1047 -4753237 1179646 -676330 -290088448 -2279 5657 -9514
57.565 2 ATTITUDE 0.093072 5.849285 -0.03447
57.597 2 INS 6036 1047 -4760320 1179646 -676330 -290238720 974 859 535
57.597 2 GPS 3 43818817 447813125 3302 655292 259 6 2395 294411500 30 0
57.623 2 GPS_INT 0 0 0 404515448 -37289547 705528 655292 0 0 0 73 15 294411500 98 25 3 1
57.624 2 ATTITUDE 0.096403 5.849 -0.031185
57.721 2 GVF_PARAMETRIC 5 1 0.02013 6.,16.4375,39.609375,43.179688,18.046875,27.347656,59.648438,52.,0.,0.,0.,0.,0.,0.,0.,0. 0.100413,-0.208211
57.722 2 INS 6036 1047 -4767408 1179646 -676330 -290442080 1807 3355 -1150
57.722 2 ROVER_CTRL 2.5 0.012298 2677.34375 0.780409 1400. 600. 1000. -52.824322 17.217016 -86.975098 2.487702 -0.
57.723 2 ROTORCRAFT_FP 1047 6036 4768828 -676330 1179646 290511328 417 -99 23956 0 0 0 0 2677 0
57.723 2 DL_VALUE 42 6.
57.723 2 ATTITUDE 0.104699 5.847146 -0.029433
57.723 2 INS 6036 1047 -4774501 1179646 -676330 -290656864 838 1210 -20255
57.724 2 SERIAL_COM 71 6618 -7107 -14154 0 0 0 14 227 80 76 0 0 0 0 0
57.724 2 ATTITUDE 0.097959 5.842109 -0.025629
57.750 2 INS 6184 965 -4781600 1226832 -644873 -290860000 -751 34 -11256
57.750 2 GPS_SOL 73 14 94 24
57.776 2 GPS_INT 0 0 0 404515500 -37289585 705519 655283 0 0 0 73 14 294411750 94 24 3 1
57.776 2 ATTITUDE 0.095072 5.843019 -0.028139
57.792 2 INS 6184 965 -4788704 1237318 -650116 -291073344 -3503 3454 -11120
57.808 2 ATTITUDE 0.098997 5.843967 -0.026498
57.824 2 ROTORCRAFT_NAV_STATUS 22 22 0. 0. 5 0 2
57.824 2 IMU_MAG_RAW 255 0 0 0
57.828 2 LINK_REPORT 2 -1 58 0 172680 4000 0 3188. 72. 17 26.73
57.850 2 INS 6184 965 -4795811 1237318 -650116 -291300704 732 1159 -13547
57.850 2 GPS 3 43818785 447813183 3314 655283 266 -2 2395 294411750 30 0
57.866 2 ATTITUDE 0.088174 5.846676 -0.024334
57.898 2 INS 6184 965 -4802929 1237318 -650116 -291534624 1041 5630 -11857
57.935 2 ROTORCRAFT_FP 965 6184 4804349 -650116 1237318 291564224 354 -85 23941 0 0 0 0 2649 0
57.935 2 GPS_INT 0 0 0 404515500 -37289585 705519 655283 0 0 0 73 14 294411750 94 24 3 1
57.936 2 ALIVE 122,195,7,233,5,247,195,75,60,187,26,129,128,90,246,93
57.936 2 ATTITUDE 0.089316 5.846878 -0.025731
57.961 2 INS 6184 965 -4810046 1237318 -650116 -291735968 -7058 -322 -3712
57.961 2 STATIC_CONTROL 0 0. 0 0. 0. 0. 0. 0. 0. 0. 0. 0. 0.
57.962 2 ATTITUDE 0.096981 5.84845 -0.02458
57.993 2 INS 6184 965 -4817171 1237318 -650116 -291893664 -6503 2020 -751
58.009 2 ATTITUDE 0.099461 5.848916 -0.0183
58.073 2 GVF_PARAMETRIC 5 1 0.022132 0.,0.2,0.2,0.5,0.5,0.05,59.648438,52.,0.,0.,0.,0.,0.,0.,0.,0. 0.078551,-0.180214
58.074 2 INS 6328 888 -4824302 1163918 -597687 -292168992 6342 154 -4117
58.074 2 GPS_INT 0 0 0 404515551 -37289621 705551 655315 0 0 0 73 14 294412000 94 24 3 1
58.074 2 ATTITUDE 0.093742 5.84926 -0.020177
58.113 2 INS 6328 888 -4831437 1163918 -597687 -292414432 -3422 312 -2572
58.114 2 ENERGY 28 7.753552 1.675 12.987199 3.564706 0.010318 0.078693
58.114 2 GPS 3 43818755 447813240 3322 655315 249 5 2395 294412000 30 0
58.114 2 ATTITUDE 0.10073 5.847986 -0.02077
58.160 2 INS 6328 888 -4838580 1163918 -597687 -292633664 4215 1555 498
58.161 2 ROVER_CTRL 2.5 -0.021611 2687.567627 0.544095 1400. 600. 1000. -55.436279 -30.256033 -26.869774 2.521611 -0.
58.202 2 ROTORCRAFT_FP 888 6328 4840008 -597687 1163918 292688544 385 -82 23947 0 0 0 0 2687 0
58.202 2 ATTITUDE 0.091585 5.85119 -0.020924
58.202 2 INS 6328 888 -4845726 1163918 -597687 -292843168 76 6081 1573
58.202 2 SERIAL_COM 72 1558 3091 -4945 0 0 0 14 228 80 76 0 0 0 0 0
58.228 2 GPS_INT 0 0 0 404515551 -37289621 705551 655315 0 0 0 73 14 294412000 94 24 3 1
58.228 2 ATTITUDE 0.09459 5.848247 -0.013731
58.244 2 INS 6479 808 -4852878 1284504 -618659 -293164320 5718 1354 -6190
58.259 2 ATTITUDE 0.091352 5.842453 -0.017862
58.291 2 INS 6479 808 -4860039 1289747 -618659 -293308320 12568 -2968 -10027
58.292 2 STATE_FILTER_STATUS 6 3 0
58.307 2 ATTITUDE 0.088522 5.838033 -0.015553
58.349 2 INS 6479 808 -4867199 1289747 -618659 -293543648 4062 3694 2621
58.350 2 GPS 3 43818725 447813298 3335 655302 273 1 2395 294412250 30 0
58.375 2 GPS_INT 0 0 0 404515603 -37289657 705538 655302 0 0 0 73 14 294412250 94 24 3 1
58.376 2 ATTITUDE 0.087486 5.837484 -0.014439
58.391 2 INS 6479 808 -4874366 1289747 -618659 -293799520 -3279 2776 -29131
58.417 2 ROTORCRAFT_FP 808 6479 4875809 -618659 1289747 293825664 344 -86 23924 0 0 0 0 2496 0
58.418 2 ATTITUDE 0.08576 5.840553 -0.0206
58.470 2 GVF_PARAMETRIC 5 1 0.024161 -6.,7.398438,-3.4375,19.429688,20.609375,41.796875,42.96875,59.96875,0.,0.,0.,0.,0.,0.,0.,0. 0.09525,-0.223765
58.471 2 INS 6479 808 -4881541 1289747 -618659 -294005920 3362 -8496 -17046
58.471 2 ATTITUDE 0.088175 5.840403 -0.02108
58.486 2 INS 6625 732 -4888720 1163918 -618659 -294229376 3933 -10811 -23112
58.512 2 GPS_INT 0 0 0 404515655 -37289693 705547 655311 0 0 0 73 16 294412500 98 24 3 1
58.513 2 ATTITUDE 0.084491 5.840397 -0.020878
58.513 2 WP_MOVED_ENU 13 775 -1018 2560
58.543 2 WP_MOVED_ENU 13 775 -1018 2560
58.543 2 INS 6625 732 -4895906 1169161 -618659 -294409120 -656 1939 -9381
58.559 2 ATTITUDE 0.087004 5.838314 -0.026377
58.601 2 INS 6625 732 -4903098 1169161 -618659 -294659488 -5231 556 -13580
58.601 2 GPS 3 43818695 447813356 3329 655311 253 7 2395 294412500 30 0
58.602 2 ATTITUDE 0.087395 5.839 -0.021754
58.617 2 IMU_MAG_RAW 255 0 0 0
58.633 2 INS 6625 732 -4910292 1169161 -618659 -294842240 682 2485 -5610
58.709 2 ROVER_CTRL 2.5 -0.069584 2606.761719 0.851189 1400. 600. 1000. -70.417244 -97.417786 -25.820732 2.569584 -0.
58.709 2 ROTORCRAFT_FP 732 6625 4911738 -618659 1169161 294876352 364 -72 23915 0 0 0 0 2606 0
58.710 2 GPS_INT 0 0 0 404515655 -37289693 705547 655311 0 0 0 73 16 294412500 98 24 3 1
58.710 2 ATTITUDE 0.085679 5.83818 -0.015469
58.710 2 INS 6625 732 -4917492 1169161 -618659 -295108896 3242 285 -9846
58.711 2 SERIAL_COM 72 -162 4860 -2174 0 0 0 14 228 80 76 0 0 0 0 0
58.711 2 ATTITUDE 0.08827 5.838096 -0.028649
58.741 2 INS 6768 655 -4924700 1148189 -592444 -295291264 -6794 5369 -7595
58.757 2 ATTITUDE 0.092683 5.839599 -0.028235
58.789 2 INS 6768 655 -4931911 1158675 -592444 -295590688 -3517 -4416 -29789
58.819 2 GPS_INT 0 0 0 404515705 -37289727 705520 655284 0 0 0 73 15 294412750 113 23 3 1
58.819 2 ATTITUDE 0.092572 5.842611 -0.020692
58.828 2 LINK_REPORT 2 -1 59 0 175716 4068 0 3036. 68. 17 26.73
58.868 2 GVF_PARAMETRIC 5 1 0.026201 6.,16.4375,39.609375,43.179688,18.046875,27.347656,59.648438,52.,0.,0.,0.,0.,0.,0.,0.,0. 0.077607,-0.200949
58.869 2 INS 6768 655 -4939128 1158675 -592444 -295797920 -69 -2429 -17402
58.870 2 GPS 3 43818666 447813412 3330 655284 247 -9 2395 294412750 30 0
58.870 2 ATTITUDE 0.085118 5.843349 -0.031231
58.884 2 INS 6768 655 -4946351 1158675 -592444 -295956672 -964 2316 -6431
58.916 2 ROTORCRAFT_FP 655 6768 4947797 -592444 1158675 296019488 400 -111 23939 0 0 0 0 2631 0
58.916 2 ATTITUDE 0.099938 5.846235 -0.02478
58.932 2 INS 6768 655 -4953581 1158675 -592444 -296157024 1525 -6190 -5330
58.948 2 STATIC_CONTROL 0 0. 0 0. 0. 0. 0. 0. 0. 0. 0. 0. 0.
58.997 2 GPS_INT 0 0 0 404515705 -37289727 705520 655284 0 0 0 73 15 294412750 113 23 3 1
58.997 2 AUTOPILOT_VERSION 60200 v6.2_unstable-650-g74eaf7c20-dirty
58.998 2 ATTITUDE 0.105459 5.850625 -0.028702
58.998 2 INS 6768 655 -4960813 1158675 -592444 -296381888 3790 924 -17589
58.998 2 ROVER_STATUS 0 57 3 2 1 72 7.780045
59.013 2 ATTITUDE 0.100919 5.85303 -0.03073
59.029 2 INS 6909 581 -4968052 1169161 -613416 -296652128 -5330 4490 -4011
59.060 2 ATTITUDE 0.106841 5.857088 -0.02175
59.093 2 INS 6909 581 -4975296 1169161 -618659 -296781568 1329 2497 -528
59.093 2 GPS 3 43818637 447813468 3326 655326 252 19 2395 294413000 30 0
59.119 2 GPS_INT 0 0 0 404515755 -37289762 705562 655326 0 0 0 73 15 294413000 113 24 3 1
59.119 2 ATTITUDE 0.093562 5.860473 -0.014749
59.173 2 INS 6909 581 -4982545 1169161 -618659 -296975840 5042 6054 5840
59.174 2 ROVER_CTRL 2.5 -0.069639 2604.597168 1.055591 1400. 600. 1000. -91.411728 -97.494888 -6.914139 2.569639 -0.
59.174 2 ROTORCRAFT_FP 581 6909 4984002 -618659 1169161 297000928 365 -36 24018 0 0 0 0 2604 0
59.174 2 ATTITUDE 0.093054 5.862742 -0.009615
59.200 2 INS 6909 581 -4989796 1169161 -618659 -297245088 2037 1774 -14607
59.201 2 SERIAL_COM 73 6054 5042 5840 0 0 0 14 229 80 76 0 0 0 0 0
59.201 2 ATTITUDE 0.09705 5.864458 -0.017548
59.277 2 GVF_PARAMETRIC 5 1 0.027982 0.,0.2,0.2,0.5,0.5,0.05,59.648438,52.,0.,0.,0.,0.,0.,0.,0.,0. 0.090336,-0.234922
59.277 2 INS 6909 581 -4997067 1169161 -618659 -297463744 7651 -1554 -7100
59.278 2 GPS_INT 0 0 0 404515805 -37289797 705535 655299 0 0 0 73 15 294413250 107 24 3 1
59.278 2 DL_VALUE 43 0.7
59.278 2 ATTITUDE 0.105504 5.867487 -0.024132
59.292 2 INS 7052 504 -5004320 1184889 -608173 -297710304 -3337 2177 -4925
59.308 2 ATTITUDE 0.098844 5.877177 -0.018621
59.350 2 INS 7052 504 -5011593 1184889 -608173 -297868192 4652 517 -6384
59.351 2 GPS 3 43818608 447813523 3329 655299 254 -6 2395 294413250 30 0
59.351 2 ATTITUDE 0.0938 5.882103 -0.02441
59.382 2 INS 7052 504 -5018868 1184889 -608173 -298113408 -2847 7000 3143
59.445 2 ROTORCRAFT_FP 504 7052 5020322 -608173 1184889 298193568 405 -91 24116 0 0 0 0 2608 0
59.446 2 GPS_INT 0 0 0 404515805 -37289797 705535 655299 0 0 0 73 15 294413250 107 24 3 1
59.446 2 ATTITUDE 0.102184 5.883913 -0.023412
59.446 2 ROTORCRAFT_NAV_STATUS 24 24 0. 0. 5 0 2
59.446 2 IMU_MAG_RAW 255 0 0 0
59.447 2 INS 7052 504 -5026147 1184889 -608173 -298308800 -9499 -12 -7356
59.461 2 ATTITUDE 0.102807 5.886168 -0.020374
59.493 2 INS 7052 504 -5033434 1184889 -608173 -298522592 3635 3904 -6188
59.509 2 ATTITUDE 0.107622 5.892334 -0.029355
59.541 2 INS 7198 437 -5040724 1190132 -482344 -298756288 -3375 2752 -11880
59.557 2 GPS_INT 0 0 0 404515857 -37289828 705521 655285 0 0 0 73 15 294413500 113 24 3 1
59.558 2 ATTITUDE 0.113281 5.905019 -0.028898
59.589 2 INS 7198 437 -5048019 1190132 -482344 -298937440 -3909 2360 -6887
59.589 2 GPS 3 43818582 447813581 3353 655285 245 -7 2395 294413500 30 0
59.605 2 ATTITUDE 0.110771 5.909015 -0.022593
59.716 2 GVF_PARAMETRIC 5 1 0.030109 -6.,7.398438,-3.4375,19.429688,20.609375,41.796875,42.96875,59.96875,0.,0.,0.,0.,0.,0.,0.,0. 0.078137,-0.216769
59.717 2 INS 7198 437 -5055330 1190132 -482344 -299154688 -4808 1294 -3495
59.717 2 ROVER_CTRL 2.5 -0.056673 2681.675293 0.151508 1400. 600. 1000. -111.444199 -79.34227 72.12162 2.556673 -0.
59.717 2 ROTORCRAFT_FP 437 7198 5056780 -482344 1190132 299210176 475 -94 24193 0 0 0 0 2681 0
59.718 2 ATTITUDE 0.11121 5.909089 -0.020017
59.718 2 INS 7198 437 -5062626 1190132 -482344 -299399008 1306 2132 2914
59.718 2 SERIAL_COM 73 5649 9661 -9043 0 0 0 14 229 80 76 0 0 0 0 0
59.719 2 GPS_INT 0 0 0 404515857 -37289828 705521 655285 0 0 0 73 15 294413500 113 24 3 1
59.719 2 ATTITUDE 0.116009 5.917069 -0.022681
59.743 2 INS 7198 437 -5069937 1190132 -482344 -299588608 1805 2262 -4329
59.743 2 GPS_SOL 73 14 113 22
59.759 2 ATTITUDE 0.120873 5.924084 -0.029378
59.791 2 INS 7349 373 -5077253 1294990 -503316 -299811552 8670 784 -5336
59.807 2 ATTITUDE 0.116996 5.930328 -0.024427
59.807 2 WP_MOVED_ENU 14 -760 -1031 2560
59.823 2 WP_MOVED_ENU 14 -760 -1031 2560
59.829 2 LINK_REPORT 2 -1 60 0 178836 4138 0 3120. 70. 17 26.73
59.839 2 INS 7349 373 -5084575 1294990 -503316 -300090336 3642 -4044 -21673
59.839 2 GPS 3 43818558 447813640 3375 655286 265 8 2395 294413750 30 0
59.866 2 GPS_INT 0 0 0 404515910 -37289857 705522 655286 0 0 0 73 14 294413750 113 22 3 1
59.866 2 ATTITUDE 0.114182 5.933724 -0.02334
59.882 2 INS 7349 373 -5091902 1294990 -503316 -300277024 9616 -2840 -9043
59.908 2 ROTORCRAFT_FP 373 7349 5093369 -503316 1294990 300298368 467 -106 24326 0 0 0 0 2621 0
59.908 2 ATTITUDE 0.120728 5.937386 -0.034993
59.950 2 INS 7349 373 -5099234 1294990 -503316 -300510176 -3367 9987 -6489
59.950 2 STATIC_CONTROL 0 0. 0 0. 0. 0. 0. 0. 0. 0. 0. 0. 0.
59.951 2 ATTITUDE 0.11637 5.940063 -0.032152
59.982 2 INS 7349 373 -5106574 1294990 -503316 -300715712 4235 153 -16230
60.008 2 GPS_INT 0 0 0 404515910 -37289857 705522 655286 0 0 0 73 14 294413750 113 22 3 1
60.008 2 ATTITUDE 0.113544 5.936895 -0.031361
60.050 2 GVF_PARAMETRIC 5 1 0.032163 6.,16.4375,39.609375,43.179688,18.046875,27.347656,59.648438,52.,0.,0.,0.,0.,0.,0.,0.,0. 0.07058,-0.184261
60.051 2 INS 7503 317 -5113927 1253047 -398458 -300899456 2865 -714 -9013
60.051 2 ATTITUDE 0.111361 5.934256 -0.028525
60.093 2 INS 7503 317 -5121264 1253047 -398458 -301194816 -6059 1405 -14983
60.094 2 GPS 3 43818537 447813700 3401 655294 251 10 2395 294414000 30 0
60.109 2 ATTITUDE 0.116357 5.927419 -0.03099
60.126 2 INS 7503 317 -5128619 1253047 -398458 -301354240 460 3764 -9160
60.202 2 ROVER_CTRL 2.5 -0.04951 2598.512207 -0.789786 1400. 600. 1000. -126.295372 -69.314339 -6.175041 2.54951 -0.
60.203 2 ROTORCRAFT_FP 317 7503 5130092 -398458 1253047 301413152 433 -164 24275 0 0 0 0 2598 0
60.203 2 GPS_INT 0 0 0 404515964 -37289883 705530 655294 0 0 0 73 14 294414000 94 24 3 1
60.204 2 ATTITUDE 0.108681 5.924016 -0.039643
60.204 2 INS 7503 317 -5135980 1253047 -398458 -301512864 -2007 2841 -1360
60.204 2 SERIAL_COM 74 5512 -2559 1236 0 0 0 14 230 80 76 0 0 0 0 0
60.205 2 ATTITUDE 0.118465 5.9217 -0.033981
60.218 2 IMU_MAG_RAW 255 0 0 0
60.234 2 INS 7503 317 -5143348 1253047 -398458 -301827616 1946 -1866 -3399
60.250 2 ATTITUDE 0.107237 5.916784 -0.040222
60.282 2 INS 7651 263 -5150713 1232075 -450887 -301950432 -1838 3519 -8813
60.308 2 GPS_INT 0 0 0 404516016 -37289908 705596 655360 0 0 0 73 14 294414250 94 24 3 1
60.309 2 ATTITUDE 0.116428 5.911705 -0.050785
60.324 2 INS 7651 263 -5158090 1232075 -450887 -302240096 2288 5031 113
60.340 2 PONG 
60.340 2 GPS 3 43818516 447813758 3401 655360 250 14 2395 294414250 30 0
60.356 2 ATTITUDE 0.118725 5.913383 -0.049681
60.388 2 INS 7651 263 -5165467 1232075 -450887 -302358240 3269 -4250 -13099
60.404 2 ROTORCRAFT_FP 263 7651 5166944 -450887 1232075 302414304 532 -220 24194 0 0 0 0 2735 0
60.405 2 ATTITUDE 0.123625 5.912838 -0.051798
60.468 2 GVF_PARAMETRIC 5 1 0.034204 0.,0.2,0.2,0.5,0.5,0.05,59.648438,52.,0.,0.,0.,0.,0.,0.,0.,0. 0.092476,-0.226591
60.469 2 INS 7651 263 -5172852 1232075 -450887 -302601344 6268 -729 -1142
60.469 2 GPS_INT 0 0 0 404516016 -37289908 705596 655360 0 0 0 73 14 294414250 94 24 3 1
60.470 2 ATTITUDE 0.116346 5.907578 -0.05321
60.484 2 INS 7651 263 -5180243 1232075 -450887 -302877856 1696 2474 -21096
60.484 2 ROVER_STATUS 0 48 3 2 1 74 7.727059
60.500 2 ATTITUDE 0.117216 5.902985 -0.061316
60.532 2 INS 7800 207 -5187639 1232075 -456130 -303059680 3064 3584 -6843
60.548 2 ATTITUDE 0.118308 5.903138 -0.053199
60.591 2 INS 7800 207 -5195040 1232075 -456130 -303281504 5287 2424 -12047
60.591 2 GPS 3 43818494 447813817 3400 655377 251 18 2395 294414500 30 0
60.617 2 GPS_INT 0 0 0 404516069 -37289934 705613 655377 0 0 0 73 13 294414500 107 24 3 1
60.618 2 ALIVE 122,195,7,233,5,247,195,75,60,187,26,129,128,90,246,93
60.618 2 ATTITUDE 0.119145 5.906652 -0.040686
60.671 2 INS 7800 207 -5202445 1232075 -456130 -303496992 6079 2419 -16720
60.672 2 ROVER_CTRL 2.5 -0.021435 2642.412598 -0.390454 1400. 600. 1000. -136.242584 -30.008698 8.535385 2.521435 -0.
60.672 2 ROTORCRAFT_FP 207 7800 5203928 -456130 1232075 303533472 473 -167 24187 0 0 0 0 2642 0
60.673 2 ATTITUDE 0.122419 5.905953 -0.048499
60.687 2 INS 7800 207 -5209856 1232075 -456130 -303683104 -3062 5950 -8265
60.687 2 SERIAL_COM 74 2577 -7186 -12663 0 0 0 14 230 80 76 0 0 0 0 0
60.703 2 ATTITUDE 0.127131 5.909754 -0.050339
60.735 2 INS 7800 207 -5217272 1232075 -456130 -303890240 -4842 4011 -13411
60.761 2 GPS_INT 0 0 0 404516121 -37289961 705629 655393 0 0 0 73 13 294414750 94 25 3 1
60.761 2 ATTITUDE 0.117454 5.92332 -0.032609
60.777 2 INS 7948 148 -5224694 1221589 -461373 -304082880 3969 1729 -5434
60.808 2 ATTITUDE 0.115575 5.933979 -0.033025
60.830 2 LINK_REPORT 2 -1 61 0 181802 4204 0 2966. 66. 18 42.27
60.861 2 GVF_PARAMETRIC 5 1 0.036499 -6.,7.398438,-3.4375,19.429688,20.609375,41.796875,42.96875,59.96875,0.,0.,0.,0.,0.,0.,0.,0. 0.084058,-0.204936
60.862 2 INS 7948 148 -5232121 1221589 -461373 -304295776 -333 3185 -6280
60.862 2 GPS 3 43818472 447813875 3398 655393 248 11 2395 294414750 30 0
60.862 2 DL_VALUE 44 2.
60.863 2 ATTITUDE 0.126234 5.940018 -0.0384
60.877 2 INS 7948 148 -5239555 1221589 -461373 -304482304 5256 -117 -1407
60.915 2 ROTORCRAFT_FP 148 7948 5241040 -461373 1221589 304584704 489 -169 24319 0 0 0 0 2626 0
60.915 2 GPS_INT 0 0 0 404516121 -37289961 705629 655393 0 0 0 73 13 294414750 94 25 3 1
60.916 2 ATTITUDE 0.119214 5.941981 -0.036893
60.958 2 INS 7948 148 -5246989 1221589 -461373 -304734592 6854 2435 -14750
60.958 2 STATIC_CONTROL 0 0. 0 0. 0. 0. 0. 0. 0. 0. 0. 0. 0.
60.959 2 ATTITUDE 0.102752 5.935292 -0.031319
60.974 2 INS 7948 148 -5254431 1221589 -461373 -305005760 6658 5077 -3132
61.005 2 ATTITUDE 0.119629 5.92977 -0.042808
61.006 2 ROTORCRAFT_NAV_STATUS 25 25 0. 0. 5 0 2
61.021 2 IMU_MAG_RAW 255 0 0 0
61.037 2 INS 8092 89 -5261877 1195375 -424672 -305126976 7264 1227 -14295
61.054 2 GPS_INT 0 0 0 404516172 -37289987 705676 655440 0 0 0 73 14 294415000 98 24 3 1
61.054 2 ATTITUDE 0.12191 5.93004 -0.045285
61.085 2 INS 8092 89 -5269330 1195375 -424672 -305404800 8206 8458 -1690
61.086 2 GPS 3 43818450 447813932 3402 655440 243 4 2395 294415000 30 0
61.101 2 ATTITUDE 0.103833 5.931535 -0.028838
61.117 2 WP_MOVED_ENU 15 -775 1018 2560
61.118 2 WP_MOVED_ENU 15 -775 1018 2560
61.161 2 INS 8092 89 -5276788 1195375 -424672 -305558656 5216 9257 -9581
61.161 2 ROVER_CTRL 2.5 -0.015434 2687.745117 -0.181467 1400. 600. 1000. -142.405518 -21.607304 51.665306 2.515434 -0.
61.162 2 ROTORCRAFT_FP 89 8092 5278280 -424672 1195375 305658560 394 -124 24311 0 0 0 0 2687 0
61.163 2 ATTITUDE 0.108636 5.935148 -0.031535
61.216 2 INS 8092 89 -5284250 1195375 -424672 -305753728 -4339 3895 -9899
61.217 2 SERIAL_COM 75 -9116 1863 -19526 0 0 0 14 231 80 76 0 0 0 0 0
61.217 2 GPS_INT 0 0 0 404516172 -37289987 705676 655440 0 0 0 73 14 294415000 98 24 3 1
61.218 2 ATTITUDE 0.121623 5.93363 -0.027463
61.253 2 GVF_PARAMETRIC 5 1 0.038714 6.,16.4375,39.609375,43.179688,18.046875,27.347656,59.648438,52.,0.,0.,0.,0.,0.,0.,0.,0. 0.092742,-0.245603
61.254 2 INS 8092 89 -5291718 1195375 -424672 -306029056 -7625 10585 -3354
61.254 2 ATTITUDE 0.122754 5.928111 -0.037037
61.285 2 INS 8235 35 -5299190 1158675 -435158 -306164480 9775 700 -1485
61.302 2 ATTITUDE 0.121492 5.932868 -0.057784
61.358 2 INS 8235 35 -5306669 1158675 -435158 -306479680 -577 6163 1342
61.358 2 GPS 3 43818429 447813987 3399 655439 235 6 2395 294415250 30 0
61.359 2 GPS_INT 0 0 0 404516221 -37290012 705675 655439 0 0 0 73 14 294415250 98 24 3 1
61.359 2 ATTITUDE 0.100796 5.93447 -0.064861
61.374 2 INS 8235 35 -5314158 1158675 -435158 -306714560 -3940 73 -3780
61.413 2 ROTORCRAFT_FP 35 8235 5315653 -435158 1158675 306742944 282 -349 24308 0 0 0 0 2751 0
61.414 2 INS_REF 485058794 -31613915 411670613 404513324 -37290030 704601 654365 0.
61.414 2 ATTITUDE 0.064447 5.935407 -0.080734
61.429 2 INS 8235 35 -5321646 1158675 -435158 -306800768 2513 11658 1218
61.445 2 ATTITUDE 0.057725 5.914226 -0.038177
61.477 2 INS 8235 35 -5329139 1158675 -435158 -307137312 27168 3564 -12254
61.503 2 GPS_INT 0 0 0 404516270 -37290037 705715 655479 0 0 0 73 15 294415500 94 25 3 1
61.503 2 STATE_FILTER_STATUS 6 3 0
61.504 2 ATTITUDE 0.073788 5.877801 0.01332
61.535 2 INS 8373 -17 -5336638 1142946 -419430 -307332928 13267 8143 -9827
61.551 2 ATTITUDE 0.096524 5.859516 -0.014936
61.583 2 INS 8373 -17 -5344142 1142946 -419430 -307475008 -5763 5738 -20032
61.583 2 GPS 3 43818409 447814041 3400 655479 233 12 2395 294415500 30 0
61.599 2 ATTITUDE 0.121117 5.859977 -0.053924
61.706 2 GVF_PARAMETRIC 5 1 0.041389 0.,0.2,0.2,0.5,0.5,0.05,59.648438,52.,0.,0.,0.,0.,0.,0.,0.,0. 0.075602,-0.236766
61.707 2 INS 8373 -17 -5351651 1142946 -419430 -307743552 -4139 9666 -16194
61.707 2 ROVER_CTRL 2.5 0.02172 2752.728516 0.602984 1400. 600. 1000. -141.135315 30.407906 63.586235 2.47828 -0.
61.707 2 ROTORCRAFT_FP -17 8373 5353153 -419430 1142946 307780800 455 -211 24060 0 0 0 0 2752 0
61.708 2 GPS_INT 0 0 0 404516270 -37290037 705715 655479 0 0 0 73 15 294415500 94 25 3 1
61.708 2 ATTITUDE 0.114614 5.878839 -0.044528
61.708 2 INS 8373 -17 -5359165 1142946 -419430 -307965536 2498 205 -13512
61.709 2 SERIAL_COM 75 8143 13267 -9827 0 0 0 14 231 80 76 0 0 0 0 0
61.709 2 ATTITUDE 0.114562 5.884907 -0.029746
61.737 2 INS 8373 -17 -5366688 1142946 -419430 -308085856 -2796 3377 -2061
61.737 2 GPS_SOL 73 16 113 24
61.752 2 ATTITUDE 0.118701 5.886626 -0.015893
61.769 2 INS 8509 -74 -5374209 1132461 -519044 -308337728 374 2666 -20756
61.815 2 GPS_INT 0 0 0 404516318 -37290064 705680 655444 0 0 0 73 16 294415750 113 24 3 1
61.815 2 ATTITUDE 0.114488 5.891326 -0.022316
61.815 2 IMU_MAG_RAW 255 0 0 0
61.830 2 LINK_REPORT 2 -1 62 0 185004 4276 0 3202. 72. 18 42.27
61.831 2 INS 8509 -74 -5381743 1132461 -519044 -308465600 6335 4977 -2540
61.831 2 GPS 3 43818386 447814095 3379 655444 237 8 2395 294415750 30 0
61.846 2 ATTITUDE 0.117833 5.898616 -0.020978
61.878 2 INS 8509 -74 -5389272 1132461 -519044 -308703072 -7396 2057 -7452
61.904 2 ROTORCRAFT_FP -74 8509 5390780 -519044 1132461 308741024 480 -85 24154 0 0 0 0 2870 0
61.905 2 ATTITUDE 0.123524 5.904081 -0.015262
61.920 2 INS 8509 -74 -5396810 1132461 -519044 -308945152 8162 -7572 -19664
61.961 2 STATIC_CONTROL 0 0. 0 0. 0. 0. 0. 0. 0. 0. 0. 0. 0.
61.961 2 GPS_INT 0 0 0 404516318 -37290064 705680 655444 0 0 0 73 16 294415750 113 24 3 1
61.961 2 ATTITUDE 0.110846 5.914056 -0.021844
61.987 2 INS 8509 -74 -5404354 1132461 -519044 -309129312 442 4989 -7365
61.987 2 ROVER_STATUS 0 58 3 2 1 75 7.73589
62.002 2 ATTITUDE 0.124209 5.926134 -0.027857
62.045 2 GVF_PARAMETRIC 5 1 0.044256 -6.,7.398438,-3.4375,19.429688,20.609375,41.796875,42.96875,59.96875,0.,0.,0.,0.,0.,0.,0.,0. 0.040075,-0.226628
62.045 2 INS 8650 -138 -5411905 1179646 -482344 -309412960 -1765 -265 -18170
62.046 2 ATTITUDE 0.123059 5.941926 -0.028511
62.086 2 INS 8650 -138 -5419461 1190132 -482344 -309579904 -4332 9415 -12984
62.087 2 GPS 3 43818362 447814149 3379 655416 244 -11 2395 294416000 30 0
62.113 2 GPS_INT 0 0 0 404516367 -37290093 705652 655416 0 0 0 73 16 294416000 113 25 3 1
62.113 2 ATTITUDE 0.116685 5.958003 -0.0229
62.155 2 INS 8650 -138 -5427022 1190132 -482344 -309837568 821 -229 -17802
62.156 2 ROVER_CTRL 2.5 0.069964 2800.626953 2.595727 1400. 600. 1000. -126.204872 97.949837 29.301643 2.430036 -0.
62.156 2 ROTORCRAFT_FP -138 8650 5428540 -482344 1190132 309926272 466 -94 24441 0 0 0 0 2800 0
62.156 2 ATTITUDE 0.115621 5.969751 -0.028306
62.185 2 INS 8650 -138 -5434588 1190132 -482344 -310065088 -5905 -1814 -15044
62.186 2 SERIAL_COM 76 -3081 -7633 -6537 0 0 0 14 232 80 76 0 0 0 0 0
62.201 2 ATTITUDE 0.115945 5.980626 -0.032697
62.217 2 INS 8650 -138 -5442157 1190132 -482344 -310226208 -14929 -7929 -13493
62.250 2 GPS_INT 0 0 0 404516417 -37290118 705623 655387 0 0 0 73 16 294416250 100 26 3 1
62.250 2 ATTITUDE 0.12067 5.990146 -0.030605
62.281 2 INS 8791 -194 -5449734 1169161 -403701 -310491424 2717 -6396 -10642
62.297 2 ATTITUDE 0.11851 6.012674 -0.043501
62.329 2 INS 8791 -194 -5457317 1169161 -403701 -310728032 7118 -3408 -9865
62.329 2 GPS 3 43818341 447814205 3397 655387 236 -1 2395 294416250 30 0
62.345 2 ATTITUDE 0.110091 6.038106 -0.050386
62.377 2 INS 8791 -194 -5464908 1169161 -403701 -310889760 -1025 -1721 -13537
62.426 2 ROTORCRAFT_FP -194 8791 5466425 -403701 1169161 310979232 462 -200 24736 0 0 0 0 2873 0
62.427 2 GPS_INT 0 0 0 404516417 -37290118 705623 655387 0 0 0 73 16 294416250 100 26 3 1
62.428 2 ATTITUDE 0.118391 6.04694 -0.047676
62.428 2 DATALINK_REPORT 2 20 5016 3069 0 0
62.428 2 WP_MOVED_ENU 16 50798 51645 2557
62.429 2 WP_MOVED_ENU 16 50798 51645 2557
62.462 2 GVF_PARAMETRIC 5 1 0.047531 6.,16.4375,39.609375,43.179688,18.046875,27.347656,59.648438,52.,0.,0.,0.,0.,0.,0.,0.,0. 0.011403,-0.281536
62.463 2 INS 8791 -194 -5472500 1169161 -403701 -311146240 3522 -672 -6095
62.463 2 DL_VALUE 45 6.
62.463 2 ATTITUDE 0.125949 6.065464 -0.041407
62.478 2 INS 8791 -194 -5480096 1169161 -403701 -311333600 2648 1955 -10426
62.494 2 ATTITUDE 0.120479 6.081723 -0.051685
62.526 2 INS 8931 -235 -5487701 1195375 -298843 -311570528 -2881 6675 -1620
62.552 2 GPS_INT 0 0 0 404516467 -37290138 705607 655371 0 0 0 73 17 294416500 113 24 3 1
62.552 2 ATTITUDE 0.130843 6.096692 -0.073626
62.568 2 INS 8931 -235 -5495310 1195375 -298843 -311846624 -3510 2190 -21525
62.597 2 ENERGY 30 7.647581 2.35 17.971815 4.115862 0.012408 0.09491
62.597 2 GPS 3 43818325 447814261 3429 655371 236 -1 2395 294416500 30 0
62.597 2 ATTITUDE 0.124422 6.126071 -0.068547
62.643 2 ROTORCRAFT_NAV_STATUS 27 27 0. 0. 5 0 2
62.643 2 IMU_MAG_RAW 255 0 0 0
62.643 2 INS 8931 -235 -5502924 1195375 -298843 -312087008 5772 -2697 -18079
62.644 2 ROVER_CTRL 2.5 0.102366 2919.858887 3.483465 1400. 600. 1000. -100.683357 143.312698 77.843666 2.397634 0.
62.685 2 ROTORCRAFT_FP -235 8931 5504449 -298843 1195375 312143616 489 -287 25150 0 0 0 0 2919 0
62.685 2 ATTITUDE 0.125586 6.150145 -0.076038
62.685 2 INS 8931 -235 -5510547 1195375 -298843 -312230880 -2483 2178 -2265
62.686 2 SERIAL_COM 76 -690 5211 -22966 0 0 0 14 232 80 76 0 0 0 0 0
62.711 2 GPS_INT 0 0 0 404516467 -37290138 705607 655371 0 0 0 73 17 294416500 113 24 3 1
62.711 2 ATTITUDE 0.132403 6.1696 -0.080187
62.727 2 INS 8931 -235 -5518172 1195375 -298843 -312514624 -11809 533 -18381
62.743 2 ATTITUDE 0.137066 6.200045 -0.06563
62.775 2 INS 9080 -261 -5525805 1284504 -110100 -312658496 6443 -18134 -9560
62.790 2 ATTITUDE 0.126562 6.230358 -0.072019
62.831 2 LINK_REPORT 2 -1 63 0 188017 4345 0 3013. 69. 18 42.27
62.865 2 GVF_PARAMETRIC 5 1 0.051081 0.,0.2,0.2,0.5,0.5,0.05,59.648438,52.,0.,0.,0.,0.,0.,0.,0.,0. -0.047471,-0.265723
62.866 2 INS 9080 -261 -5533439 1284504 -110100 -312959328 718 -1225 -1044
62.866 2 GPS 3 43818315 447814318 3496 655371 247 13 2395 294416750 30 0
62.866 2 GPS_INT 0 0 0 404516519 -37290150 705607 655371 0 0 0 73 18 294416750 100 26 3 1
62.867 2 ATTITUDE 0.115201 6.261724 -0.088256
62.880 2 INS 9080 -261 -5541081 1284504 -110100 -313177408 573 -11858 -19946
62.897 2 ROTORCRAFT_FP -261 9080 5542611 -110100 1284504 313198528 446 -346 25709 0 0 0 0 2888 0
62.897 2 ATTITUDE 0.115992 0.007035 -0.084541
62.943 2 INS 9080 -261 -5548731 1284504 -110100 -313397696 -7003 -2066 -7876
62.943 2 STATIC_CONTROL 0 0. 0 0. 0. 0. 0. 0. 0. 0. 0. 0. 0.
62.943 2 ATTITUDE 0.127327 0.031129 -0.088919
62.974 2 INS 9080 -261 -5556386 1284504 -110100 -313636192 267 1051 -217
63.000 2 GPS_INT 0 0 0 404516519 -37290150 705607 655371 0 0 0 73 18 294416750 100 26 3 1
63.001 2 ATTITUDE 0.098969 0.06202 -0.09777
63.032 2 INS 9239 -258 -5564042 1321204 110100 -313710560 10299 1652 -469
63.048 2 ATTITUDE 0.106225 0.079573 -0.086541
63.064 2 INS 9239 -258 -5571710 1321204 110100 -314021056 131 -2380 356
63.080 2 GPS 3 43818317 447814379 3572 655371 254 8 2395 294417000 30 0
63.096 2 ATTITUDE 0.112863 0.104157 -0.086228
63.188 2 INS 9239 -258 -5579376 1321204 110100 -314394880 7095 -4424 -17913
63.189 2 ROVER_CTRL 2.5 0.107377 2827.663086 3.14752 1400. 600. 1000. -67.470291 150.327881 -54.550171 2.392623 0.
63.189 2 ROTORCRAFT_FP -258 9239 5580912 110100 1321204 314421760 473 -390 499 0 0 0 0 2827 0
63.190 2 GPS_INT 0 0 0 404516574 -37290148 705607 655371 0 0 0 73 18 294417000 97 26 3 1
63.190 2 ATTITUDE 0.105446 0.136968 -0.104826
63.190 2 INS 9239 -258 -5587053 1321204 110100 -314456160 -1186 -2069 -2105
63.191 2 SERIAL_COM 77 -5769 3562 -19124 0 0 0 14 233 80 76 0 0 0 0 0
63.191 2 ATTITUDE 0.106971 0.159979 -0.099639
63.242 2 GVF_PARAMETRIC 5 1 0.054561 -6.,7.398438,-3.4375,19.429688,20.609375,41.796875,42.96875,59.96875,0.,0.,0.,0.,0.,0.,0.,0. -0.108116,-0.288116
63.242 2 INS 9239 -258 -5594732 1321204 110100 -314760384 11008 -2049 -8265
63.242 2 ATTITUDE 0.102718 0.1811 -0.099804
63.273 2 INS 9392 -227 -5602420 1289747 351272 -314970752 2627 -2675 -18590
63.299 2 GPS_INT 0 0 0 404516629 -37290134 705642 655406 0 0 0 73 18 294417250 97 26 3 1
63.305 2 ALIVE 122,195,7,233,5,247,195,75,60,187,26,129,128,90,246,93
63.305 2 ATTITUDE 0.106011 0.2044 -0.119022
63.315 2 INS 9392 -227 -5610110 1289747 351272 -315158176 -9077 -1056 -6822
63.331 2 GPS 3 43818330 447814440 68 655406 256 9 2395 294417250 30 0
63.347 2 ATTITUDE 0.114304 0.228357 -0.106789
63.363 2 INS 9392 -227 -5617809 1289747 351272 -315418944 5177 -2685 -14715
63.409 2 ROTORCRAFT_FP -227 9392 5619348 351272 1289747 315472896 454 -390 1000 0 0 0 0 2774 0
63.410 2 ATTITUDE 0.107326 0.253544 -0.096804
63.410 2 IMU_MAG_RAW 255 0 0 0
63.425 2 INS 9392 -227 -5625509 1289747 351272 -315594400 3030 484 -13255
63.441 2 GPS_INT 0 0 0 404516629 -37290134 705642 655406 0 0 0 73 18 294417250 97 26 3 1
63.441 2 ATTITUDE 0.105502 0.279507 -0.098201
63.483 2 INS 9392 -227 -5633217 1289747 351272 -315806592 -2151 -9053 -18071
63.483 2 ROVER_STATUS 0 56 3 2 1 77 7.833031
63.499 2 ATTITUDE 0.099463 0.296212 -0.103804
63.515 2 INS 9548 -168 -5640928 1258290 566230 -316015488 -3035 -2725 -14298
63.547 2 ATTITUDE 0.098262 0.321691 -0.102279
63.563 2 INS 9548 -168 -5648644 1258290 566230 -316262528 -3827 5988 -12447
63.579 2 GPS 3 43818353 447814500 161 655416 265 -4 2395 294417500 30 0
63.605 2 GPS_INT 0 0 0 404516683 -37290107 705652 655416 0 0 0 73 17 294417500 97 26 3 1
63.605 2 ATTITUDE 0.094433 0.345664 -0.098233
63.685 2 GVF_PARAMETRIC 5 1 0.058202 6.,16.4375,39.609375,43.179688,18.046875,27.347656,59.648438,52.,0.,0.,0.,0.,0.,0.,0.,0. -0.164211,-0.236999
63.686 2 INS 9548 -168 -5656369 1258290 566230 -316472704 5071 -2685 -2000
63.686 2 ROVER_CTRL 2.5 0.05486 2679.462891 2.699503 1400. 600. 1000. -42.183163 76.804161 -154.829025 2.44514 0.
63.686 2 ROTORCRAFT_FP -168 9548 5657920 566230 1258290 316483040 356 -497 1481 0 0 0 0 2679 0
63.687 2 ATTITUDE 0.080912 0.36917 -0.118802
63.687 2 INS 9548 -168 -5664095 1258290 566230 -316559808 2404 2477 -4299
63.687 2 SERIAL_COM 77 -6629 11356 -31213 0 0 0 14 233 80 76 0 0 0 0 0
63.687 2 ATTITUDE 0.079199 0.383516 -0.103605
63.701 2 WP_MOVED_ENU 17 51645 -50798 2557
63.701 2 WP_MOVED_ENU 17 51645 -50798 2557
63.730 2 INS 9548 -168 -5671830 1258290 566230 -316957088 -2718 99 -3381
63.730 2 GPS_SOL 73 17 97 26
63.746 2 GPS_INT 0 0 0 404516683 -37290107 705652 655416 0 0 0 73 17 294417500 97 26 3 1
63.746 2 ATTITUDE 0.074185 0.389763 -0.095632
63.762 2 INS 9689 -87 -5679568 1090518 713031 -317113312 -2255 653 -28111
63.793 2 ATTITUDE 0.082399 0.407704 -0.10131
63.826 2 INS 9689 -87 -5687311 1090518 713031 -317303936 317 7373 -2683
63.826 2 GPS 3 43818385 447814555 237 655363 250 -2 2395 294417750 30 0
63.831 2 LINK_REPORT 2 -1 64 0 191228 4416 0 3211. 71. 18 42.27
63.841 2 ATTITUDE 0.088637 0.423113 -0.097499
63.873 2 INS 9689 -87 -5695058 1090518 713031 -317451968 1173 6416 -3083
63.910 2 ROTORCRAFT_FP -87 9689 5696610 713031 1090518 317536544 390 -395 1773 0 0 0 0 2752 0
63.911 2 GPS_INT 0 0 0 404516733 -37290070 705599 655363 0 0 0 73 18 294417750 97 26 3 1
63.911 2 ATTITUDE 0.093937 0.442281 -0.096807
63.940 2 INS 9689 -87 -5702811 1090518 713031 -317718528 3013 4981 -3239
63.941 2 STATIC_CONTROL 0 0. 0 0. 0. 0. 0. 0. 0. 0. 0. 0. 0.
63.941 2 ATTITUDE 0.082176 0.460113 -0.104038
63.972 2 INS 9689 -87 -5710570 1090518 713031 -317886592 -5384 -747 -15661
63.989 2 ATTITUDE 0.081577 0.47322 -0.101738
64.053 2 GVF_PARAMETRIC 5 1 0.060861 0.,0.2,0.2,0.5,0.5,0.05,59.648438,52.,0.,0.,0.,0.,0.,0.,0.,0. -0.222051,-0.2254
64.053 2 INS 9817 0 -5718332 1069546 744488 -318115104 -1719 -432 -17000
64.054 2 GPS_INT 0 0 0 404516778 -37290029 705567 655331 0 0 0 73 18 294418000 97 26 3 1
64.054 2 DL_VALUE 46 2.
64.054 2 ATTITUDE 0.083223 0.495616 -0.105415
64.078 2 INS 9817 0 -5726101 1069546 744488 -318308928 1168 1593 -4479
64.079 2 GPS 3 43818420 447814605 295 655331 249 -3 2395 294418000 30 0
64.094 2 ATTITUDE 0.095273 0.520786 -0.120301
64.110 2 INS 9817 0 -5733874 1069546 744488 -318544544 -7627 -9284 -13999
64.126 2 ROVER_CTRL 2.5 0.022077 2780. 3.138976 1400. 600. 1000. -32.65596 30.908251 -18.119812 2.477923 0.
64.153 2 ROTORCRAFT_FP 0 9817 5735431 744488 1069546 318552672 404 -484 2170 0 0 0 0 2780 0
64.154 2 ATTITUDE 0.094738 0.535665 -0.112666
64.218 2 INS 9817 0 -5741654 1069546 744488 -318783584 -1115 -20 -12127
64.219 2 SERIAL_COM 78 3560 6649 -1452 0 0 0 14 234 80 76 0 0 0 0 0
64.219 2 GPS_INT 0 0 0 404516778 -37290029 705567 655331 0 0 0 73 18 294418000 97 26 3 1
64.220 2 ATTITUDE 0.086777 0.558062 -0.117991
64.220 2 ROTORCRAFT_NAV_STATUS 29 29 0. 0. 5 0 2
64.220 2 IMU_MAG_RAW 255 0 0 0
64.220 2 INS 9817 0 -5749439 1069546 744488 -319014688 5478 -634 -5958
64.234 2 ATTITUDE 0.081676 0.580095 -0.13061
64.266 2 INS 9945 99 -5757230 1038089 870317 -319194272 -5228 -2438 232
64.282 2 ATTITUDE 0.094297 0.600843 -0.128282
64.328 2 INS 9945 99 -5765024 1038089 870317 -319432224 -4909 3448 2201
64.328 2 GPS 3 43818460 447814655 353 655304 260 3 2395 294418250 30 0
64.354 2 GPS_INT 0 0 0 404516823 -37289983 705540 655304 0 0 0 74 17 294418250 97 25 3 1
64.354 2 ATTITUDE 0.090827 0.631929 -0.130996
64.370 2 INS 9945 99 -5772825 1038089 870317 -319672032 4791 -6555 -22227
64.396 2 ROTORCRAFT_FP 99 9945 5774387 870317 1038089 319730048 348 -547 2661 0 0 0 0 2662 0
64.396 2 ATTITUDE 0.086751 0.661679 -0.13774
64.437 2 GVF_PARAMETRIC 5 1 0.06332 -6.,7.398438,-3.4375,19.429688,20.609375,41.796875,42.96875,59.96875,0.,0.,0.,0.,0.,0.,0.,0. -0.238499,-0.156277
64.438 2 INS 9945 99 -5780632 1038089 870317 -319875712 4069 16 -3123
64.438 2 ATTITUDE 0.091821 0.684609 -0.145311
64.469 2 INS 9945 99 -5788444 1038089 870317 -320105376 3110 -5420 -4345
64.495 2 GPS_INT 0 0 0 404516823 -37289983 705540 655304 0 0 0 74 17 294418250 97 25 3 1
64.495 2 ATTITUDE 0.08683 0.710211 -0.141663
64.511 2 INS 10060 212 -5796263 891288 969931 -320300064 9187 1652 -11467
64.543 2 ATTITUDE 0.080037 0.746841 -0.146133
64.575 2 INS 10060 212 -5804085 891288 969931 -320531936 6425 3548 -6299
64.575 2 GPS 3 43818504 447814699 414 655261 252 -2 2395 294418500 30 0
64.590 2 ATTITUDE 0.084379 0.767655 -0.145921
64.694 2 INS 10060 212 -5811912 891288 969931 -320720992 5195 -784 -1724
64.694 2 ROVER_CTRL 2.5 -0.019527 2659.67627 3.092815 1400. 600. 1000. -31.969065 -27.338076 -81.133842 2.519527 0.
64.694 2 ROTORCRAFT_FP 212 10060 5813475 969931 891288 320785536 343 -571 3225 0 0 0 0 2659 0
64.695 2 GPS_INT 0 0 0 404516863 -37289931 705496 655261 0 0 0 74 16 294418500 97 26 3 1
64.695 2 ATTITUDE 0.08338 0.802753 -0.140782
64.695 2 INS 10060 212 -5819742 891288 969931 -320931584 9467 2766 -2557
64.696 2 SERIAL_COM 78 -8439 -189 -13562 0 0 0 14 234 80 76 0 0 0 0 0
64.696 2 STATE_FILTER_STATUS 6 3 0
64.696 2 ATTITUDE 0.073488 0.839223 -0.145668
64.709 2 INS 10060 212 -5827579 891288 969931 -321165184 -63 -2863 -10621
64.741 2 ATTITUDE 0.055048 0.861139 -0.158965
64.773 2 INS 10155 345 -5835423 749731 1158675 -321368736 1953 -3928 -6910
64.789 2 GPS_INT 0 0 0 404516897 -37289870 705437 655201 0 0 0 74 15 294418750 97 25 3 1
64.790 2 ATTITUDE 0.054239 0.888066 -0.155711
64.833 2 LINK_REPORT 2 -1 65 0 194101 4480 0 2873. 64. 18 42.27
64.842 2 GVF_PARAMETRIC 5 1 0.065541 6.,16.4375,39.609375,43.179688,18.046875,27.347656,59.648438,52.,0.,0.,0.,0.,0.,0.,0.,0. -0.228313,-0.096912
64.843 2 INS 10155 345 -5843272 749731 1158675 -321601376 3452 2119 -8228
64.843 2 GPS 3 43818556 447814736 504 655201 264 -4 2395 294418750 30 0
64.843 2 ATTITUDE 0.046891 0.917526 -0.149873
64.858 2 INS 10155 345 -5851124 749731 1158675 -321760480 1389 -316 -696
64.890 2 ROTORCRAFT_FP 345 10155 5852695 1158675 749731 321862912 173 -647 3838 0 0 0 0 2621 0
64.891 2 ATTITUDE 0.036723 0.948429 -0.161415
64.950 2 INS 10155 345 -5858982 749731 1158675 -322012512 6420 -3623 -16661
64.951 2 STATIC_CONTROL 0 0. 0 0. 0. 0. 0. 0. 0. 0. 0. 0. 0.
64.951 2 GPS_INT 0 0 0 404516897 -37289870 705437 655201 0 0 0 74 15 294418750 97 25 3 1
64.951 2 ATTITUDE 0.030923 0.969824 -0.147292
64.976 2 INS 10155 345 -5866846 749731 1158675 -322244576 1539 1912 -7701
64.977 2 ROVER_STATUS 0 57 3 2 1 78 7.744721
64.992 2 ATTITUDE 0.034266 0.980554 -0.144537
64.992 2 WP_MOVED_ENU 18 -50798 -51645 2557
65.023 2 WP_MOVED_ENU 18 -50798 -51645 2557
65.023 2 IMU_MAG_RAW 255 0 0 0
65.024 2 INS 10155 345 -5874725 749731 1158675 -322457920 234 4541 -7414
65.039 2 ATTITUDE 0.02962 0.993711 -0.156919
65.071 2 INS 10232 488 -5882589 540016 1184889 -322613792 -2573 -700 794
65.071 2 GPS 3 43818612 447814765 581 655196 249 -2 2395 294419000 30 0
65.097 2 GPS_INT 0 0 0 404516924 -37289804 705432 655196 0 0 0 74 15 294419000 97 25 3 1
65.098 2 ATTITUDE 0.013084 1.010112 -0.150446
65.113 2 INS 10232 488 -5890470 540016 1184889 -322897248 -3876 -731 -4688
65.152 2 ROVER_CTRL 2.5 -0.049057 2710.313965 1.305421 1400. 600. 1000. -43.83078 -68.680145 22.530556 2.549057 0.
65.153 2 ROTORCRAFT_FP 488 10232 5892045 1184889 540016 322917248 36 -642 4181 0 0 0 0 2710 0
65.153 2 ATTITUDE 0.012962 1.023489 -0.146501
65.180 2 INS 10232 488 -5898351 540016 1184889 -323072256 7344 4997 -13479
65.181 2 SERIAL_COM 79 -731 -3876 -4688 0 0 0 14 235 80 76 0 0 0 0 0
65.181 2 ATTITUDE 0.001025 1.036399 -0.144907
65.245 2 GVF_PARAMETRIC 5 1 0.067376 0.,0.2,0.2,0.5,0.5,0.05,59.648438,52.,0.,0.,0.,0.,0.,0.,0.,0. -0.25547,-0.084533
65.246 2 INS 10232 488 -5906244 540016 1184889 -323349248 -1055 6379 988
65.246 2 GPS_INT 0 0 0 404516924 -37289804 705432 655196 0 0 0 74 15 294419000 97 25 3 1
65.247 2 ATTITUDE -0.005922 1.054313 -0.157131
65.261 2 INS 10291 637 -5914164 487587 1237318 -323525344 8334 8302 -7812
65.293 2 ATTITUDE -0.011207 1.067172 -0.156072
65.309 2 INS 10291 637 -5922039 487587 1237318 -323811232 8303 8646 -7994
65.340 2 GPS 3 43818671 447814788 640 655149 255 -1 2395 294419250 30 0
65.340 2 PONG 
65.340 2 ATTITUDE -0.014265 1.072666 -0.159963
65.372 2 INS 10291 637 -5929947 487587 1237318 -324044960 -163 6330 -14554
65.398 2 ROTORCRAFT_FP 637 10291 5931528 1237318 487587 324040992 -66 -665 4412 0 0 0 0 2692 0
65.398 2 GPS_INT 0 0 0 404516945 -37289735 705385 655149 0 0 0 74 14 294419250 97 25 3 1
65.399 2 ATTITUDE -0.009811 1.081688 -0.161514
65.414 2 INS 10291 637 -5937860 487587 1237318 -324250112 12967 8042 -14856
65.430 2 ATTITUDE -0.010694 1.089736 -0.157846
65.462 2 INS 10291 637 -5945778 487587 1237318 -324465696 5877 12579 -6643
65.478 2 ATTITUDE -0.01798 1.099302 -0.160792
65.510 2 INS 10347 791 -5953701 419430 1274018 -324689792 32 -4485 -8043
65.538 2 GPS_INT 0 0 0 404516964 -37289664 705384 655148 0 0 0 74 13 294419500 97 25 3 1
65.538 2 ATTITUDE -0.022854 1.105687 -0.160312
65.570 2 INS 10347 791 -5961630 419430 1274018 -324858016 4306 9151 -5906
65.570 2 GPS 3 43818731 447814809 682 655148 257 5 2395 294419500 30 0
65.694 2 GVF_PARAMETRIC 5 1 0.069737 -6.,7.398438,-3.4375,19.429688,20.609375,41.796875,42.96875,59.96875,0.,0.,0.,0.,0.,0.,0.,0. -0.238774,-0.057856
65.695 2 INS 10347 791 -5969574 419430 1274018 -325071488 1981 2425 -10812
65.695 2 ROVER_CTRL 2.5 -0.039388 2724.570068 0.998903 1400. 600. 1000. -57.287533 -55.142784 36.764145 2.539388 0.
65.696 2 ROTORCRAFT_FP 791 10347 5971151 1274018 419430 325104832 -66 -582 4578 0 0 0 0 2724 0
65.696 2 DL_VALUE 47 1.
65.697 2 ATTITUDE -0.018441 1.1216 -0.148038
65.697 2 INS 10347 791 -5977502 419430 1274018 -325270464 3324 6659 -17795
65.697 2 SERIAL_COM 79 -8858 883 -6216 0 0 0 14 235 80 76 0 0 0 0 0
65.698 2 GPS_INT 0 0 0 404516964 -37289664 705384 655148 0 0 0 74 13 294419500 97 25 3 1
65.698 2 ATTITUDE -0.019911 1.127818 -0.162341
65.722 2 INS 10347 791 -5985444 419430 1274018 -325442848 -3583 -6958 -9292
65.723 2 GPS_SOL 74 13 97 25
65.738 2 ATTITUDE -0.020407 1.134244 -0.154739
65.754 2 INS 10393 949 -5993396 414187 1279261 -325744256 -3069 -2701 -10606
65.786 2 ATTITUDE -0.015527 1.140782 -0.150425
65.802 2 ROTORCRAFT_NAV_STATUS 30 30 0. 0. 5 0 2
65.806 2 IMU_MAG_RAW 255 0 0 0
65.833 2 LINK_REPORT 2 -1 66 0 197183 4550 0 3082. 70. 19 41.87
65.842 2 INS 10393 949 -6001346 414187 1279261 -325915744 2388 -3760 -22227
65.843 2 GPS 3 43818793 447814827 703 655110 258 0 2395 294419750 30 0
65.843 2 GPS_INT 0 0 0 404516981 -37289592 705346 655110 0 0 0 73 12 294419750 97 26 3 1
65.843 2 ATTITUDE -0.020314 1.151278 -0.158493
65.858 2 INS 10393 949 -6009306 414187 1279261 -326118496 -2694 -7222 -6926
65.890 2 ATTITUDE -0.012467 1.160317 -0.146306
65.906 2 INS 10393 949 -6017270 414187 1279261 -326358560 2377 -1852 -14028
65.936 2 STATIC_CONTROL 0 0. 0 0. 0. 0. 0. 0. 0. 0. 0. 0. 0.
65.937 2 ATTITUDE -0.019113 1.166644 -0.124367
65.968 2 INS 10393 949 -6025240 414187 1279261 -326569504 12457 13533 -15606
65.994 2 GPS_INT 0 0 0 404516981 -37289592 705346 655110 0 0 0 73 12 294419750 97 26 3 1
65.995 2 ALIVE 122,195,7,233,5,247,195,75,60,187,26,129,128,90,246,93
65.995 2 ATTITUDE -0.030937 1.178921 -0.164457
66.033 2 GVF_PARAMETRIC 5 1 0.071656 6.,16.4375,39.609375,43.179688,18.046875,27.347656,59.648438,52.,0.,0.,0.,0.,0.,0.,0.,0. -0.269057,-0.054734
66.033 2 INS 10393 949 -6033226 414187 1279261 -326767008 -201 -11633 -17805
66.033 2 ATTITUDE -0.028298 1.191491 -0.189715
66.074 2 INS 10444 1108 -6041197 424672 1368390 -327099008 -872 -12167 -16647
66.074 2 GPS 3 43818856 447814847 715 655024 275 -27 2395 294420000 30 0
66.090 2 ATTITUDE -0.020929 1.1949 -0.17026
66.187 2 INS 10444 1108 -6049183 424672 1368390 -327216608 -4465 -803 -6128
66.187 2 ROVER_CTRL 2.5 -0.059977 2522.322266 1.44534 1400. 600. 1000. -70.450218 -83.967209 -123.620033 2.559977 0.
66.188 2 ROTORCRAFT_FP 1108 10444 6050789 1368390 424672 327356512 -85 -656 4908 0 0 0 0 2522 0
66.188 2 GPS_INT 0 0 0 404516999 -37289518 705260 655024 0 0 0 73 13 294420000 97 26 3 1
66.189 2 ATTITUDE -0.022226 1.202504 -0.151746
66.189 2 INS 10444 1108 -6057175 424672 1368390 -327422912 952 3841 -8217
66.189 2 SERIAL_COM 80 -2310 812 -6816 0 0 0 14 236 80 76 0 0 0 0 0
66.189 2 ATTITUDE -0.027407 1.20913 -0.140348
66.203 2 INS 10444 1108 -6065172 424672 1368390 -327676256 -2302 -7820 -12035
66.235 2 ATTITUDE -0.029242 1.215274 -0.137185
66.267 2 INS 10490 1277 -6073174 335544 1373633 -327826976 -1913 1509 1879
66.297 2 GPS_INT 0 0 0 404517015 -37289440 705185 654949 0 0 0 73 13 294420250 97 25 3 1
66.297 2 ATTITUDE -0.030406 1.234455 -0.140092
66.297 2 WP_MOVED_ENU 19 -51645 50798 2557
66.298 2 WP_MOVED_ENU 19 -51645 50798 2557
66.323 2 INS 10490 1277 -6081179 335544 1373633 -328044256 3171 -2025 -1166
66.323 2 GPS 3 43818922 447814864 738 654949 271 -25 2395 294420250 30 0
66.339 2 ATTITUDE -0.026787 1.247958 -0.137328
66.384 2 INS 10490 1277 -6089190 335544 1373633 -328245472 1893 -5089 -4458
66.384 2 ROTORCRAFT_FP 1277 10490 6090793 1373633 335544 328335008 -115 -564 5119 0 0 0 0 2548 0
66.385 2 ATTITUDE -0.025932 1.252243 -0.13244
66.478 2 GVF_PARAMETRIC 5 1 0.07416 0.,0.2,0.2,0.5,0.5,0.05,59.648438,52.,0.,0.,0.,0.,0.,0.,0.,0. -0.251731,-0.034173
66.479 2 INS 10490 1277 -6097218 335544 1373633 -328481824 -2996 817 -3839
66.479 2 GPS_INT 0 0 0 404517015 -37289440 705185 654949 0 0 0 73 13 294420250 97 25 3 1
66.480 2 ATTITUDE -0.03455 1.260074 -0.140846
66.480 2 INS 10490 1277 -6105229 335544 1373633 -328700992 2690 8002 -4437
66.480 2 INS_REF 485058794 -31613915 411670613 404513324 -37290030 704601 654365 0.
66.481 2 ROVER_STATUS 0 56 3 2 1 80 7.771214
66.481 2 ATTITUDE -0.033137 1.275166 -0.135497
66.510 2 INS 10529 1443 -6113257 314572 1326447 -328912448 8599 10445 -9753
66.526 2 ATTITUDE -0.033393 1.281321 -0.132295
66.570 2 INS 10529 1443 -6121290 314572 1326447 -329135488 780 2068 -4767
66.570 2 GPS 3 43818986 447814878 752 654907 261 -13 2395 294420500 30 0
66.596 2 GPS_INT 0 0 0 404517028 -37289365 705143 654907 0 0 0 73 13 294420500 88 26 3 1
66.596 2 ATTITUDE -0.035052 1.288811 -0.140823
66.596 2 IMU_MAG_RAW 255 0 0 0
66.611 2 INS 10529 1443 -6129326 314572 1326447 -329365056 -2634 -58 -6686
66.666 2 ROVER_CTRL 2.5 -0.094751 2529.092773 1.097283 1400. 600. 1000. -94.955086 -132.651566 -43.869019 2.594751 0.
66.666 2 ROTORCRAFT_FP 1443 10529 6130934 1326447 314572 329376928 -160 -583 5284 0 0 0 0 2529 0
66.666 2 ATTITUDE -0.03632 1.291111 -0.136482
66.667 2 INS 10529 1443 -6137368 314572 1326447 -329552320 6209 8116 -6610
66.667 2 SERIAL_COM 80 680 10595 -9424 0 0 0 14 236 80 76 0 0 0 0 0
66.681 2 ATTITUDE -0.042932 1.293567 -0.132275
66.713 2 INS 10529 1443 -6145416 314572 1326447 -329762720 5313 3611 -5065
66.729 2 GPS_INT 0 0 0 404517028 -37289365 705143 654907 0 0 0 73 13 294420500 88 26 3 1
66.730 2 ATTITUDE -0.04058 1.298583 -0.135132
66.762 2 INS 10565 1602 -6153470 304086 1342176 -330001856 -2696 2942 -5858
66.777 2 ATTITUDE -0.03628 1.302473 -0.134435
66.833 2 LINK_REPORT 2 -1 67 0 200162 4617 0 2979. 67. 19 41.87
66.842 2 GVF_PARAMETRIC 5 1 0.076523 -6.,7.398438,-3.4375,19.429688,20.609375,41.796875,42.96875,59.96875,0.,0.,0.,0.,0.,0.,0.,0. -0.228614,-0.021089
66.842 2 INS 10565 1602 -6161528 304086 1342176 -330179872 344 11475 -6077
66.842 2 GPS 3 43819048 447814892 761 654876 264 -8 2395 294420750 30 0
66.843 2 ATTITUDE -0.043739 1.298946 -0.134247
66.857 2 INS 10565 1602 -6169589 304086 1342176 -330384576 9393 11711 -12193
66.894 2 ROTORCRAFT_FP 1602 10565 6171202 1342176 304086 330398912 -164 -542 5304 0 0 0 0 2555 0
66.895 2 GPS_INT 0 0 0 404517041 -37289291 705112 654876 0 0 0 73 13 294420750 88 26 3 1
66.895 2 ATTITUDE -0.044754 1.299455 -0.133386
66.910 2 INS 10565 1602 -6177656 304086 1342176 -330645248 1816 6343 -14362
66.936 2 STATIC_CONTROL 0 0. 0 0. 0. 0. 0. 0. 0. 0. 0. 0. 0.
66.937 2 ATTITUDE -0.039787 1.302598 -0.131442
66.952 2 INS 10565 1602 -6185732 304086 1342176 -330788064 5478 2006 -8357
66.984 2 ATTITUDE -0.036832 1.305921 -0.132974
67.016 2 INS 10565 1602 -6193807 304086 1342176 -331045472 6645 15592 -14536
67.032 2 GPS_INT 0 0 0 404517041 -37289291 705112 654876 0 0 0 73 13 294420750 88 26 3 1
67.033 2 ATTITUDE -0.043789 1.314748 -0.128422
67.074 2 INS 10603 1766 -6201893 298843 1342176 -331232896 4631 1216 -9887
67.074 2 ENERGY 25 7.771214 1.4 10.8797 4.605195 0.014511 0.111217
67.075 2 GPS 3 43819112 447814906 768 654868 263 0 2395 294421000 30 0
67.075 2 ATTITUDE -0.042179 1.318441 -0.128404
67.106 2 INS 10603 1766 -6209980 298843 1342176 -331433952 5711 3676 -9276
67.144 2 ROVER_CTRL 2.5 -0.106273 2457.444824 1.273055 1400. 600. 1000. -124.887085 -148.782776 -69.522858 2.606273 0.
67.145 2 ROTORCRAFT_FP 1766 10603 6211599 1342176 298843 331474752 -163 -532 5413 0 0 0 0 2457 0
67.145 2 ATTITUDE -0.038503 1.318846 -0.133321
67.186 2 INS 10603 1766 -6218075 298843 1342176 -331659648 6071 10025 -7706
67.186 2 SERIAL_COM 81 2409 -3135 -244 0 0 0 14 237 80 76 0 0 0 0 0
67.187 2 GPS_INT 0 0 0 404517054 -37289216 705104 654868 0 0 0 73 12 294421000 88 26 3 1
67.187 2 ATTITUDE -0.042538 1.329096 -0.135525
67.240 2 GVF_PARAMETRIC 5 1 0.078478 6.,16.4375,39.609375,43.179688,18.046875,27.347656,59.648438,52.,0.,0.,0.,0.,0.,0.,0.,0. -0.259404,-0.021032
67.241 2 INS 10603 1766 -6226184 298843 1342176 -331890208 -857 1714 -7877
67.241 2 DL_VALUE 48 0.1
67.241 2 ATTITUDE -0.044594 1.333128 -0.139358
67.255 2 INS 10634 1930 -6234279 256900 1373633 -332067872 3442 8598 -10258
67.271 2 ATTITUDE -0.044385 1.33405 -0.13628
67.317 2 INS 10634 1930 -6242386 256900 1378876 -332311616 7296 14531 -12402
67.317 2 GPS 3 43819177 447814917 782 654846 268 2 2395 294421250 30 0
67.343 2 GPS_INT 0 0 0 404517065 -37289140 705082 654846 0 0 0 73 12 294421250 88 26 3 1
67.343 2 ATTITUDE -0.052689 1.343893 -0.134019
67.359 2 INS 10634 1930 -6250502 256900 1378876 -332502336 -2102 -5604 -10493
67.412 2 ROTORCRAFT_FP 1930 10634 6252126 1378876 256900 332574976 -216 -554 5512 0 0 0 0 2416 0
67.412 2 ATTITUDE -0.049667 1.344868 -0.13681
67.412 2 ROTORCRAFT_NAV_STATUS 32 32 0. 0. 5 0 2
67.413 2 IMU_MAG_RAW 255 0 0 0
67.413 2 INS 10634 1930 -6258621 256900 1378876 -332722368 4682 2333 -14753
67.428 2 ATTITUDE -0.045809 1.346233 -0.139126
67.460 2 INS 10634 1930 -6266749 256900 1378876 -332902848 -278 -732 -6983
67.486 2 GPS_INT 0 0 0 404517065 -37289140 705082 654846 0 0 0 73 12 294421250 88 26 3 1
67.486 2 DATALINK_REPORT 2 21 5367 3069 0 0
67.518 2 INS 10664 2094 -6274876 256900 1326447 -333148928 4399 2504 -14664
67.533 2 ATTITUDE -0.044129 1.350171 -0.133375
67.550 2 INS 10664 2094 -6283012 256900 1326447 -333264608 2046 -5679 -874
67.565 2 GPS 3 43819240 447814929 787 654840 258 8 2395 294421500 30 0
67.581 2 ATTITUDE -0.038694 1.352214 -0.133789
67.581 2 WP_MOVED_ENU 0 0 0 2560
67.597 2 WP_MOVED_ENU 0 0 0 2560
67.679 2 GVF_PARAMETRIC 5 1 0.081001 0.,0.2,0.2,0.5,0.5,0.05,59.648438,52.,0.,0.,0.,0.,0.,0.,0.,0. -0.243242,-0.014061
67.680 2 INS 10664 2094 -6291167 256900 1326447 -333530368 -281 -6639 -10667
67.681 2 ROVER_CTRL 2.5 -0.132668 2443.876709 1.098235 1400. 600. 1000. -161.81488 -185.734558 -9.36985 2.632668 0.
67.681 2 ROTORCRAFT_FP 2094 10664 6292785 1326447 256900 333567712 -158 -487 5556 0 0 0 0 2443 0
67.682 2 ATTITUDE -0.041872 1.360524 -0.12259
67.682 2 INS 10664 2094 -6299294 256900 1326447 -333711584 9785 8860 -18171
67.683 2 SERIAL_COM 81 2504 4399 -14664 0 0 0 14 237 80 76 0 0 0 0 0
67.683 2 ATTITUDE -0.046594 1.363618 -0.124866
67.710 2 INS 10664 2094 -6307444 256900 1326447 -333930624 4279 -11263 -12462
67.711 2 GPS_SOL 73 11 88 26
67.726 2 ATTITUDE -0.04189 1.367714 -0.125946
67.758 2 INS 10693 2255 -6315597 193986 1368390 -334148608 -1134 -2838 -12586
67.784 2 GPS_INT 0 0 0 404517086 -37288990 705049 654813 0 0 0 73 11 294421750 88 26 3 1
67.785 2 ATTITUDE -0.040697 1.376027 -0.125775
67.816 2 INS 10693 2255 -6323758 193986 1368390 -334339392 706 -1990 -8338
67.817 2 GPS 3 43819304 447814940 803 654813 264 0 2395 294421750 30 0
67.832 2 ATTITUDE -0.049981 1.384459 -0.132547
67.833 2 LINK_REPORT 2 -1 68 0 203357 4689 0 3195. 72. 19 41.87
67.848 2 INS 10693 2255 -6331926 193986 1368390 -334562496 822 1724 -2088
67.880 2 ROTORCRAFT_FP 2255 10693 6333557 1368390 193986 334622432 -179 -538 5660 0 0 0 0 2389 0
67.881 2 STATE_FILTER_STATUS 6 3 0
67.881 2 ATTITUDE -0.04147 1.383867 -0.131028
67.938 2 INS 10693 2255 -6340095 193986 1368390 -334782208 595 -5418 -10339
67.939 2 STATIC_CONTROL 0 0. 0 0. 0. 0. 0. 0. 0. 0. 0. 0. 0.
67.939 2 GPS_INT 0 0 0 404517086 -37288990 705049 654813 0 0 0 73 11 294421750 88 26 3 1
67.939 2 ATTITUDE -0.044027 1.385416 -0.122048
67.954 2 INS 10693 2255 -6348269 193986 1368390 -335002400 -3488 6505 -4649
67.970 2 ROVER_STATUS 0 51 3 2 1 81 7.806538
67.970 2 ATTITUDE -0.048483 1.387244 -0.131777
68.026 2 GVF_PARAMETRIC 5 1 0.083048 -6.,7.398438,-3.4375,19.429688,20.609375,41.796875,42.96875,59.96875,0.,0.,0.,0.,0.,0.,0.,0. -0.276503,-0.015347
68.026 2 INS 10693 2255 -6356450 193986 1368390 -335204192 5752 3603 -11273
68.027 2 ATTITUDE -0.051102 1.390778 -0.130879
68.067 2 INS 10716 2421 -6364637 188743 1357904 -335443872 -146 -3038 -3625
68.067 2 GPS 3 43819369 447814948 812 654766 262 -17 2395 294422000 30 0
68.093 2 GPS_INT 0 0 0 404517094 -37288914 705002 654766 0 0 0 73 11 294422000 88 26 3 1
68.094 2 ATTITUDE -0.056054 1.391108 -0.126692
68.137 2 INS 10716 2421 -6372829 188743 1357904 -335651232 -2528 5236 -8494
68.138 2 ROVER_CTRL 2.5 -0.137884 2463.511719 0.78759 1400. 600. 1000. -203.238434 -193.038132 58.960915 2.637884 0.
68.138 2 ROTORCRAFT_FP 2421 10716 6374468 1357904 188743 335667648 -243 -552 5726 0 0 0 0 2463 0
68.139 2 ATTITUDE -0.054923 1.39692 -0.13557
68.153 2 INS 10716 2421 -6381024 188743 1357904 -335843264 1522 1951 -1572
68.182 2 SERIAL_COM 82 -2899 -1211 -8923 0 0 0 14 238 80 76 0 0 0 0 0
68.182 2 ATTITUDE -0.044427 1.399997 -0.135097
68.183 2 IMU_MAG_RAW 255 0 0 0
68.198 2 INS 10716 2421 -6389227 188743 1357904 -336056256 8044 2502 -10594
68.228 2 GPS_INT 0 0 0 404517094 -37288914 705002 654766 0 0 0 73 11 294422000 88 26 3 1
68.229 2 ATTITUDE -0.044651 1.396769 -0.137518
68.260 2 INS 10744 2583 -6397433 209715 1315961 -336271392 2126 8494 -1252
68.310 2 INS 10744 2583 -6405643 209715 1315961 -336534592 424 -6426 -16419
68.310 2 GPS 3 43819432 447814958 809 654717 255 -7 2395 294422250 30 0
68.324 2 ATTITUDE -0.046078 1.399811 -0.140759
68.356 2 INS 10744 2583 -6413862 209715 1315961 -336680256 1224 8285 -6971
68.393 2 ROTORCRAFT_FP 2583 10744 6415507 1315961 209715 336749408 -192 -566 5737 0 0 0 0 2486 0
68.394 2 GPS_INT 0 0 0 404517104 -37288839 704953 654717 0 0 0 73 10 294422250 88 26 3 1
68.394 2 ATTITUDE -0.042149 1.398446 -0.134619
68.431 2 GVF_PARAMETRIC 5 1 0.085628 6.,16.4375,39.609375,43.179688,18.046875,27.347656,59.648438,52.,0.,0.,0.,0.,0.,0.,0.,0. -0.256367,-0.005432
68.432 2 INS 10744 2583 -6422096 209715 1315961 -336942016 5654 7799 -7863
68.432 2 ATTITUDE -0.046306 1.404841 -0.13841
68.447 2 INS 10744 2583 -6430312 209715 1315961 -337100096 -477 -3509 -7078
68.479 2 ATTITUDE -0.047723 1.408242 -0.140849
68.511 2 INS 10769 2746 -6438545 230686 1357904 -337305824 -1814 270 -4986
68.527 2 GPS_INT 0 0 0 404517113 -37288765 704925 654690 0 0 0 73 11 294422500 88 26 3 1
68.527 2 ATTITUDE -0.046621 1.413193 -0.132016
68.559 2 INS 10769 2746 -6446784 230686 1357904 -337566656 7638 265 -22576
68.559 2 GPS 3 43819495 447814968 806 654690 263 -2 2395 294422500 30 0
68.574 2 ATTITUDE -0.043668 1.423485 -0.136795
68.606 2 INS 10769 2746 -6455025 230686 1357904 -337731200 6316 4568 -13494
68.623 2 ROVER_CTRL 2.5 -0.113316 2388.922852 1.594347 1400. 600. 1000. -239.668198 -158.642151 -13.446808 2.613316 0.
68.694 2 ROTORCRAFT_FP 2746 10769 6456675 1357904 230686 337821728 -200 -589 5847 0 0 0 0 2388 0
68.695 2 ATTITUDE -0.049765 1.42756 -0.142695
68.695 2 INS 10769 2746 -6463274 230686 1357904 -337972128 4599 -9614 -14491
68.696 2 SERIAL_COM 82 5732 5754 -13153 0 0 0 14 238 80 76 0 0 0 0 0
68.697 2 GPS_INT 0 0 0 404517113 -37288765 704925 654690 0 0 0 73 11 294422500 88 26 3 1
68.697 2 ALIVE 122,195,7,233,5,247,195,75,60,187,26,129,128,90,246,93
68.698 2 ATTITUDE -0.035361 1.43329 -0.138673
68.698 2 INS 10769 2746 -6471529 230686 1357904 -338149824 3609 -6463 -1630
68.726 2 ATTITUDE -0.035106 1.446559 -0.133677
68.758 2 INS 10795 2905 -6479786 141557 1321204 -338316896 -1984 -1359 -3514
68.774 2 ATTITUDE -0.039783 1.455952 -0.13088
68.834 2 LINK_REPORT 2 -1 69 0 206118 4750 0 2761. 61. 19 41.87
68.860 2 GVF_PARAMETRIC 5 1 0.08834 0.,0.2,0.2,0.5,0.5,0.05,59.648438,52.,0.,0.,0.,0.,0.,0.,0.,0. -0.237728,0.011478
68.861 2 INS 10795 2905 -6488048 141557 1321204 -338597184 -829 9680 -917
68.861 2 GPS 3 43819558 447814977 821 654661 254 -4 2395 294422750 30 0
68.862 2 GPS_INT 0 0 0 404517122 -37288691 704897 654661 0 0 0 72 10 294422750 88 26 3 1
68.863 2 DL_VALUE 49 0.05
68.863 2 ATTITUDE -0.043444 1.469281 -0.125167
68.863 2 INS 10795 2905 -6496317 141557 1321204 -338796192 -1221 8332 -4377
68.875 2 ROTORCRAFT_FP 2905 10795 6497970 1321204 141557 338804288 -187 -543 6013 0 0 0 0 2436 0
68.876 2 ATTITUDE -0.048258 1.474499 -0.127669
68.891 2 WP_MOVED_ENU 1 0 0 2560
68.923 2 STATIC_CONTROL 0 0. 0 0. 0. 0. 0. 0. 0. 0. 0. 0. 0.
68.924 2 ATTITUDE -0.049385 1.479888 -0.129134
68.955 2 INS 10795 2905 -6512871 141557 1321204 -339250368 -1367 3284 -4626
68.986 2 GPS_INT 0 0 0 404517122 -37288691 704897 654661 0 0 0 72 10 294422750 88 26 3 1
68.987 2 ATTITUDE -0.045358 1.486216 -0.133427
68.987 2 ROTORCRAFT_NAV_STATUS 33 33 0. 0. 5 0 2
68.987 2 IMU_MAG_RAW 255 0 0 0
69.002 2 INS 10795 2905 -6521153 141557 1321204 -339446688 3976 9626 -11505
69.018 2 ATTITUDE -0.046747 1.488025 -0.137316
69.061 2 INS 10810 3064 -6529454 68157 1268775 -339678016 6825 11553 -11383
69.061 2 GPS 3 43819620 447814982 845 654632 243 -2 2395 294423000 30 0
69.123 2 INS 10810 3064 -6537737 68157 1268775 -339894240 13746 9997 -18978
69.123 2 ROVER_CTRL 2.5 -0.092836 2498.404541 1.261729 1400. 600. 1000. -271.793457 -129.970261 99.611282 2.592836 0.
69.171 2 ROTORCRAFT_FP 3064 10810 6539395 1268775 68157 339947680 -197 -539 6139 0 0 0 0 2498 0
69.172 2 GPS_INT 0 0 0 404517127 -37288618 704868 654632 0 0 0 72 10 294423000 90 26 3 1
69.172 2 ATTITUDE -0.048204 1.503424 -0.132661
69.172 2 INS 10810 3064 -6546036 68157 1268775 -340012832 5335 -5439 -9167
69.172 2 SERIAL_COM 83 3630 -6392 -6988 0 0 0 14 239 80 76 0 0 0 0 0
69.173 2 ATTITUDE -0.042854 1.503428 -0.129962
69.225 2 GVF_PARAMETRIC 5 1 0.090762 -6.,7.398438,-3.4375,19.429688,20.609375,41.796875,42.96875,59.96875,0.,0.,0.,0.,0.,0.,0.,0. -0.272441,0.023429
69.226 2 INS 10810 3064 -6554339 68157 1268775 -340312192 5551 -759 -27078
69.226 2 ATTITUDE -0.0542 1.514408 -0.120722
69.257 2 INS 10818 3217 -6562649 36700 1263532 -340469600 1251 -1515 -10274
69.273 2 GPS_INT 0 0 0 404517130 -37288548 704818 654582 0 0 0 72 10 294423250 88 26 3 1
69.273 2 ATTITUDE -0.056296 1.522063 -0.124571
69.305 2 INS 10818 3217 -6570963 47185 1263532 -340696512 7147 1357 -10643
69.305 2 GPS 3 43819679 447814985 864 654582 242 -8 2395 294423250 30 0
69.321 2 ATTITUDE -0.052669 1.527735 -0.123133
69.353 2 INS 10818 3217 -6579285 47185 1263532 -340904032 -34 -450 -327
69.379 2 ROTORCRAFT_FP 3217 10818 6580949 1263532 47185 340924000 -227 -507 6258 0 0 0 0 2559 0
69.380 2 ATTITUDE -0.053414 1.536237 -0.12294
69.424 2 INS 10818 3217 -6587611 47185 1263532 -341104896 -2598 -831 -4349
69.424 2 GPS_INT 0 0 0 404517130 -37288548 704818 654582 0 0 0 72 10 294423250 88 26 3 1
69.456 2 INS 10818 3217 -6595942 47185 1263532 -341354720 3218 8519 -6272
69.456 2 ROVER_STATUS 0 53 3 2 1 83 7.850692
69.471 2 ATTITUDE -0.042898 1.544915 -0.127418
69.504 2 INS 10821 3371 -6604279 -5242 1268775 -341602368 271 -108 -6992
69.519 2 ATTITUDE -0.051968 1.551125 -0.126139
69.579 2 INS 10821 3371 -6612620 -10485 1274018 -341834400 3286 4770 -6463
69.579 2 GPS 3 43819739 447814986 884 654553 244 -2 2395 294423500 30 0
69.579 2 GPS_INT 0 0 0 404517131 -37288477 704789 654553 0 0 0 72 10 294423500 88 26 3 1
69.580 2 ATTITUDE -0.063533 1.566964 -0.130194
69.665 2 GVF_PARAMETRIC 5 1 0.093758 6.,16.4375,39.609375,43.179688,18.046875,27.347656,59.648438,52.,0.,0.,0.,0.,0.,0.,0.,0. -0.254327,0.047346
69.665 2 INS 10821 3371 -6620967 -10485 1274018 -342040736 -1663 -2923 -10979
69.666 2 ROVER_CTRL 2.5 -0.038554 2529.114746 1.815559 1400. 600. 1000. -290.621979 -53.975201 73.480606 2.538554 0.
69.666 2 ROTORCRAFT_FP 3371 10821 6622637 1274018 -10485 342068032 -256 -525 6441 0 0 0 0 2529 0
69.667 2 ATTITUDE -0.058064 1.573898 -0.130132
69.667 2 INS 10821 3371 -6629322 -10485 1274018 -342227360 5411 5503 -15128
69.667 2 SERIAL_COM 83 2525 8450 -16972 0 0 0 14 239 80 76 0 0 0 0 0
69.667 2 ATTITUDE -0.056898 1.577703 -0.116818
69.709 2 INS 10821 3371 -6637676 -10485 1274018 -342477504 1807 2439 -11491
69.709 2 GPS_SOL 72 10 88 26
69.725 2 GPS_INT 0 0 0 404517131 -37288477 704789 654553 0 0 0 72 10 294423500 88 26 3 1
69.725 2 ATTITUDE -0.063399 1.594709 -0.116382
69.756 2 INS 10821 3527 -6646039 -62914 1300233 -342646432 5010 -7555 -4493
69.772 2 ATTITUDE -0.065219 1.604545 -0.124215
69.788 2 IMU_MAG_RAW 255 0 0 0
69.804 2 INS 10821 3527 -6654412 -73400 1300233 -342858976 4199 -3608 -4343
69.805 2 GPS 3 43819800 447814984 908 654509 250 -8 2395 294423750 30 0
69.820 2 ATTITUDE -0.055216 1.611247 -0.122692
69.835 2 LINK_REPORT 2 -1 70 0 209271 4820 0 3153. 70. 19 41.87
69.852 2 INS 10821 3527 -6662780 -73400 1300233 -343097568 -2985 4617 -8178
69.893 2 ROTORCRAFT_FP 3527 10821 6664456 1300233 -73400 343183296 -223 -513 6613 0 0 0 0 2553 0
69.894 2 GPS_INT 0 0 0 404517130 -37288405 704745 654509 0 0 0 72 9 294423750 88 26 3 1
69.894 2 ATTITUDE -0.051139 1.624525 -0.125023
69.930 2 INS 10821 3527 -6671159 -73400 1300233 -343326240 502 -4687 -20284
69.931 2 STATIC_CONTROL 0 0. 0 0. 0. 0. 0. 0. 0. 0. 0. 0. 0.
69.931 2 ATTITUDE -0.055911 1.633461 -0.123133
69.946 2 INS 10821 3527 -6679544 -73400 1300233 -343562112 1902 -3016 -2321
69.962 2 ATTITUDE -0.054516 1.644045 -0.115426
70.062 2 GVF_PARAMETRIC 5 1 0.096781 0.,0.2,0.2,0.5,0.5,0.05,59.648438,52.,0.,0.,0.,0.,0.,0.,0.,0. -0.290141,0.084629
70.062 2 INS 10821 3527 -6687934 -73400 1300233 -343741728 -2442 1554 -260
70.063 2 GPS_INT 0 0 0 404517130 -37288405 704745 654509 0 0 0 72 9 294423750 88 26 3 1
70.063 2 AUTOPILOT_VERSION 60200 v6.2_unstable-650-g74eaf7c20-dirty
70.063 2 ATTITUDE -0.049783 1.654929 -0.116604
70.063 2 INS 10810 3686 -6696329 -110100 1289747 -343972608 2713 4254 1210
70.063 2 GPS 3 43819862 447814980 928 654501 248 8 2395 294424000 30 0
70.064 2 ATTITUDE -0.052074 1.671012 -0.123336
70.109 2 INS 10810 3686 -6704729 -110100 1289747 -344211104 -902 6521 -12164
70.146 2 ROVER_CTRL 2.5 -0.001059 2575.271729 2.939993 1400. 600. 1000. -296.207947 -1.482677 72.956085 2.501059 0.
70.146 2 ROTORCRAFT_FP 3686 10810 6706410 1289747 -110100 344210592 -215 -473 6868 0 0 0 0 2575 0
70.147 2 ATTITUDE -0.049622 1.683118 -0.114037
70.147 2 INS 10810 3686 -6713134 -110100 1289747 -344434592 69 4239 -10993
70.162 2 SERIAL_COM 84 2363 5984 -17764 0 0 0 14 240 80 76 0 0 0 0 0
70.210 2 GPS_INT 0 0 0 404517127 -37288332 704737 654501 0 0 0 72 9 294424000 88 26 3 1
70.211 2 ATTITUDE -0.056377 1.697765 -0.106768
70.211 2 WP_MOVED_ENU 2 -276 -3691 2560
70.211 2 WP_MOVED_ENU 2 -276 -3691 2560
70.211 2 INS 10810 3686 -6721554 -110100 1289747 -344627008 -1574 5158 373
70.226 2 ATTITUDE -0.064191 1.724617 -0.116282
70.242 2 INS 10785 3840 -6729959 -288358 1289747 -344762400 -2605 -5402 -426
70.274 2 ATTITUDE -0.06201 1.746291 -0.122233
70.290 2 INS 10785 3840 -6738380 -288358 1289747 -344999424 2463 -2635 -5897
70.306 2 GPS 3 43819923 447814971 981 654481 253 3 2395 294424250 30 0
70.332 2 GPS_INT 0 0 0 404517119 -37288260 704717 654481 0 0 0 72 9 294424250 88 26 3 1
70.332 2 ATTITUDE -0.067242 1.762429 -0.12103
70.373 2 INS 10785 3840 -6746807 -288358 1289747 -345239648 9319 -2301 -19923
70.373 2 PONG 
70.373 2 ROTORCRAFT_FP 3840 10785 6748500 1289747 -288358 345288096 -301 -462 7287 0 0 0 0 2528 0
70.374 2 ATTITUDE -0.073326 1.784353 -0.109107
70.427 2 GVF_PARAMETRIC 5 1 0.100035 -6.,7.398438,-3.4375,19.429688,20.609375,41.796875,42.96875,59.96875,0.,0.,0.,0.,0.,0.,0.,0. -0.252975,0.127325
70.428 2 INS 10785 3840 -6755236 -288358 1289747 -345452864 -1312 -1376 -6236
70.429 2 DL_VALUE 50 1.
70.429 2 ATTITUDE -0.077638 1.806266 -0.095309
70.443 2 INS 10785 3840 -6763673 -288358 1289747 -345603712 -1326 1828 2530
70.475 2 GPS_INT 0 0 0 404517119 -37288260 704717 654481 0 0 0 72 9 294424250 88 26 3 1
70.475 2 ATTITUDE -0.062495 1.829379 -0.098833
70.491 2 INS 10746 3996 -6772111 -377487 1247804 -345772864 10574 2501 -4011
70.523 2 ATTITUDE -0.064216 1.853419 -0.093517
70.539 2 INS 10746 3996 -6780557 -377487 1247804 -346037760 5295 3456 -3536
70.555 2 GPS 3 43819983 447814955 1022 654456 250 3 2395 294424500 30 0
70.571 2 ATTITUDE -0.064439 1.874058 -0.09251
70.571 2 ROTORCRAFT_NAV_STATUS 35 35 0. 0. 5 0 2
70.661 2 IMU_MAG_RAW 255 0 0 0
70.662 2 INS 10746 3996 -6789006 -377487 1247804 -346273216 4381 5040 -10978
70.662 2 ROVER_CTRL 2.5 0.01961 2604.401855 3.243451 1400. 600. 1000. -293.22052 27.454233 70.285797 2.48039 0.
70.662 2 ROTORCRAFT_FP 3996 10746 6790698 1247804 -377487 346298816 -242 -381 7715 0 0 0 0 2604 0
70.663 2 GPS_INT 0 0 0 404517105 -37288189 704692 654456 0 0 0 72 9 294424500 88 26 3 1
70.663 2 ATTITUDE -0.052458 1.893036 -0.091313
70.663 2 INS 10746 3996 -6797462 -377487 1247804 -346457696 692 3334 -5944
70.664 2 SERIAL_COM 84 -2930 7568 -8348 0 0 0 14 240 80 76 0 0 0 0 0
70.664 2 ATTITUDE -0.059479 1.916215 -0.088879
70.693 2 INS 10746 3996 -6805923 -377487 1247804 -346668928 1386 127 -5706
70.709 2 ATTITUDE -0.067798 1.947446 -0.099196
70.741 2 INS 10690 4144 -6814392 -587202 1200618 -346935744 12982 7335 -20235
70.773 2 GPS_INT 0 0 0 404517085 -37288121 704684 654448 0 0 0 72 9 294424750 88 26 3 1
70.774 2 ATTITUDE -0.070457 1.970981 -0.097393
70.827 2 GVF_PARAMETRIC 5 1 0.10319 6.,16.4375,39.609375,43.179688,18.046875,27.347656,59.648438,52.,0.,0.,0.,0.,0.,0.,0.,0. -0.203419,0.164047
70.828 2 INS 10690 4144 -6822872 -587202 1205861 -347113888 -370 2982 -7959
70.828 2 GPS 3 43820041 447814932 1092 654448 256 5 2395 294424750 30 0
70.829 2 ATTITUDE -0.073841 1.991757 -0.087073
70.836 2 LINK_REPORT 2 -1 71 0 212426 4890 0 3155. 70. 20 74.72
70.842 2 INS 10690 4144 -6831336 -587202 1205861 -347319136 2503 -2485 -10499
70.869 2 ROTORCRAFT_FP 4144 10690 6833033 1205861 -587202 347373376 -319 -347 8241 0 0 0 0 2536 0
70.870 2 ATTITUDE -0.077773 2.021218 -0.084917
70.915 2 INS 10690 4144 -6839817 -587202 1205861 -347529632 2768 4140 -8548
70.916 2 STATIC_CONTROL 0 0. 0 0. 0. 0. 0. 0. 0. 0. 0. 0. 0.
70.954 2 GPS_INT 0 0 0 404517085 -37288121 704684 654448 0 0 0 72 9 294424750 88 26 3 1
70.954 2 ATTITUDE -0.072705 2.048835 -0.081512
70.954 2 INS 10690 4144 -6848306 -587202 1205861 -347706304 14287 -5811 -7855
70.955 2 ROVER_STATUS 0 43 3 2 1 84 7.73589
71.001 2 INS 10690 4144 -6856795 -587202 1205861 -347907776 2037 -1536 -5429
71.017 2 ATTITUDE -0.077416 2.077037 -0.077679
71.049 2 INS 10611 4280 -6865291 -723516 1032846 -348124128 6166 -3740 -6520
71.050 2 GPS 3 43820093 447814901 1161 654448 241 3 2395 294425000 30 0
71.110 2 GPS_INT 0 0 0 404517057 -37288059 704684 654448 0 0 0 71 10 294425000 88 26 3 1
71.111 2 STATE_FILTER_STATUS 6 3 0
71.111 2 ATTITUDE -0.068182 2.100496 -0.076107
71.111 2 INS 10611 4280 -6873791 -723516 1032846 -348345920 10190 7118 -12024
71.111 2 ROVER_CTRL 2.5 0.025816 2559.655029 2.393553 1400. 600. 1000. -285.440002 36.142349 9.10759 2.474184 0.
71.151 2 ROTORCRAFT_FP 4280 10611 6875493 1032846 -723516 348365952 -268 -323 8653 0 0 0 0 2559 0
71.152 2 ATTITUDE -0.070453 2.117243 -0.069942
71.152 2 INS 10611 4280 -6882299 -723516 1032846 -348542336 7233 2045 -2081
71.153 2 SERIAL_COM 85 7118 10190 -12024 0 0 0 14 241 80 76 0 0 0 0 0
71.167 2 ATTITUDE -0.079351 2.137 -0.070852
71.246 2 GVF_PARAMETRIC 5 1 0.105865 0.,0.2,0.2,0.5,0.5,0.05,59.648438,52.,0.,0.,0.,0.,0.,0.,0.,0. -0.201917,0.216902
71.247 2 INS 10611 4280 -6890809 -723516 1032846 -348693888 2110 6863 -811
71.247 2 GPS_INT 0 0 0 404517057 -37288059 704684 654448 0 0 0 71 10 294425000 88 26 3 1
71.248 2 ATTITUDE -0.085652 2.161041 -0.067738
71.248 2 INS 10511 4400 -6899326 -896531 959446 -348921216 -3510 5565 -3533
71.262 2 ATTITUDE -0.080289 2.17818 -0.070044
71.305 2 INS 10511 4400 -6907844 -891288 964689 -349144448 1690 6249 -16131
71.305 2 GPS 3 43820140 447814862 1245 654455 251 15 2395 294425250 30 0
71.321 2 ATTITUDE -0.086148 2.194845 -0.061671
71.337 2 INS 10511 4400 -6916370 -891288 964689 -349376960 5749 3749 -13082
71.401 2 ROTORCRAFT_FP 4400 10511 6918084 964689 -891288 349383904 -360 -218 9040 0 0 0 0 2501 0
71.401 2 GPS_INT 0 0 0 404517022 -37288003 704691 654455 0 0 0 71 10 294425250 88 26 3 1
71.402 2 ALIVE 122,195,7,233,5,247,195,75,60,187,26,129,128,90,246,93
71.402 2 ATTITUDE -0.092348 2.214225 -0.055015
71.402 2 IMU_MAG_RAW 255 0 0 0
71.402 2 INS 10511 4400 -6924905 -891288 964689 -349564544 1893 2021 -12242
71.417 2 ATTITUDE -0.0848 2.23449 -0.057757
71.449 2 INS 10511 4400 -6933437 -891288 964689 -349774464 7000 -3231 -8772
71.465 2 ATTITUDE -0.084171 2.248756 -0.058596
71.481 2 WP_MOVED_ENU 3 1894 4208 1994
71.481 2 WP_MOVED_ENU 3 1894 4208 1994
71.520 2 INS 10401 4513 -6941977 -933231 896531 -350027776 14422 12754 -32975
71.520 2 GPS_INT 0 0 0 404516984 -37287951 704670 654434 0 0 0 71 11 294425500 88 26 3 1
71.521 2 ATTITUDE -0.09255 2.26389 -0.052487
71.536 2 INS_REF 485058794 -31613915 411670613 404513324 -37290030 704601 654365 0.
71.573 2 INS 10401 4513 -6950527 -933231 901774 -350186432 1388 5625 -2620
71.573 2 ENERGY 26 7.771214 1.475 11.462541 4.933743 0.016292 0.125084
71.573 2 GPS 3 43820184 447814819 1305 654434 248 2 2395 294425500 30 0
71.574 2 ATTITUDE -0.09524 2.282298 -0.049834
71.656 2 GVF_PARAMETRIC 5 1 0.108372 -6.,7.398438,-3.4375,19.429688,20.609375,41.796875,42.96875,59.96875,0.,0.,0.,0.,0.,0.,0.,0. -0.146565,0.218933
71.656 2 INS 10401 4513 -6959090 -933231 901774 -350389600 4682 -1013 -10533
71.657 2 ROVER_CTRL 2.5 0.012673 2515.773193 2.369977 1400. 600. 1000. -279.314636 17.742062 -22.578239 2.487327 0.
71.657 2 ROTORCRAFT_FP 4513 10401 6960788 901774 -933231 350436544 -376 -199 9369 0 0 0 0 2515 0
71.658 2 ATTITUDE -0.089845 2.295015 -0.044501
71.658 2 INS 10401 4513 -6967634 -933231 901774 -350568064 1561 -2925 5254
71.658 2 SERIAL_COM 85 -1083 6113 -10793 0 0 0 14 241 80 76 0 0 0 0 0
71.697 2 GPS_INT 0 0 0 404516984 -37287951 704670 654434 0 0 0 71 11 294425500 88 26 3 1
71.697 2 ATTITUDE -0.096547 2.307349 -0.051349
71.698 2 INS 10401 4513 -6976196 -933231 901774 -350789536 853 1057 -9916
71.698 2 GPS_SOL 71 11 88 26
71.712 2 ATTITUDE -0.100165 2.322139 -0.050797
71.744 2 INS 10288 4618 -6984763 -948960 828374 -351056544 587 5561 -7553
71.760 2 ATTITUDE -0.101547 2.337574 -0.037278
71.793 2 INS 10288 4618 -6993334 -959446 833617 -351255744 -4991 6129 -6788
71.819 2 GPS 3 43820224 447814773 1345 654389 242 0 2395 294425750 30 0
71.820 2 GPS_INT 0 0 0 404516943 -37287903 704624 654389 0 0 0 71 10 294425750 88 26 3 1
71.821 2 ATTITUDE -0.096031 2.35456 -0.041398
71.835 2 INS 10288 4618 -7001913 -959446 833617 -351415968 -1457 2130 -498
71.836 2 LINK_REPORT 2 -1 72 0 215579 4961 0 3153. 71. 20 74.72
71.866 2 ROTORCRAFT_FP 4618 10288 7003627 833617 -959446 351449312 -405 -150 9692 0 0 0 0 2571 0
71.867 2 ATTITUDE -0.095311 2.377486 -0.035321
71.898 2 INS 10288 4618 -7010495 -959446 833617 -351650560 6263 1484 -15353
71.925 2 STATIC_CONTROL 0 0. 0 0. 0. 0. 0. 0. 0. 0. 0. 0. 0.
71.925 2 ATTITUDE -0.094119 2.397434 -0.036742
71.940 2 INS 10288 4618 -7019080 -959446 833617 -351806944 4523 5860 -3886
71.966 2 GPS_INT 0 0 0 404516943 -37287903 704624 654389 0 0 0 71 10 294425750 88 26 3 1
71.967 2 ATTITUDE -0.090901 2.418825 -0.036216
72.014 2 INS 10288 4618 -7027683 -959446 833617 -352037280 6710 -1153 -8436
72.014 2 DL_VALUE 51 0.5
72.030 2 ATTITUDE -0.093429 2.440032 -0.030988
72.061 2 INS 10165 4712 -7036268 -1038089 734002 -352195680 -1786 4497 -5251
72.061 2 GPS 3 43820261 447814726 1396 654344 243 3 2395 294426000 30 0
72.062 2 ATTITUDE -0.090053 2.464806 -0.028908
72.169 2 INS 10165 4712 -7044868 -1038089 734002 -352425824 5121 -50 -6519
72.171 2 ROVER_CTRL 2.5 0.020497 2575.678955 2.575232 1400. 600. 1000. -274.899445 28.69525 22.006035 2.479503 0.
72.173 2 ROTORCRAFT_FP 4712 10165 7046598 734002 -1038089 352447456 -348 -104 10147 0 0 0 0 2575 0
72.175 2 GPS_INT 0 0 0 404516901 -37287860 704580 654344 0 0 0 71 10 294426000 88 26 3 1
72.176 2 ATTITUDE -0.090499 2.486176 -0.024323
72.177 2 INS 10165 4712 -7053474 -1038089 734002 -352615488 7143 7578 -13860
72.178 2 SERIAL_COM 86 4517 1695 -928 0 0 0 14 242 80 76 0 0 0 0 0
72.179 2 ATTITUDE -0.086513 2.506497 -0.025781
72.179 2 ROTORCRAFT_NAV_STATUS 37 37 0. 0. 5 0 2
72.185 2 IMU_MAG_RAW 255 0 0 0
72.185 2 INS 10165 4712 -7062086 -1038089 734002 -352837728 527 572 -2087
72.216 2 ATTITUDE -0.083192 2.529687 -0.03318
72.248 2 INS 10032 4789 -7070702 -1158675 560987 -353092640 2350 4005 -7262
72.265 2 GPS_INT 0 0 0 404516853 -37287824 704594 654358 0 0 0 71 11 294426250 88 26 3 1
72.265 2 ATTITUDE -0.076307 2.547036 -0.031907
72.296 2 INS 10032 4789 -7079325 -1158675 566230 -353315872 618 8866 -20629
72.297 2 GPS 3 43820291 447814673 1475 654358 246 11 2395 294426250 30 0
72.318 2 ATTITUDE -0.082368 2.567319 -0.023475
72.344 2 INS 10032 4789 -7087953 -1158675 566230 -353540832 6628 9255 -11797
72.370 2 ROTORCRAFT_FP 4789 10032 7089686 566230 -1158675 353556352 -314 -58 10590 0 0 0 0 2596 0
72.370 2 ATTITUDE -0.078865 2.598622 -0.015872
72.420 2 GVF_PARAMETRIC 5 1 0.112521 0.,0.2,0.2,0.5,0.5,0.05,59.648438,52.,0.,0.,0.,0.,0.,0.,0.,0. -0.082467,0.243215
72.421 2 INS 10032 4789 -7096584 -1158675 566230 -353741408 2740 -422 -8687
72.421 2 GPS_INT 0 0 0 404516853 -37287824 704594 654358 0 0 0 71 11 294426250 88 26 3 1
72.421 2 ATTITUDE -0.07489 2.626471 -0.009717
72.449 2 INS 10032 4789 -7105222 -1158675 566230 -353906016 -1229 -54 -5121
72.449 2 ROVER_STATUS 0 49 3 2 1 86 7.744721
72.465 2 ATTITUDE -0.091632 2.640727 -0.009634
72.497 2 INS 9886 4848 -7113866 -1242561 435158 -354136320 -5330 -581 -5819
72.513 2 ATTITUDE -0.102769 2.651603 -0.004931
72.545 2 INS 9886 4848 -7122512 -1242561 435158 -354337856 -1066 4323 -10883
72.545 2 GPS 3 43820314 447814616 1543 654329 252 -1 2395 294426500 30 0
72.571 2 GPS_INT 0 0 0 404516802 -37287796 704565 654329 0 0 0 71 11 294426500 88 26 3 1
72.571 2 DATALINK_REPORT 2 22 5719 3070 0 1
72.571 2 ATTITUDE -0.101681 2.665742 0.000542
72.587 2 INS 9886 4848 -7131164 -1242561 435158 -354557728 6964 58 -818
72.626 2 ROVER_CTRL 2.5 0.029377 2561.789795 0.9531 1400. 600. 1000. -266.859711 41.128113 -12.302399 2.470623 0.
72.626 2 ROTORCRAFT_FP 4848 9886 7132897 435158 -1242561 354572064 -387 -19 10982 0 0 0 0 2561 0
72.627 2 ATTITUDE -0.093521 2.679866 -0.003905
72.656 2 INS 9886 4848 -7139822 -1242561 435158 -354709184 10981 -842 -7008
72.656 2 SERIAL_COM 86 5404 2863 -10861 0 0 0 14 242 80 76 0 0 0 0 0
72.657 2 ATTITUDE -0.096232 2.695917 0.007785
72.687 2 INS 9886 4848 -7148484 -1242561 435158 -354994848 -168 8701 -13253
72.714 2 GPS_INT 0 0 0 404516802 -37287796 704565 654329 0 0 0 71 11 294426500 88 26 3 1
72.714 2 ATTITUDE -0.099862 2.706533 0.011935
72.746 2 INS 9733 4894 -7157155 -1242561 356515 -355134272 2582 5824 -6448
72.762 2 ATTITUDE -0.101329 2.715595 0.007236
72.778 2 WP_MOVED_ENU 4 -880 10140 1991
72.778 2 WP_MOVED_ENU 4 -880 10140 1991
72.829 2 GVF_PARAMETRIC 5 1 0.114501 -6.,7.398438,-3.4375,19.429688,20.609375,41.796875,42.96875,59.96875,0.,0.,0.,0.,0.,0.,0.,0. -0.054385,0.208014
72.830 2 GPS 3 43820331 447814556 1591 654316 247 -5 2395 294426750 30 0
72.831 2 ATTITUDE -0.100015 2.720286 0.015163
72.836 2 LINK_REPORT 2 -1 73 0 218456 5027 0 2877. 66. 20 74.72
72.837 2 INS 9733 4894 -7174505 -1247804 361758 -355579264 -2304 -1815 -7286
72.875 2 ROTORCRAFT_FP 4894 9733 7176240 361758 -1247804 355653088 -401 35 11165 0 0 0 0 2623 0
72.876 2 GPS_INT 0 0 0 404516748 -37287775 704552 654316 0 0 0 71 11 294426750 87 26 3 1
72.876 2 ATTITUDE -0.096594 2.732005 0.008053
72.904 2 INS 9733 4894 -7183187 -1247804 361758 -355850144 -2855 6664 -7652
72.905 2 STATIC_CONTROL 0 0. 0 0. 0. 0. 0. 0. 0. 0. 0. 0. 0.
72.905 2 ATTITUDE -0.085655 2.743198 0.001153
72.936 2 INS 9733 4894 -7191876 -1247804 361758 -356089760 1176 -1550 -8350
72.968 2 ATTITUDE -0.096074 2.747597 0.008994
72.969 2 IMU_MAG_RAW 255 0 0 0
72.984 2 INS 9733 4894 -7200571 -1247804 361758 -356265952 443 -1510 2205
73.012 2 GPS_INT 0 0 0 404516748 -37287775 704552 654316 0 0 0 71 11 294426750 87 26 3 1
73.013 2 ATTITUDE -0.101748 2.754596 0.009561
73.044 2 INS 9579 4935 -7209271 -1242561 351272 -356569856 -763 -2522 -16268
73.045 2 GPS 3 43820347 447814496 1614 654307 245 2 2395 294427000 30 0
73.060 2 ATTITUDE -0.099137 2.76333 0.006331
73.119 2 INS 9579 4935 -7217978 -1242561 351272 -356741312 -1165 1761 -16810
73.120 2 ROVER_CTRL 2.5 0.036487 2565.150391 1.043509 1400. 600. 1000. -256.911255 51.081612 -28.800964 2.463513 0.
73.120 2 ROTORCRAFT_FP 4935 9579 7219728 351272 -1242561 356760192 -438 39 11321 0 0 0 0 2565 0
73.121 2 ATTITUDE -0.110974 2.769332 0.012099
73.148 2 INS 9579 4935 -7226690 -1242561 351272 -356993504 498 4899 -8179
73.149 2 SERIAL_COM 87 6212 4991 -20274 0 0 0 14 243 80 76 0 0 0 0 0
73.174 2 GPS_INT 0 0 0 404516694 -37287756 704543 654307 0 0 0 71 12 294427000 87 26 3 1
73.175 2 ATTITUDE -0.105787 2.77519 0.014277
73.213 2 GVF_PARAMETRIC 5 1 0.116446 6.,16.4375,39.609375,43.179688,18.046875,27.347656,59.648438,52.,0.,0.,0.,0.,0.,0.,0.,0. -0.049465,0.246492
73.214 2 INS 9579 4935 -7235406 -1242561 351272 -357115328 6035 -663 -10258
73.214 2 ATTITUDE -0.097925 2.78608 0.011357
73.245 2 INS 9420 4979 -7244127 -1300233 330301 -357314720 1210 -3058 2922
73.261 2 ATTITUDE -0.097234 2.793321 0.013196
73.293 2 INS 9420 4979 -7252854 -1300233 335544 -357597504 4591 3278 -17840
73.294 2 GPS 3 43820362 447814435 1636 654304 257 -3 2395 294427250 30 0
73.319 2 GPS_INT 0 0 0 404516639 -37287737 704540 654304 0 0 0 71 12 294427250 87 25 3 1
73.319 2 ATTITUDE -0.10638 2.806612 0.018756
73.335 2 INS 9420 4979 -7261585 -1300233 335544 -357759200 -141 -1387 370
73.361 2 ROTORCRAFT_FP 4979 9420 7263332 335544 -1300233 357836544 -459 83 11515 0 0 0 0 2560 0
73.362 2 ATTITUDE -0.114206 2.812449 0.023781
73.393 2 INS 9420 4979 -7270323 -1300233 335544 -358016224 5327 -6708 -279
73.409 2 ATTITUDE -0.110554 2.816551 0.021383
73.441 2 INS 9420 4979 -7279065 -1300233 335544 -358244960 7797 3781 -18195
73.457 2 GPS_INT 0 0 0 404516639 -37287737 704540 654304 0 0 0 71 12 294427250 87 25 3 1
73.457 2 ATTITUDE -0.109053 2.82799 0.0271
73.489 2 INS 9262 5012 -7287815 -1321204 251658 -358451456 -4117 -341 -3421
73.505 2 ATTITUDE -0.104979 2.834955 0.024372
73.547 2 INS 9262 5012 -7296570 -1331690 256900 -358635136 -16 -2149 2443
73.547 2 GPS 3 43820375 447814372 1664 654306 258 3 2395 294427500 30 0
73.563 2 ATTITUDE -0.103773 2.849776 0.020748
73.670 2 GVF_PARAMETRIC 5 1 0.118567 0.,0.2,0.2,0.5,0.5,0.05,59.648438,52.,0.,0.,0.,0.,0.,0.,0.,0. -0.027038,0.22003
73.671 2 INS 9262 5012 -7305328 -1331690 256900 -358844576 4373 -282 -3875
73.671 2 ROVER_CTRL 2.5 0.019324 2522.775391 0.917835 1400. 600. 1000. -248.34787 27.053022 -55.813789 2.480676 0.
73.672 2 ROTORCRAFT_FP 5012 9262 7307079 256900 -1331690 358979040 -455 103 11696 0 0 0 0 2522 0
73.672 2 GPS_INT 0 0 0 404516583 -37287722 704542 654306 0 0 0 71 11 294427500 87 26 3 1
73.673 2 DL_VALUE 52 0.5
73.673 2 ATTITUDE -0.105655 2.863688 0.025919
73.673 2 INS 9262 5012 -7314092 -1331690 256900 -359118144 5070 3947 -17388
73.674 2 SERIAL_COM 87 -341 -4117 -3421 0 0 0 14 243 80 76 0 0 0 0 0
73.674 2 ATTITUDE -0.110966 2.868511 0.021719
73.696 2 INS 9262 5012 -7322861 -1331690 256900 -359328128 1838 37 1246
73.696 2 GPS_SOL 71 11 87 26
73.711 2 ATTITUDE -0.103399 2.874579 0.026407
73.744 2 INS 9103 5038 -7331637 -1289747 235929 -359561472 1841 174 -5804
73.760 2 GPS_INT 0 0 0 404516526 -37287709 704538 654302 0 0 0 71 11 294427750 87 26 3 1
73.760 2 ATTITUDE -0.101701 2.885512 0.030883
73.798 2 ROTORCRAFT_NAV_STATUS 38 38 0. 0. 5 0 2
73.799 2 IMU_MAG_RAW 255 0 0 0
73.799 2 INS 9103 5038 -7340417 -1294990 235929 -359730976 -2829 6360 -1951
73.799 2 GPS 3 43820385 447814309 1679 654302 251 -3 2395 294427750 30 0
73.800 2 ATTITUDE -0.09402 2.897894 0.032831
73.830 2 INS 9103 5038 -7349203 -1294990 235929 -360033024 2763 4674 -7536
73.837 2 LINK_REPORT 2 -1 74 0 221500 5095 0 3044. 68. 20 74.72
73.872 2 ROTORCRAFT_FP 5038 9103 7350961 235929 -1294990 360030048 -384 162 11900 0 0 0 0 2519 0
73.873 2 ATTITUDE -0.100211 2.912974 0.041537
73.898 2 INS 9103 5038 -7357994 -1294990 235929 -360164704 -630 650 -360
73.899 2 STATIC_CONTROL 0 0. 0 0. 0. 0. 0. 0. 0. 0. 0. 0. 0.
73.938 2 GPS_INT 0 0 0 404516526 -37287709 704538 654302 0 0 0 71 11 294427750 87 26 3 1
73.939 2 ATTITUDE -0.105972 2.924202 0.051234
73.939 2 INS 9103 5038 -7366789 -1294990 235929 -360347456 -7848 -3782 3165
73.939 2 ROVER_STATUS 0 47 3 2 1 87 7.815369
73.954 2 ATTITUDE -0.099734 2.933768 0.054075
74.010 2 GVF_PARAMETRIC 5 1 0.120357 -6.,7.398438,-3.4375,19.429688,20.609375,41.796875,42.96875,59.96875,0.,0.,0.,0.,0.,0.,0.,0. -0.022488,0.253902
74.010 2 INS 9103 5038 -7375589 -1294990 235929 -360585568 1131 3273 -14347
74.010 2 ATTITUDE -0.102652 2.940175 0.053056
74.041 2 INS 8942 5058 -7384395 -1294990 110100 -360810720 -5727 6575 -15483
74.042 2 GPS 3 43820392 447814247 1715 654315 249 -6 2395 294428000 30 0
74.125 2 GPS_INT 0 0 0 404516470 -37287700 704551 654315 0 0 0 71 11 294428000 87 26 3 1
74.126 2 ALIVE 122,195,7,233,5,247,195,75,60,187,26,129,128,90,246,93
74.127 2 ATTITUDE -0.09721 2.94278 0.057578
74.127 2 WP_MOVED_ENU 5 4974 11054 1994
74.127 2 WP_MOVED_ENU 5 4974 11054 1994
74.128 2 INS 8942 5058 -7393206 -1305475 110100 -361027808 2970 910 -6985
74.128 2 ROVER_CTRL 2.5 -0.003451 2511.823242 0.179184 1400. 600. 1000. -246.435165 -4.831219 -36.931038 2.503451 0.
74.128 2 ROTORCRAFT_FP 5058 8942 7394968 110100 -1305475 361046336 -399 247 12096 0 0 0 0 2511 0
74.129 2 ATTITUDE -0.099517 2.953178 0.057192
74.151 2 INS 8942 5058 -7402022 -1305475 110100 -361211744 6886 1198 -12003
74.152 2 SERIAL_COM 88 1360 5678 -6900 0 0 0 14 244 80 76 0 0 0 0 0
74.152 2 ATTITUDE -0.106959 2.958864 0.055831
74.183 2 INS 8942 5058 -7410842 -1305475 110100 -361450944 10228 -519 -17280
74.209 2 GPS_INT 0 0 0 404516470 -37287700 704551 654315 0 0 0 71 11 294428000 87 26 3 1
74.210 2 ATTITUDE -0.106822 2.958998 0.059643
74.241 2 INS 8780 5073 -7419669 -1315961 146800 -361657184 5319 103 -13509
74.241 2 STATE_FILTER_STATUS 6 3 0
74.257 2 ATTITUDE -0.112519 2.963771 0.068229
74.289 2 INS 8780 5073 -7428499 -1315961 146800 -361823008 749 -156 -2505
74.290 2 GPS 3 43820398 447814183 1725 654308 252 -2 2395 294428250 30 0
74.305 2 ATTITUDE -0.115255 2.962214 0.072174
74.337 2 INS 8780 5073 -7437337 -1315961 146800 -362034048 10256 -5648 829
74.374 2 ROTORCRAFT_FP 5073 8780 7439113 146800 -1315961 362113856 -475 265 12145 0 0 0 0 2502 0
74.375 2 GPS_INT 0 0 0 404516413 -37287693 704544 654308 0 0 0 70 10 294428250 86 26 3 1
74.375 2 ATTITUDE -0.113485 2.962493 0.063916
74.400 2 GVF_PARAMETRIC 5 1 0.122469 6.,16.4375,39.609375,43.179688,18.046875,27.347656,59.648438,52.,0.,0.,0.,0.,0.,0.,0.,0. -0.013773,0.228769
74.401 2 INS 8780 5073 -7446179 -1315961 146800 -362261184 9977 667 -12205
74.401 2 ATTITUDE -0.115303 2.963655 0.071165
74.432 2 INS 8780 5073 -7455028 -1315961 146800 -362503616 5335 -213 845
74.448 2 ATTITUDE -0.119472 2.965441 0.070396
74.480 2 INS 8616 5089 -7463879 -1352661 152043 -362668128 225 -3149 4059
74.507 2 GPS_INT 0 0 0 404516356 -37287685 704524 654288 0 0 0 70 11 294428500 86 26 3 1
74.507 2 ATTITUDE -0.114311 2.972395 0.061597
74.539 2 INS 8616 5089 -7472737 -1363147 157286 -362946720 2579 4979 -7791
74.539 2 GPS 3 43820404 447814120 1728 654288 260 -8 2395 294428500 30 0
74.554 2 ATTITUDE -0.112851 2.976628 0.066997
74.571 2 IMU_MAG_RAW 255 0 0 0
74.621 2 INS 8616 5089 -7481601 -1363147 157286 -363170080 4730 3460 -9945
74.621 2 ROVER_CTRL 2.5 -0.022221 2465.655762 0.730706 1400. 600. 1000. -250.295975 -31.109524 -53.071976 2.522221 0.
74.622 2 ROTORCRAFT_FP 5089 8616 7483373 157286 -1363147 363190944 -467 254 12183 0 0 0 0 2465 0
74.622 2 ATTITUDE -0.11309 2.975284 0.065955
74.662 2 INS 8616 5089 -7490471 -1363147 157286 -363354880 430 -920 1395
74.663 2 SERIAL_COM 88 1077 3608 -2676 0 0 0 14 244 80 76 0 0 0 0 0
74.663 2 GPS_INT 0 0 0 404516356 -37287685 704524 654288 0 0 0 70 11 294428500 86 26 3 1
74.664 2 ATTITUDE -0.117811 2.984646 0.059883
74.678 2 INS 8616 5089 -7499344 -1363147 157286 -363558528 -2957 89 327
74.710 2 ATTITUDE -0.118487 2.987527 0.056851
74.743 2 INS 8453 5109 -7508221 -1342176 146800 -363845248 8422 630 -12075
74.759 2 ATTITUDE -0.116243 2.98639 0.051631
74.838 2 LINK_REPORT 2 -1 75 0 224289 5158 0 2789. 63. 20 74.72
74.859 2 GVF_PARAMETRIC 5 1 0.124545 0.,0.2,0.2,0.5,0.5,0.05,59.648438,52.,0.,0.,0.,0.,0.,0.,0.,0. -0.004255,0.197721
74.859 2 INS 8453 5109 -7517119 -1342176 152043 -364064768 -1490 2303 -1304
74.860 2 GPS 3 43820410 447814056 1731 654251 258 0 2395 294428750 30 0
74.860 2 GPS_INT 0 0 0 404516298 -37287677 704487 654251 0 0 0 70 10 294428750 86 26 3 1
74.861 2 ATTITUDE -0.114398 2.995814 0.049478
74.861 2 INS 8453 5109 -7526000 -1342176 152043 -364243296 3505 -712 -484
74.861 2 ROTORCRAFT_FP 5109 8453 7527776 152043 -1342176 364231744 -443 213 12254 0 0 0 0 2447 0
74.861 2 ATTITUDE -0.107615 2.999902 0.059829
74.874 2 INS 8453 5109 -7534894 -1342176 152043 -364507040 -6623 7146 -10818
74.906 2 STATIC_CONTROL 0 0. 0 0. 0. 0. 0. 0. 0. 0. 0. 0. 0.
74.906 2 ATTITUDE -0.111785 3.003028 0.057314
74.937 2 INS 8453 5109 -7543794 -1342176 152043 -364715200 -3054 5261 -8292
74.954 2 GPS_INT 0 0 0 404516298 -37287677 704487 654251 0 0 0 70 10 294428750 86 26 3 1
74.954 2 ATTITUDE -0.111493 3.011039 0.049438
74.985 2 INS 8453 5109 -7552699 -1342176 152043 -364916448 -1143 1264 -7171
75.001 2 ATTITUDE -0.11798 3.015349 0.054027
75.043 2 INS 8284 5122 -7561611 -1378876 94371 -365072288 -998 2423 608
75.044 2 GPS 3 43820415 447813990 1745 654260 263 7 2395 294429000 30 0
75.059 2 ATTITUDE -0.114323 3.021539 0.053766
75.075 2 INS 8284 5122 -7570526 -1378876 94371 -365333344 -3638 8371 -21557
75.148 2 ROVER_CTRL 2.5 -0.050301 2382.112549 0.496327 1400. 600. 1000. -261.127075 -70.420837 -86.641312 2.550301 0.
75.149 2 ROTORCRAFT_FP 5122 8284 7572308 94371 -1378876 365359744 -461 243 12376 0 0 0 0 2382 0
75.149 2 GPS_INT 0 0 0 404516239 -37287671 704496 654260 0 0 0 70 10 294429000 86 26 3 1
75.150 2 ATTITUDE -0.117618 3.024667 0.059576
75.150 2 INS 8284 5122 -7579445 -1378876 94371 -365498752 -417 -447 -5346
75.151 2 SERIAL_COM 89 5500 -3251 -16496 0 0 0 14 245 80 76 0 0 0 0 0
75.151 2 ATTITUDE -0.118771 3.031863 0.064229
75.202 2 GVF_PARAMETRIC 5 1 0.126449 -6.,7.398438,-3.4375,19.429688,20.609375,41.796875,42.96875,59.96875,0.,0.,0.,0.,0.,0.,0.,0. -0.004072,0.235993
75.202 2 INS 8284 5122 -7588370 -1378876 94371 -365734048 123 1445 -14277
75.202 2 DL_VALUE 53 0.2
75.203 2 ATTITUDE -0.112059 3.03943 0.05762
75.259 2 INS 8117 5130 -7597301 -1363147 15728 -365939488 -5625 4894 -13965
75.260 2 GPS_INT 0 0 0 404516180 -37287668 704515 654280 0 0 0 70 10 294429250 86 26 3 1
75.261 2 ATTITUDE -0.1071 3.041876 0.043966
75.290 2 INS 8117 5130 -7606237 -1363147 15728 -366193792 -6535 12358 -22776
75.290 2 GPS 3 43820417 447813925 1769 654280 260 7 2395 294429250 30 0
75.306 2 ATTITUDE -0.104487 3.039324 0.045782
75.322 2 INS 8117 5130 -7615177 -1363147 15728 -366381248 -3216 379 -6522
75.408 2 PONG 
75.408 2 ROTORCRAFT_FP 5130 8117 7616966 15728 -1363147 366393952 -433 181 12478 0 0 0 0 2421 0
75.409 2 ATTITUDE -0.108472 3.04501 0.045296
75.409 2 ROTORCRAFT_NAV_STATUS 40 40 0. 0. 5 0 2
75.409 2 WP_MOVED_ENU 6 5276 4620 1994
75.410 2 WP_MOVED_ENU 6 5276 4620 1994
75.410 2 IMU_MAG_RAW 255 0 0 0
75.410 2 INS 8117 5130 -7624122 -1363147 15728 -366606080 -950 5160 -20040
75.411 2 GPS_INT 0 0 0 404516180 -37287668 704515 654280 0 0 0 70 10 294429250 86 26 3 1
75.411 2 ATTITUDE -0.10615 3.049438 0.058479
75.439 2 INS 8117 5130 -7633077 -1363147 15728 -366789856 4233 692 -6552
75.439 2 ROVER_STATUS 0 53 3 2 1 89 7.868354
75.455 2 ATTITUDE -0.101359 3.048392 0.060604
75.487 2 INS 8117 5130 -7642032 -1363147 15728 -367005696 5379 1204 -14228
75.503 2 ATTITUDE -0.101104 3.049514 0.063238
75.535 2 INS 7951 5130 -7650994 -1373633 47185 -367195552 3696 1193 -3932
75.535 2 GPS 3 43820417 447813860 1773 654270 261 -6 2395 294429500 30 0
75.561 2 GPS_INT 0 0 0 404516122 -37287667 704506 654270 0 0 0 70 10 294429500 86 26 3 1
75.562 2 ATTITUDE -0.102079 3.053141 0.069089
75.589 2 GVF_PARAMETRIC 5 1 0.128732 6.,16.4375,39.609375,43.179688,18.046875,27.347656,59.648438,52.,0.,0.,0.,0.,0.,0.,0.,0. -0.006156,0.216398
75.637 2 ROVER_CTRL 2.5 -0.068678 2406.779297 0.006831 1400. 600. 1000. -280.126953 -96.149063 -17.356873 2.568678 0.
75.637 2 ROTORCRAFT_FP 5130 7951 7661755 47185 -1373633 367505760 -443 290 12536 0 0 0 0 2406 0
75.638 2 ATTITUDE -0.109767 3.06053 0.0717
75.638 2 INS 7951 5130 -7668933 -1373633 47185 -367681024 4285 5396 -15739
75.639 2 SERIAL_COM 89 1237 6962 -8218 0 0 0 14 245 80 76 0 0 0 0 0
75.652 2 ATTITUDE -0.11112 3.070035 0.071509
75.685 2 INS 7951 5130 -7677913 -1373633 47185 -367879968 7596 -2797 -5577
75.685 2 GPS_SOL 70 10 86 26
75.711 2 GPS_INT 0 0 0 404516122 -37287667 704506 654270 0 0 0 70 10 294429500 86 26 3 1
75.711 2 ATTITUDE -0.109459 3.078239 0.064168
75.727 2 INS 7790 5135 -7686897 -1331690 41943 -368079616 1123 -1862 2223
75.742 2 ATTITUDE -0.095718 3.085073 0.06015
75.789 2 INS 7790 5135 -7695885 -1331690 47185 -368296896 -165 4865 -4517
75.789 2 GPS 3 43820418 447813797 1775 654261 253 -3 2395 294429750 30 0
75.804 2 ATTITUDE -0.095112 3.086432 0.066839
75.839 2 LINK_REPORT 2 -1 76 0 227505 5231 0 3216. 73. 21 109.25
75.862 2 INS 7790 5135 -7704881 -1331690 47185 -368511296 682 -2727 -1241
75.862 2 ROTORCRAFT_FP 5135 7790 7706679 47185 -1331690 368548512 -405 265 12626 0 0 0 0 2392 0
75.863 2 GPS_INT 0 0 0 404516065 -37287665 704497 654261 0 0 0 70 10 294429750 87 25 3 1
75.863 2 ATTITUDE -0.099537 3.082852 0.071867
75.905 2 INS 7790 5135 -7713880 -1331690 47185 -368716128 520 778 1567
75.905 2 STATIC_CONTROL 0 0. 0 0. 0. 0. 0. 0. 0. 0. 0. 0. 0.
75.905 2 ATTITUDE -0.102751 3.090806 0.063441
75.920 2 INS 7790 5135 -7722884 -1331690 47185 -368925888 -4420 -2524 -1915
75.952 2 ATTITUDE -0.103708 3.098269 0.06485
76.045 2 GVF_PARAMETRIC 5 1 0.130588 0.,0.2,0.2,0.5,0.5,0.05,59.648438,52.,0.,0.,0.,0.,0.,0.,0.,0. -0.009309,0.254056
76.045 2 INS 7790 5135 -7731892 -1331690 47185 -369155872 768 12388 -14807
76.046 2 GPS_INT 0 0 0 404516065 -37287665 704497 654261 0 0 0 70 10 294429750 87 25 3 1
76.046 2 ATTITUDE -0.101888 3.096682 0.068084
76.047 2 INS 7631 5137 -7740907 -1342176 15728 -369383392 -1367 288 -794
76.047 2 ENERGY 24 7.833031 1.225 9.595463 5.240698 0.018106 0.139202
76.047 2 GPS 3 43820419 447813735 1784 654242 255 -11 2395 294430000 30 0
76.048 2 ATTITUDE -0.100001 3.097942 0.06198
76.114 2 INS 7631 5137 -7749927 -1342176 15728 -369566784 -1001 4803 -17228
76.115 2 ROVER_CTRL 2.5 -0.078018 2358.468994 -0.371544 1400. 600. 1000. -302.088867 -109.2258 -30.684471 2.578018 0.
76.115 2 ROTORCRAFT_FP 5137 7631 7751733 15728 -1342176 369576992 -403 269 12666 0 0 0 0 2358 0
76.116 2 ATTITUDE -0.102552 3.096525 0.068699
76.140 2 INS 7631 5137 -7758950 -1342176 15728 -369757376 -8386 1655 -5867
76.141 2 SERIAL_COM 90 561 1866 -2654 0 0 0 14 246 80 76 0 0 0 0 0
76.177 2 GPS_INT 0 0 0 404516009 -37287663 704478 654242 0 0 0 70 9 294430000 87 26 3 1
76.178 2 ATTITUDE -0.099582 3.099982 0.066564
76.178 2 IMU_MAG_RAW 255 0 0 0
76.178 2 INS 7631 5137 -7767981 -1342176 15728 -370032704 -4505 8312 -26045
76.193 2 ATTITUDE -0.106515 3.107566 0.058276
76.225 2 INS 7464 5140 -7777015 -1357904 36700 -370229408 -1659 2709 -12764
76.241 2 ATTITUDE -0.105464 3.107727 0.056932
76.286 2 INS 7464 5140 -7786054 -1363147 41943 -370383264 468 1501 -475
76.286 2 GPS 3 43820420 447813670 1782 654216 259 -8 2395 294430250 30 0
76.312 2 GPS_INT 0 0 0 404515951 -37287662 704452 654216 0 0 0 70 9 294430250 86 26 3 1
76.313 2 ATTITUDE -0.097685 3.116704 0.06442
76.328 2 INS 7464 5140 -7795099 -1363147 41943 -370659936 6875 14046 -24298
76.354 2 ROTORCRAFT_FP 5140 7464 7796907 41943 -1363147 370710656 -409 274 12774 0 0 0 0 2327 0
76.355 2 ATTITUDE -0.099118 3.123382 0.061977
76.397 2 GVF_PARAMETRIC 5 1 0.13281 -6.,7.398438,-3.4375,19.429688,20.609375,41.796875,42.96875,59.96875,0.,0.,0.,0.,0.,0.,0.,0. -0.013918,0.230049
76.398 2 INS 7464 5140 -7804150 -1363147 41943 -370815104 -1263 4709 -7871
76.399 2 ATTITUDE -0.096297 3.121225 0.056841
76.428 2 INS 7464 5140 -7813205 -1363147 41943 -371017024 2865 -570 -7506
76.454 2 GPS_INT 0 0 0 404515951 -37287662 704452 654216 0 0 0 70 9 294430250 86 26 3 1
76.455 2 ATTITUDE -0.103795 3.124643 0.059689
76.470 2 INS 7464 5140 -7822264 -1363147 41943 -371224256 4501 -610 -10511
76.502 2 ATTITUDE -0.103193 3.126112 0.059808
76.518 2 INS 7301 5145 -7831332 -1357904 20971 -371451616 4500 -2345 -13530
76.534 2 GPS 3 43820421 447813606 1785 654209 259 -8 2395 294430500 30 0
76.550 2 ATTITUDE -0.107395 3.124841 0.0644
76.662 2 INS 7301 5145 -7840400 -1357904 20971 -371690432 13076 612 -13863
76.662 2 ROVER_CTRL 2.5 -0.09032 2359.601318 -0.601975 1400. 600. 1000. -327.96344 -126.447823 13.47065 2.59032 0.
76.663 2 ROTORCRAFT_FP 5145 7301 7842216 20971 -1357904 371750304 -450 272 12832 0 0 0 0 2359 0
76.663 2 GPS_INT 0 0 0 404515893 -37287660 704445 654209 0 0 0 70 9 294430500 86 26 3 1
76.664 2 ATTITUDE -0.103988 3.128365 0.066376
76.664 2 INS_REF 485058794 -31613915 411670613 404513324 -37290030 704601 654365 0.
76.664 2 INS 7301 5145 -7849477 -1357904 20971 -371843456 3498 -633 -812
76.664 2 SERIAL_COM 90 6605 -7193 -10108 0 0 0 14 246 80 76 0 0 0 0 0
76.665 2 ATTITUDE -0.100521 3.13126 0.06382
76.665 2 WP_MOVED_ENU 7 10700 7001 1991
76.665 2 WP_MOVED_ENU 7 10700 7001 1991
76.678 2 INS 7301 5145 -7858559 -1357904 20971 -372039520 4666 -1954 -3558
76.694 2 ATTITUDE -0.099563 3.127236 0.069393
76.726 2 INS 7137 5145 -7867648 -1315961 26214 -372269440 4944 5432 -8387
76.752 2 GPS_INT 0 0 0 404515835 -37287660 704447 654211 0 0 0 70 9 294430750 86 26 3 1
76.753 2 ALIVE 122,195,7,233,5,247,195,75,60,187,26,129,128,90,246,93
76.753 2 ATTITUDE -0.09884 3.128817 0.07589
76.816 2 GVF_PARAMETRIC 5 1 0.135054 6.,16.4375,39.609375,43.179688,18.046875,27.347656,59.648438,52.,0.,0.,0.,0.,0.,0.,0.,0. -0.020736,0.201052
76.817 2 INS 7137 5145 -7876735 -1321204 26214 -372489984 6477 4798 -8860
76.817 2 GPS 3 43820420 447813542 1785 654211 251 -14 2395 294430750 30 0
76.821 2 DL_VALUE 54 0.2
76.821 2 ATTITUDE -0.108187 3.12959 0.075782
76.832 2 INS 7137 5145 -7885832 -1321204 26214 -372749184 -4443 -4236 3377
76.839 2 LINK_REPORT 2 -1 77 0 230729 5302 0 3224. 71. 21 109.25
76.848 2 ROTORCRAFT_FP 5145 7137 7887654 26214 -1321204 372749856 -449 275 12824 0 0 0 0 2367 0
76.848 2 ATTITUDE -0.109356 3.135285 0.067532
76.907 2 INS 7137 5145 -7894935 -1321204 26214 -372942112 -7375 1592 -4747
76.907 2 STATIC_CONTROL 0 0. 0 0. 0. 0. 0. 0. 0. 0. 0. 0. 0.
76.907 2 GPS_INT 0 0 0 404515835 -37287660 704447 654211 0 0 0 70 9 294430750 86 26 3 1
76.908 2 ATTITUDE -0.109261 3.135351 0.065149
76.934 2 INS 7137 5145 -7904044 -1321204 26214 -373216512 2703 5564 -6858
76.935 2 ROVER_STATUS 0 52 3 2 1 90 7.788876
76.950 2 ATTITUDE -0.114374 3.13304 0.05865
76.951 2 ROTORCRAFT_NAV_STATUS 41 41 0. 0. 5 0 2
76.981 2 IMU_MAG_RAW 255 0 0 0
76.982 2 INS 7137 5145 -7913169 -1321204 26214 -373431360 -5111 5178 -14909
76.997 2 ATTITUDE -0.102784 3.13116 0.070265
77.029 2 INS 6976 5148 -7922280 -1315961 0 -373663584 -418 3768 -14752
77.030 2 GPS 3 43820421 447813479 1791 654204 251 0 2395 294431000 30 0
77.056 2 GPS_INT 0 0 0 404515779 -37287659 704440 654204 0 0 0 69 10 294431000 86 26 3 1
77.056 2 ATTITUDE -0.109947 3.126367 0.085513
77.071 2 INS 6976 5148 -7931403 -1326447 0 -373785088 -6623 -3253 -3238
77.110 2 ROVER_CTRL 2.5 -0.07649 2393.100342 -1.338983 1400. 600. 1000. -353.344208 -107.086227 53.071976 2.57649 0.
77.111 2 ROTORCRAFT_FP 5148 6976 7933226 0 -1326447 373817440 -459 370 12816 0 0 0 0 2393 0
77.111 2 ATTITUDE -0.111656 3.128375 0.0901
77.137 2 INS 6976 5148 -7940529 -1326447 0 -374070560 2654 -1777 -19775
77.138 2 SERIAL_COM 91 -3253 -6623 -3238 0 0 0 14 247 80 76 0 0 0 0 0
77.138 2 ATTITUDE -0.114449 3.128655 0.082494
77.204 2 GVF_PARAMETRIC 5 1 0.137268 0.,0.2,0.2,0.5,0.5,0.05,59.648438,52.,0.,0.,0.,0.,0.,0.,0.,0. -0.033189,0.242522
77.204 2 INS 6976 5148 -7949663 -1326447 0 -374281952 -5479 4169 -26346
77.205 2 GPS_INT 0 0 0 404515779 -37287659 704440 654204 0 0 0 69 10 294431000 86 26 3 1
77.205 2 ATTITUDE -0.118927 3.125389 0.084553
77.219 2 INS 6976 5148 -7958802 -1326447 0 -374476416 2748 2180 -10058
77.251 2 ATTITUDE -0.116239 3.124465 0.081594
77.267 2 INS 6812 5150 -7967948 -1352661 26214 -374680320 4735 1769 -15130
77.283 2 GPS 3 43820421 447813415 1788 654199 257 -7 2395 294431250 30 0
77.299 2 ATTITUDE -0.116992 3.11953 0.07438
77.315 2 INS 6812 5150 -7977098 -1352661 26214 -374897632 13462 1402 -6590
77.357 2 ROTORCRAFT_FP 5150 6812 7978926 26214 -1352661 374965600 -496 256 12786 0 0 0 0 2351 0
77.358 2 GPS_INT 0 0 0 404515721 -37287658 704435 654199 0 0 0 69 10 294431250 86 26 3 1
77.358 2 ATTITUDE -0.11889 3.115635 0.062352
77.373 2 INS 6812 5150 -7986252 -1352661 26214 -375115680 7795 3020 -13500
77.405 2 ATTITUDE -0.122931 3.116491 0.061384
77.421 2 INS 6812 5150 -7995413 -1352661 26214 -375360288 2094 -3574 -3584
77.437 2 STATE_FILTER_STATUS 6 3 0
77.437 2 ATTITUDE -0.120011 3.116333 0.054595
77.469 2 INS 6812 5150 -8004580 -1352661 26214 -375556384 811 -166 1802
77.497 2 GPS_INT 0 0 0 404515665 -37287658 704445 654209 0 0 0 69 10 294431500 86 26 3 1
77.497 2 ATTITUDE -0.118237 3.117707 0.056467
77.539 2 INS 6653 5148 -8013754 -1268775 5242 -375755328 1666 1499 -783
77.539 2 GPS 3 43820420 447813353 1791 654209 241 4 2395 294431500 30 0
77.540 2 ATTITUDE -0.109398 3.111221 0.056486
77.635 2 GVF_PARAMETRIC 5 1 0.140092 -6.,7.398438,-3.4375,19.429688,20.609375,41.796875,42.96875,59.96875,0.,0.,0.,0.,0.,0.,0.,0. -0.055347,0.226065
77.636 2 INS 6653 5148 -8022927 -1268775 5242 -376025952 1504 5862 -9966
77.636 2 ROVER_CTRL 2.5 -0.056395 2448.630615 -2.290259 1400. 600. 1000. -373.534454 -78.952744 100.779533 2.556395 0.
77.636 2 ROTORCRAFT_FP 5148 6653 8024772 5242 -1268775 376086592 -467 214 12734 0 0 0 0 2448 0
77.637 2 ATTITUDE -0.115335 3.106359 0.055931
77.637 2 INS 6653 5148 -8032113 -1268775 5242 -376317376 -7630 5922 -18875
77.637 2 DATALINK_REPORT 2 23 6069 3068 0 1
77.637 2 SERIAL_COM 91 -1383 3576 -7309 0 0 0 14 247 80 76 0 0 0 0 0
77.661 2 GPS_INT 0 0 0 404515665 -37287658 704445 654209 0 0 0 69 10 294431500 86 26 3 1
77.662 2 ATTITUDE -0.128191 3.10061 0.047327
77.677 2 INS 6653 5148 -8041299 -1268775 5242 -376449728 4953 5692 -8221
77.677 2 GPS_SOL 69 10 86 26
77.693 2 ATTITUDE -0.126994 3.08994 0.056541
77.725 2 INS 6653 5148 -8050492 -1268775 5242 -376673472 518 -3250 -5664
77.741 2 ATTITUDE -0.122822 3.088259 0.050679
77.757 2 IMU_MAG_RAW 255 0 0 0
77.783 2 INS 6497 5153 -8059690 -1321204 62914 -376880064 5302 2855 -19673
77.783 2 GPS 3 43820422 447813292 1779 654204 251 -8 2395 294431750 30 0
77.809 2 GPS_INT 0 0 0 404515610 -37287656 704440 654204 0 0 0 69 10 294431750 86 26 3 1
77.809 2 ATTITUDE -0.119312 3.077987 0.045159
77.825 2 INS 6497 5153 -8068892 -1321204 62914 -377110336 -3595 2481 -14376
77.840 2 LINK_REPORT 2 -1 78 0 233771 5371 0 3042. 69. 21 109.25
77.851 2 ROTORCRAFT_FP 5153 6497 8070734 62914 -1321204 377219424 -511 192 12583 0 0 0 0 2371 0
77.851 2 ATTITUDE -0.125989 3.061318 0.043459
77.867 2 INS 6497 5153 -8078102 -1321204 62914 -377326656 491 5099 -23473
77.883 2 STATIC_CONTROL 0 0. 0 0. 0. 0. 0. 0. 0. 0. 0. 0. 0.
77.898 2 ATTITUDE -0.123408 3.054386 0.051567
77.915 2 INS 6497 5153 -8087316 -1321204 62914 -377515584 5392 4157 -13434
77.945 2 GPS_INT 0 0 0 404515610 -37287656 704440 654204 0 0 0 69 10 294431750 86 26 3 1
77.945 2 ATTITUDE -0.126453 3.043662 0.06687
77.961 2 WP_MOVED_ENU 8 11000 15270 1994
77.961 2 WP_MOVED_ENU 8 11000 15270 1994
78.000 2 GVF_PARAMETRIC 5 1 0.142923 6.,16.4375,39.609375,43.179688,18.046875,27.347656,59.648438,52.,0.,0.,0.,0.,0.,0.,0.,0. -0.085746,0.26688
78.001 2 INS 6497 5153 -8096554 -1321204 62914 -377778080 -3428 1783 -16505
78.001 2 ATTITUDE -0.124812 3.039039 0.056166
78.015 2 INS 6333 5163 -8105761 -1331690 136314 -377899712 2510 -1477 1602
78.031 2 GPS 3 43820425 447813229 1757 654223 255 -1 2395 294432000 30 0
78.047 2 ATTITUDE -0.126403 3.031273 0.052977
78.135 2 INS 6333 5163 -8114990 -1331690 141557 -378250432 4529 3480 -20402
78.136 2 ROVER_CTRL 2.5 -0.039656 2361.277588 -2.851295 1400. 600. 1000. -386.374207 -55.518627 2.932549 2.539656 0.
78.136 2 ROTORCRAFT_FP 5163 6333 8116837 141557 -1331690 378278784 -546 195 12389 0 0 0 0 2361 0
78.137 2 GPS_INT 0 0 0 404515553 -37287652 704459 654223 0 0 0 69 11 294432000 86 26 3 1
78.137 2 ATTITUDE -0.138262 3.021635 0.047379
78.137 2 INS 6333 5163 -8124225 -1331690 141557 -378361088 -1606 -1679 4887
78.137 2 SERIAL_COM 92 5505 11608 -23062 0 0 0 14 248 80 76 0 0 0 0 0
78.138 2 ATTITUDE -0.131185 3.013899 0.048317
78.167 2 INS 6333 5163 -8133465 -1331690 141557 -378697856 -903 6725 -8615
78.183 2 ATTITUDE -0.140002 2.997633 0.038457
78.215 2 INS 6333 5163 -8142712 -1331690 141557 -378801824 3327 -4107 6758
78.244 2 GPS_INT 0 0 0 404515497 -37287641 704494 654259 0 0 0 69 11 294432250 86 26 3 1
78.244 2 ATTITUDE -0.130842 2.986673 0.029564
78.275 2 INS 6174 5186 -8151963 -1247804 277872 -379098176 11511 605 -15009
78.276 2 GPS 3 43820433 447813166 1713 654259 244 11 2395 294432250 30 0
78.291 2 ATTITUDE -0.131953 2.969628 0.035495
78.323 2 INS 6174 5186 -8161220 -1247804 277872 -379277472 -7679 -3241 -9
78.339 2 ATTITUDE -0.133671 2.956468 0.025053
78.404 2 GVF_PARAMETRIC 5 1 0.146365 0.,0.2,0.2,0.5,0.5,0.05,59.648438,52.,0.,0.,0.,0.,0.,0.,0.,0. -0.122174,0.235574
78.404 2 INS 6174 5186 -8170484 -1247804 277872 -379523488 10068 -3928 -10444
78.405 2 GPS_INT 0 0 0 404515497 -37287641 704494 654259 0 0 0 69 11 294432250 86 26 3 1
78.405 2 DL_VALUE 55 0.5
78.406 2 ATTITUDE -0.133479 2.94549 0.02566
78.433 2 INS 6174 5186 -8179750 -1247804 277872 -379769600 -4865 -938 -12086
78.433 2 ROVER_STATUS 0 47 3 2 1 92 7.8242
78.434 2 ATTITUDE -0.142849 2.931878 0.031189
78.465 2 INS 6174 5186 -8189024 -1247804 277872 -379953184 -3207 1419 -1124
78.497 2 ATTITUDE -0.135904 2.920512 0.035578
78.528 2 INS 6026 5219 -8198304 -1179646 277872 -380137184 1101 2683 -2740
78.529 2 GPS 3 43820446 447813108 1690 654268 231 2 2395 294432500 30 0
78.589 2 GPS_INT 0 0 0 404515445 -37287626 704504 654268 0 0 0 69 12 294432500 86 26 3 1
78.590 2 ATTITUDE -0.139594 2.905017 0.041656
78.590 2 ROTORCRAFT_NAV_STATUS 43 43 0. 0. 5 0 2
78.590 2 IMU_MAG_RAW 255 0 0 0
78.591 2 INS 6026 5219 -8207586 -1179646 277872 -380321824 -5261 -917 -2537
78.591 2 ROVER_CTRL 2.5 -0.00469 2538.21167 -3.571962 1400. 600. 1000. -394.630157 -6.565905 139.379501 2.50469 0.
78.637 2 ROTORCRAFT_FP 5219 6026 8209442 277872 -1179646 380425664 -572 181 11852 0 0 0 0 2538 0
78.638 2 ATTITUDE -0.136928 2.887602 0.043926
78.638 2 INS 6026 5219 -8216874 -1179646 277872 -380602432 -2355 -8747 -5933
78.638 2 SERIAL_COM 92 3189 1068 -14149 0 0 0 14 248 80 76 0 0 0 0 0
78.638 2 ATTITUDE -0.145844 2.881722 0.047298
78.669 2 INS 6026 5219 -8226168 -1179646 277872 -380742784 -6970 -7238 1343
78.695 2 GPS_INT 0 0 0 404515445 -37287626 704504 654268 0 0 0 69 12 294432500 86 26 3 1
78.696 2 ATTITUDE -0.144339 2.86453 0.038531
78.711 2 INS 6026 5219 -8235467 -1179646 277872 -381014624 12548 -1637 -4009
78.743 2 ATTITUDE -0.14581 2.851114 0.043787
78.796 2 GVF_PARAMETRIC 5 1 0.14998 -6.,7.398438,-3.4375,19.429688,20.609375,41.796875,42.96875,59.96875,0.,0.,0.,0.,0.,0.,0.,0. -0.161303,0.198234
78.797 2 INS 5888 5260 -8244769 -1158675 429915 -381188928 -5394 8959 -13173
78.797 2 GPS 3 43820461 447813053 1636 654266 236 -13 2395 294432750 30 0
78.797 2 ATTITUDE -0.149286 2.828681 0.034787
78.812 2 INS 5888 5260 -8254080 -1158675 429915 -381414880 2540 -1043 1889
78.841 2 LINK_REPORT 2 -1 79 0 236744 5438 0 2973. 67. 21 109.25
78.865 2 ROTORCRAFT_FP 5260 5888 8255941 429915 -1158675 381393888 -541 106 11549 0 0 0 0 2522 0
78.865 2 GPS_INT 0 0 0 404515395 -37287607 704502 654266 0 0 0 69 12 294432750 86 26 3 1
78.866 2 ATTITUDE -0.140386 2.807529 0.021727
78.866 2 INS 5888 5260 -8263391 -1158675 429915 -381620448 9722 2220 -15410
78.893 2 STATIC_CONTROL 0 0. 0 0. 0. 0. 0. 0. 0. 0. 0. 0. 0.
78.893 2 ATTITUDE -0.141151 2.797355 0.030385
78.925 2 INS 5888 5260 -8272709 -1158675 429915 -381818400 -3579 587 -6603
78.941 2 ATTITUDE -0.143316 2.779845 0.028001
78.998 2 INS 5888 5260 -8282035 -1158675 429915 -382058528 2288 1521 -11997
78.998 2 GPS_INT 0 0 0 404515395 -37287607 704502 654266 0 0 0 69 12 294432750 86 26 3 1
78.998 2 ATTITUDE -0.139698 2.766571 0.02648
79.028 2 INS 5744 5317 -8291365 -1137703 524287 -382272032 -2280 355 -3758
79.028 2 GPS 3 43820483 447812997 1590 654287 239 1 2395 294433000 30 0
79.043 2 ATTITUDE -0.151738 2.749213 0.019662
79.060 2 INS 5744 5317 -8300700 -1137703 524287 -382462592 -11893 3733 -943
79.102 2 ROVER_CTRL 2.5 0.043468 2543.543457 -4.576962 1400. 600. 1000. -387.385071 60.855865 70.333481 2.456532 0.
79.102 2 ROTORCRAFT_FP 5317 5744 8302567 524287 -1137703 382551232 -577 64 11207 0 0 0 0 2543 0
79.103 2 ATTITUDE -0.140966 2.726771 0.008148
79.129 2 INS 5744 5317 -8310041 -1137703 524287 -382727296 -1647 784 -9284
79.130 2 SERIAL_COM 93 -114 4356 -3150 0 0 0 14 249 80 76 0 0 0 0 0
79.155 2 GPS_INT 0 0 0 404515345 -37287581 704523 654287 0 0 0 69 13 294433000 86 26 3 1
79.155 2 ATTITUDE -0.136522 2.707076 0.004944
79.194 2 GVF_PARAMETRIC 5 1 0.153596 6.,16.4375,39.609375,43.179688,18.046875,27.347656,59.648438,52.,0.,0.,0.,0.,0.,0.,0.,0. -0.228581,0.189781
79.195 2 INS 5744 5317 -8319398 -1137703 524287 -382925344 3674 782 -10549
79.195 2 ATTITUDE -0.14473 2.688133 0.003715
79.224 2 INS 5744 5317 -8328737 -1137703 524287 -383144800 1637 -10087 -372
79.240 2 ATTITUDE -0.143296 2.668336 -0.001843
79.241 2 WP_MOVED_ENU 9 15352 13312 1994
79.256 2 WP_MOVED_ENU 9 15352 13312 1994
79.272 2 INS 5608 5388 -8338094 -1101003 702545 -383421152 -10304 8323 -5937
79.273 2 GPS 3 43820510 447812944 1525 654280 249 -1 2395 294433250 30 0
79.298 2 GPS_INT 0 0 0 404515297 -37287548 704516 654280 0 0 0 69 13 294433250 86 26 3 1
79.299 2 ATTITUDE -0.145659 2.640666 -0.010789
79.314 2 INS 5608 5388 -8347456 -1101003 702545 -383635648 -2073 706 -8764
79.340 2 ROTORCRAFT_FP 5388 5608 8349338 702545 -1101003 383665024 -573 -28 10755 0 0 0 0 2547 0
79.341 2 ATTITUDE -0.147568 2.611188 -0.012751
79.341 2 IMU_MAG_RAW 255 0 0 0
79.372 2 INS 5608 5388 -8356825 -1101003 702545 -383935168 21662 2376 -43001
79.388 2 ATTITUDE -0.136085 2.589066 -0.019892
79.420 2 INS 5608 5388 -8366197 -1101003 702545 -384056192 10751 -254 -15286
79.446 2 GPS_INT 0 0 0 404515297 -37287548 704516 654280 0 0 0 69 13 294433250 86 26 3 1
79.447 2 ALIVE 122,195,7,233,5,247,195,75,60,187,26,129,128,90,246,93
79.447 2 ATTITUDE -0.146277 2.564843 -0.019514
79.462 2 INS 5608 5388 -8375580 -1101003 702545 -384302400 -284 -3999 -9001
79.494 2 ATTITUDE -0.137972 2.540506 -0.022791
79.525 2 INS 5475 5480 -8384960 -1027603 833617 -384509056 -3063 -6748 2181
79.526 2 GPS 3 43820546 447812892 1464 654288 253 7 2395 294433500 30 0
79.541 2 ATTITUDE -0.150744 2.518166 -0.03045
79.649 2 GVF_PARAMETRIC 5 1 0.157112 0.,0.2,0.2,0.5,0.5,0.05,59.648438,52.,0.,0.,0.,0.,0.,0.,0.,0. -0.266686,0.101498
79.650 2 INS 5475 5480 -8394352 -1027603 833617 -384727136 2306 -391 10578
79.650 2 ROVER_CTRL 2.5 0.060341 2462.122559 -5.680575 1400. 600. 1000. -370.08902 84.477234 -51.903725 2.439659 0.
79.650 2 ROTORCRAFT_FP 5480 5475 8396231 833617 -1027603 384745184 -610 -135 10252 0 0 0 0 2462 0
79.651 2 GPS_INT 0 0 0 404515251 -37287505 704524 654288 0 0 0 69 12 294433500 88 26 3 1
79.651 2 ATTITUDE -0.138599 2.493703 -0.039534
79.652 2 INS 5475 5480 -8403748 -1027603 833617 -384945280 -7585 1430 -2437
79.652 2 SERIAL_COM 93 -3999 -284 -9001 0 0 0 14 249 80 76 0 0 0 0 0
79.652 2 ATTITUDE -0.138834 2.469599 -0.044314
79.675 2 INS 5475 5480 -8413151 -1027603 833617 -385236896 -10071 6099 -9528
79.675 2 GPS_SOL 69 12 88 26
79.691 2 ATTITUDE -0.138839 2.43821 -0.045097
79.707 2 INS 5475 5480 -8422558 -1027603 833617 -385451520 -9867 670 -13628
79.739 2 GPS_INT 0 0 0 404515251 -37287505 704524 654288 0 0 0 69 12 294433500 88 26 3 1
79.740 2 ATTITUDE -0.137635 2.417187 -0.051739
79.771 2 INS 5358 5588 -8431966 -854588 954203 -385664288 -212 -4009 -9748
79.771 2 GPS 3 43820588 447812846 1390 654279 244 0 2395 294433750 30 0
79.787 2 ATTITUDE -0.133434 2.386891 -0.051279
79.819 2 INS 5358 5588 -8441385 -854588 954203 -385875104 -1822 -8685 -4418
79.835 2 ROTORCRAFT_FP 5588 5358 8443267 954203 -854588 385883168 -515 -184 9695 0 0 0 0 2557 0
79.835 2 ATTITUDE -0.125752 2.345075 -0.047488
79.841 2 LINK_REPORT 2 -1 80 0 239845 5507 0 3101. 69. 21 109.25
79.867 2 INS 5358 5588 -8450805 -854588 954203 -386122656 2037 -8500 -14497
79.904 2 STATIC_CONTROL 0 0. 0 0. 0. 0. 0. 0. 0. 0. 0. 0. 0.
79.905 2 GPS_INT 0 0 0 404515210 -37287455 704515 654279 0 0 0 69 13 294433750 88 26 3 1
79.905 2 ATTITUDE -0.128974 2.30905 -0.063705
79.920 2 INS 5358 5588 -8460237 -854588 954203 -386291328 -10318 -5523 -6518
79.920 2 ROVER_STATUS 0 53 3 2 1 93 7.859523
79.936 2 ATTITUDE -0.125436 2.273978 -0.07212
79.989 2 GVF_PARAMETRIC 5 1 0.159654 -6.,7.398438,-3.4375,19.429688,20.609375,41.796875,42.96875,59.96875,0.,0.,0.,0.,0.,0.,0.,0. -0.313354,0.050719
79.990 2 INS 5358 5588 -8469666 -854588 954203 -386510624 430 -5395 -12084
79.990 2 DL_VALUE 56 0.5
79.990 2 ATTITUDE -0.119291 2.237726 -0.072423
80.021 2 INS 5265 5716 -8479103 -665845 1095760 -386718336 -1474 -2389 -7097
80.021 2 GPS 3 43820637 447812809 1298 654281 245 -1 2395 294434000 30 0
80.047 2 GPS_INT 0 0 0 404515177 -37287397 704517 654281 0 0 0 69 13 294434000 86 26 3 1
80.047 2 ATTITUDE -0.143137 2.203375 -0.070695
80.102 2 INS 5265 5716 -8488548 -665845 1095760 -386890080 -5961 4013 -3895
80.102 2 ROVER_CTRL 2.5 0.06798 2596.806396 -5.267566 1400. 600. 1000. -352.316833 95.171738 54.359436 2.43202 0.
80.103 2 ROTORCRAFT_FP 5716 5265 8490436 1095760 -665845 386991168 -495 -321 8939 0 0 0 0 2596 0
80.103 2 ATTITUDE -0.122214 2.1686 -0.084242
80.129 2 INS 5265 5716 -8497997 -665845 1095760 -387149280 -9470 3617 -1627
80.129 2 SERIAL_COM 94 4515 9810 -11272 0 0 0 14 250 80 76 0 0 0 0 0
80.129 2 ATTITUDE -0.14001 2.140958 -0.09589
80.145 2 ROTORCRAFT_NAV_STATUS 45 45 0. 0. 5 0 2
80.145 2 IMU_MAG_RAW 255 0 0 0
80.161 2 INS 5265 5716 -8507449 -665845 1095760 -387307904 -4249 -2830 4363
80.188 2 GPS_INT 0 0 0 404515177 -37287397 704517 654281 0 0 0 69 13 294434000 86 26 3 1
80.188 2 ATTITUDE -0.137397 2.107914 -0.08153
80.220 2 INS 5265 5716 -8516910 -665845 1095760 -387626368 -19682 3318 -6138
80.235 2 ATTITUDE -0.13554 2.078095 -0.082557
80.278 2 INS 5196 5854 -8526374 -466615 1179646 -387825408 -3194 -656 -4852
80.278 2 GPS 3 43820691 447812782 1205 654225 243 -14 2395 294434250 30 0
80.278 2 ATTITUDE -0.132742 2.044398 -0.106243
80.309 2 INS 5196 5854 -8535845 -466615 1179646 -388084544 -4657 760 -12489
80.386 2 ROTORCRAFT_FP 5854 5196 8537739 1179646 -466615 388099520 -494 -425 8324 0 0 0 0 2575 0
80.386 2 GPS_INT 0 0 0 404515153 -37287333 704461 654225 0 0 0 69 12 294434250 86 26 3 1
80.386 2 PONG 
80.386 2 ATTITUDE -0.11688 2.015434 -0.103577
80.387 2 GVF_PARAMETRIC 5 1 0.161761 6.,16.4375,39.609375,43.179688,18.046875,27.347656,59.648438,52.,0.,0.,0.,0.,0.,0.,0.,0. -0.283866,-0.026355
80.387 2 INS 5196 5854 -8545321 -466615 1179646 -388347552 8386 -6520 -18014
80.388 2 ATTITUDE -0.121262 1.978156 -0.095878
80.417 2 INS 5196 5854 -8554803 -466615 1179646 -388486656 -9500 -306 -3281
80.433 2 ATTITUDE -0.112293 1.946061 -0.103539
80.466 2 INS 5196 5854 -8564292 -466615 1179646 -388748640 -556 875 -10156
80.491 2 GPS_INT 0 0 0 404515153 -37287333 704461 654225 0 0 0 69 12 294434250 86 26 3 1
80.492 2 ATTITUDE -0.107793 1.931655 -0.106369
80.507 2 INS 5160 6008 -8573783 -104857 1300233 -388992864 375 13833 -17397
80.533 2 ENERGY 25 7.868354 1.625 12.786076 5.503868 0.01986 0.152965
80.533 2 GPS 3 43820751 447812767 1077 654195 249 -16 2395 294434500 30 0
80.534 2 ATTITUDE -0.111255 1.90494 -0.099304
80.549 2 WP_MOVED_ENU 10 10132 5780 1994
80.549 2 WP_MOVED_ENU 10 10132 5780 1994
80.594 2 INS 5160 6008 -8583281 -104857 1300233 -389162496 937 6274 -14449
80.594 2 ROVER_CTRL 2.5 0.06972 2479.17334 -2.970047 1400. 600. 1000. -329.777222 97.607712 -88.238716 2.43028 0.
80.595 2 ROTORCRAFT_FP 6008 5160 8585182 1300233 -104857 389200544 -440 -393 7709 0 0 0 0 2479 0
80.596 2 ATTITUDE -0.103511 1.870327 -0.106095
80.623 2 INS 5160 6008 -8592788 -104857 1300233 -389411712 1799 -7697 -10993
80.624 2 SERIAL_COM 94 -5672 -1804 758 0 0 0 14 250 80 76 0 0 0 0 0
80.649 2 GPS_INT 0 0 0 404515140 -37287263 704431 654195 0 0 0 69 12 294434500 86 26 3 1
80.650 2 STATE_FILTER_STATUS 6 3 0
80.650 2 ATTITUDE -0.105118 1.837178 -0.106692
80.665 2 INS 5160 6008 -8602294 -104857 1300233 -389599232 -8112 -2249 -5738
80.681 2 ATTITUDE -0.090088 1.821489 -0.118472
80.713 2 INS 5160 6008 -8611813 -104857 1300233 -389900448 -7569 -2998 -12376
80.729 2 ATTITUDE -0.097278 1.810844 -0.120299
80.817 2 GVF_PARAMETRIC 5 1 0.163729 0.,0.2,0.2,0.5,0.5,0.05,59.648438,52.,0.,0.,0.,0.,0.,0.,0.,0. -0.234849,-0.062238
80.817 2 INS 5153 6161 -8621329 -10485 1216347 -390024768 697 6272 -11168
80.818 2 GPS 3 43820811 447812764 993 654162 233 -6 2395 294434750 30 0
80.818 2 GPS_INT 0 0 0 404515137 -37287192 704398 654162 0 0 0 69 12 294434750 88 26 3 1
80.818 2 ATTITUDE -0.09189 1.791168 -0.113715
80.818 2 INS 5153 6161 -8630855 -10485 1216347 -390299328 47 5259 -9781
80.832 2 ROTORCRAFT_FP 6161 5153 8632763 1216347 -10485 390344832 -389 -449 7300 0 0 0 0 2579 0
80.833 2 ATTITUDE -0.089905 1.7736 -0.118282
80.842 2 LINK_REPORT 2 -1 81 0 243027 5579 0 3182. 72. 22 86.9
80.878 2 INS 5153 6161 -8640386 -10485 1216347 -390366624 -548 8412 -6018
80.878 2 STATIC_CONTROL 0 0. 0 0. 0. 0. 0. 0. 0. 0. 0. 0. 0.
80.879 2 ATTITUDE -0.091494 1.756408 -0.119382
80.910 2 INS 5153 6161 -8649923 -10485 1216347 -390604064 -1828 -3961 7130
80.936 2 GPS_INT 0 0 0 404515137 -37287192 704398 654162 0 0 0 69 12 294434750 88 26 3 1
80.937 2 ATTITUDE -0.100316 1.736195 -0.123526
80.937 2 IMU_MAG_RAW 255 0 0 0
80.968 2 INS 5153 6161 -8659469 -10485 1216347 -390850400 -2502 507 -546
80.984 2 ATTITUDE -0.092025 1.727827 -0.121897
81.016 2 INS 5153 6161 -8669008 -10485 1216347 -391046432 2592 1321 -1973
81.016 2 GPS 3 43820870 447812764 931 654140 234 -11 2395 294435000 30 0
81.032 2 ATTITUDE -0.065338 1.714192 -0.119987
81.143 2 INS 5155 6315 -8678558 57671 1221589 -391353312 -328 2711 -9883
81.143 2 ROVER_CTRL 2.5 0.063729 2605.615723 -2.952368 1400. 600. 1000. -311.593658 89.220001 28.371811 2.436271 0.
81.144 2 ROTORCRAFT_FP 6315 5155 8680478 1221589 57671 391355808 -258 -457 6978 0 0 0 0 2605 0
81.144 2 GPS_INT 0 0 0 404515138 -37287122 704376 654140 0 0 0 69 14 294435000 88 26 3 1
81.144 2 AUTOPILOT_VERSION 60200 v6.2_unstable-650-g74eaf7c20-dirty
81.144 2 ATTITUDE -0.07306 1.697724 -0.110596
81.145 2 INS 5155 6315 -8688115 57671 1221589 -391527264 -4594 -507 -9029
81.145 2 SERIAL_COM 95 -868 -19 -2311 0 0 0 14 251 80 76 0 0 0 0 0
81.145 2 ATTITUDE -0.084219 1.683053 -0.12102
81.180 2 GVF_PARAMETRIC 5 1 0.165515 -6.,7.398438,-3.4375,19.429688,20.609375,41.796875,42.96875,59.96875,0.,0.,0.,0.,0.,0.,0.,0. -0.248384,-0.085854
81.181 2 INS 5155 6315 -8697676 57671 1221589 -391754336 -5151 -2508 -4357
81.181 2 ATTITUDE -0.072502 1.670885 -0.132036
81.212 2 INS 5155 6315 -8707243 57671 1221589 -391953376 -6381 -5672 -4841
81.238 2 GPS_INT 0 0 0 404515138 -37287122 704376 654140 0 0 0 69 14 294435000 88 26 3 1
81.238 2 ATTITUDE -0.068458 1.658134 -0.122532
81.254 2 INS 5160 6464 -8716814 83886 1195375 -392181312 -1288 6623 -4863
81.270 2 GPS 3 43820929 447812766 893 654120 230 1 2395 294435250 30 0
81.285 2 ATTITUDE -0.079622 1.640453 -0.124674
81.302 2 INS 5160 6464 -8726393 83886 1195375 -392388416 -3209 9087 -9544
81.334 2 ROTORCRAFT_FP 6464 5160 8728310 1195375 83886 392482944 -278 -510 6680 0 0 0 0 2710 0
81.334 2 ATTITUDE -0.064926 1.62514 -0.133413
81.366 2 INS 5160 6464 -8735975 83886 1195375 -392620288 4256 -3093 -6330
81.382 2 GPS_INT 0 0 0 404515140 -37287053 704356 654120 0 0 0 69 13 294435250 88 26 3 1
81.382 2 ATTITUDE -0.072462 1.60926 -0.129757
81.413 2 INS 5160 6464 -8745561 83886 1195375 -392831968 -1527 -1972 -1036
81.414 2 ROVER_STATUS 0 48 3 2 1 95 7.8242
81.429 2 ATTITUDE -0.061205 1.590058 -0.130531
81.461 2 INS 5160 6464 -8755157 83886 1195375 -393129312 -89 5259 -15095
81.477 2 ATTITUDE -0.075772 1.574231 -0.134131
81.536 2 INS 5173 6612 -8764758 204472 1216347 -393334208 -5928 4134 -5240
81.537 2 GPS 3 43820987 447812771 845 654128 237 0 2395 294435500 30 0
81.537 2 GPS_INT 0 0 0 404515145 -37286984 704364 654128 0 0 0 69 13 294435500 88 26 3 1
81.538 2 ATTITUDE -0.056953 1.54993 -0.133336
81.637 2 GVF_PARAMETRIC 5 1 0.167546 6.,16.4375,39.609375,43.179688,18.046875,27.347656,59.648438,52.,0.,0.,0.,0.,0.,0.,0.,0. -0.212013,-0.108989
81.637 2 INS 5173 6612 -8774361 204472 1216347 -393571776 2677 -7042 -16520
81.637 2 ROVER_CTRL 2.5 0.102145 2740.627686 -2.980356 1400. 600. 1000. -287.378387 143.002945 85.616112 2.397855 0.
81.638 2 ROTORCRAFT_FP 6612 5173 8776291 1216347 204472 393676448 -281 -506 6300 0 0 0 0 2740 0
81.638 2 DL_VALUE 57 0.
81.638 2 ATTITUDE -0.076821 1.534273 -0.122421
81.638 2 INS 5173 6612 -8783972 204472 1216347 -393754336 349 1659 -7852
81.639 2 SERIAL_COM 95 9277 -2898 -8327 0 0 0 14 251 80 76 0 0 0 0 0
81.639 2 ATTITUDE -0.078004 1.518982 -0.128875
81.691 2 INS 5173 6612 -8793587 204472 1216347 -393977600 -2242 5553 -9398
81.691 2 GPS_SOL 69 13 88 26
81.692 2 GPS_INT 0 0 0 404515145 -37286984 704364 654128 0 0 0 69 13 294435500 88 26 3 1
81.693 2 INS_REF 485058794 -31613915 411670613 404513324 -37290030 704601 654365 0.
81.693 2 ATTITUDE -0.069841 1.502316 -0.128897
81.707 2 INS 5173 6612 -8803206 204472 1216347 -394100288 3901 -1217 -3752
81.723 2 ATTITUDE -0.061962 1.484661 -0.110639
81.739 2 ROTORCRAFT_NAV_STATUS 46 46 0. 0. 5 0 2
81.739 2 IMU_MAG_RAW 255 0 0 0
81.768 2 INS 5204 6768 -8812833 314572 1274018 -394383008 3610 9380 -3163
81.768 2 GPS 3 43821048 447812783 797 654137 252 5 2395 294435750 30 0
81.784 2 ATTITUDE -0.075625 1.465862 -0.119204
81.816 2 INS 5204 6768 -8822464 314572 1274018 -394548928 1684 -9392 -10918
81.843 2 LINK_REPORT 2 -1 82 0 245977 5646 0 2950. 67. 22 86.9
81.876 2 ROTORCRAFT_FP 6768 5204 8824399 1274018 314572 394592352 -296 -529 5966 0 0 0 0 2656 0
81.877 2 GPS_INT 0 0 0 404515156 -37286912 704373 654137 0 0 0 69 13 294435750 88 26 3 1
81.877 2 ATTITUDE -0.071476 1.449803 -0.131225
81.878 2 WP_MOVED_ENU 11 289 13698 1994
81.878 2 WP_MOVED_ENU 11 289 13698 1994
81.878 2 INS 5204 6768 -8832097 314572 1274018 -394903328 2760 5663 -19927
81.878 2 STATIC_CONTROL 0 0. 0 0. 0. 0. 0. 0. 0. 0. 0. 0. 0.
81.879 2 ATTITUDE -0.06185 1.428395 -0.129578
81.908 2 INS 5204 6768 -8841741 314572 1274018 -395058496 1698 11310 -3883
81.924 2 ATTITUDE -0.058462 1.411324 -0.133806
81.989 2 GVF_PARAMETRIC 5 1 0.169459 0.,0.2,0.2,0.5,0.5,0.05,59.648438,52.,0.,0.,0.,0.,0.,0.,0.,0. -0.234878,-0.131473
81.989 2 INS 5204 6768 -8851390 314572 1274018 -395261408 -178 -3006 -13435
81.994 2 GPS_INT 0 0 0 404515156 -37286912 704373 654137 0 0 0 69 13 294435750 88 26 3 1
81.995 2 ATTITUDE -0.056499 1.395265 -0.131396
82.017 2 INS 5204 6768 -8861042 314572 1274018 -395532224 -463 462 -10677
82.017 2 GPS 3 43821048 447812783 797 654137 252 5 2395 294435750 30 0
82.033 2 ATTITUDE -0.044868 1.383787 -0.128288
82.092 2 INS 5248 6924 -8870699 403701 1237318 -395670304 -5206 -8400 -9840
82.093 2 ROVER_CTRL 2.5 0.105851 2674.773438 -2.32005 1400. 600. 1000. -254.376465 148.190979 -18.405914 2.394149 0.
82.093 2 ROTORCRAFT_FP 6924 5248 8872632 1237318 403701 395685920 -183 -546 5623 0 0 0 0 2674 0
82.094 2 ATTITUDE -0.038583 1.368484 -0.134251
82.146 2 INS 5248 6924 -8880360 403701 1237318 -395829344 -1415 -4869 -1912
82.146 2 SERIAL_COM 96 -4144 2783 -7993 0 0 0 14 252 80 76 0 0 0 0 0
82.147 2 GPS_INT 0 0 0 404515171 -37286841 704356 654120 0 0 0 69 14 294436000 88 26 3 1
82.147 2 ALIVE 122,195,7,233,5,247,195,75,60,187,26,129,128,90,246,93
82.147 2 ATTITUDE -0.045747 1.354355 -0.13467
82.162 2 INS 5248 6924 -8890027 403701 1237318 -396051200 -67 3455 -2350
82.178 2 ATTITUDE -0.042296 1.340678 -0.133841
82.210 2 INS 5248 6924 -8899700 403701 1237318 -396246432 6101 3946 -7809
82.226 2 ATTITUDE -0.021079 1.326781 -0.136848
82.268 2 INS 5299 7075 -8909377 461373 1174404 -396547712 11266 9887 -18338
82.268 2 GPS 3 43821167 447812818 719 654093 242 -4 2395 294436250 30 0
82.284 2 GPS_INT 0 0 0 404515189 -37286772 704329 654093 0 0 0 69 15 294436250 88 26 3 1
82.284 2 ATTITUDE -0.024455 1.317112 -0.131255
82.300 2 INS 5299 7075 -8919060 461373 1174404 -396753440 -8307 11006 -3182
82.332 2 ROTORCRAFT_FP 7075 5299 8921006 1174404 461373 396754528 -162 -502 5395 0 0 0 0 2711 0
82.332 2 ATTITUDE -0.035245 1.314103 -0.122706
82.374 2 GVF_PARAMETRIC 5 1 0.171636 -6.,7.398438,-3.4375,19.429688,20.609375,41.796875,42.96875,59.96875,0.,0.,0.,0.,0.,0.,0.,0. -0.203216,-0.132506
82.374 2 INS 5299 7075 -8928748 461373 1174404 -396998080 -3739 3991 -5125
82.375 2 ATTITUDE -0.014094 1.297578 -0.142431
82.405 2 INS 5299 7075 -8938444 461373 1174404 -397201600 -4506 -5764 -10891
82.432 2 GPS_INT 0 0 0 404515189 -37286772 704329 654093 0 0 0 69 15 294436250 88 26 3 1
82.432 2 ATTITUDE -0.019842 1.286713 -0.139117
82.463 2 INS 5299 7075 -8948141 461373 1174404 -397395648 -2102 3126 -14906
82.479 2 ATTITUDE -0.024346 1.277892 -0.12876
82.511 2 INS 5363 7216 -8957842 534773 1169161 -397635456 6737 5958 -24609
82.512 2 GPS 3 43821224 447812842 682 654039 246 -6 2395 294436500 30 0
82.527 2 ATTITUDE -0.004689 1.27102 -0.142263
82.543 2 IMU_MAG_RAW 255 0 0 0
82.619 2 INS 5363 7216 -8967552 534773 1169161 -397741440 -3523 -2086 -10601
82.620 2 ROVER_CTRL 2.5 0.106296 2742.973633 -1.202398 1400. 600. 1000. -223.13208 148.814484 17.929077 2.393704 0.
82.621 2 ROTORCRAFT_FP 7216 5363 8969495 1169161 534773 397816640 20 -574 5182 0 0 0 0 2742 0
82.621 2 GPS_INT 0 0 0 404515211 -37286706 704275 654039 0 0 0 69 14 294436500 88 26 3 1
82.622 2 ATTITUDE 0.008199 1.259137 -0.137361
82.622 2 INS 5363 7216 -8977264 534773 1169161 -398058240 4470 -5501 -20537
82.623 2 SERIAL_COM 96 5533 2534 -847 0 0 0 14 252 80 76 0 0 0 0 0
82.623 2 ATTITUDE -0.01054 1.256759 -0.131126
82.651 2 INS 5363 7216 -8986985 534773 1169161 -398091488 2083 1674 -4235
82.683 2 ATTITUDE -0.032523 1.252131 -0.13447
82.699 2 DATALINK_REPORT 2 24 6419 3054 0 1
82.727 2 INS 5363 7216 -8996709 534773 1169161 -398477056 -1933 -3307 -7016
82.728 2 GPS_INT 0 0 0 404515211 -37286706 704275 654039 0 0 0 69 14 294436500 88 26 3 1
82.729 2 ATTITUDE -0.020308 1.243624 -0.130645
82.781 2 GVF_PARAMETRIC 5 1 0.173739 6.,16.4375,39.609375,43.179688,18.046875,27.347656,59.648438,52.,0.,0.,0.,0.,0.,0.,0.,0. -0.177796,-0.11966
82.782 2 INS 5427 7357 -9006437 508558 1116732 -398670720 15675 9094 -30513
82.782 2 GPS 3 43821279 447812866 668 654020 235 -3 2395 294436750 30 0
82.782 2 ATTITUDE -0.016401 1.237329 -0.134702
82.829 2 INS 5427 7357 -9016174 508558 1116732 -398908480 3319 4758 -11729
82.829 2 ROTORCRAFT_FP 7357 5427 9018123 1116732 508558 398915776 -101 -519 5088 0 0 0 0 2732 0
82.829 2 ATTITUDE -0.024698 1.235046 -0.125626
82.843 2 LINK_REPORT 2 -1 83 0 249171 5716 0 3194. 70. 22 86.9
82.887 2 INS 5427 7357 -9025915 508558 1116732 -399123072 -4494 2790 -13271
82.888 2 STATIC_CONTROL 0 0. 0 0. 0. 0. 0. 0. 0. 0. 0. 0. 0.
82.888 2 GPS_INT 0 0 0 404515233 -37286641 704256 654020 0 0 0 69 14 294436750 88 26 3 1
82.889 2 ATTITUDE -0.009859 1.233051 -0.128591
82.918 2 INS 5427 7357 -9035664 508558 1116732 -399315936 221 2102 -12397
82.918 2 ROVER_STATUS 0 51 3 2 1 96 7.753552
82.919 2 ATTITUDE -0.001717 1.224782 -0.129268
82.950 2 INS 5427 7357 -9045411 508558 1116732 -399525152 -192 4304 -6867
82.982 2 ATTITUDE -0.006267 1.226728 -0.131667
82.998 2 INS 5427 7357 -9055170 508558 1116732 -399739552 -932 1365 -7429
83.014 2 GPS 3 43821333 447812892 650 653984 244 -13 2395 294437000 30 0
83.040 2 GPS_INT 0 0 0 404515257 -37286577 704220 653984 0 0 0 69 14 294437000 88 26 3 1
83.041 2 ATTITUDE -0.010524 1.226763 -0.132339
83.094 2 INS 5493 7495 -9064929 571473 1142946 -399902016 2490 -3351 -5425
83.095 2 ROVER_CTRL 2.5 0.102481 2699.401611 -0.786094 1400. 600. 1000. -191.099915 143.473236 -52.35672 2.397519 0.
83.096 2 ROTORCRAFT_FP 7495 5493 9066881 1142946 571473 399997888 -14 -512 4993 0 0 0 0 2699 0
83.097 2 ATTITUDE -0.014671 1.220007 -0.116407
83.110 2 INS 5493 7495 -9074696 571473 1142946 -400184032 -1182 5567 -6962
83.110 2 SERIAL_COM 97 -3351 2490 -5425 0 0 0 14 253 80 76 0 0 0 0 0
83.126 2 ATTITUDE -0.027376 1.213923 -0.118419
83.142 2 WP_MOVED_ENU 12 760 1031 2560
83.142 2 WP_MOVED_ENU 12 760 1031 2560
83.217 2 GVF_PARAMETRIC 5 1 0.175675 0.,0.2,0.2,0.5,0.5,0.05,59.648438,52.,0.,0.,0.,0.,0.,0.,0.,0. -0.211284,-0.132243
83.218 2 INS 5493 7495 -9084469 571473 1142946 -400300960 -3914 3398 735
83.218 2 GPS_INT 0 0 0 404515257 -37286577 704220 653984 0 0 0 69 14 294437000 88 26 3 1
83.219 2 DL_VALUE 58 0.
83.219 2 ATTITUDE -0.02085 1.208277 -0.126028
83.219 2 INS 5493 7495 -9094247 571473 1142946 -400653120 -1014 2829 -7340
83.220 2 ATTITUDE -0.012903 1.209477 -0.122669
83.263 2 INS 5560 7636 -9104030 550501 1153432 -400841760 1656 4828 -766
83.263 2 GPS 3 43821388 447812919 646 653922 245 -9 2395 294437250 30 0
83.279 2 ATTITUDE -0.011297 1.206065 -0.135661
83.311 2 INS 5560 7636 -9113821 550501 1153432 -401006112 -1089 3308 -5459
83.359 2 ROTORCRAFT_FP 7636 5560 9115778 1153432 550501 401036736 -48 -537 4946 0 0 0 0 2668 0
83.360 2 GPS_INT 0 0 0 404515281 -37286513 704158 653922 0 0 0 69 14 294437250 88 26 3 1
83.360 2 ATTITUDE -0.012739 1.202673 -0.12857
83.360 2 ROTORCRAFT_NAV_STATUS 48 48 0. 0. 5 0 2
83.360 2 IMU_MAG_RAW 255 0 0 0
83.361 2 INS 5560 7636 -9123611 550501 1153432 -401320128 3307 7730 -4083
83.374 2 ATTITUDE -0.013091 1.204659 -0.131822
83.407 2 INS 5560 7636 -9133410 550501 1153432 -401421664 -3683 724 -15602
83.422 2 ATTITUDE -0.021721 1.203777 -0.139629
83.455 2 INS 5560 7636 -9143216 550501 1153432 -401653696 -6468 -11225 -5383
83.481 2 GPS_INT 0 0 0 404515281 -37286513 704158 653922 0 0 0 69 14 294437250 88 26 3 1
83.481 2 ATTITUDE -0.024711 1.19963 -0.125487
83.513 2 INS 5632 7779 -9153022 581959 1174404 -401904896 346 3766 -11505
83.513 2 GPS 3 43821444 447812945 641 653927 251 9 2395 294437500 30 0
83.529 2 ATTITUDE -0.022483 1.189702 -0.134306
83.614 2 GVF_PARAMETRIC 5 1 0.177986 -6.,7.398438,-3.4375,19.429688,20.609375,41.796875,42.96875,59.96875,0.,0.,0.,0.,0.,0.,0.,0. -0.194601,-0.119327
83.614 2 INS 5632 7779 -9162835 581959 1174404 -402006816 -464 6133 -563
83.615 2 ROVER_CTRL 2.5 0.068406 2656.270996 -0.596929 1400. 600. 1000. -165.415726 95.768547 -73.671341 2.431594 0.
83.615 2 ROTORCRAFT_FP 7779 5632 9164797 1174404 581959 402059136 -28 -597 4858 0 0 0 0 2656 0
83.616 2 ATTITUDE -0.002471 1.185403 -0.146687
83.616 2 INS 5632 7779 -9172656 581959 1174404 -402343200 671 -3280 -12825
83.616 2 SERIAL_COM 97 4510 -2003 4179 0 0 0 14 253 80 76 0 0 0 0 0
83.640 2 GPS_INT 0 0 0 404515305 -37286447 704163 653927 0 0 0 69 13 294437500 88 26 3 1
83.640 2 ATTITUDE -0.021659 1.190235 -0.140043
83.656 2 INS 5632 7779 -9182477 581959 1174404 -402552160 2722 1161 -3340
83.656 2 GPS_SOL 69 13 88 26
83.671 2 ATTITUDE -0.02731 1.18858 -0.150425
83.719 2 INS 5632 7779 -9192307 581959 1174404 -402738304 12580 -8077 -14324
83.720 2 ATTITUDE -0.026032 1.18616 -0.150157
83.762 2 INS 5706 7920 -9202144 602930 1174404 -403006400 2033 -777 3148
83.763 2 GPS 3 43821499 447812974 634 653914 252 -3 2395 294437750 30 0
83.788 2 GPS_INT 0 0 0 404515332 -37286382 704150 653914 0 0 0 69 13 294437750 88 26 3 1
83.789 2 ATTITUDE -0.034113 1.180128 -0.132951
83.804 2 INS 5706 7920 -9211984 602930 1174404 -403147712 -3720 402 -11424
83.830 2 ROTORCRAFT_FP 7920 5706 9213964 1174404 602930 403201152 -153 -570 4812 0 0 0 0 2714 0
83.831 2 STATE_FILTER_STATUS 6 3 0
83.831 2 ATTITUDE -0.033806 1.171515 -0.133361
83.844 2 LINK_REPORT 2 -1 84 0 252233 5786 0 3062. 70. 22 86.9
83.846 2 INS 5706 7920 -9221829 602930 1174404 -403370528 580 4137 259
83.875 2 STATIC_CONTROL 0 0. 0 0. 0. 0. 0. 0. 0. 0. 0. 0. 0.
83.876 2 ATTITUDE -0.012851 1.161082 -0.148971
83.907 2 INS 5706 7920 -9231682 602930 1174404 -403633216 12305 4372 -19934
83.924 2 GPS_INT 0 0 0 404515332 -37286382 704150 653914 0 0 0 69 13 294437750 88 26 3 1
83.924 2 ATTITUDE -0.027818 1.154902 -0.142381
83.977 2 GVF_PARAMETRIC 5 1 0.180016 6.,16.4375,39.609375,43.179688,18.046875,27.347656,59.648438,52.,0.,0.,0.,0.,0.,0.,0.,0. -0.231274,-0.13101
83.978 2 INS 5706 7920 -9241549 602930 1174404 -403834368 6988 9273 -18072
83.978 2 ATTITUDE -0.030964 1.154884 -0.130733
83.993 2 INS 5706 7920 -9251395 602930 1174404 -404064320 -1938 4271 -11167
84.009 2 GPS 3 43821554 447813003 625 653918 252 4 2395 294438000 30 0
84.025 2 ATTITUDE -0.026158 1.153392 -0.138525
84.057 2 INS 5780 8061 -9261260 623902 1158675 -404223520 -500 547 -20857
84.138 2 GPS_INT 0 0 0 404515358 -37286318 704154 653918 0 0 0 69 12 294438000 88 26 3 1
84.139 2 ATTITUDE -0.02089 1.146898 -0.141112
84.139 2 INS 5780 8061 -9271132 623902 1158675 -404440608 -1754 2551 -1707
84.139 2 SERIAL_COM 98 3023 -1366 -2311 0 0 0 14 254 80 76 0 0 0 0 0
84.139 2 ATTITUDE -0.033714 1.142174 -0.126889
84.139 2 IMU_MAG_RAW 255 0 0 0
84.154 2 INS 5780 8061 -9281006 623902 1158675 -404718336 5116 7483 -15639
84.170 2 ATTITUDE -0.040297 1.132974 -0.132635
84.202 2 INS 5780 8061 -9290889 623902 1158675 -404833888 1596 -2382 -2536
84.228 2 GPS_INT 0 0 0 404515358 -37286318 704154 653918 0 0 0 69 12 294438000 88 26 3 1
84.229 2 ATTITUDE -0.031743 1.125049 -0.127371
84.244 2 INS 5857 8197 -9300775 613416 1121975 -405106144 8457 -1930 -21894
84.260 2 GPS 3 43821608 447813032 619 653921 244 0 2395 294438250 30 0
84.276 2 ATTITUDE -0.023965 1.11294 -0.10346
84.321 2 INS 5857 8197 -9310666 613416 1121975 -405276352 1966 -686 -4775
84.321 2 ROTORCRAFT_FP 8197 5857 9312644 1121975 613416 405308416 -114 -419 4541 0 0 0 0 2713 0
84.322 2 ATTITUDE -0.031987 1.104768 -0.115962
84.385 2 GVF_PARAMETRIC 5 1 0.182239 0.,0.2,0.2,0.5,0.5,0.05,59.648438,52.,0.,0.,0.,0.,0.,0.,0.,0. -0.212668,-0.113191
84.386 2 INS 5857 8197 -9320563 613416 1121975 -405464864 -3651 -2054 -5608
84.386 2 GPS_INT 0 0 0 404515385 -37286255 704157 653921 0 0 0 69 12 294438250 88 26 3 1
84.386 2 ATTITUDE -0.005292 1.101871 -0.134202
84.401 2 INS 5857 8197 -9330464 613416 1121975 -405726080 6621 686 -4516
84.401 2 ROVER_STATUS 0 37 3 2 1 98 7.718228
84.417 2 ATTITUDE -0.019842 1.103352 -0.12896
84.433 2 WP_MOVED_ENU 13 775 -1018 2560
84.433 2 WP_MOVED_ENU 13 775 -1018 2560
84.449 2 INS 5857 8197 -9340373 613416 1121975 -405918240 -3143 4820 2587
84.465 2 ATTITUDE -0.010519 1.104173 -0.133192
84.509 2 INS 5939 8327 -9350287 686816 1069546 -406161280 -4471 -1797 -9434
84.509 2 GPS 3 43821660 447813064 593 653906 244 5 2395 294438500 30 0
84.535 2 GPS_INT 0 0 0 404515414 -37286194 704141 653906 0 0 0 69 12 294438500 88 26 3 1
84.535 2 ATTITUDE -0.013398 1.10261 -0.133972
84.589 2 INS 5939 8327 -9360200 686816 1069546 -406283136 3265 10112 -9181
84.589 2 ROVER_CTRL 2.5 0.048978 2749.110352 1.192153 1400. 600. 1000. -133.064651 68.568993 13.899803 2.451022 0.
84.589 2 ROTORCRAFT_FP 8327 5939 9362183 1069546 686816 406397632 -50 -503 4508 0 0 0 0 2749 0
84.590 2 ATTITUDE -0.018533 1.09576 -0.118232
84.605 2 INS 5939 8327 -9370123 686816 1069546 -406669632 12473 10121 -14768
84.605 2 SERIAL_COM 98 -1345 4175 -12679 0 0 0 14 254 80 76 0 0 0 0 0
84.621 2 ATTITUDE -0.028261 1.092773 -0.12981
84.653 2 INS 5939 8327 -9380052 686816 1069546 -406765952 7768 5560 -20738
84.669 2 GPS_INT 0 0 0 404515414 -37286194 704141 653906 0 0 0 69 12 294438500 88 26 3 1
84.669 2 ATTITUDE -0.028619 1.086635 -0.14503
84.701 2 INS 5939 8327 -9389985 686816 1069546 -407016544 -535 -8840 -9347
84.717 2 ATTITUDE -0.029499 1.08452 -0.133057
84.781 2 GVF_PARAMETRIC 5 1 0.184364 -6.,7.398438,-3.4375,19.429688,20.609375,41.796875,42.96875,59.96875,0.,0.,0.,0.,0.,0.,0.,0. -0.192156,-0.091054
84.782 2 INS 6018 8460 -9399923 623902 1101003 -407227808 -4474 -10278 -12684
84.783 2 GPS 3 43821712 447813095 600 653898 242 -7 2395 294438750 30 0
84.783 2 DL_VALUE 59 0.
84.783 2 ATTITUDE -0.033225 1.087661 -0.120622
84.797 2 INS 6018 8460 -9409870 623902 1101003 -407358272 5331 -6248 -10764
84.845 2 LINK_REPORT 2 -1 85 0 255021 5849 0 2788. 63. 22 86.9
84.873 2 ROTORCRAFT_FP 8460 6018 9411855 1101003 623902 407455008 -73 -453 4442 0 0 0 0 2704 0
84.873 2 GPS_INT 0 0 0 404515442 -37286133 704134 653898 0 0 0 69 12 294438750 88 26 3 1
84.873 2 ALIVE 122,195,7,233,5,247,195,75,60,187,26,129,128,90,246,93
84.874 2 ATTITUDE -0.032679 1.0911 -0.105644
84.874 2 INS 6018 8460 -9419818 623902 1101003 -407668896 1673 1437 -3131
84.874 2 STATIC_CONTROL 0 0. 0 0. 0. 0. 0. 0. 0. 0. 0. 0. 0.
84.874 2 ATTITUDE -0.024796 1.100808 -0.112647
84.904 2 INS 6018 8460 -9429768 623902 1101003 -407802432 2823 2310 -1037
84.920 2 ATTITUDE -0.033074 1.111962 -0.112856
84.951 2 ROTORCRAFT_NAV_STATUS 49 49 0. 0. 5 0 2
84.952 2 IMU_MAG_RAW 255 0 0 0
84.952 2 INS 6018 8460 -9439727 623902 1101003 -408082464 -69 5242 -5090
84.967 2 GPS_INT 0 0 0 404515442 -37286133 704134 653898 0 0 0 69 12 294438750 88 26 3 1
84.968 2 ATTITUDE -0.032468 1.118144 -0.114004
85.023 2 INS 6095 8593 -9449692 618659 1080032 -408257632 4537 7151 -12290
85.024 2 ENERGY 28 7.8242 1.675 13.105535 5.816842 0.021892 0.168775
85.024 2 GPS 3 43821763 447813124 601 653886 239 2 2395 294439000 30 0
85.024 2 ATTITUDE -0.033287 1.117417 -0.121675
85.082 2 INS 6095 8593 -9459663 613416 1085275 -408548416 2749 8311 -17609
85.083 2 ROVER_CTRL 2.5 0.042499 2769.931885 0.684566 1400. 600. 1000. -119.090538 59.499023 29.778481 2.457501 0.
85.083 2 ROTORCRAFT_FP 8593 6095 9461656 1085275 613416 408583200 -177 -457 4594 0 0 0 0 2769 0
85.084 2 ATTITUDE -0.038335 1.118806 -0.112645
85.109 2 INS 6095 8593 -9469637 613416 1085275 -408689952 3625 -3622 -18342
85.110 2 SERIAL_COM 99 -1294 -1610 -931 0 0 0 14 255 80 76 0 0 0 0 0
85.126 2 GPS_INT 0 0 0 404515469 -37286073 704122 653886 0 0 0 69 12 294439000 88 26 3 1
85.127 2 ATTITUDE -0.038755 1.120421 -0.111648
85.166 2 GVF_PARAMETRIC 5 1 0.18636 6.,16.4375,39.609375,43.179688,18.046875,27.347656,59.648438,52.,0.,0.,0.,0.,0.,0.,0.,0. -0.224545,-0.107626
85.167 2 INS 6095 8593 -9479616 613416 1085275 -409016384 12322 3552 -28748
85.167 2 ATTITUDE -0.041509 1.120828 -0.128468
85.198 2 INS 6095 8593 -9489602 613416 1085275 -409079296 -532 6521 -4741
85.214 2 ATTITUDE -0.044404 1.120621 -0.140299
85.257 2 INS 6172 8729 -9499592 623902 1142946 -409400992 -683 -4522 -16046
85.258 2 GPS 3 43821816 447813154 607 653893 251 2 2395 294439250 30 0
85.283 2 GPS_INT 0 0 0 404515496 -37286010 704129 653893 0 0 0 69 12 294439250 88 26 3 1
85.284 2 ATTITUDE -0.04294 1.113002 -0.134165
85.299 2 INS 6172 8729 -9509590 629145 1142946 -409578560 1932 -4265 -12339
85.325 2 ROTORCRAFT_FP 8729 6172 9511588 1142946 629145 409622976 -161 -515 4562 0 0 0 0 2725 0
85.326 2 ATTITUDE -0.042976 1.11504 -0.124881
85.326 2 PONG 
85.357 2 INS 6172 8729 -9519592 629145 1142946 -409770880 -412 1820 -589
85.373 2 ATTITUDE -0.045755 1.121126 -0.127269
85.389 2 INS 6172 8729 -9529598 629145 1142946 -409953216 7939 3557 -4271
85.421 2 GPS_INT 0 0 0 404515496 -37286010 704129 653893 0 0 0 69 12 294439250 88 26 3 1
85.421 2 ATTITUDE -0.043654 1.110003 -0.127811
85.452 2 INS 6172 8729 -9539610 629145 1142946 -410182816 -7249 2631 4688
85.468 2 ATTITUDE -0.039443 1.107113 -0.126312
85.500 2 INS 6248 8867 -9549624 618659 1163918 -410415008 -1846 3474 -5087
85.501 2 GPS 3 43821871 447813183 614 653890 253 9 2395 294439500 30 0
85.516 2 ATTITUDE -0.041642 1.10774 -0.128094
85.623 2 GVF_PARAMETRIC 5 1 0.188808 0.,0.2,0.2,0.5,0.5,0.05,59.648438,52.,0.,0.,0.,0.,0.,0.,0.,0. -0.206041,-0.104425
85.624 2 INS 6248 8867 -9559647 618659 1163918 -410600992 7910 6330 -5836
85.624 2 ROVER_CTRL 2.5 0.040966 2744.130127 -0.048803 1400. 600. 1000. -105.871422 57.352112 -7.104874 2.459034 0.
85.624 2 ROTORCRAFT_FP 8867 6248 9561650 1163918 618659 410622464 -170 -479 4532 0 0 0 0 2744 0
85.625 2 GPS_INT 0 0 0 404515523 -37285946 704126 653890 0 0 0 69 11 294439500 88 26 3 1
85.625 2 ATTITUDE -0.042697 1.108828 -0.121022
85.625 2 INS 6248 8867 -9569671 618659 1163918 -410810112 1977 3885 -3028
85.626 2 SERIAL_COM 99 2631 -7249 4688 0 0 0 14 255 80 76 0 0 0 0 0
85.626 2 ATTITUDE -0.04434 1.113814 -0.121394
85.639 2 INS 6248 8867 -9579702 618659 1163918 -411037696 1059 -319 -10158
85.655 2 GPS_SOL 69 11 88 26
85.671 2 ATTITUDE -0.054744 1.117294 -0.120326
85.703 2 INS 6248 8867 -9589739 618659 1163918 -411216576 -6120 3437 -7914
85.733 2 GPS_INT 0 0 0 404515523 -37285946 704126 653890 0 0 0 69 11 294439500 88 26 3 1
85.733 2 ATTITUDE -0.050637 1.117176 -0.119892
85.733 2 WP_MOVED_ENU 14 -760 -1031 2560
85.733 2 WP_MOVED_ENU 14 -760 -1031 2560
85.734 2 IMU_MAG_RAW 255 0 0 0
85.759 2 INS 6320 9011 -9599780 545259 1158675 -411508832 160 5945 -428
85.759 2 GPS 3 43821927 447813211 630 653886 246 4 2395 294439750 30 0
85.760 2 ATTITUDE -0.060366 1.123705 -0.124907
85.791 2 INS 6320 9011 -9609828 545259 1158675 -411723456 6236 3715 -17239
85.819 2 ROTORCRAFT_FP 9011 6320 9611837 1158675 545259 411719104 -245 -513 4583 0 0 0 0 2797 0
85.819 2 ATTITUDE -0.055362 1.123535 -0.123366
85.846 2 LINK_REPORT 2 -1 86 0 258227 5922 0 3206. 73. 23 26.47
85.878 2 INS 6320 9011 -9619884 545259 1158675 -411846720 -673 -3741 5023
85.878 2 STATIC_CONTROL 0 0. 0 0. 0. 0. 0. 0. 0. 0. 0. 0. 0.
85.879 2 GPS_INT 0 0 0 404515548 -37285880 704122 653886 0 0 0 68 11 294439750 88 26 3 1
85.879 2 ATTITUDE -0.043721 1.118526 -0.120222
85.903 2 INS 6320 9011 -9629937 545259 1158675 -412150752 -406 -2243 -5672
85.904 2 ROVER_STATUS 0 42 3 2 1 99 7.744721
85.919 2 ATTITUDE -0.059157 1.119623 -0.122092
85.962 2 GVF_PARAMETRIC 5 1 0.190963 -6.,7.398438,-3.4375,19.429688,20.609375,41.796875,42.96875,59.96875,0.,0.,0.,0.,0.,0.,0.,0. -0.230585,-0.13758
85.963 2 INS 6320 9011 -9640001 545259 1158675 -412245184 1377 5179 -3046
85.963 2 ATTITUDE -0.056756 1.111525 -0.121794
86.004 2 INS 6320 9011 -9650069 545259 1158675 -412558560 -802 3212 -2697
86.005 2 GPS 3 43821983 447813238 629 653883 251 0 2395 294440000 30 0
86.030 2 GPS_INT 0 0 0 404515573 -37285814 704119 653883 0 0 0 68 12 294440000 88 26 3 1
86.031 2 ATTITUDE -0.054424 1.098098 -0.124022
86.085 2 INS 6392 9154 -9660143 597687 1169161 -412744608 14308 7201 -10233
86.085 2 ROVER_CTRL 2.5 0.050419 2780.427734 -1.309243 1400. 600. 1000. -92.621796 70.586395 2.765656 2.449581 0.
86.086 2 ROTORCRAFT_FP 9154 6392 9662158 1169161 597687 412782688 -196 -510 4483 0 0 0 0 2780 0
86.086 2 ATTITUDE -0.052367 1.089547 -0.124054
86.101 2 INS 6392 9154 -9670225 597687 1169161 -413011296 -5881 161 -2480
86.101 2 SERIAL_COM 100 -1928 9564 -22455 0 0 0 14 256 80 76 0 0 0 0 0
86.116 2 ATTITUDE -0.046947 1.086429 -0.12412
86.172 2 INS 6392 9154 -9680305 597687 1169161 -413171456 -2681 -1626 -6137
86.173 2 GPS_INT 0 0 0 404515573 -37285814 704119 653883 0 0 0 68 12 294440000 88 26 3 1
86.173 2 ATTITUDE -0.036905 1.087958 -0.129167
86.188 2 INS 6392 9154 -9690396 597687 1169161 -413420992 2034 4517 -7687
86.220 2 ATTITUDE -0.042641 1.079037 -0.127558
86.236 2 INS 6464 9295 -9700489 639630 1127218 -413588608 6268 11385 -4763
86.252 2 GPS 3 43822039 447813266 615 653840 249 -8 2395 294440250 30 0
86.268 2 ATTITUDE -0.043046 1.078593 -0.139648
86.300 2 INS 6464 9295 -9710590 639630 1127218 -413831872 -1457 -1017 -13615
86.326 2 ROTORCRAFT_FP 9295 6464 9712610 1127218 639630 413873664 -190 -554 4431 0 0 0 0 2766 0
86.327 2 GPS_INT 0 0 0 404515599 -37285749 704076 653840 0 0 0 68 12 294440250 88 26 3 1
86.331 2 ATTITUDE -0.046333 1.079172 -0.130794
86.363 2 GVF_PARAMETRIC 5 1 0.193344 6.,16.4375,39.609375,43.179688,18.046875,27.347656,59.648438,52.,0.,0.,0.,0.,0.,0.,0.,0. -0.194907,-0.149714
86.364 2 INS 6464 9295 -9720709 639630 1127218 -414066592 3930 1176 -29249
86.364 2 DL_VALUE 60 0.
86.364 2 ATTITUDE -0.031829 1.081059 -0.128064
86.395 2 INS 6464 9295 -9730805 639630 1127218 -414193920 4774 -2419 -8862
86.411 2 ATTITUDE -0.048763 1.080104 -0.13496
86.443 2 INS 6464 9295 -9740921 639630 1127218 -414431040 488 3039 -19734
86.470 2 GPS_INT 0 0 0 404515599 -37285749 704076 653840 0 0 0 68 12 294440250 88 26 3 1
86.471 2 ATTITUDE -0.036503 1.067892 -0.135148
86.486 2 INS 6545 9436 -9751039 660602 1137703 -414657440 -154 -4928 204
86.502 2 GPS 3 43822093 447813297 606 653849 252 2 2395 294440500 30 0
86.518 2 ATTITUDE -0.034162 1.063414 -0.140182
86.518 2 ROTORCRAFT_NAV_STATUS 51 51 0. 0. 5 0 2
86.577 2 IMU_MAG_RAW 255 0 0 0
86.577 2 INS 6545 9436 -9761166 660602 1137703 -414874400 5699 -2045 -25183
86.578 2 ROVER_CTRL 2.5 0.042863 2739.166748 -2.285085 1400. 600. 1000. -78.145706 60.008049 -42.438507 2.457137 0.
86.579 2 ROTORCRAFT_FP 9436 6545 9763201 1137703 660602 414914944 -130 -547 4356 0 0 0 0 2739 0
86.579 2 ATTITUDE -0.043223 1.063866 -0.135764
86.620 2 INS 6545 9436 -9771299 660602 1137703 -415075840 -618 -3522 6420
86.620 2 SERIAL_COM 100 6129 1916 -10199 0 0 0 14 256 80 76 0 0 0 0 0
86.621 2 GPS_INT 0 0 0 404515627 -37285685 704084 653849 0 0 0 68 12 294440500 86 26 3 1
86.622 2 ATTITUDE -0.035204 1.059608 -0.139207
86.636 2 INS 6545 9436 -9781432 660602 1137703 -415282656 5149 -891 -9799
86.668 2 ATTITUDE -0.027979 1.061761 -0.129641
86.684 2 INS 6545 9436 -9791578 660602 1137703 -415595424 19416 3130 -23421
86.716 2 ATTITUDE -0.027808 1.05059 -0.12925
86.814 2 GVF_PARAMETRIC 5 1 0.195625 0.,0.2,0.2,0.5,0.5,0.05,59.648438,52.,0.,0.,0.,0.,0.,0.,0.,0. -0.15192,-0.157118
86.815 2 INS 6627 9571 -9801722 718273 1148189 -415734080 6816 -1194 -11450
86.815 2 GPS 3 43822148 447813329 590 653827 260 -2 2395 294440750 30 0
86.816 2 GPS_INT 0 0 0 404515656 -37285621 704063 653827 0 0 0 68 12 294440750 88 26 3 1
86.816 2 INS_REF 485058794 -31613915 411670613 404513324 -37290030 704601 654365 0.
86.817 2 ATTITUDE -0.02055 1.03938 -0.1285
86.817 2 INS 6627 9571 -9811872 728759 1148189 -416072672 7718 6797 -27968
86.818 2 ROTORCRAFT_FP 9571 6627 9813903 1148189 728759 416108096 -82 -524 4263 0 0 0 0 2676 0
86.818 2 ATTITUDE -0.018209 1.036314 -0.136315
86.847 2 LINK_REPORT 2 -1 87 0 261334 5990 0 3107. 68. 23 26.47
86.859 2 INS 6627 9571 -9822030 728759 1148189 -416150784 -1456 -1884 -8929
86.859 2 STATIC_CONTROL 0 0. 0 0. 0. 0. 0. 0. 0. 0. 0. 0. 0.
86.860 2 ATTITUDE -0.021948 1.033335 -0.133367
86.891 2 INS 6627 9571 -9832193 728759 1148189 -416459776 -42 -4929 -18454
86.917 2 GPS_INT 0 0 0 404515656 -37285621 704063 653827 0 0 0 68 12 294440750 88 26 3 1
86.917 2 ATTITUDE -0.03156 1.023808 -0.132272
86.933 2 INS 6627 9571 -9842360 728759 1148189 -416646272 15558 -5389 -30766
86.965 2 ATTITUDE -0.029636 1.008022 -0.148807
87.007 2 INS 6627 9571 -9852535 728759 1148189 -416826016 -5575 900 -10714
87.007 2 GPS 3 43822201 447813363 573 653832 249 3 2395 294441000 30 0
87.009 2 STATE_FILTER_STATUS 6 3 0
87.009 2 ATTITUDE -0.032834 0.993844 -0.136257
87.022 2 WP_MOVED_ENU 15 -775 1018 2560
87.023 2 WP_MOVED_ENU 15 -775 1018 2560
87.114 2 INS 6714 9710 -9862712 728759 1074789 -417086944 5782 6820 -28904
87.115 2 ROVER_CTRL 2.5 0.00839 2691.886719 -3.224508 1400. 600. 1000. -70.289566 11.746264 -49.519539 2.49161 0.
87.115 2 ROTORCRAFT_FP 9710 6714 9864749 1074789 728759 417183680 -148 -529 4025 0 0 0 0 2691 0
87.116 2 GPS_INT 0 0 0 404515687 -37285558 704068 653832 0 0 0 68 12 294441000 86 26 3 1
87.117 2 ATTITUDE -0.042156 0.978519 -0.130308
87.117 2 INS 6714 9710 -9872898 728759 1074789 -417149120 -1096 3634 -2973
87.117 2 SERIAL_COM 101 2401 2827 -9240 0 0 0 14 257 80 76 0 0 0 0 0
87.118 2 ATTITUDE -0.038107 0.967359 -0.137118
87.157 2 GVF_PARAMETRIC 5 1 0.197609 -6.,7.398438,-3.4375,19.429688,20.609375,41.796875,42.96875,59.96875,0.,0.,0.,0.,0.,0.,0.,0. -0.156325,-0.20076
87.158 2 INS 6714 9710 -9883086 728759 1074789 -417407808 1487 -1281 -4691
87.158 2 ATTITUDE -0.039642 0.954876 -0.136144
87.189 2 INS 6714 9710 -9893284 728759 1074789 -417630144 210 3639 -1482
87.215 2 GPS_INT 0 0 0 404515687 -37285558 704068 653832 0 0 0 68 12 294441000 86 26 3 1
87.215 2 ATTITUDE -0.032165 0.943012 -0.147496
87.247 2 INS 6809 9838 -9903482 817888 1011874 -417857472 -5835 -314 6588
87.247 2 GPS 3 43822251 447813399 539 653833 250 2 2395 294441250 30 0
87.262 2 ATTITUDE -0.028069 0.934661 -0.145815
87.295 2 INS 6809 9838 -9913685 828374 1011874 -418056640 -2464 -2794 -3743
87.326 2 ROTORCRAFT_FP 9838 6809 9915735 1011874 828374 418071904 -43 -601 3791 0 0 0 0 2726 0
87.326 2 ATTITUDE -0.023082 0.922293 -0.13979
87.326 2 IMU_MAG_RAW 255 0 0 0
87.341 2 INS 6809 9838 -9923893 828374 1011874 -418248064 -3758 1010 12165
87.367 2 GPS_INT 0 0 0 404515720 -37285500 704069 653833 0 0 0 68 13 294441250 86 26 3 1
87.368 2 ATTITUDE -0.027148 0.905239 -0.139753
87.398 2 INS 6809 9838 -9934107 828374 1011874 -418492896 -57 3091 115
87.398 2 ROVER_STATUS 0 42 3 2 1 101 7.771214
87.414 2 ATTITUDE -0.045571 0.893921 -0.144742
87.446 2 INS 6809 9838 -9944328 828374 1011874 -418797984 4241 13127 -7077
87.462 2 ATTITUDE -0.039658 0.87301 -0.154679
87.494 2 INS 6912 9958 -9954554 859831 975174 -418976096 1218 6918 -6267
87.495 2 GPS 3 43822299 447813438 510 653847 249 0 2395 294441500 30 0
87.531 2 GPS_INT 0 0 0 404515756 -37285444 704083 653847 0 0 0 68 12 294441500 86 26 3 1
87.532 2 ALIVE 122,195,7,233,5,247,195,75,60,187,26,129,128,90,246,93
87.532 2 ATTITUDE -0.031877 0.857441 -0.148115
87.603 2 GVF_PARAMETRIC 5 1 0.19975 6.,16.4375,39.609375,43.179688,18.046875,27.347656,59.648438,52.,0.,0.,0.,0.,0.,0.,0.,0. -0.110424,-0.20511
87.604 2 INS 6912 9958 -9964782 859831 975174 -419227200 -3493 -2399 -5400
87.604 2 ROVER_CTRL 2.5 0.000704 2748.192139 -3.517752 1400. 600. 1000. -69.978615 0.985003 17.18998 2.499296 0.
87.605 2 ROTORCRAFT_FP 9958 6912 9966829 975174 859831 419313184 -178 -579 3469 0 0 0 0 2748 0
87.605 2 ATTITUDE -0.042411 0.839993 -0.138442
87.605 2 INS 6912 9958 -9975019 859831 975174 -419381088 -5171 2040 -10873
87.606 2 SERIAL_COM 101 5568 6969 -16192 0 0 0 14 257 80 76 0 0 0 0 0
87.607 2 ATTITUDE -0.027072 0.820491 -0.147457
87.648 2 INS 6912 9958 -9985261 859831 975174 -419653344 -6035 2230 -3586
87.649 2 GPS_SOL 68 12 86 26
87.674 2 GPS_INT 0 0 0 404515756 -37285444 704083 653847 0 0 0 68 12 294441500 86 26 3 1
87.675 2 ATTITUDE -0.024194 0.799961 -0.148551
87.690 2 INS 6912 9958 -9995509 859831 975174 -419864512 1320 3072 -1372
87.706 2 ATTITUDE -0.014762 0.787354 -0.161434
87.751 2 INS 7024 10068 -10005762 985660 844102 -420022432 506 1677 3023
87.752 2 GPS 3 43822342 447813481 456 653834 249 -4 2395 294441750 30 0
87.767 2 ATTITUDE -0.022517 0.774398 -0.152734
87.767 2 DATALINK_REPORT 2 25 6771 3073 0 1
87.783 2 INS 7024 10068 -10016020 985660 849345 -420327808 -1268 299 -5112
87.823 2 ROTORCRAFT_FP 10068 7024 10018071 849345 985660 420334528 -95 -647 3155 0 0 0 0 2713 0
87.823 2 GPS_INT 0 0 0 404515795 -37285393 704070 653834 0 0 0 68 12 294441750 86 26 3 1
87.824 2 ATTITUDE -0.018671 0.763459 -0.1543
87.847 2 LINK_REPORT 2 -1 88 0 264404 6060 0 3070. 70. 23 26.47
87.864 2 INS 7024 10068 -10026283 985660 849345 -420512960 13439 9338 -13743
87.865 2 STATIC_CONTROL 0 0. 0 0. 0. 0. 0. 0. 0. 0. 0. 0. 0.
87.865 2 ATTITUDE -0.015108 0.746917 -0.160409
87.896 2 INS 7024 10068 -10036553 985660 849345 -420795328 -1407 2362 -460
87.912 2 ATTITUDE -0.039998 0.731666 -0.160246
87.976 2 GVF_PARAMETRIC 5 1 0.201394 0.,0.2,0.2,0.5,0.5,0.05,59.648438,52.,0.,0.,0.,0.,0.,0.,0.,0. -0.105996,-0.235605
87.977 2 INS 7024 10068 -10046825 985660 849345 -420930656 -597 2215 -9266
87.977 2 GPS_INT 0 0 0 404515795 -37285393 704070 653834 0 0 0 68 12 294441750 86 26 3 1
87.977 2 DL_VALUE 61 255.
87.977 2 ATTITUDE -0.028207 0.725071 -0.158944
88.007 2 INS 7024 10068 -10057104 985660 849345 -421187840 -6242 4112 606
88.007 2 GPS 3 43822342 447813481 456 653834 249 -4 2395 294441750 30 0
88.007 2 ATTITUDE -0.016946 0.717236 -0.152405
88.093 2 INS 7150 10163 -10067390 1074789 739245 -421430144 5704 1052 -10668
88.093 2 ROVER_CTRL 2.5 -0.001486 2736.462646 -2.355035 1400. 600. 1000. -69.668121 -2.079821 8.201599 2.501486 0.
88.094 2 ROTORCRAFT_FP 10163 7150 10069448 739245 1074789 421504224 -81 -624 2887 0 0 0 0 2736 0
88.094 2 ATTITUDE -0.021844 0.699338 -0.155428
88.094 2 INS 7150 10163 -10077684 1074789 739245 -421623648 -2525 3972 -4197
88.095 2 SERIAL_COM 102 6145 -1158 -10723 0 0 0 14 258 80 76 0 0 0 0 0
88.146 2 GPS_INT 0 0 0 404515839 -37285349 704051 653815 0 0 0 68 12 294442000 86 26 3 1
88.146 2 ATTITUDE -0.00824 0.687334 -0.163876
88.146 2 ROTORCRAFT_NAV_STATUS 53 53 0. 0. 5 0 2
88.146 2 IMU_MAG_RAW 255 0 0 0
88.147 2 INS 7150 10163 -10087978 1074789 739245 -421873280 5059 2769 -19174
88.162 2 ATTITUDE -0.000622 0.682093 -0.150556
88.194 2 INS 7150 10163 -10098278 1074789 739245 -422099552 3253 2907 -11508
88.209 2 ATTITUDE -0.008388 0.672572 -0.146553
88.242 2 INS 7278 10250 -10108583 1095760 650116 -422238432 361 8003 -5100
88.242 2 GPS 3 43822414 447813581 353 653806 244 6 2395 294442250 30 0
88.273 2 GPS_INT 0 0 0 404515885 -37285309 704042 653806 0 0 0 68 12 294442250 88 26 3 1
88.273 2 ATTITUDE 0.004048 0.654609 -0.164636
88.289 2 INS 7278 10250 -10118896 1090518 655359 -422435712 -7361 -7670 -11157
88.333 2 ROTORCRAFT_FP 10250 7278 10120967 655359 1090518 422464448 38 -696 2664 0 0 0 0 2754 0
88.333 2 ATTITUDE 0.010069 0.646081 -0.160014
88.333 2 WP_MOVED_ENU 16 50798 51645 2557
88.333 2 WP_MOVED_ENU 16 50798 51645 2557
88.367 2 GVF_PARAMETRIC 5 1 0.203235 -6.,7.398438,-3.4375,19.429688,20.609375,41.796875,42.96875,59.96875,0.,0.,0.,0.,0.,0.,0.,0. -0.069222,-0.214808
88.367 2 INS 7278 10250 -10129205 1090518 655359 -422698784 14671 2598 -24992
88.367 2 ATTITUDE 0.000271 0.63649 -0.150772
88.382 2 INS 7278 10250 -10139528 1090518 655359 -422851712 10141 7154 -6625
88.411 2 GPS_INT 0 0 0 404515885 -37285309 704042 653806 0 0 0 68 12 294442250 88 26 3 1
88.411 2 ATTITUDE 0.00035 0.620523 -0.151242
88.442 2 INS 7278 10250 -10149855 1090518 655359 -423100512 7741 -1550 -22779
88.458 2 ATTITUDE -0.002382 0.610556 -0.155426
88.490 2 INS 7411 10329 -10160186 1101003 623902 -423280448 -7340 -229 -7311
88.491 2 GPS 3 43822445 447813633 322 653818 243 3 2395 294442500 30 0
88.506 2 ATTITUDE 0.021163 0.603786 -0.160865
88.565 2 INS 7411 10329 -10170521 1101003 623902 -423508192 4511 -7556 -18523
88.566 2 ROVER_CTRL 2.5 0.009 2791.349365 -2.418052 1400. 600. 1000. -68.952393 12.600422 47.755241 2.491 0.
88.567 2 ROTORCRAFT_FP 10329 7411 10172587 623902 1101003 423585728 73 -648 2447 0 0 0 0 2791 0
88.614 2 GPS_INT 0 0 0 404515932 -37285273 704054 653818 0 0 0 68 11 294442500 86 26 3 1
88.615 2 ATTITUDE 0.006692 0.598654 -0.151269
88.615 2 INS 7411 10329 -10180866 1101003 623902 -423704544 -1560 5934 2704
88.615 2 SERIAL_COM 102 -3278 -3166 -7002 0 0 0 14 258 80 76 0 0 0 0 0
88.616 2 ATTITUDE 0.019019 0.584648 -0.155744
88.630 2 INS 7411 10329 -10191210 1101003 623902 -423911264 444 3775 -5581
88.662 2 ATTITUDE 0.02137 0.573732 -0.157587
88.678 2 INS 7411 10329 -10201560 1101003 623902 -424129184 -5567 -88 -1271
88.709 2 GPS_INT 0 0 0 404515932 -37285273 704054 653818 0 0 0 68 11 294442500 86 26 3 1
88.710 2 ATTITUDE 0.014678 0.567224 -0.154481
88.762 2 GVF_PARAMETRIC 5 1 0.204867 6.,16.4375,39.609375,43.179688,18.046875,27.347656,59.648438,52.,0.,0.,0.,0.,0.,0.,0.,0. -0.069058,-0.247328
88.763 2 INS 7549 10403 -10211917 1132461 597687 -424310880 -265 9800 -6391
88.763 2 GPS 3 43822475 447813686 299 653845 246 15 2395 294442750 30 0
88.763 2 ATTITUDE 0.028998 0.550918 -0.156773
88.778 2 INS 7549 10403 -10222280 1137703 597687 -424543424 -3587 3834 -4254
88.811 2 ROTORCRAFT_FP 10403 7549 10224352 597687 1137703 424594688 143 -621 2249 0 0 0 0 2836 0
88.811 2 ATTITUDE 0.037843 0.544505 -0.15069
88.847 2 LINK_REPORT 2 -1 89 0 267424 6127 0 3020. 67. 23 26.47
88.869 2 INS 7549 10403 -10232645 1137703 597687 -424714144 -1079 7285 -8713
88.870 2 STATIC_CONTROL 0 0. 0 0. 0. 0. 0. 0. 0. 0. 0. 0. 0.
88.870 2 GPS_INT 0 0 0 404515980 -37285239 704081 653845 0 0 0 68 10 294442750 86 26 3 1
88.871 2 ATTITUDE 0.031059 0.533656 -0.155571
88.895 2 INS 7549 10403 -10243017 1137703 597687 -424967936 -2087 2449 -1377
88.895 2 ROVER_STATUS 0 37 3 2 1 102 7.674074
88.911 2 ATTITUDE 0.020803 0.522542 -0.151155
88.911 2 IMU_MAG_RAW 255 0 0 0
88.943 2 INS 7549 10403 -10253394 1137703 597687 -425164640 3252 7233 -8140
88.959 2 ATTITUDE 0.019864 0.516609 -0.150408
89.001 2 INS 7549 10403 -10263775 1137703 597687 -425313632 -372 2950 4063
89.001 2 GPS 3 43822475 447813686 299 653845 246 15 2395 294442750 30 0
89.017 2 GPS_INT 0 0 0 404515980 -37285239 704081 653845 0 0 0 68 10 294442750 86 26 3 1
89.018 2 ATTITUDE 0.032811 0.507268 -0.143699
89.071 2 INS 7692 10472 -10274161 1200618 534773 -425638944 4697 -1562 -15681
89.071 2 ROVER_CTRL 2.5 0.036323 2773.892578 -2.518838 1400. 600. 1000. -61.697491 50.852299 -15.044212 2.463677 0.
89.072 2 ROTORCRAFT_FP 10472 7692 10276240 534773 1200618 425669792 120 -565 2054 0 0 0 0 2773 0
89.072 2 ATTITUDE 0.016142 0.498192 -0.140572
89.100 2 INS 7692 10472 -10284553 1200618 534773 -425735328 712 8616 -522
89.100 2 SERIAL_COM 103 -1562 4697 -15681 0 0 0 14 259 80 76 0 0 0 0 0
89.101 2 ATTITUDE 0.026066 0.493741 -0.149149
89.164 2 GVF_PARAMETRIC 5 1 0.206686 0.,0.2,0.2,0.5,0.5,0.05,59.648438,52.,0.,0.,0.,0.,0.,0.,0.,0. -0.039301,-0.224298
89.165 2 INS 7692 10472 -10294967 1200618 534773 -426060896 3554 2388 -4120
89.166 2 GPS_INT 0 0 0 404516030 -37285207 704096 653860 0 0 0 68 11 294443000 86 26 3 1
89.166 2 ATTITUDE 0.03038 0.484368 -0.147113
89.180 2 INS 7692 10472 -10305356 1200618 534773 -426187136 -4597 -970 -5125
89.211 2 ATTITUDE 0.028378 0.467474 -0.134377
89.243 2 INS 7836 10534 -10315764 1211104 482344 -426470432 -1374 6338 -3237
89.243 2 GPS 3 43822526 447813797 242 653853 250 -1 2395 294443250 30 0
89.259 2 ATTITUDE 0.031267 0.450848 -0.136833
89.291 2 INS 7836 10534 -10326177 1216347 482344 -426660352 192 6150 -4300
89.335 2 ROTORCRAFT_FP 10534 7836 10328270 482344 1216347 426687424 108 -600 1829 0 0 0 0 2789 0
89.335 2 GPS_INT 0 0 0 404516081 -37285179 704089 653853 0 0 0 68 10 294443250 86 26 3 1
89.336 2 ATTITUDE 0.035853 0.442208 -0.147582
89.336 2 INS 7836 10534 -10336599 1216347 482344 -426943680 12170 3617 -11881
89.349 2 ATTITUDE 0.036741 0.431992 -0.155
89.381 2 INS 7836 10534 -10347024 1216347 482344 -427154880 -3220 487 -3180
89.397 2 ATTITUDE 0.031274 0.412422 -0.147195
89.429 2 INS 7836 10534 -10357451 1216347 482344 -427372960 -3806 470 -15532
89.457 2 GPS_INT 0 0 0 404516081 -37285179 704089 653853 0 0 0 68 10 294443250 86 26 3 1
89.457 2 ATTITUDE 0.033476 0.396692 -0.148298
89.498 2 INS 7987 10590 -10367888 1247804 435158 -427539488 6263 -1206 -8595
89.499 2 ENERGY 28 7.815369 1.625 12.699974 6.100502 0.023934 0.184542
89.499 2 GPS 3 43822549 447813856 217 653836 254 -11 2395 294443500 30 0
89.499 2 ATTITUDE 0.040155 0.391239 -0.160097
89.597 2 GVF_PARAMETRIC 5 1 0.208347 -6.,7.398438,-3.4375,19.429688,20.609375,41.796875,42.96875,59.96875,0.,0.,0.,0.,0.,0.,0.,0. -0.012597,-0.186907
89.597 2 INS 7987 10590 -10378328 1258290 440401 -427843168 -1900 -3604 -12943
89.597 2 ROVER_CTRL 2.5 0.031423 2760.744385 -2.482641 1400. 600. 1000. -51.564583 43.992661 -31.495094 2.468577 0.
89.598 2 ROTORCRAFT_FP 10590 7987 10380416 440401 1258290 427875200 121 -657 1574 0 0 0 0 2760 0
89.598 2 DL_VALUE 62 255.
89.598 2 ATTITUDE 0.026222 0.385904 -0.153663
89.598 2 INS 7987 10590 -10388776 1258290 440401 -428005472 2182 47 -7940
89.598 2 SERIAL_COM 103 2475 -2854 -10488 0 0 0 14 259 80 76 0 0 0 0 0
89.645 2 GPS_INT 0 0 0 404516134 -37285153 704072 653836 0 0 0 68 10 294443500 86 26 3 1
89.645 2 ATTITUDE 0.034995 0.373698 -0.155784
89.645 2 WP_MOVED_ENU 17 51645 -50798 2557
89.646 2 WP_MOVED_ENU 17 51645 -50798 2557
89.646 2 INS 7987 10590 -10399228 1258290 440401 -428206976 221 5541 -764
89.646 2 GPS_SOL 68 10 86 26
89.660 2 ATTITUDE 0.034886 0.369113 -0.155692
89.693 2 INS 7987 10590 -10409686 1258290 440401 -428482176 -3006 6122 -4277
89.708 2 ATTITUDE 0.028778 0.369098 -0.156596
89.709 2 ROTORCRAFT_NAV_STATUS 54 54 0. 0. 5 0 2
89.739 2 IMU_MAG_RAW 255 0 0 0
89.739 2 INS 8138 10634 -10420157 1242561 298843 -428613216 7948 9757 -1411
89.740 2 GPS 3 43822567 447813916 182 653830 244 2 2395 294443750 30 0
89.765 2 GPS_INT 0 0 0 404516188 -37285132 704066 653830 0 0 0 68 10 294443750 86 26 3 1
89.766 2 ATTITUDE 0.03286 0.352848 -0.163146
89.781 2 INS 8138 10634 -10430612 1242561 304086 -428883104 5133 12064 -2013
89.807 2 ROTORCRAFT_FP 10634 8138 10432706 304086 1242561 428893952 122 -618 1422 0 0 0 0 2811 0
89.808 2 ATTITUDE 0.030148 0.336593 -0.148132
89.848 2 LINK_REPORT 2 -1 90 0 270533 6198 0 3109. 71. 23 26.47
89.849 2 INS 8138 10634 -10441087 1242561 304086 -429119232 837 -201 -18040
89.849 2 STATIC_CONTROL 0 0. 0 0. 0. 0. 0. 0. 0. 0. 0. 0. 0.
89.850 2 ATTITUDE 0.032219 0.323568 -0.141616
89.881 2 INS 8138 10634 -10451562 1242561 304086 -429330144 779 2801 -6404
89.908 2 GPS_INT 0 0 0 404516188 -37285132 704066 653830 0 0 0 68 10 294443750 86 26 3 1
89.909 2 ATTITUDE 0.029707 0.310901 -0.147104
89.951 2 GVF_PARAMETRIC 5 1 0.209928 6.,16.4375,39.609375,43.179688,18.046875,27.347656,59.648438,52.,0.,0.,0.,0.,0.,0.,0.,0. -0.015499,-0.226934
89.951 2 INS 8138 10634 -10462046 1242561 304086 -429521344 2357 4210 -17198
89.951 2 ATTITUDE 0.053228 0.30507 -0.143664
89.992 2 INS 8138 10634 -10472536 1242561 304086 -429738656 7786 -1410 -12148
89.993 2 GPS 3 43822567 447813916 182 653830 244 2 2395 294443750 30 0
90.008 2 ATTITUDE 0.045799 0.30344 -0.136691
90.024 2 INS 8289 10667 -10483024 1263532 256900 -429942016 1687 -4948 -20360
90.099 2 ROVER_CTRL 2.5 0.032429 2816.718506 -1.444844 1400. 600. 1000. -42.888096 45.400574 14.400482 2.467571 0.
90.099 2 ROTORCRAFT_FP 10667 8289 10485124 256900 1263532 430012992 188 -569 1216 0 0 0 0 2816 0
90.100 2 GPS_INT 0 0 0 404516241 -37285117 704095 653859 0 0 0 68 11 294444000 86 26 3 1
90.100 2 ATTITUDE 0.046802 0.295339 -0.145577
90.100 2 INS 8289 10667 -10493522 1263532 256900 -430115488 -11267 -3766 -20261
90.101 2 SERIAL_COM 104 -680 9242 -2636 0 0 0 14 260 80 76 0 0 0 0 0
90.101 2 ATTITUDE 0.055283 0.29762 -0.145596
90.131 2 INS 8289 10667 -10504029 1263532 256900 -430363200 -2476 5062 -6808
90.147 2 ATTITUDE 0.050592 0.291866 -0.143947
90.179 2 INS 8289 10667 -10514535 1263532 256900 -430609408 3912 13244 -3886
90.216 2 GPS_INT 0 0 0 404516241 -37285117 704095 653859 0 0 0 68 11 294444000 86 26 3 1
90.216 2 STATE_FILTER_STATUS 6 3 0
90.217 2 ALIVE 122,195,7,233,5,247,195,75,60,187,26,129,128,90,246,93
90.217 2 ATTITUDE 0.049913 0.280955 -0.147728
90.242 2 INS 8440 10695 -10525051 1237318 183500 -430820864 5261 4006 -4506
90.242 2 GPS 3 43822591 447814033 117 653883 238 12 2395 294444250 30 0
90.258 2 ATTITUDE 0.063709 0.265494 -0.153211
90.274 2 INS 8440 10695 -10535570 1237318 183500 -431049632 4406 8356 -12126
90.306 2 ROTORCRAFT_FP 10695 8440 10537675 183500 1237318 431055712 243 -607 1071 0 0 0 0 2833 0
90.306 2 ATTITUDE 0.066812 0.255521 -0.150161
90.370 2 GVF_PARAMETRIC 5 1 0.211592 0.,0.2,0.2,0.5,0.5,0.05,59.648438,52.,0.,0.,0.,0.,0.,0.,0.,0. -0.006081,-0.197593
90.370 2 INS 8440 10695 -10546111 1237318 183500 -431261248 2036 3488 -8610
90.371 2 PONG 
90.371 2 GPS_INT 0 0 0 404516294 -37285105 704119 653883 0 0 0 68 11 294444250 86 26 3 1
90.371 2 ATTITUDE 0.06355 0.249234 -0.146682
90.386 2 INS 8440 10695 -10556627 1237318 183500 -431443136 -3531 3741 -1286
90.386 2 ROVER_STATUS 0 48 3 2 1 104 7.709397
90.402 2 ATTITUDE 0.076986 0.248994 -0.151985
90.434 2 INS 8440 10695 -10567162 1237318 183500 -431692320 2739 -285 -12451
90.449 2 ATTITUDE 0.065634 0.249422 -0.152533
90.492 2 INS 8593 10716 -10577701 1289747 199229 -431842816 13715 1744 -15582
90.492 2 GPS 3 43822601 447814093 104 653897 250 6 2395 294444500 30 0
90.518 2 GPS_INT 0 0 0 404516348 -37285094 704132 653897 0 0 0 68 11 294444500 86 26 3 1
90.519 2 ATTITUDE 0.058133 0.248449 -0.15246
90.519 2 IMU_MAG_RAW 255 0 0 0
90.561 2 INS 8593 10716 -10588245 1289747 209715 -432137280 -2455 1505 -5160
90.562 2 ROVER_CTRL 2.5 0.037019 2780.333008 -1.224291 1400. 600. 1000. -32.004688 51.827286 -39.26754 2.462981 0.
90.563 2 ROTORCRAFT_FP 10716 8593 10590355 209715 1289747 432104096 211 -607 1021 0 0 0 0 2780 0
90.563 2 ATTITUDE 0.040783 0.241469 -0.146277
90.590 2 INS 8593 10716 -10598795 1289747 209715 -432215392 -8308 -6252 -7990
90.591 2 SERIAL_COM 104 5060 -1365 -5905 0 0 0 14 260 80 76 0 0 0 0 0
90.605 2 ATTITUDE 0.034253 0.245207 -0.138611
90.621 2 INS 8593 10716 -10609351 1289747 209715 -432462624 2464 4303 -7517
90.653 2 GPS_INT 0 0 0 404516348 -37285094 704132 653897 0 0 0 68 11 294444500 86 26 3 1
90.653 2 ATTITUDE 0.038406 0.246044 -0.137019
90.684 2 INS 8593 10716 -10619911 1289747 209715 -432684960 5010 1518 -1774
90.700 2 ATTITUDE 0.031631 0.235981 -0.138504
90.754 2 GVF_PARAMETRIC 5 1 0.212965 -6.,7.398438,-3.4375,19.429688,20.609375,41.796875,42.96875,59.96875,0.,0.,0.,0.,0.,0.,0.,0. -0.009467,-0.22655
90.754 2 INS 8747 10744 -10630494 1242561 204472 -432942880 5070 4785 -11083
90.754 2 GPS 3 43822612 447814153 100 653891 241 -5 2395 294444750 30 0
90.755 2 ATTITUDE 0.036756 0.228097 -0.153518
90.785 2 INS 8747 10744 -10641048 1247804 204472 -433056064 -7317 2251 -4533
90.812 2 ROTORCRAFT_FP 10744 8747 10643161 204472 1247804 433172480 149 -589 918 0 0 0 0 2836 0
90.813 2 GPS_INT 0 0 0 404516402 -37285082 704126 653891 0 0 0 68 12 294444750 86 26 3 1
90.813 2 ATTITUDE 0.037154 0.222068 -0.135914
90.849 2 LINK_REPORT 2 -1 91 0 273609 6266 0 3076. 68. 24 70.78
90.854 2 INS 8747 10744 -10651624 1247804 204472 -433424512 4169 -2956 -24871
90.855 2 STATIC_CONTROL 0 0. 0 0. 0. 0. 0. 0. 0. 0. 0. 0. 0.
90.855 2 ATTITUDE 0.017419 0.214907 -0.125701
90.870 2 INS 8747 10744 -10662205 1247804 204472 -433503072 14415 9214 -10380
90.902 2 ATTITUDE 0.030133 0.201919 -0.144057
90.902 2 WP_MOVED_ENU 18 -50798 -51645 2557
90.933 2 WP_MOVED_ENU 18 -50798 -51645 2557
90.933 2 INS 8747 10744 -10672792 1247804 204472 -433866688 7613 -110 -25365
90.950 2 GPS_INT 0 0 0 404516402 -37285082 704126 653891 0 0 0 68 12 294444750 86 26 3 1
90.991 2 INS 8747 10744 -10683384 1247804 204472 -433898528 -11364 -434 -11542
90.992 2 GPS 3 43822612 447814153 100 653891 242 -6 2395 294444750 30 0
90.992 2 ATTITUDE 0.038355 0.200927 -0.138562
91.023 2 INS 8901 10767 -10693981 1226832 178257 -434293696 -319 -255 -21900
91.063 2 ROVER_CTRL 2.5 0.037966 2902.07251 -1.384195 1400. 600. 1000. -21.995632 53.151749 71.144104 2.462034 0.
91.063 2 ROTORCRAFT_FP 10767 8901 10696102 178257 1232075 434351552 104 -544 803 0 0 0 0 2902 0
91.064 2 ATTITUDE 0.032077 0.191073 -0.133544
91.115 2 INS 8901 10767 -10704588 1232075 178257 -434314848 -2716 3394 -2453
91.116 2 SERIAL_COM 105 8297 2981 5768 0 0 0 14 261 80 76 0 0 0 0 0
91.117 2 GPS_INT 0 0 0 404516455 -37285071 704111 653875 0 0 0 68 13 294445000 86 26 3 1
91.117 2 ATTITUDE 0.058234 0.179774 -0.143309
91.152 2 GVF_PARAMETRIC 5 1 0.214665 6.,16.4375,39.609375,43.179688,18.046875,27.347656,59.648438,52.,0.,0.,0.,0.,0.,0.,0.,0. 0.000355,-0.204126
91.153 2 INS 8901 10767 -10715191 1232075 178257 -434662560 -10459 2731 -18384
91.153 2 DL_VALUE 63 255.
91.153 2 ATTITUDE 0.05452 0.1728 -0.140679
91.184 2 INS 8901 10767 -10725806 1232075 178257 -434808064 3003 4214 657
91.200 2 ATTITUDE 0.047126 0.158624 -0.152497
91.256 2 INS 9047 10787 -10736423 1205861 115343 -435028320 -630 5531 -5233
91.256 2 GPS 3 43822629 447814269 75 653874 231 -1 2395 294445250 30 0
91.257 2 GPS_INT 0 0 0 404516507 -37285062 704110 653874 0 0 0 68 13 294445250 86 26 3 1
91.257 2 ATTITUDE 0.060578 0.150525 -0.154019
91.272 2 INS 9047 10787 -10747050 1205861 115343 -435249888 -8 4255 -3802
91.331 2 ROTORCRAFT_FP 10787 9047 10749183 115343 1205861 435323552 275 -617 584 0 0 0 0 2955 0
91.331 2 ATTITUDE 0.077314 0.141159 -0.14028
91.332 2 ROTORCRAFT_NAV_STATUS 56 56 0. 0. 5 0 2
91.332 2 IMU_MAG_RAW 255 0 0 0
91.332 2 INS 9047 10787 -10757674 1205861 115343 -435483616 -618 5650 -8614
91.347 2 ATTITUDE 0.075717 0.133412 -0.131477
91.379 2 INS 9047 10787 -10768308 1205861 115343 -435672256 7359 6747 -822
91.405 2 GPS_INT 0 0 0 404516507 -37285062 704110 653874 0 0 0 68 13 294445250 86 26 3 1
91.405 2 ATTITUDE 0.076661 0.127712 -0.140026
91.421 2 INS 9047 10787 -10778946 1205861 115343 -435924768 3564 3208 -10230
91.453 2 ATTITUDE 0.084825 0.119928 -0.154674
91.495 2 INS 9047 10787 -10789591 1205861 115343 -436140544 2899 -5919 -22928
91.495 2 GPS 3 43822634 447814329 52 653888 255 -4 2395 294445500 30 0
91.496 2 ATTITUDE 0.082589 0.117688 -0.150832
91.604 2 GVF_PARAMETRIC 5 1 0.216146 0.,0.2,0.2,0.5,0.5,0.05,59.648438,52.,0.,0.,0.,0.,0.,0.,0.,0. 0.006131,-0.165131
91.605 2 INS 9200 10798 -10800254 1336933 78643 -436421632 -1058 1169 -14167
91.605 2 ROVER_CTRL 2.5 0.073216 2891.5271 -0.665918 1400. 600. 1000. -4.694424 102.502014 -5.841255 2.426784 0.
91.605 2 ROTORCRAFT_FP 10798 9200 10802371 78643 1336933 436435488 318 -610 488 0 0 0 0 2891 0
91.606 2 GPS_INT 0 0 0 404516561 -37285057 704124 653888 0 0 0 68 13 294445500 86 26 3 1
91.606 2 ATTITUDE 0.079012 0.111075 -0.151093
91.606 2 INS 9200 10798 -10810896 1336933 78643 -436578720 -722 2451 -12061
91.607 2 SERIAL_COM 105 3208 3564 -10230 0 0 0 14 261 80 76 0 0 0 0 0
91.607 2 ATTITUDE 0.08883 0.102817 -0.161185
91.619 2 INS 9200 10798 -10821556 1336933 78643 -436807808 4476 -200 -9031
91.636 2 GPS_SOL 68 13 86 26
91.652 2 ATTITUDE 0.086806 0.097335 -0.160131
91.696 2 INS 9200 10798 -10832222 1336933 78643 -437048768 2125 6623 -3146
91.696 2 GPS_INT 0 0 0 404516561 -37285057 704124 653888 0 0 0 68 13 294445500 86 26 3 1
91.697 2 ATTITUDE 0.079544 0.092891 -0.154745
91.737 2 INS 9361 10805 -10842896 1326447 15728 -437252864 -4556 1614 -17080
91.738 2 GPS 3 43822637 447814393 30 653895 254 2 2395 294445750 30 0
91.753 2 ATTITUDE 0.074212 0.094252 -0.151812
91.769 2 INS 9361 10805 -10853571 1326447 20971 -437477472 650 3827 -12219
91.799 2 ROTORCRAFT_FP 10805 9361 10855708 20971 1326447 437533760 302 -620 397 0 0 0 0 2856 0
91.800 2 ATTITUDE 0.069123 0.09828 -0.152125
91.844 2 INS 9361 10805 -10864257 1326447 20971 -437689184 -5026 1953 -9268
91.845 2 INS_REF 485058794 -31613915 411670613 404513324 -37290030 704601 654365 0.
91.845 2 STATIC_CONTROL 0 0. 0 0. 0. 0. 0. 0. 0. 0. 0. 0. 0.
91.849 2 LINK_REPORT 2 -1 92 0 276688 6335 0 3079. 69. 24 70.78
91.883 2 GPS_INT 0 0 0 404516618 -37285054 704131 653895 0 0 0 67 12 294445750 86 26 3 1
91.883 2 ATTITUDE 0.07471 0.096152 -0.147102
91.883 2 INS 9361 10805 -10874941 1326447 20971 -437931328 14765 -12745 -24637
91.883 2 ROVER_STATUS 0 44 3 2 1 105 7.629919
91.898 2 ATTITUDE 0.07541 0.092282 -0.146227
91.955 2 GVF_PARAMETRIC 5 1 0.217628 -6.,7.398438,-3.4375,19.429688,20.609375,41.796875,42.96875,59.96875,0.,0.,0.,0.,0.,0.,0.,0. 0.001813,-0.211939
91.956 2 INS 9361 10805 -10885637 1326447 20971 -438146144 6447 3134 -15337
91.956 2 ATTITUDE 0.07428 0.091471 -0.146351
91.984 2 INS 9361 10805 -10896338 1326447 20971 -438390656 3833 -2065 -8849
91.985 2 GPS 3 43822637 447814393 30 653895 254 2 2395 294445750 30 0
92.011 2 GPS_INT 0 0 0 404516618 -37285054 704131 653895 0 0 0 67 12 294445750 86 26 3 1
92.016 2 ATTITUDE 0.05887 0.082409 -0.147869
92.037 2 INS 9525 10808 -10907040 1352661 36700 -438558528 2646 6276 1461
92.038 2 ROVER_CTRL 2.5 0.057145 2834.28833 -0.046338 1400. 600. 1000. 15.448717 80.003166 -60.82058 2.442855 0.
92.089 2 ROTORCRAFT_FP 10808 9525 10909180 41943 1357904 438537472 261 -609 339 0 0 0 0 2834 0
92.090 2 ATTITUDE 0.06375 0.074693 -0.154246
92.090 2 INS 9525 10808 -10917746 1357904 41943 -438808064 10293 -249 -11433
92.090 2 SERIAL_COM 106 1100 -1374 -6367 0 0 0 14 262 80 76 0 0 0 0 0
92.091 2 ATTITUDE 0.066483 0.066904 -0.142143
92.105 2 IMU_MAG_RAW 255 0 0 0
92.121 2 INS 9525 10808 -10928469 1357904 41943 -438977536 6455 748 -8614
92.149 2 GPS_INT 0 0 0 404516675 -37285053 704121 653885 0 0 0 67 12 294446000 86 26 3 1
92.174 2 AUTOPILOT_VERSION 60200 v6.2_unstable-650-g74eaf7c20-dirty
92.174 2 ATTITUDE 0.074382 0.065663 -0.141133
92.175 2 INS 9525 10808 -10939179 1357904 41943 -439173760 6834 1278 -23952
92.190 2 ATTITUDE 0.077787 0.067593 -0.129931
92.206 2 WP_MOVED_ENU 19 -51645 50798 2557
92.206 2 WP_MOVED_ENU 19 -51645 50798 2557
92.233 2 INS 9525 10808 -10949904 1357904 41943 -439398464 4822 3002 -3483
92.233 2 GPS 3 43822640 447814519 9 653924 250 12 2395 294446250 30 0
92.249 2 ATTITUDE 0.066722 0.065691 -0.115083
92.281 2 INS 9687 10810 -10960633 1310718 -15728 -439529952 6181 797 -18723
92.307 2 ROTORCRAFT_FP 10810 9687 10962779 -15728 1310718 439528352 283 -430 274 0 0 0 0 2822 0
92.308 2 GPS_INT 0 0 0 404516732 -37285052 704160 653924 0 0 0 67 11 294446250 86 26 3 1
92.308 2 ATTITUDE 0.056229 0.068927 -0.099902
92.344 2 GVF_PARAMETRIC 5 1 0.219299 6.,16.4375,39.609375,43.179688,18.046875,27.347656,59.648438,52.,0.,0.,0.,0.,0.,0.,0.,0. -0.001097,-0.182051
92.345 2 INS 9687 10810 -10971366 1310718 -15728 -439855360 6459 13036 4771
92.345 2 ATTITUDE 0.052872 0.075929 -0.116301
92.376 2 INS 9687 10810 -10982105 1310718 -15728 -439974944 16307 3855 -12847
92.424 2 INS 9687 10810 -10992850 1310718 -15728 -440208672 10910 6283 -1540
92.450 2 GPS_INT 0 0 0 404516732 -37285052 704160 653924 0 0 0 67 11 294446250 86 26 3 1
92.451 2 ATTITUDE 0.040688 0.072222 -0.10929
92.466 2 INS 9848 10810 -11003598 1368390 52428 -440475232 -1586 2319 -15841
92.482 2 GPS 3 43822641 447814582 17 653939 261 4 2395 294446500 30 0
92.498 2 ATTITUDE 0.055142 0.061332 -0.12313
92.514 2 INS 9848 10810 -11014353 1363147 52428 -440573312 -10516 1479 -18370
92.530 2 ROVER_CTRL 2.5 0.027431 2811.076416 -0.139512 1400. 600. 1000. 27.650042 38.403416 -54.812431 2.472569 0.
92.576 2 ROTORCRAFT_FP 10810 9848 11016506 52428 1363147 440638624 266 -498 271 0 0 0 0 2811 0
92.576 2 ATTITUDE 0.061855 0.059589 -0.122945
92.577 2 INS 9848 10810 -11025112 1363147 52428 -440834528 6379 4248 -6600
92.602 2 SERIAL_COM 106 -5912 6572 -19487 0 0 0 14 262 80 76 0 0 0 0 0
92.602 2 GPS_INT 0 0 0 404516789 -37285051 704175 653939 0 0 0 67 12 294446500 86 26 3 1
92.603 2 ATTITUDE 0.054951 0.06107 -0.120282
92.618 2 INS 9848 10810 -11035877 1363147 52428 -440981312 -10271 2602 -128
92.650 2 ATTITUDE 0.062409 0.054938 -0.123077
92.666 2 INS 9848 10810 -11046644 1363147 52428 -441174496 -9035 3741 -2949
92.698 2 ATTITUDE 0.083764 0.050856 -0.106667
92.806 2 GVF_PARAMETRIC 5 1 0.220657 0.,0.2,0.2,0.5,0.5,0.05,59.648438,52.,0.,0.,0.,0.,0.,0.,0.,0. -0.005188,-0.217588
92.807 2 INS 9848 10810 -11057418 1363147 52428 -441335808 802 9201 8544
92.807 2 GPS 3 43822642 447814646 2 653948 248 -3 2395 294446750 30 0
92.807 2 GPS_INT 0 0 0 404516846 -37285051 704184 653948 0 0 0 67 12 294446750 86 26 3 1
92.808 2 DL_VALUE 64 1.
92.808 2 ATTITUDE 0.098971 0.046636 -0.096481
92.808 2 INS 10009 10810 -11068194 1300233 -36700 -441572288 3898 -1014 -8864
92.808 2 ROTORCRAFT_FP 10810 10009 11070353 -36700 1300233 441657344 403 -395 153 0 0 0 0 2815 0
92.809 2 ATTITUDE 0.104166 0.033804 -0.096423
92.849 2 INS 10009 10810 -11078977 1300233 -36700 -441767680 7008 4116 -7280
92.849 2 STATIC_CONTROL 0 0. 0 0. 0. 0. 0. 0. 0. 0. 0. 0. 0.
92.849 2 DATALINK_REPORT 2 26 7121 3081 0 1
92.850 2 ATTITUDE 0.123448 0.018239 -0.111468
92.850 2 LINK_REPORT 2 -1 93 0 279850 6405 0 3162. 70. 24 70.78
92.928 2 INS 10009 10810 -11089767 1300233 -36700 -442036064 2997 1014 -12453
92.928 2 GPS_INT 0 0 0 404516846 -37285051 704184 653948 0 0 0 67 12 294446750 86 26 3 1
92.929 2 ALIVE 122,195,7,233,5,247,195,75,60,187,26,129,128,90,246,93
92.929 2 ATTITUDE 0.120547 0.008461 -0.116845
92.929 2 ROTORCRAFT_NAV_STATUS 57 57 0. 0. 5 0 2
92.929 2 IMU_MAG_RAW 255 0 0 0
92.929 2 INS 10009 10810 -11100560 1300233 -36700 -442222112 -4408 3893 -4122
92.943 2 ATTITUDE 0.110086 0.008016 -0.10875
92.976 2 INS 10009 10810 -11111359 1300233 -36700 -442454048 3064 1849 -2147
92.976 2 GPS 3 43822642 447814646 2 653948 249 -4 2395 294446750 30 0
92.991 2 ATTITUDE 0.104652 0.015022 -0.095907
93.098 2 INS 10173 10805 -11122168 1384119 -73400 -442711808 4507 2207 -4231
93.098 2 ROVER_CTRL 2.5 0.002034 2690.179199 1.194542 1400. 600. 1000. 31.897482 2.847195 -144.553192 2.497966 0.
93.099 2 ROTORCRAFT_FP 10805 10173 11124324 -73400 1389361 442689632 375 -420 55 0 0 0 0 2690 0
93.099 2 GPS_INT 0 0 0 404516903 -37285054 704157 653921 0 0 0 67 11 294447000 86 26 3 1
93.100 2 ATTITUDE 0.099143 0.01507 -0.106968
93.100 2 INS 10173 10805 -11132972 1389361 -73400 -442856192 2965 -1680 -4104
93.100 2 SERIAL_COM 107 -370 5379 -10308 0 0 0 14 263 80 76 0 0 0 0 0
93.101 2 ATTITUDE 0.097519 0.012575 -0.116558
93.142 2 GVF_PARAMETRIC 5 1 0.222437 -6.,7.398438,-3.4375,19.429688,20.609375,41.796875,42.96875,59.96875,0.,0.,0.,0.,0.,0.,0.,0. -0.011227,-0.200044
93.142 2 INS 10173 10805 -11143786 1389361 -73400 -443137696 11957 5983 -6036
93.142 2 ATTITUDE 0.092914 0.005997 -0.118083
93.197 2 INS 10173 10805 -11154608 1389361 -73400 -443307232 4890 4882 -5760
93.198 2 GPS_INT 0 0 0 404516903 -37285054 704157 653921 0 0 0 67 11 294447000 86 26 3 1
93.198 2 ATTITUDE 0.095444 0.002587 -0.110803
93.213 2 INS 10173 10805 -11165431 1389361 -73400 -443604512 798 -933 -16649
93.229 2 GPS 3 43822636 447814774 3575 653923 258 -2 2395 294447250 30 0
93.245 2 ATTITUDE 0.087518 0.011193 -0.1139
93.277 2 INS 10342 10795 -11176266 1352661 -83886 -443732544 2017 2236 -12778
93.293 2 ROTORCRAFT_FP 10795 10342 11178429 -83886 1352661 443786432 353 -485 58 0 0 0 0 2646 0
93.294 2 ATTITUDE 0.082738 0.02114 -0.123904
93.325 2 INS 10342 10795 -11187103 1352661 -83886 -444026080 13995 -2238 -9106
93.341 2 GPS_INT 0 0 0 404516962 -37285059 704159 653923 0 0 0 67 11 294447250 86 26 3 1
93.342 2 ATTITUDE 0.081463 0.023812 -0.129454
93.383 2 INS 10342 10795 -11197940 1352661 -83886 -444210592 3224 -8480 -20439
93.384 2 ROVER_STATUS 0 43 3 2 1 107 7.797707
93.384 2 STATE_FILTER_STATUS 6 3 0
93.384 2 ATTITUDE 0.077132 0.029089 -0.129222
93.431 2 INS 10342 10795 -11208792 1352661 -83886 -444483136 4776 2237 -3821
93.463 2 INS 10342 10795 -11219641 1352661 -83886 -444717344 1999 8447 -30845
93.479 2 GPS 3 43822634 447814839 3583 653945 261 7 2395 294447500 30 0
93.517 2 GPS_INT 0 0 0 404517020 -37285062 704181 653945 0 0 0 67 11 294447500 86 26 3 1
93.517 2 ATTITUDE 0.086281 0.035959 -0.129012
93.517 2 WP_MOVED_ENU 0 0 0 2560
93.517 2 WP_MOVED_ENU 0 0 0 2560
93.596 2 GVF_PARAMETRIC 5 1 0.224034 6.,16.4375,39.609375,43.179688,18.046875,27.347656,59.648438,52.,0.,0.,0.,0.,0.,0.,0.,0. -0.021436,-0.157471
93.597 2 INS 10506 10787 -11230499 1363147 -26214 -444846432 -4016 1607 -704
93.597 2 ROVER_CTRL 2.5 -0.060178 2714.749756 1.266486 1400. 600. 1000. 21.669064 -84.24926 -23.031235 2.560178 0.
93.598 2 ROTORCRAFT_FP 10787 10506 11232682 -26214 1363147 444880000 362 -499 167 0 0 0 0 2714 0
93.598 2 ATTITUDE 0.084934 0.042322 -0.124996
93.598 2 INS 10506 10787 -11241361 1363147 -26214 -445088576 -3123 5466 -6106
93.599 2 SERIAL_COM 107 853 1778 -9309 0 0 0 14 263 80 76 0 0 0 0 0
93.599 2 ATTITUDE 0.077624 0.04598 -0.113074
93.612 2 INS 10506 10787 -11252231 1363147 -26214 -445209504 -2830 720 -5770
93.628 2 GPS_SOL 67 11 86 26
93.644 2 GPS_INT 0 0 0 404517020 -37285062 704181 653945 0 0 0 67 11 294447500 86 26 3 1
93.645 2 ATTITUDE 0.084561 0.049631 -0.113059
93.676 2 INS 10506 10787 -11263100 1363147 -26214 -445488512 5188 -2438 -10367
93.692 2 ATTITUDE 0.079274 0.06155 -0.118089
93.708 2 IMU_MAG_RAW 255 0 0 0
93.724 2 INS 10506 10787 -11273979 1363147 -26214 -445737920 -5188 -5304 -14972
93.724 2 GPS 3 43822635 447814903 3597 653948 259 -3 2395 294447750 30 0
93.740 2 ATTITUDE 0.067017 0.061443 -0.11246
93.772 2 INS 10670 10787 -11284863 1357904 15728 -446026976 -7836 2178 -14431
93.840 2 ROTORCRAFT_FP 10787 10670 11287052 15728 1357904 446030400 274 -486 276 0 0 0 0 2689 0
93.841 2 GPS_INT 0 0 0 404517078 -37285062 704184 653948 0 0 0 67 10 294447750 86 26 3 1
93.841 2 ATTITUDE 0.068699 0.062567 -0.113812
93.841 2 INS 10670 10787 -11295757 1357904 15728 -446126336 1688 -5468 -8203
93.841 2 STATIC_CONTROL 0 0. 0 0. 0. 0. 0. 0. 0. 0. 0. 0. 0.
93.842 2 ATTITUDE 0.06474 0.065915 -0.115111
93.851 2 LINK_REPORT 2 -1 94 0 282925 6475 0 3075. 70. 24 70.78
93.869 2 INS 10670 10787 -11306650 1357904 15728 -446454592 7750 574 -11534
93.885 2 ATTITUDE 0.058095 0.066323 -0.117562
93.949 2 GVF_PARAMETRIC 5 1 0.225535 0.,0.2,0.2,0.5,0.5,0.05,59.648438,52.,0.,0.,0.,0.,0.,0.,0.,0. -0.025644,-0.209364
93.950 2 INS 10670 10787 -11317553 1357904 15728 -446643776 -2080 -3288 -18961
93.950 2 GPS_INT 0 0 0 404517078 -37285062 704184 653948 0 0 0 67 10 294447750 86 26 3 1
93.951 2 ATTITUDE 0.069924 0.065115 -0.113646
93.989 2 INS 10670 10787 -11328458 1357904 15728 -446864192 -2391 -717 -9741
93.989 2 ENERGY 27 7.744721 1.625 12.585173 6.4 0.026123 0.2014
93.989 2 GPS 3 43822635 447814903 3597 653948 260 -3 2395 294447750 30 0
94.021 2 INS 10836 10790 -11339372 1336933 52428 -447057536 -2409 -295 -7859
94.037 2 ROVER_CTRL 2.5 -0.072943 2714.393555 0.790214 1400. 600. 1000. 1.579854 -102.119827 14.49585 2.572943 0.
94.074 2 ROTORCRAFT_FP 10790 10836 11341552 52428 1336933 447124096 234 -451 290 0 0 0 0 2714 0
94.074 2 ATTITUDE 0.050259 0.075224 -0.105686
94.075 2 INS 10836 10790 -11350289 1342176 52428 -447225024 6978 724 5190
94.075 2 SERIAL_COM 108 8215 3190 -3637 0 0 0 14 264 80 76 0 0 0 0 0
94.100 2 GPS_INT 0 0 0 404517136 -37285061 704193 653957 0 0 0 67 10 294448000 92 25 3 1
94.100 2 ATTITUDE 0.05533 0.079382 -0.104996
94.116 2 INS 10836 10790 -11361208 1342176 52428 -447495488 5844 2679 -3892
94.131 2 ATTITUDE 0.049854 0.078847 -0.111076
94.164 2 INS 10836 10790 -11372135 1342176 52428 -447680576 -5006 -310 -8230
94.195 2 ATTITUDE 0.067355 0.077065 -0.113239
94.211 2 INS 10836 10790 -11383067 1342176 52428 -447939264 6193 5715 -4161
94.228 2 GPS 3 43822640 447815032 23 653983 265 12 2395 294448250 30 0
94.254 2 GPS_INT 0 0 0 404517194 -37285057 704219 653983 0 0 0 67 11 294448250 92 25 3 1
94.254 2 ATTITUDE 0.070285 0.08162 -0.105874
94.269 2 INS 11000 10798 -11394004 1389361 73400 -448118272 4482 -776 -1144
94.295 2 ROTORCRAFT_FP 10798 11000 11396195 73400 1389361 448076192 328 -481 320 0 0 0 0 2610 0
94.296 2 ATTITUDE 0.078615 0.084324 -0.120383
94.337 2 GVF_PARAMETRIC 5 1 0.227246 -6.,7.398438,-3.4375,19.429688,20.609375,41.796875,42.96875,59.96875,0.,0.,0.,0.,0.,0.,0.,0. -0.025002,-0.18124
94.341 2 INS 11000 10798 -11404947 1389361 73400 -448333056 1508 1959 -1764
94.341 2 DL_VALUE 65 0.
94.341 2 ATTITUDE 0.061457 0.092869 -0.119334
94.369 2 INS 11000 10798 -11415899 1389361 73400 -448634848 12591 143 -12024
94.395 2 GPS_INT 0 0 0 404517194 -37285057 704219 653983 0 0 0 67 11 294448250 92 25 3 1
94.396 2 ATTITUDE 0.05322 0.100233 -0.130088
94.426 2 INS 11000 10798 -11426850 1389361 73400 -448745792 3518 1254 -4973
94.442 2 ATTITUDE 0.054951 0.103519 -0.118813
94.474 2 INS 11000 10798 -11437808 1389361 73400 -449079808 5950 -685 -13290
94.475 2 GPS 3 43822646 447815097 41 654001 256 7 2395 294448500 30 0
94.490 2 ATTITUDE 0.053811 0.101184 -0.110463
94.490 2 ROTORCRAFT_NAV_STATUS 59 59 0. 0. 5 0 2
94.581 2 IMU_MAG_RAW 255 0 0 0
94.582 2 INS 11169 10813 -11448785 1336933 131071 -449123136 9181 10432 -3291
94.582 2 ROVER_CTRL 2.5 -0.087863 2675.59082 -0.053312 1400. 600. 1000. -21.763889 -123.00882 19.836426 2.587863 0.
94.583 2 ROTORCRAFT_FP 10813 11169 11450976 131071 1336933 449237472 237 -443 442 0 0 0 0 2675 0
94.584 2 GPS_INT 0 0 0 404517253 -37285051 704237 654001 0 0 0 67 11 294448500 92 26 3 1
94.584 2 ATTITUDE 0.063444 0.104395 -0.119168
94.584 2 INS 11169 10813 -11459740 1336933 131071 -449425664 776 2153 -8057
94.585 2 SERIAL_COM 108 -448 9411 -7203 0 0 0 14 264 80 76 0 0 0 0 0
94.613 2 INS 11169 10813 -11470712 1336933 131071 -449613984 -9816 -14495 -17866
94.629 2 ATTITUDE 0.065212 0.114689 -0.102011
94.661 2 INS 11169 10813 -11481693 1336933 131071 -449832352 1266 3061 -14794
94.690 2 GPS_INT 0 0 0 404517253 -37285051 704237 654001 0 0 0 67 11 294448500 92 26 3 1
94.690 2 ATTITUDE 0.05596 0.119128 -0.102747
94.743 2 GVF_PARAMETRIC 5 1 0.228625 6.,16.4375,39.609375,43.179688,18.046875,27.347656,59.648438,52.,0.,0.,0.,0.,0.,0.,0.,0. -0.02282,-0.215898
94.743 2 INS 11169 10813 -11492677 1336933 131071 -450043936 -4895 -1190 -8549
94.743 2 GPS 3 43822646 447815097 41 654001 257 7 2395 294448500 30 0
94.744 2 ATTITUDE 0.069171 0.113585 -0.11121
94.758 2 INS 11330 10833 -11503666 1363147 199229 -450201504 7779 -4043 -20469
94.801 2 ROTORCRAFT_FP 10833 11330 11505865 199229 1363147 450308512 275 -436 451 0 0 0 0 2569 0
94.802 2 ATTITUDE 0.057389 0.111205 -0.105196
94.802 2 WP_MOVED_ENU 1 0 0 2560
94.802 2 WP_MOVED_ENU 1 0 0 2560
94.829 2 INS 11330 10833 -11514662 1363147 199229 -450500160 -2234 3802 -2319
94.829 2 STATIC_CONTROL 0 0. 0 0. 0. 0. 0. 0. 0. 0. 0. 0. 0.
94.851 2 LINK_REPORT 2 -1 95 0 285908 6540 0 2983. 65. 24 70.78
94.854 2 GPS_INT 0 0 0 404517310 -37285041 704231 653995 0 0 0 67 11 294448750 86 27 3 1
94.854 2 ATTITUDE 0.056716 0.098979 -0.104529
94.870 2 INS 11330 10833 -11525662 1363147 199229 -450632384 -17609 636 -27031
94.870 2 ROVER_STATUS 0 41 3 2 1 108 7.709397
94.886 2 ATTITUDE 0.069075 0.099783 -0.103101
94.918 2 INS 11330 10833 -11536666 1363147 199229 -450860352 4952 1403 -10562
94.934 2 ATTITUDE 0.072629 0.099256 -0.102754
94.993 2 INS 11330 10833 -11547673 1363147 199229 -451036640 776 -1217 -7766
94.993 2 GPS 3 43822655 447815161 66 653995 264 -1 2395 294448750 30 0
94.994 2 GPS_INT 0 0 0 404517310 -37285041 704231 653995 0 0 0 67 11 294448750 86 27 3 1
94.994 2 ATTITUDE 0.076859 0.096049 -0.10346
95.009 2 INS 11496 10856 -11558687 1352661 173014 -451264416 7127 -227 -9900
95.050 2 ROVER_CTRL 2.5 -0.103251 2633.128662 -0.785533 1400. 600. 1000. -49.285439 -144.550705 26.345253 2.603251 0.
95.051 2 ROTORCRAFT_FP 10856 11496 11560889 173014 1352661 451360864 315 -419 374 0 0 0 0 2633 0
95.051 2 ATTITUDE 0.082732 0.090392 -0.097555
95.077 2 INS 11496 10856 -11569706 1347418 173014 -451467232 3889 973 -9763
95.077 2 SERIAL_COM 109 -227 7127 -9900 0 0 0 14 265 80 76 0 0 0 0 0
95.093 2 ATTITUDE 0.089422 0.085707 -0.112809
95.145 2 GVF_PARAMETRIC 5 1 0.230299 0.,0.2,0.2,0.5,0.5,0.05,59.648438,52.,0.,0.,0.,0.,0.,0.,0.,0. -0.00976,-0.185719
95.146 2 INS 11496 10856 -11580729 1347418 173014 -451713856 8059 -4435 -11400
95.146 2 GPS_INT 0 0 0 404517369 -37285030 704216 653981 0 0 0 67 13 294449000 86 27 3 1
95.146 2 ATTITUDE 0.074094 0.085011 -0.112787
95.161 2 INS 11496 10856 -11591760 1347418 173014 -451937664 1863 2279 -1328
95.193 2 ATTITUDE 0.073255 0.082824 -0.104555
95.224 2 INS 11496 10856 -11602799 1347418 173014 -452130976 -6532 2325 -4877
95.224 2 GPS 3 43822671 447815290 54 653975 260 2 2395 294449250 30 0
95.239 2 ATTITUDE 0.072773 0.081391 -0.101317
95.256 2 INS 11663 10872 -11613838 1357904 94371 -452352768 9624 750 -5793
95.324 2 ROTORCRAFT_FP 10872 11663 11616044 94371 1357904 452376928 302 -435 334 0 0 0 0 2594 0
95.325 2 GPS_INT 0 0 0 404517427 -37285023 704211 653975 0 0 0 67 12 294449250 86 27 3 1
95.325 2 ATTITUDE 0.074733 0.083333 -0.108446
95.325 2 IMU_MAG_RAW 255 0 0 0
95.326 2 INS 11663 10872 -11624890 1357904 94371 -452530560 3603 5799 -1606
95.326 2 PONG 
95.342 2 ATTITUDE 0.077408 0.090086 -0.114801
95.371 2 INS 11663 10872 -11635937 1357904 94371 -452792608 2585 4081 -1819
95.419 2 INS 11663 10872 -11646988 1357904 94371 -453001696 7356 -130 -15458
95.436 2 GPS_INT 0 0 0 404517427 -37285023 704211 653975 0 0 0 67 12 294449250 86 27 3 1
95.436 2 ATTITUDE 0.080663 0.08273 -0.118521
95.467 2 INS 11663 10872 -11658052 1357904 94371 -453223648 8371 7199 -1669
95.468 2 GPS 3 43822676 447815355 43 653978 266 3 2395 294449500 30 0
95.483 2 ATTITUDE 0.075316 0.077032 -0.131076
95.569 2 GVF_PARAMETRIC 5 1 0.232094 -6.,7.398438,-3.4375,19.429688,20.609375,41.796875,42.96875,59.96875,0.,0.,0.,0.,0.,0.,0.,0. -0.002876,-0.158799
95.569 2 INS 11827 10885 -11669117 1389361 78643 -453459776 4113 -1441 -12210
95.570 2 ROVER_CTRL 2.5 -0.099801 2555.073486 -0.317741 1400. 600. 1000. -78.934738 -139.720825 -26.869774 2.599801 0.
95.570 2 ROTORCRAFT_FP 10885 11827 11671333 78643 1389361 453543456 306 -520 295 0 0 0 0 2555 0
95.570 2 ATTITUDE 0.07714 0.069293 -0.127951
95.571 2 INS 11827 10885 -11680194 1389361 78643 -453696320 4976 3637 -4062
95.571 2 SERIAL_COM 109 4203 -1271 -11639 0 0 0 14 265 80 76 0 0 0 0 0
95.605 2 GPS_INT 0 0 0 404517485 -37285018 704214 653978 0 0 0 67 12 294449500 86 27 3 1
95.606 2 ALIVE 122,195,7,233,5,247,195,75,60,187,26,129,128,90,246,93
95.606 2 ATTITUDE 0.071722 0.063338 -0.131485
95.606 2 INS 11827 10885 -11691267 1389361 78643 -453865696 -3516 -928 -7383
95.621 2 GPS_SOL 67 12 86 27
95.637 2 ATTITUDE 0.066763 0.062133 -0.1267
95.669 2 INS 11827 10885 -11702349 1389361 78643 -454127968 2132 770 -17742
95.685 2 ATTITUDE 0.073809 0.060186 -0.118577
95.717 2 INS 11827 10885 -11713436 1389361 78643 -454297184 4911 652 -23085
95.718 2 GPS 3 43822676 447815355 43 653978 266 3 2395 294449500 30 0
95.744 2 GPS_INT 0 0 0 404517485 -37285018 704214 653978 0 0 0 67 12 294449500 86 27 3 1
95.745 2 ATTITUDE 0.077728 0.062534 -0.111538
95.760 2 INS 11998 10895 -11724531 1389361 99614 -454533696 -4767 5031 -16157
95.786 2 ROTORCRAFT_FP 10895 11998 11726752 99614 1389361 454520064 292 -425 272 0 0 0 0 2523 0
95.787 2 ATTITUDE 0.074517 0.060075 -0.105863
95.832 2 INS 11998 10895 -11735632 1389361 99614 -454627200 -11889 993 -9241
95.833 2 STATIC_CONTROL 0 0. 0 0. 0. 0. 0. 0. 0. 0. 0. 0. 0.
95.833 2 ATTITUDE 0.085728 0.059771 -0.092569
95.851 2 LINK_REPORT 2 -1 96 0 288898 6607 0 2990. 67. 25 25.37
95.864 2 INS 11998 10895 -11746730 1389361 99614 -454837088 132 -2450 -3957
95.890 2 GPS_INT 0 0 0 404517545 -37285013 704198 653962 0 0 0 67 12 294449750 86 26 3 1
95.891 2 ATTITUDE 0.082825 0.058629 -0.085552
95.932 2 GVF_PARAMETRIC 5 1 0.233761 6.,16.4375,39.609375,43.179688,18.046875,27.347656,59.648438,52.,0.,0.,0.,0.,0.,0.,0.,0. -0.005539,-0.213382
95.933 2 INS 11998 10895 -11757838 1389361 99614 -455047168 -1784 -75 2677
95.933 2 DL_VALUE 66 0.
95.934 2 ATTITUDE 0.082594 0.051279 -0.094104
95.973 2 INS 11998 10895 -11768953 1389361 99614 -455206112 -2503 512 -2996
95.973 2 GPS 3 43822681 447815421 43 653962 265 -5 2395 294449750 30 0
95.989 2 ATTITUDE 0.098592 0.056062 -0.086991
96.005 2 INS 12165 10900 -11780067 1384119 15728 -455445824 686 2154 4161
96.080 2 ROVER_CTRL 2.5 -0.115318 2483.95874 -0.349384 1400. 600. 1000. -111.180397 -161.445282 -44.107437 2.615318 0.
96.081 2 ROTORCRAFT_FP 10900 12165 11782291 15728 1384119 455493504 393 -372 220 0 0 0 0 2483 0
96.081 2 GPS_INT 0 0 0 404517604 -37285010 704192 653956 0 0 0 67 13 294450000 86 27 3 1
96.082 2 ATTITUDE 0.105127 0.056542 -0.094327
96.082 2 INS 12165 10900 -11791190 1384119 20971 -455583648 5233 422 3217
96.082 2 SERIAL_COM 110 5259 -12700 -7590 0 0 0 14 266 80 76 0 0 0 0 0
96.083 2 ATTITUDE 0.105267 0.053301 -0.093462
96.106 2 ROTORCRAFT_NAV_STATUS 61 61 0. 0. 5 0 2
96.106 2 WP_MOVED_ENU 2 -276 -3691 2560
96.106 2 WP_MOVED_ENU 2 -276 -3691 2560
96.107 2 IMU_MAG_RAW 255 0 0 0
96.138 2 INS 12165 10900 -11802315 1384119 20971 -455864864 9348 2603 -4872
96.138 2 ATTITUDE 0.10421 0.049978 -0.08703
96.194 2 INS 12165 10900 -11813445 1384119 20971 -456084992 7113 560 -11343
96.195 2 GPS_INT 0 0 0 404517604 -37285010 704192 653956 0 0 0 67 13 294450000 86 27 3 1
96.195 2 ATTITUDE 0.101782 0.043446 -0.092485
96.221 2 INS 12165 10900 -11824582 1384119 20971 -456276832 -6105 3107 -4501
96.221 2 GPS 3 43822684 447815487 26 653956 264 -12 2395 294450000 30 0
96.237 2 ATTITUDE 0.093359 0.040817 -0.097037
96.253 2 INS 12328 10905 -11835724 1357904 57671 -456532992 2799 901 -6211
96.284 2 ROTORCRAFT_FP 10905 12328 11837956 57671 1357904 456542112 402 -403 157 0 0 0 0 2531 0
96.284 2 ATTITUDE 0.093692 0.040581 -0.10274
96.343 2 INS 12328 10905 -11846872 1357904 57671 -456722880 3374 1624 -6536
96.343 2 GPS_INT 0 0 0 404517662 -37285008 704144 653908 0 0 0 67 13 294450250 92 26 3 1
96.343 2 ATTITUDE 0.104348 0.035553 -0.112068
96.370 2 INS 12328 10905 -11858025 1357904 57671 -456898656 -3679 -2206 -1567
96.370 2 ROVER_STATUS 0 54 3 2 1 110 7.744721
96.386 2 ATTITUDE 0.111262 0.031619 -0.114784
96.402 2 INS 12328 10905 -11869184 1357904 57671 -457209568 2433 754 -5084
96.433 2 ATTITUDE 0.112395 0.031552 -0.110456
96.476 2 INS 12328 10905 -11880347 1357904 57671 -457386656 -3894 -653 -12494
96.476 2 GPS 3 43822686 447815551 25 653908 260 -12 2395 294450250 30 0
96.529 2 GPS_INT 0 0 0 404517662 -37285008 704144 653908 0 0 0 67 13 294450250 92 26 3 1
96.530 2 ATTITUDE 0.10966 0.029488 -0.11309
96.530 2 INS 12495 10905 -11891518 1331690 -10485 -457664960 -5058 3580 -10306
96.531 2 ROVER_CTRL 2.5 -0.115022 2503.890137 0.900918 1400. 600. 1000. -146.856064 -161.030396 11.086464 2.615022 0.
96.568 2 ROTORCRAFT_FP 10905 12495 11893754 -10485 1331690 457690272 432 -476 107 0 0 0 0 2503 0
96.569 2 ATTITUDE 0.104152 0.028389 -0.122253
96.569 2 INS 12495 10905 -11902697 1331690 -10485 -457834016 -7485 3321 -10819
96.585 2 STATE_FILTER_STATUS 6 3 0
96.585 2 ATTITUDE 0.099802 0.023135 -0.116825
96.628 2 INS 12495 10905 -11913876 1331690 -10485 -458050272 -942 4760 -9835
96.629 2 GPS_INT 0 0 0 404517720 -37285007 704118 653882 0 0 0 67 12 294450500 92 25 3 1
96.631 2 ATTITUDE 0.098172 0.021813 -0.10687
96.660 2 INS 12495 10905 -11925061 1331690 -10485 -458284768 8398 3305 -7103
96.677 2 ATTITUDE 0.103607 0.024065 -0.119886
96.744 2 GVF_PARAMETRIC 5 1 0.237336 -6.,7.398438,-3.4375,19.429688,20.609375,41.796875,42.96875,59.96875,0.,0.,0.,0.,0.,0.,0.,0. -0.018914,-0.227766
96.746 2 INS 12495 10905 -11936249 1331690 -10485 -458410464 2098 2661 -8371
96.746 2 GPS 3 43822687 447815615 11 653882 255 -10 2395 294450500 30 0
96.747 2 ATTITUDE 0.101567 0.028624 -0.114912
96.756 2 INS 12659 10905 -11947443 1342176 0 -458687200 7719 1977 -5042
96.831 2 ROTORCRAFT_FP 10905 12659 11949694 0 1342176 458722176 371 -446 102 0 0 0 0 2515 0
96.832 2 GPS_INT 0 0 0 404517777 -37285007 704089 653854 0 0 0 67 12 294450750 86 27 3 1
96.832 2 ATTITUDE 0.094457 0.029823 -0.107692
96.832 2 INS 12659 10905 -11958642 1342176 0 -458834944 -2854 -524 -7594
96.833 2 STATIC_CONTROL 0 0. 0 0. 0. 0. 0. 0. 0. 0. 0. 0. 0.
96.833 2 ATTITUDE 0.101198 0.023254 -0.114198
96.851 2 LINK_REPORT 2 -1 97 0 291890 6675 0 2992. 68. 25 25.37
96.863 2 INS 12659 10905 -11969850 1342176 0 -459056608 1474 1365 -4971
96.879 2 ATTITUDE 0.092446 0.028796 -0.107605
96.895 2 IMU_MAG_RAW 255 0 0 0
96.934 2 INS_REF 485058794 -31613915 411670613 404513324 -37290030 704601 654365 0.
96.935 2 INS 12659 10905 -11981057 1342176 0 -459268800 2233 6763 -1969
96.935 2 GPS_INT 0 0 0 404517777 -37285007 704089 653854 0 0 0 67 12 294450750 86 27 3 1
96.935 2 ATTITUDE 0.097818 0.033407 -0.100793
96.966 2 INS 12659 10905 -11992271 1342176 0 -459545248 15788 -4847 -25322
96.967 2 GPS 3 43822688 447815679 7 653854 256 -15 2395 294450750 30 0
96.982 2 ATTITUDE 0.092995 0.035474 -0.107735
97.041 2 INS 12820 10910 -12003496 1305475 36700 -459630592 -422 4164 613
97.042 2 ROVER_CTRL 2.5 -0.102369 2532.534424 1.123502 1400. 600. 1000. -179.767029 -143.316025 55.003166 2.602369 0.
97.047 2 ROTORCRAFT_FP 10910 12820 12005739 36700 1305475 459607936 429 -439 183 0 0 0 0 2532 0
97.047 2 ATTITUDE 0.097545 0.047114 -0.109155
97.095 2 INS 12820 10910 -12014717 1315961 41943 -459950432 -2864 -180 -23659
97.096 2 SERIAL_COM 111 2940 2376 -355 0 0 0 14 267 80 76 0 0 0 0 0
97.096 2 GPS_INT 0 0 0 404517834 -37285006 704065 653829 0 0 0 67 12 294451000 86 27 3 1
97.097 2 ATTITUDE 0.080941 0.053087 -0.091016
97.132 2 GVF_PARAMETRIC 5 1 0.239396 6.,16.4375,39.609375,43.179688,18.046875,27.347656,59.648438,52.,0.,0.,0.,0.,0.,0.,0.,0. -0.029808,-0.202676
97.133 2 INS 12820 10910 -12025948 1315961 41943 -460101312 2241 8189 -159
97.133 2 ATTITUDE 0.085904 0.055537 -0.100825
97.164 2 INS 12820 10910 -12037182 1315961 41943 -460254176 9690 -830 -9112
97.180 2 ATTITUDE 0.080581 0.057451 -0.110344
97.212 2 INS 12820 10910 -12048427 1315961 41943 -460553952 712 -1092 -7877
97.239 2 GPS 3 43822689 447815742 13 653829 251 -16 2395 294451000 30 0
97.239 2 GPS_INT 0 0 0 404517834 -37285006 704065 653829 0 0 0 67 12 294451000 86 27 3 1
97.240 2 ATTITUDE 0.074329 0.057621 -0.103451
97.255 2 INS 12974 10915 -12059669 1237318 94371 -460748480 3494 3644 -1655
97.281 2 ROTORCRAFT_FP 10915 12974 12061922 94371 1237318 460827392 311 -472 239 0 0 0 0 2597 0
97.282 2 ATTITUDE 0.0837 0.064143 -0.110031
97.313 2 INS 12974 10915 -12070924 1237318 94371 -460915072 751 -2035 -4946
97.329 2 ATTITUDE 0.089481 0.068453 -0.111751
97.361 2 INS 12974 10915 -12082181 1237318 94371 -461213024 714 3114 -1375
97.392 2 GPS_INT 0 0 0 404517888 -37285003 704039 653803 0 0 0 67 12 294451250 92 27 3 1
97.393 2 ATTITUDE 0.087528 0.075078 -0.126293
97.393 2 WP_MOVED_ENU 3 1894 4208 1994
97.393 2 WP_MOVED_ENU 3 1894 4208 1994
97.408 2 INS 12974 10915 -12093439 1237318 94371 -461361856 -1148 3038 -4858
97.424 2 ATTITUDE 0.08621 0.082407 -0.126255
97.469 2 INS 12974 10915 -12104706 1237318 94371 -461694240 3460 -1394 -8730
97.469 2 GPS 3 43822692 447815802 29 653803 238 -12 2395 294451250 30 0
97.485 2 ATTITUDE 0.082528 0.086956 -0.124955
97.576 2 GVF_PARAMETRIC 5 1 0.241607 0.,0.2,0.2,0.5,0.5,0.05,59.648438,52.,0.,0.,0.,0.,0.,0.,0.,0. -0.041159,-0.186645
97.576 2 INS 13125 10926 -12115994 1242561 73400 -461793344 6390 723 -8799
97.576 2 ROVER_CTRL 2.5 -0.058817 2653.0271 1.496529 1400. 600. 1000. -205.028824 -82.344009 140.047073 2.558817 0.
97.577 2 ROTORCRAFT_FP 10926 13125 12118231 73400 1242561 461826560 358 -541 382 0 0 0 0 2653 0
97.577 2 GPS_INT 0 0 0 404517941 -37284998 704047 653812 0 0 0 67 12 294451500 92 25 3 1
97.578 2 DL_VALUE 67 0.
97.578 2 ATTITUDE 0.087007 0.089198 -0.137153
97.578 2 INS 13125 10926 -12127256 1242561 73400 -462130720 -7427 -4646 -20189
97.578 2 SERIAL_COM 111 3038 -1148 -4858 0 0 0 14 267 80 76 0 0 0 0 0
97.591 2 ATTITUDE 0.085091 0.092188 -0.131715
97.617 2 INS 13125 10926 -12138538 1242561 73400 -462292544 -4870 2856 -17159
97.617 2 GPS_SOL 67 12 92 25
97.633 2 ATTITUDE 0.084006 0.094737 -0.130994
97.649 2 INS 13125 10926 -12149826 1242561 73400 -462456800 -2120 -1973 -10697
97.680 2 GPS_INT 0 0 0 404517941 -37284998 704047 653812 0 0 0 67 12 294451500 92 25 3 1
97.680 2 ATTITUDE 0.087706 0.100259 -0.117484
97.710 2 ROTORCRAFT_NAV_STATUS 62 62 0. 0. 5 0 2
97.710 2 IMU_MAG_RAW 255 0 0 0
97.710 2 INS 13125 10926 -12161119 1242561 73400 -462719168 5596 -4283 -12769
97.711 2 GPS 3 43822697 447815861 34 653812 239 1 2395 294451500 30 0
97.726 2 ATTITUDE 0.087258 0.107827 -0.119151
97.758 2 INS 13278 10941 -12172417 1315961 146800 -462845792 5076 4699 -4743
97.787 2 ROTORCRAFT_FP 10941 13278 12174678 146800 1315961 462844032 350 -546 459 0 0 0 0 2617 0
97.787 2 ATTITUDE 0.095646 0.11808 -0.1366
97.802 2 INS 13278 10941 -12183719 1315961 146800 -463102432 8245 -909 -14068
97.852 2 LINK_REPORT 2 -1 98 0 294828 6742 0 2938. 67. 25 25.37
97.860 2 STATIC_CONTROL 0 0. 0 0. 0. 0. 0. 0. 0. 0. 0. 0. 0.
97.861 2 GPS_INT 0 0 0 404517996 -37284992 704003 653767 0 0 0 67 12 294451750 92 26 3 1
97.861 2 ATTITUDE 0.102864 0.121651 -0.136886
97.861 2 INS 13278 10941 -12195028 1315961 146800 -463297920 5175 1507 -1686
97.862 2 ROVER_STATUS 0 49 3 2 1 111 7.850692
97.875 2 ATTITUDE 0.099647 0.130889 -0.138457
97.918 2 GVF_PARAMETRIC 5 1 0.244062 -6.,7.398438,-3.4375,19.429688,20.609375,41.796875,42.96875,59.96875,0.,0.,0.,0.,0.,0.,0.,0. -0.062555,-0.240304
97.918 2 INS 13278 10941 -12206358 1315961 146800 -463509472 -2469 1394 -1861
97.934 2 DATALINK_REPORT 2 27 7474 3076 0 1
97.934 2 ATTITUDE 0.099559 0.142351 -0.141135
97.964 2 INS 13278 10941 -12217661 1315961 146800 -463717728 -4022 -6869 -8377
97.965 2 GPS 3 43822702 447815922 52 653767 254 -20 2395 294451750 30 0
97.990 2 GPS_INT 0 0 0 404517996 -37284992 704003 653767 0 0 0 67 12 294451750 92 26 3 1
97.991 2 ATTITUDE 0.098363 0.151658 -0.122794
98.042 2 INS 13440 10961 -12228982 1321204 220200 -463952352 -2571 4067 -1079
98.043 2 ROVER_CTRL 2.5 -0.010941 2613.796875 1.483824 1400. 600. 1000. -213.652008 -15.31744 42.700768 2.510941 0.
98.043 2 ROTORCRAFT_FP 10961 13440 12231250 220200 1321204 463977088 386 -541 642 0 0 0 0 2613 0
98.044 2 ATTITUDE 0.098772 0.158101 -0.129686
98.069 2 INS 13440 10961 -12240311 1321204 225443 -464152544 -2357 2852 -9665
98.070 2 SERIAL_COM 112 3621 513 -3394 0 0 0 14 268 80 76 0 0 0 0 0
98.070 2 ATTITUDE 0.089992 0.167189 -0.130068
98.101 2 INS 13440 10961 -12251646 1321204 225443 -464395616 -2279 8750 -3584
98.129 2 GPS_INT 0 0 0 404518052 -37284982 703953 653717 0 0 0 67 13 294452000 92 26 3 1
98.130 2 ATTITUDE 0.090966 0.174343 -0.12457
98.161 2 INS 13440 10961 -12262984 1321204 225443 -464614144 13632 660 -9917
98.176 2 ATTITUDE 0.096103 0.180932 -0.12353
98.221 2 INS 13440 10961 -12274329 1321204 225443 -464834112 12258 -6144 -17801
98.222 2 GPS 3 43822711 447815984 75 653717 257 -24 2395 294452000 30 0
98.222 2 ATTITUDE 0.086518 0.18526 -0.12407
98.253 2 INS 13596 10992 -12285680 1289747 283115 -465016768 9711 -4050 -13582
98.327 2 ROTORCRAFT_FP 10992 13596 12287960 283115 1289747 465022432 381 -532 779 0 0 0 0 2621 0
98.328 2 GPS_INT 0 0 0 404518107 -37284968 703927 653691 0 0 0 67 13 294452250 92 27 3 1
98.329 2 ALIVE 122,195,7,233,5,247,195,75,60,187,26,129,128,90,246,93
98.330 2 ATTITUDE 0.094507 0.197324 -0.131159
98.330 2 GVF_PARAMETRIC 5 1 0.246984 6.,16.4375,39.609375,43.179688,18.046875,27.347656,59.648438,52.,0.,0.,0.,0.,0.,0.,0.,0. -0.07872,-0.218496
98.331 2 INS 13596 10992 -12297034 1289747 283115 -465294368 10735 -11987 -31618
98.331 2 ATTITUDE 0.090339 0.213715 -0.126794
98.358 2 INS 13596 10992 -12308395 1289747 283115 -465453568 -699 323 -2538
98.374 2 ATTITUDE 0.084811 0.221426 -0.12743
98.406 2 INS 13596 10992 -12319764 1289747 283115 -465675520 3879 3283 -3786
98.433 2 GPS_INT 0 0 0 404518107 -37284968 703927 653691 0 0 0 67 13 294452250 92 27 3 1
98.433 2 ATTITUDE 0.085729 0.22157 -0.12143
98.449 2 INS 13596 10992 -12331133 1289747 283115 -465906464 4332 -824 -3207
98.490 2 ENERGY 27 7.727059 1.6 12.363296 6.595392 0.028004 0.215952
98.491 2 GPS 3 43822724 447816045 101 653691 252 -18 2395 294452250 30 0
98.491 2 ATTITUDE 0.087603 0.225143 -0.130209
98.491 2 IMU_MAG_RAW 255 0 0 0
98.506 2 INS 13752 11028 -12342509 1263532 309329 -466068512 -7710 8504 2391
98.532 2 ROVER_CTRL 2.5 0.007856 2626.613037 1.942469 1400. 600. 1000. -213.78273 10.998249 29.444695 2.492144 0.
98.533 2 ROTORCRAFT_FP 11028 13752 12344784 309329 1263532 466082368 316 -577 963 0 0 0 0 2626 0
98.548 2 ATTITUDE 0.079529 0.233366 -0.130463
98.580 2 SERIAL_COM 112 -906 12435 -15061 0 0 0 14 268 80 76 0 0 0 0 0
98.628 2 INS 13752 11028 -12365282 1263532 309329 -466543392 9265 3808 -902
98.629 2 ATTITUDE 0.083793 0.246003 -0.135757
98.660 2 INS 13752 11028 -12376671 1263532 309329 -466825504 13712 -1210 -18709
98.692 2 WP_MOVED_ENU 4 -880 10140 1991
98.692 2 WP_MOVED_ENU 4 -880 10140 1991
98.779 2 GVF_PARAMETRIC 5 1 0.250428 0.,0.2,0.2,0.5,0.5,0.05,59.648438,52.,0.,0.,0.,0.,0.,0.,0.,0. -0.121918,-0.259687
98.780 2 INS 13752 11028 -12388096 1263532 309329 -466978944 616 -1528 -10474
98.780 2 GPS 3 43822738 447816106 121 653686 250 -13 2395 294452500 30 0
98.781 2 GPS_INT 0 0 0 404518162 -37284952 703922 653686 0 0 0 67 13 294452500 92 26 3 1
98.781 2 ATTITUDE 0.080339 0.276844 -0.130221
98.782 2 INS 13903 11069 -12399472 1253047 403701 -467241184 1562 -4220 -31575
98.782 2 ROTORCRAFT_FP 11069 13903 12401755 403701 1253047 467276768 299 -555 1184 0 0 0 0 2633 0
98.782 2 ATTITUDE 0.079646 0.296802 -0.131022
98.824 2 INS 13903 11069 -12410879 1253047 403701 -467347040 4264 3575 -13576
98.825 2 STATIC_CONTROL 0 0. 0 0. 0. 0. 0. 0. 0. 0. 0. 0. 0.
98.825 2 ATTITUDE 0.076286 0.306772 -0.132008
98.853 2 LINK_REPORT 2 -1 99 0 297903 6810 0 3075. 68. 25 25.37
98.856 2 INS 13903 11069 -12422297 1253047 403701 -467691008 12162 -93 -12469
98.872 2 GPS_INT 0 0 0 404518215 -37284932 703888 653652 0 0 0 67 12 294452750 92 26 3 1
98.872 2 ATTITUDE 0.065294 0.327005 -0.130558
98.903 2 INS 13903 11069 -12433711 1253047 403701 -467735264 2998 4229 -1282
98.919 2 ATTITUDE 0.076835 0.345833 -0.145281
98.952 2 INS 13903 11069 -12445135 1253047 403701 -468135328 -252 -8894 -24140
98.967 2 GPS 3 43822755 447816164 152 653652 251 -15 2395 294452750 30 0
98.968 2 ATTITUDE 0.06939 0.360019 -0.12914
99.054 2 INS 13903 11069 -12456566 1253047 403701 -468327072 4108 -12485 -18884
99.054 2 ROVER_CTRL 2.5 0.020583 2609.436768 2.901885 1400. 600. 1000. -209.26683 28.816748 -9.989738 2.479417 0.
99.055 2 ROTORCRAFT_FP 11123 14054 12458852 450887 1211104 468396128 261 -526 1517 0 0 0 0 2609 0
99.055 2 GPS_INT 0 0 0 404518268 -37284908 703907 653671 0 0 0 67 12 294453000 92 27 3 1
99.055 2 ATTITUDE 0.05753 0.376085 -0.127607
99.079 2 INS 14054 11123 -12468001 1205861 456130 -468502816 633 -3342 -411
99.080 2 SERIAL_COM 113 -5761 1745 -23128 0 0 0 14 269 80 76 0 0 0 0 0
99.080 2 ATTITUDE 0.061325 0.397255 -0.14272
99.121 2 GVF_PARAMETRIC 5 1 0.254595 -6.,7.398438,-3.4375,19.429688,20.609375,41.796875,42.96875,59.96875,0.,0.,0.,0.,0.,0.,0.,0. -0.166312,-0.219159
99.122 2 INS 14054 11123 -12479440 1205861 456130 -468764832 -312 -2149 176
99.122 2 DL_VALUE 68 3.469796
99.122 2 ATTITUDE 0.063767 0.416679 -0.137329
99.153 2 INS 14054 11123 -12490891 1205861 456130 -468962080 2125 -1753 -6466
99.179 2 GPS_INT 0 0 0 404518268 -37284908 703907 653671 0 0 0 67 12 294453000 92 27 3 1
99.179 2 ATTITUDE 0.064146 0.433891 -0.13393
99.195 2 INS 14054 11123 -12502343 1205861 456130 -469239296 9227 -3158 -8552
99.210 2 GPS 3 43822776 447816223 181 653671 247 6 2395 294453000 30 0
99.227 2 ATTITUDE 0.055755 0.460612 -0.146925
99.274 2 INS 14195 11187 -12513801 1169161 587202 -469420928 -3277 -3408 -3381
99.275 2 ROTORCRAFT_FP 11187 14195 12516095 587202 1169161 469466976 200 -642 1964 0 0 0 0 2561 0
99.303 2 ROTORCRAFT_NAV_STATUS 64 64 0. 0. 5 0 2
99.304 2 IMU_MAG_RAW 255 0 0 0
99.304 2 INS 14195 11187 -12525262 1169161 587202 -469695456 -2872 -4114 -15758
99.335 2 GPS_INT 0 0 0 404518318 -37284878 703912 653676 0 0 0 67 12 294453250 92 26 3 1
99.336 2 ATTITUDE 0.041503 0.514512 -0.154441
99.351 2 INS 14195 11187 -12536731 1169161 587202 -469855584 2576 1691 -6314
99.352 2 ROVER_STATUS 0 40 3 2 1 113 7.682905
99.367 2 ATTITUDE 0.040757 0.545898 -0.151174
99.399 2 INS 14195 11187 -12548205 1169161 587202 -470114272 12241 -5431 -15208
99.415 2 ATTITUDE 0.049022 0.567751 -0.152594
99.447 2 INS 14195 11187 -12559686 1169161 587202 -470278688 7673 -4212 -14719
99.489 2 GPS_INT 0 0 0 404518318 -37284878 703912 653676 0 0 0 67 12 294453250 92 26 3 1
99.490 2 ATTITUDE 0.047661 0.598704 -0.163527
99.573 2 GVF_PARAMETRIC 5 1 0.259075 6.,16.4375,39.609375,43.179688,18.046875,27.347656,59.648438,52.,0.,0.,0.,0.,0.,0.,0.,0. -0.217727,-0.147694
99.573 2 INS 14333 11269 -12571170 1059060 786431 -470555488 4211 -8704 -15179
99.573 2 ROVER_CTRL 2.5 0.006513 2534.400635 4.294176 1400. 600. 1000. -203.724533 9.117699 -70.953369 2.493487 0.
99.574 2 ROTORCRAFT_FP 11269 14333 12573467 786431 1059060 470607328 159 -632 2519 0 0 0 0 2534 0
99.574 2 ATTITUDE 0.030908 0.634172 -0.150112
99.574 2 INS 14333 11269 -12582659 1059060 786431 -470699360 3391 -1139 -9071
99.574 2 SERIAL_COM 113 -1992 3556 -10851 0 0 0 14 269 80 76 0 0 0 0 0
99.575 2 ATTITUDE 0.023709 0.669722 -0.148694
99.604 2 INS 14333 11269 -12594154 1059060 786431 -471002560 18627 -554 -15017
99.605 2 GPS_SOL 67 12 92 26
99.630 2 GPS_INT 0 0 0 404518366 -37284840 703907 653671 0 0 0 67 12 294453500 92 26 3 1
99.631 2 ATTITUDE 0.015745 0.703688 -0.155023
99.646 2 INS 14333 11269 -12605652 1059060 786431 -471143424 9702 3492 -12851
99.710 2 INS 14333 11269 -12617160 1059060 786431 -471434592 6963 -8991 -26559
99.726 2 ATTITUDE 0.005926 0.766257 -0.156041
99.742 2 INS 14443 11376 -12628667 802159 975174 -471569632 3503 -6575 -20044
99.825 2 ROTORCRAFT_FP 11376 14443 12630968 975174 802159 471606720 30 -610 3245 0 0 0 0 2647 0
99.826 2 GPS_INT 0 0 0 404518405 -37284790 703889 653653 0 0 0 67 12 294453750 92 25 3 1
99.827 2 STATE_FILTER_STATUS 6 3 0
99.827 2 ATTITUDE 0.007223 0.805427 -0.143343
99.827 2 INS 14443 11376 -12640183 802159 975174 -471788064 7161 -9743 -6177
99.828 2 STATIC_CONTROL 0 0. 0 0. 0. 0. 0. 0. 0. 0. 0. 0. 0.
99.828 2 ATTITUDE -0.003773 0.836923 -0.132858
99.841 2 INS 14443 11376 -12651700 802159 975174 -471876512 1881 7302 3740
99.853 2 LINK_REPORT 2 -1 100 0 300832 6875 0 2929. 65. 25 25.37
99.873 2 ATTITUDE -0.002889 0.874537 -0.133136
99.937 2 GVF_PARAMETRIC 5 1 0.262892 0.,0.2,0.2,0.5,0.5,0.05,59.648438,52.,0.,0.,0.,0.,0.,0.,0.,0. -0.291054,-0.099442
99.938 2 INS 14443 11376 -12663223 802159 975174 -472192384 16787 3205 -10146
99.938 2 GPS_INT 0 0 0 404518405 -37284790 703889 653653 0 0 0 67 12 294453750 92 25 3 1
99.939 2 ATTITUDE -0.010203 0.919426 -0.139318
99.963 2 INS 14443 11376 -12674757 802159 975174 -472344160 3098 -2508 1557
99.964 2 GPS 3 43822878 447816374 395 653653 241 -5 2395 294453750 30 0
99.964 2 ATTITUDE -0.021421 0.948826 -0.135825
99.979 2 WP_MOVED_ENU 5 4974 11054 1994
99.979 2 WP_MOVED_ENU 5 4974 11054 1994
99.995 2 INS 14443 11376 -12686287 802159 975174 -472618240 4533 -1829 -22086
100.034 2 ROVER_CTRL 2.5 0.009641 2682.947754 4.306135 1400. 600. 1000. -203.662979 13.497972 73.170662 2.490359 0.
100.034 2 ROTORCRAFT_FP 11376 14443 12688595 975174 802159 472688928 -92 -554 3960 0 0 0 0 2682 0
100.035 2 ATTITUDE -0.021026 0.979841 -0.139951
100.087 2 INS 14528 11504 -12697828 587202 1101003 -472810720 5633 -8040 -10560
100.087 2 SERIAL_COM 114 -3288 5617 -11022 0 0 0 14 270 80 76 0 0 0 0 0
100.088 2 GPS_INT 0 0 0 404518435 -37284732 703877 653641 0 0 0 67 13 294454000 92 25 3 1
100.089 2 ATTITUDE -0.019923 1.006253 -0.146212
100.089 2 IMU_MAG_RAW 255 0 0 0
100.103 2 INS 14528 11504 -12709369 587202 1101003 -472968032 4753 -11711 -11679
100.119 2 ATTITUDE -0.028031 1.032898 -0.133092
100.151 2 INS 14528 11504 -12720919 587202 1101003 -473230816 4589 193 -11747
100.166 2 ATTITUDE -0.034689 1.072565 -0.134847
100.209 2 INS 14528 11504 -12732475 587202 1101003 -473314304 1636 -4971 -2267
100.209 2 GPS 3 43822927 447816407 507 653641 239 -5 2395 294454000 30 0
100.225 2 GPS_INT 0 0 0 404518435 -37284732 703877 653641 0 0 0 67 13 294454000 92 25 3 1
100.226 2 ATTITUDE -0.038328 1.102445 -0.14498
100.241 2 INS 14589 11642 -12744035 387972 1179646 -473610048 3350 -147 -9471
100.272 2 ROTORCRAFT_FP 11642 14589 12746347 1179646 387972 473684320 -163 -573 4584 0 0 0 0 2717 0
100.272 2 ATTITUDE -0.04165 1.129075 -0.132498
100.327 2 GVF_PARAMETRIC 5 1 0.265816 -6.,7.398438,-3.4375,19.429688,20.609375,41.796875,42.96875,59.96875,0.,0.,0.,0.,0.,0.,0.,0. -0.278826,-0.018663
100.328 2 INS 14589 11642 -12755600 387972 1179646 -473868256 15434 8840 -13159
100.328 2 ATTITUDE -0.05192 1.153902 -0.136442
100.328 2 PONG 
100.342 2 INS 14589 11642 -12767168 387972 1179646 -473992736 2980 6753 -4779
100.373 2 GPS_INT 0 0 0 404518456 -37284668 703854 653618 0 0 0 67 14 294454250 92 26 3 1
100.374 2 ATTITUDE -0.049936 1.182803 -0.139198
100.403 2 INS 14589 11642 -12778747 387972 1179646 -474252640 3021 -2456 -547
100.419 2 ATTITUDE -0.058366 1.203634 -0.131344
100.452 2 INS 14589 11642 -12790323 387972 1179646 -474427008 -2784 4354 -5181
100.452 2 GPS 3 43822981 447816430 614 653618 239 -5 2395 294454250 30 0
100.467 2 ATTITUDE -0.065287 1.218787 -0.12924
100.559 2 INS 14622 11791 -12801912 193986 1253047 -474621344 770 -5879 1185
100.560 2 ROVER_CTRL 2.5 0.048239 2704.406006 2.503688 1400. 600. 1000. -194.191849 67.535255 31.352043 2.451761 0.
100.560 2 ROTORCRAFT_FP 11791 14622 12804228 1253047 193986 474731904 -290 -516 5037 0 0 0 0 2704 0
100.561 2 GPS_INT 0 0 0 404518468 -37284600 703876 653640 0 0 0 67 13 294454500 92 26 3 1
100.561 2 ATTITUDE -0.064863 1.238172 -0.123434
100.561 2 INS 14622 11791 -12813501 193986 1253047 -474823232 10985 -21702 -13215
100.562 2 SERIAL_COM 114 471 1724 6150 0 0 0 14 270 80 76 0 0 0 0 0
100.591 2 INS 14622 11791 -12825094 193986 1253047 -475063424 5932 2379 -8634
100.623 2 ATTITUDE -0.06835 1.292826 -0.126781
100.639 2 INS 14622 11791 -12836695 193986 1253047 -475218624 3137 2067 -3930
100.671 2 GPS_INT 0 0 0 404518468 -37284600 703876 653640 0 0 0 67 13 294454500 92 26 3 1
100.672 2 ATTITUDE -0.071185 1.311369 -0.129097
100.725 2 GVF_PARAMETRIC 5 1 0.268303 6.,16.4375,39.609375,43.179688,18.046875,27.347656,59.648438,52.,0.,0.,0.,0.,0.,0.,0.,0. -0.305919,0.025639
100.725 2 INS 14622 11791 -12848301 193986 1253047 -475494432 14285 3841 -20220
100.725 2 GPS 3 43823039 447816443 713 653640 243 -2 2395 294454500 30 0
100.726 2 DL_VALUE 69 0.
100.726 2 ATTITUDE -0.069616 1.33311 -0.126978
100.740 2 INS 14635 11942 -12859910 36700 1232075 -475664992 7923 1356 -6199
100.782 2 ROTORCRAFT_FP 11942 14635 12862231 1232075 36700 475699616 -302 -519 5511 0 0 0 0 2774 0
100.783 2 ATTITUDE -0.07805 1.35767 -0.136154
100.798 2 INS 14635 11942 -12871522 36700 1232075 -475877344 14836 -2819 -13423
100.835 2 STATIC_CONTROL 0 0. 0 0. 0. 0. 0. 0. 0. 0. 0. 0. 0.
100.836 2 GPS_INT 0 0 0 404518473 -37284530 703843 653607 0 0 0 67 13 294454750 92 26 3 1
100.836 2 ATTITUDE -0.087974 1.37716 -0.121109
100.851 2 ROVER_STATUS 0 43 3 2 1 114 7.682905
100.853 2 LINK_REPORT 2 -1 101 0 303857 6942 0 3025. 67. 26 26.66
100.867 2 ATTITUDE -0.09263 1.404946 -0.114308
100.896 2 ROTORCRAFT_NAV_STATUS 65 65 0. 0. 5 0 2
100.896 2 IMU_MAG_RAW 255 0 0 0
100.897 2 INS 14635 11942 -12894783 36700 1232075 -476294720 5833 2559 -10653
100.912 2 ATTITUDE -0.088922 1.426269 -0.112366
100.955 2 INS 14635 11942 -12906400 36700 1232075 -476526656 -398 -4279 -8859
100.955 2 GPS 3 43823099 447816448 797 653607 236 -10 2395 294454750 30 0
100.981 2 GPS_INT 0 0 0 404518473 -37284530 703843 653607 0 0 0 67 13 294454750 92 26 3 1
100.982 2 ALIVE 122,195,7,233,5,247,195,75,60,187,26,129,128,90,246,93
100.982 2 ATTITUDE -0.093507 1.449922 -0.105681
101.035 2 INS 14635 11942 -12918035 36700 1232075 -476696704 10580 7171 -16946
101.035 2 ROVER_CTRL 2.5 0.078235 2813.191406 2.374026 1400. 600. 1000. -175.833771 109.528877 79.965591 2.421765 0.
101.036 2 ROTORCRAFT_FP 12093 14632 12920363 1263532 -47185 476765984 -393 -422 5959 0 0 0 0 2813 0
101.036 2 ATTITUDE -0.094885 1.465526 -0.097177
101.051 2 INS 14632 12093 -12929675 -52428 1268775 -476937024 1040 7035 -4605
101.052 2 SERIAL_COM 115 7171 10580 -16946 0 0 0 14 271 80 76 0 0 0 0 0
101.067 2 ATTITUDE -0.091805 1.4829 -0.096404
101.110 2 GVF_PARAMETRIC 5 1 0.270677 0.,0.2,0.2,0.5,0.5,0.05,59.648438,52.,0.,0.,0.,0.,0.,0.,0.,0. -0.265544,0.062531
101.148 2 GPS_INT 0 0 0 404518472 -37284460 703833 653597 0 0 0 67 12 294455000 92 27 3 1
101.149 2 ATTITUDE -0.087448 1.499949 -0.093428
101.149 2 INS 14632 12093 -12952971 -52428 1268775 -477320640 1413 9572 -2927
101.164 2 ATTITUDE -0.096526 1.518461 -0.087602
101.211 2 INS 14632 12093 -12964626 -52428 1268775 -477510528 -545 -1938 -11519
101.211 2 GPS 3 43823158 447816446 865 653597 243 -2 2395 294455000 30 0
101.211 2 ATTITUDE -0.114126 1.537037 -0.082825
101.243 2 INS 14620 12249 -12976287 -199229 1284504 -477755232 3860 5109 -12640
101.305 2 ROTORCRAFT_FP 12249 14620 12978631 1284504 -199229 477785472 -489 -315 6361 0 0 0 0 2759 0
101.306 2 GPS_INT 0 0 0 404518467 -37284389 703842 653606 0 0 0 67 11 294455250 91 28 3 1
101.306 2 ATTITUDE -0.120771 1.56211 -0.085703
101.306 2 WP_MOVED_ENU 6 5276 4620 1994
101.307 2 WP_MOVED_ENU 6 5276 4620 1994
101.307 2 INS 14620 12249 -12987952 -199229 1284504 -477924544 4139 3599 -4177
101.321 2 ATTITUDE -0.116539 1.576497 -0.080794
101.337 2 INS 14620 12249 -12999619 -199229 1284504 -478079264 3788 3665 -5185
101.369 2 ATTITUDE -0.112362 1.596447 -0.069149
101.414 2 INS 14620 12249 -13011293 -199229 1284504 -478287232 7595 2859 -10780
101.414 2 GPS_INT 0 0 0 404518467 -37284389 703842 653606 0 0 0 67 11 294455250 91 28 3 1
101.415 2 ATTITUDE -0.110217 1.616366 -0.063722
101.446 2 INS 14620 12249 -13022973 -199229 1284504 -478523808 -1138 -6646 -4390
101.461 2 ATTITUDE -0.11355 1.637616 -0.064551
101.510 2 INS 14589 12403 -13034674 -293601 1226832 -478696224 5357 3349 -14627
101.579 2 ROVER_CTRL 2.5 0.085934 2816.443604 1.372677 1400. 600. 1000. -151.103821 120.307831 47.755241 2.414066 0.
101.579 2 ROTORCRAFT_FP 12403 14589 13036993 1232075 -304086 478737664 -505 -243 6715 0 0 0 0 2816 0
101.580 2 ATTITUDE -0.121855 1.64547 -0.054708
101.580 2 INS 14589 12403 -13046350 -304086 1232075 -478957024 -4926 3730 1823
101.580 2 SERIAL_COM 115 4296 1996 6871 0 0 0 14 271 80 76 0 0 0 0 0
101.581 2 GPS_INT 0 0 0 404518456 -37284319 703845 653609 0 0 0 67 10 294455500 91 27 3 1
101.581 2 ATTITUDE -0.114552 1.659345 -0.050337
101.594 2 INS 14589 12403 -13058045 -304086 1232075 -479145920 6655 5163 -4808
101.595 2 GPS_SOL 67 10 91 27
101.610 2 ATTITUDE -0.124335 1.682736 -0.068034
101.643 2 INS 14589 12403 -13069744 -304086 1232075 -479289376 474 -3905 8306
101.675 2 ATTITUDE -0.127798 1.689278 -0.062547
101.675 2 IMU_MAG_RAW 255 0 0 0
101.690 2 INS 14589 12403 -13081448 -304086 1232075 -479567136 1336 -2026 -1662
101.707 2 GPS 3 43823277 447816428 983 653609 243 0 2395 294455500 30 0
101.733 2 GPS_INT 0 0 0 404518456 -37284319 703845 653609 0 0 0 67 10 294455500 91 27 3 1
101.734 2 ATTITUDE -0.129043 1.696631 -0.055819
101.749 2 INS 14545 12551 -13093161 -372244 1247804 -479785536 3041 -1557 -10314
101.765 2 ROTORCRAFT_FP 12551 14545 13095513 1247804 -372244 479796928 -509 -254 6981 0 0 0 0 2755 0
101.766 2 ATTITUDE -0.129744 1.710104 -0.062494
101.812 2 INS 14545 12551 -13104874 -372244 1247804 -480006656 5786 -3144 -7530
101.813 2 STATIC_CONTROL 0 0. 0 0. 0. 0. 0. 0. 0. 0. 0. 0. 0.
101.814 2 ATTITUDE -0.128844 1.716902 -0.055248
101.854 2 LINK_REPORT 2 -1 102 0 306615 7006 0 2758. 64. 26 26.66
101.869 2 INS 14545 12551 -13116599 -372244 1247804 -480160384 1804 1367 2782
101.870 2 GPS_INT 0 0 0 404518441 -37284249 703848 653612 0 0 0 67 10 294455750 91 27 3 1
101.871 2 ATTITUDE -0.128816 1.729279 -0.055133
101.913 2 GVF_PARAMETRIC 5 1 0.27578 6.,16.4375,39.609375,43.179688,18.046875,27.347656,59.648438,52.,0.,0.,0.,0.,0.,0.,0.,0. -0.261188,0.10682
101.913 2 INS 14545 12551 -13128321 -372244 1247804 -480428704 5239 162 -18039
101.913 2 ATTITUDE -0.135359 1.74248 -0.051913
101.954 2 INS 14545 12551 -13140053 -372244 1247804 -480696256 8737 -822 -20857
101.955 2 GPS 3 43823337 447816410 1030 653612 250 -2 2395 294455750 30 0
101.955 2 ATTITUDE -0.129855 1.748202 -0.056848
101.986 2 INS_REF 485058794 -31613915 411670613 404513324 -37290030 704601 654365 0.
101.987 2 INS 14545 12551 -13151790 -372244 1247804 -480811424 2907 7623 -5892
102.060 2 ROVER_CTRL 2.5 0.084303 2755.854004 1.056939 1400. 600. 1000. -124.042007 118.024399 -37.622452 2.415697 0.
102.061 2 ROTORCRAFT_FP 12551 14545 13154136 1247804 -372244 480887488 -534 -255 7180 0 0 0 0 2755 0
102.062 2 GPS_INT 0 0 0 404518441 -37284249 703848 653612 0 0 0 67 10 294455750 91 27 3 1
102.063 2 ATTITUDE -0.132862 1.761197 -0.063501
102.063 2 INS 14497 12702 -13163530 -456130 1221589 -481038176 4729 60 -10155
102.063 2 SERIAL_COM 116 -1702 -690 -3056 0 0 0 14 272 80 76 0 0 0 0 0
102.064 2 ATTITUDE -0.138146 1.773512 -0.05767
102.092 2 INS 14497 12702 -13175278 -456130 1221589 -481283264 2674 -6600 -15469
102.108 2 ATTITUDE -0.12833 1.785328 -0.048893
102.140 2 INS 14497 12702 -13187033 -456130 1221589 -481515104 12795 5191 -17417
102.166 2 GPS_INT 0 0 0 404518424 -37284180 703854 653618 0 0 0 67 9 294456000 91 27 3 1
102.167 2 ATTITUDE -0.138013 1.796056 -0.049592
102.198 2 INS 14497 12702 -13198788 -456130 1221589 -481649024 -501 2469 -812
102.198 2 GPS 3 43823395 447816391 1070 653618 249 4 2395 294456000 30 0
102.214 2 ATTITUDE -0.143893 1.808395 -0.056229
102.246 2 INS 14440 12851 -13210550 -487587 1242561 -481889184 4586 -4547 -3638
102.262 2 ROTORCRAFT_FP 12851 14440 13212903 1242561 -487587 481956512 -613 -223 7410 0 0 0 0 2696 0
102.262 2 ATTITUDE -0.15549 1.813106 -0.054301
102.353 2 GVF_PARAMETRIC 5 1 0.278393 0.,0.2,0.2,0.5,0.5,0.05,59.648438,52.,0.,0.,0.,0.,0.,0.,0.,0. -0.229109,0.104097
102.354 2 INS 14440 12851 -13222319 -487587 1242561 -482059872 -928 5562 -1088
102.354 2 GPS_INT 0 0 0 404518404 -37284111 703851 653615 0 0 0 67 10 294456250 91 26 3 1
102.354 2 DL_VALUE 70 0.
102.355 2 ATTITUDE -0.160755 1.808348 -0.043424
102.355 2 INS 14440 12851 -13234088 -487587 1242561 -482308768 314 2296 -6507
102.355 2 ROVER_STATUS 0 40 3 2 1 116 7.700567
102.368 2 ATTITUDE -0.154806 1.808079 -0.054699
102.384 2 INS 14440 12851 -13245871 -487587 1242561 -482533088 146 -355 -5366
102.416 2 ATTITUDE -0.144218 1.817905 -0.064298
102.448 2 INS 14440 12851 -13257650 -487587 1242561 -482727872 1859 -1335 -2225
102.448 2 GPS 3 43823453 447816368 1092 653615 255 -2 2395 294456250 30 0
102.485 2 GPS_INT 0 0 0 404518404 -37284111 703851 653615 0 0 0 67 10 294456250 91 26 3 1
102.486 2 ATTITUDE -0.139533 1.821024 -0.057225
102.486 2 ROTORCRAFT_NAV_STATUS 67 67 0. 0. 5 0 2
102.486 2 IMU_MAG_RAW 255 0 0 0
102.486 2 INS 14384 13007 -13269439 -419430 1274018 -482963552 -518 263 -11378
102.527 2 ROVER_CTRL 2.5 0.048295 2687.220947 1.355063 1400. 600. 1000. -103.88028 67.613365 -76.22242 2.451705 0.
102.528 2 ROTORCRAFT_FP 13007 14384 13271799 1279261 -424672 483067104 -552 -252 7467 0 0 0 0 2687 0
102.528 2 ATTITUDE -0.128305 1.823647 -0.068657
102.543 2 INS 14384 13007 -13281234 -424672 1279261 -483231104 8424 -1828 -14145
102.569 2 SERIAL_COM 116 -4682 6055 -5197 0 0 0 14 272 80 76 0 0 0 0 0
102.569 2 ATTITUDE -0.132177 1.82362 -0.07105
102.569 2 WP_MOVED_ENU 7 10700 7001 1991
102.569 2 WP_MOVED_ENU 7 10700 7001 1991
102.585 2 INS 14384 13007 -13293032 -424672 1279261 -483396480 -512 -2236 -4492
102.614 2 GPS_INT 0 0 0 404518384 -37284040 703875 653639 0 0 0 67 9 294456500 91 26 3 1
102.614 2 ATTITUDE -0.135109 1.822857 -0.060294
102.646 2 INS 14384 13007 -13304838 -424672 1279261 -483594144 4913 1176 -10845
102.661 2 ATTITUDE -0.127742 1.834142 -0.061883
102.715 2 GVF_PARAMETRIC 5 1 0.281041 -6.,7.398438,-3.4375,19.429688,20.609375,41.796875,42.96875,59.96875,0.,0.,0.,0.,0.,0.,0.,0. -0.262486,0.124656
102.716 2 INS 14384 13007 -13316643 -424672 1279261 -483808800 8693 -3947 -18685
102.716 2 GPS 3 43823513 447816346 1085 653639 258 4 2395 294456500 30 0
102.717 2 ATTITUDE -0.134049 1.847612 -0.052703
102.746 2 INS 14330 13163 -13328457 -456130 1253047 -484030784 5171 -1815 -9698
102.773 2 ROTORCRAFT_FP 13163 14330 13330831 1253047 -456130 484046272 -560 -240 7612 0 0 0 0 2644 0
102.773 2 GPS_INT 0 0 0 404518365 -37283969 703888 653652 0 0 0 67 9 294456750 91 26 3 1
102.774 2 ATTITUDE -0.141841 1.860502 -0.058487
102.815 2 INS 14330 13163 -13340272 -456130 1253047 -484116384 4401 327 -5865
102.816 2 STATIC_CONTROL 0 0. 0 0. 0. 0. 0. 0. 0. 0. 0. 0. 0.
102.816 2 ATTITUDE -0.137707 1.871927 -0.056445
102.831 2 INS 14330 13163 -13352094 -456130 1253047 -484387072 7368 -7570 -11962
102.854 2 LINK_REPORT 2 -1 103 0 309823 7077 0 3208. 71. 26 26.66
102.863 2 ATTITUDE -0.144526 1.878466 -0.04495
102.895 2 INS 14330 13163 -13363922 -456130 1253047 -484587520 7916 9269 -14338
102.912 2 GPS_INT 0 0 0 404518365 -37283969 703888 653652 0 0 0 67 9 294456750 91 26 3 1
102.912 2 ATTITUDE -0.134661 1.887568 -0.053869
102.967 2 INS 14330 13163 -13375754 -456130 1253047 -484755264 2209 9432 -3360
102.968 2 ENERGY 27 7.718228 1.55 11.963254 6.822124 0.030078 0.231947
102.968 2 GPS 3 43823573 447816324 1091 653652 255 5 2395 294456750 30 0
102.968 2 STATE_FILTER_STATUS 6 3 0
102.968 2 ATTITUDE -0.134566 1.893648 -0.058569
102.998 2 INS 14330 13163 -13387591 -456130 1253047 -484968896 6072 4588 -9111
102.999 2 DATALINK_REPORT 2 28 7824 3053 0 1
103.049 2 ROVER_CTRL 2.5 0.004156 2613.565918 1.034835 1400. 600. 1000. -96.049942 5.818892 -96.178055 2.495844 0.
103.050 2 ROTORCRAFT_FP 13163 14330 13389959 1253047 -456130 485013920 -570 -229 7762 0 0 0 0 2613 0
103.050 2 ATTITUDE -0.140411 1.898424 -0.055035
103.051 2 INS 14274 13317 -13399433 -492830 1253047 -485151520 1716 2512 -3478
103.051 2 SERIAL_COM 117 -2823 4525 -7749 0 0 0 14 273 80 76 0 0 0 0 0
103.075 2 GPS_INT 0 0 0 404518345 -37283898 703901 653665 0 0 0 66 9 294457000 91 26 3 1
103.076 2 ATTITUDE -0.136115 1.904638 -0.060645
103.117 2 GVF_PARAMETRIC 5 1 0.283773 6.,16.4375,39.609375,43.179688,18.046875,27.347656,59.648438,52.,0.,0.,0.,0.,0.,0.,0.,0. -0.231038,0.122016
103.117 2 INS 14274 13317 -13411282 -492830 1253047 -485394016 7129 1609 -4589
103.117 2 ATTITUDE -0.137987 1.903695 -0.06206
103.132 2 INS 14274 13317 -13423133 -492830 1253047 -485621408 1726 6829 -936
103.164 2 ATTITUDE -0.135312 1.906506 -0.064053
103.266 2 GPS 3 43823633 447816301 1103 653665 258 -5 2395 294457000 30 0
103.267 2 GPS_INT 0 0 0 404518345 -37283898 703901 653665 0 0 0 66 9 294457000 91 26 3 1
103.267 2 AUTOPILOT_VERSION 60200 v6.2_unstable-650-g74eaf7c20-dirty
103.267 2 ATTITUDE -0.142621 1.912645 -0.079031
103.268 2 INS 14213 13463 -13446855 -508558 1195375 -485992512 2081 -3049 -1256
103.268 2 ROTORCRAFT_FP 13463 14213 13449229 1195375 -508558 486000576 -575 -305 7847 0 0 0 0 2686 0
103.269 2 ATTITUDE -0.138734 1.9167 -0.070801
103.269 2 IMU_MAG_RAW 255 0 0 0
103.298 2 INS 14213 13463 -13458723 -508558 1195375 -486270528 8898 4903 -20251
103.314 2 ATTITUDE -0.132519 1.916312 -0.061951
103.330 2 INS 14213 13463 -13470596 -508558 1195375 -486448160 5188 4868 -10900
103.362 2 ATTITUDE -0.135155 1.914481 -0.05968
103.394 2 INS 14213 13463 -13482471 -508558 1195375 -486669184 7886 -6453 -10062
103.410 2 ATTITUDE -0.13266 1.918164 -0.057921
103.442 2 INS 14213 13463 -13494357 -508558 1195375 -486803520 -1281 11715 -9731
103.442 2 GPS 3 43823691 447816277 1116 653673 249 6 2395 294457250 30 0
103.458 2 ATTITUDE -0.132544 1.933404 -0.064203
103.565 2 GVF_PARAMETRIC 5 1 0.286201 0.,0.2,0.2,0.5,0.5,0.05,59.648438,52.,0.,0.,0.,0.,0.,0.,0.,0. -0.260456,0.137083
103.566 2 INS 14146 13611 -13506242 -529530 1221589 -487009856 -1383 -5620 -5760
103.566 2 ROVER_CTRL 2.5 -0.013609 2622.779541 0.690947 1400. 600. 1000. -98.763573 -19.053173 -59.485435 2.513609 0.
103.567 2 ROTORCRAFT_FP 13611 14146 13508619 1221589 -534773 487071232 -559 -226 7931 0 0 0 0 2622 0
103.567 2 GPS_INT 0 0 0 404518301 -37283762 703915 653679 0 0 0 66 10 294457500 91 28 3 1
103.568 2 ATTITUDE -0.138646 1.935314 -0.046863
103.568 2 INS 14146 13611 -13518134 -534773 1221589 -487202080 577 -2930 -11469
103.568 2 SERIAL_COM 117 -6453 7886 -10062 0 0 0 14 273 80 76 0 0 0 0 0
103.569 2 ATTITUDE -0.14059 1.935228 -0.033639
103.596 2 INS 14146 13611 -13530031 -534773 1221589 -487377216 75 1467 -696
103.596 2 GPS_SOL 66 10 91 28
103.612 2 ATTITUDE -0.133956 1.943237 -0.044316
103.644 2 INS 14146 13611 -13541934 -534773 1221589 -487607328 1472 -590 1570
103.670 2 GPS_INT 0 0 0 404518301 -37283762 703915 653679 0 0 0 66 10 294457500 91 28 3 1
103.670 2 ALIVE 122,195,7,233,5,247,195,75,60,187,26,129,128,90,246,93
103.671 2 ATTITUDE -0.123873 1.953249 -0.043687
103.696 2 INS 14146 13611 -13553840 -534773 1221589 -487827904 1090 9068 -2986
103.696 2 GPS 3 43823748 447816252 1125 653679 255 -2 2395 294457500 30 0
103.712 2 ATTITUDE -0.139485 1.965514 -0.041448
103.744 2 INS 14082 13754 -13565756 -534773 1142946 -488065888 2970 7092 -5651
103.760 2 ROTORCRAFT_FP 13754 14082 13568138 1148189 -540016 488144672 -581 -141 8075 0 0 0 0 2693 0
103.761 2 ATTITUDE -0.139576 1.980453 -0.043399
103.819 2 INS 14082 13754 -13577673 -540016 1148189 -488283712 11382 1664 -9759
103.819 2 STATIC_CONTROL 0 0. 0 0. 0. 0. 0. 0. 0. 0. 0. 0. 0.
103.820 2 GPS_INT 0 0 0 404518278 -37283695 703915 653679 0 0 0 66 9 294457750 94 28 3 1
103.820 2 ATTITUDE -0.144972 1.9909 -0.043079
103.845 2 INS 14082 13754 -13589597 -540016 1148189 -488531296 5931 1809 -6851
103.845 2 ROVER_STATUS 0 49 3 2 1 117 7.674074
103.856 2 LINK_REPORT 2 -1 104 0 312812 7145 0 2989. 68. 26 26.66
103.861 2 ATTITUDE -0.151969 1.99396 -0.042724
103.861 2 WP_MOVED_ENU 8 11000 15270 1994
103.876 2 WP_MOVED_ENU 8 11000 15270 1994
103.941 2 GVF_PARAMETRIC 5 1 0.289081 -6.,7.398438,-3.4375,19.429688,20.609375,41.796875,42.96875,59.96875,0.,0.,0.,0.,0.,0.,0.,0. -0.243009,0.129203
103.942 2 INS 14082 13754 -13601525 -540016 1148189 -488741664 3727 -1888 -9764
103.942 2 DL_VALUE 71 2.5
103.942 2 ATTITUDE -0.144506 1.99355 -0.044098
103.942 2 INS 14082 13754 -13613460 -540016 1148189 -488951392 10680 4604 -18932
103.943 2 GPS 3 43823805 447816226 1136 653679 242 5 2395 294457750 30 0
103.971 2 GPS_INT 0 0 0 404518278 -37283695 703915 653679 0 0 0 66 9 294457750 94 28 3 1
103.971 2 ATTITUDE -0.141291 1.994804 -0.05219
104.025 2 INS 14082 13754 -13625395 -540016 1148189 -489174304 6495 7750 -19588
104.025 2 ROVER_CTRL 2.5 -0.017796 2701.722656 0.322857 1400. 600. 1000. -105.227036 -24.914455 31.757355 2.517796 0.
104.026 2 ROTORCRAFT_FP 13754 14082 13627785 1148189 -540016 489243616 -574 -183 8170 0 0 0 0 2701 0
104.026 2 ATTITUDE -0.138863 1.99316 -0.046832
104.041 2 INS 14008 13895 -13637340 -629145 1137703 -489392896 4671 -3996 -12852
104.041 2 SERIAL_COM 118 4694 686 -14530 0 0 0 14 274 80 76 0 0 0 0 0
104.056 2 ATTITUDE -0.137855 1.995236 -0.049478
104.087 2 ROTORCRAFT_NAV_STATUS 69 69 0. 0. 5 0 2
104.088 2 IMU_MAG_RAW 255 0 0 0
104.088 2 INS 14008 13895 -13649302 -629145 1137703 -489514400 1163 475 -4478
104.120 2 GPS_INT 0 0 0 404518252 -37283631 703940 653704 0 0 0 66 9 294458000 94 28 3 1
104.120 2 ATTITUDE -0.136069 1.993931 -0.042997
104.135 2 INS 14008 13895 -13661240 -629145 1137703 -489747776 -382 -2145 -6070
104.151 2 ATTITUDE -0.139282 1.995522 -0.036187
104.194 2 INS 14008 13895 -13673201 -629145 1137703 -489990016 2799 11195 -13562
104.195 2 GPS 3 43823859 447816196 1163 653704 249 5 2395 294458000 30 0
104.210 2 ATTITUDE -0.143069 2.000452 -0.04951
104.226 2 INS 13931 14033 -13685168 -623902 1148189 -490169312 -5009 10485 -13352
104.268 2 ROTORCRAFT_FP 14033 13931 13687561 1148189 -623902 490249536 -580 -181 8193 0 0 0 0 2696 0
104.269 2 GPS_INT 0 0 0 404518225 -37283567 703970 653734 0 0 0 66 8 294458250 94 28 3 1
104.269 2 ATTITUDE -0.132191 2.001738 -0.046076
104.306 2 GVF_PARAMETRIC 5 1 0.291612 6.,16.4375,39.609375,43.179688,18.046875,27.347656,59.648438,52.,0.,0.,0.,0.,0.,0.,0.,0. -0.215694,0.106962
104.306 2 INS 13931 14033 -13697135 -623902 1148189 -490427296 4775 3615 -13126
104.307 2 ATTITUDE -0.123372 2.005942 -0.046496
104.337 2 INS 13931 14033 -13709109 -623902 1148189 -490606944 1711 3867 -17224
104.354 2 ATTITUDE -0.134336 2.018695 -0.052543
104.385 2 INS 13931 14033 -13721093 -623902 1148189 -490806528 2376 -3378 -6299
104.411 2 GPS_INT 0 0 0 404518225 -37283567 703970 653734 0 0 0 66 8 294458250 94 28 3 1
104.412 2 ATTITUDE -0.132227 2.019078 -0.028775
104.427 2 INS 13931 14033 -13733076 -623902 1148189 -491021600 12401 9149 -23781
104.459 2 ATTITUDE -0.133302 2.014632 -0.032676
104.518 2 INS 13859 14177 -13745061 -618659 1137703 -491180672 -1313 2234 -7689
104.518 2 ROVER_CTRL 2.5 -0.00879 2728.580566 -0.480992 1400. 600. 1000. -109.592094 -12.305689 50.425529 2.50879 0.
104.519 2 ROTORCRAFT_FP 14177 13859 13747472 1142946 -618659 491193024 -525 -147 8278 0 0 0 0 2728 0
104.519 2 ATTITUDE -0.127134 2.018912 -0.042395
104.560 2 INS 13859 14177 -13757054 -618659 1142946 -491474656 9596 -11468 -15180
104.561 2 SERIAL_COM 118 5007 4545 -4587 0 0 0 14 274 80 76 0 0 0 0 0
104.562 2 GPS_INT 0 0 0 404518199 -37283502 703955 653719 0 0 0 66 9 294458500 94 28 3 1
104.562 2 ATTITUDE -0.13694 2.014612 -0.03488
104.576 2 INS 13859 14177 -13769054 -618659 1142946 -491594080 -4956 -85 -3211
104.608 2 ATTITUDE -0.136689 2.014726 -0.035711
104.640 2 INS 13859 14177 -13781059 -618659 1142946 -491830528 2550 7384 -9247
104.656 2 ATTITUDE -0.138876 2.018909 -0.032348
104.733 2 GVF_PARAMETRIC 5 1 0.294228 0.,0.2,0.2,0.5,0.5,0.05,59.648438,52.,0.,0.,0.,0.,0.,0.,0.,0. -0.253151,0.120994
104.734 2 INS 13859 14177 -13793069 -618659 1142946 -492033728 7615 10037 -12205
104.734 2 GPS 3 43823968 447816137 1178 653719 249 -8 2395 294458500 30 0
104.735 2 GPS_INT 0 0 0 404518199 -37283502 703955 653719 0 0 0 66 9 294458500 94 28 3 1
104.735 2 ATTITUDE -0.140806 2.020533 -0.037276
104.735 2 INS 13785 14318 -13805083 -602930 1163918 -492229344 1323 6853 -18504
104.759 2 ROTORCRAFT_FP 14318 13785 13807498 1163918 -602930 492262144 -548 -124 8292 0 0 0 0 2714 0
104.760 2 ATTITUDE -0.133985 2.02262 -0.033732
104.775 2 INS 13785 14318 -13817101 -608173 1169161 -492410848 1959 -1330 -4039
104.791 2 STATIC_CONTROL 0 0. 0 0. 0. 0. 0. 0. 0. 0. 0. 0. 0.
104.807 2 ATTITUDE -0.135635 2.026745 -0.023547
104.839 2 INS 13785 14318 -13829126 -608173 1169161 -492612160 3985 7071 -12397
104.857 2 LINK_REPORT 2 -1 105 0 315792 7211 0 2980. 66. 26 26.66
104.870 2 GPS_INT 0 0 0 404518173 -37283437 703937 653701 0 0 0 66 9 294458750 103 27 3 1
104.870 2 ATTITUDE -0.150736 2.036299 -0.029422
104.870 2 IMU_MAG_RAW 255 0 0 0
104.886 2 INS 13785 14318 -13841156 -608173 1169161 -492783456 448 -4572 5765
104.902 2 ATTITUDE -0.149085 2.037483 -0.01575
104.934 2 INS 13785 14318 -13853189 -608173 1169161 -493114464 278 -6383 -7337
104.964 2 GPS 3 43824023 447816107 1175 653701 252 0 2395 294458750 30 0
104.964 2 ATTITUDE -0.151477 2.037556 -0.012189
104.980 2 INS 13785 14318 -13865231 -608173 1169161 -493281248 -1208 3084 -3208
105.052 2 ROVER_CTRL 2.5 0.005807 2713.643555 -0.483734 1400. 600. 1000. -109.32917 8.13036 14.877319 2.494193 0.
105.052 2 ROTORCRAFT_FP 14318 13785 13867639 1169161 -608173 493268000 -627 -88 8378 0 0 0 0 2713 0
105.053 2 GPS_INT 0 0 0 404518173 -37283437 703937 653701 0 0 0 66 9 294458750 103 27 3 1
105.053 2 ATTITUDE -0.157096 2.04196 -0.026166
105.053 2 INS 13708 14458 -13877275 -613416 1179646 -493508864 2123 141 -3531
105.053 2 SERIAL_COM 119 1229 -617 -404 0 0 0 14 275 80 76 0 0 0 0 0
105.054 2 ATTITUDE -0.148997 2.040937 -0.027529
105.106 2 GVF_PARAMETRIC 5 1 0.296973 -6.,7.398438,-3.4375,19.429688,20.609375,41.796875,42.96875,59.96875,0.,0.,0.,0.,0.,0.,0.,0. -0.233563,0.102584
105.107 2 INS 13708 14458 -13889328 -613416 1179646 -493752448 8887 3460 -18194
105.107 2 ATTITUDE -0.151569 2.040779 -0.032649
105.138 2 INS 13708 14458 -13901381 -613416 1179646 -493919488 2783 1314 -15609
105.154 2 GPS_INT 0 0 0 404518147 -37283371 703940 653704 0 0 0 66 9 294459000 103 26 3 1
105.154 2 ATTITUDE -0.151007 2.036896 -0.030299
105.195 2 WP_MOVED_ENU 9 15352 13312 1994
105.195 2 WP_MOVED_ENU 9 15352 13312 1994
105.195 2 INS 13708 14458 -13913456 -613416 1179646 -494166208 6009 -7008 -9533
105.196 2 GPS 3 43824078 447816078 1173 653704 254 -3 2395 294459000 30 0
105.196 2 ATTITUDE -0.14146 2.040756 -0.029103
105.227 2 INS 13637 14599 -13925507 -581959 1142946 -494296704 -5062 4366 -4031
105.255 2 ROTORCRAFT_FP 14599 13637 13927922 1142946 -581959 494363968 -595 -127 8356 0 0 0 0 2721 0
105.255 2 ATTITUDE -0.138522 2.038281 -0.034497
105.286 2 INS 13637 14599 -13937580 -581959 1142946 -494491808 -3413 -1514 -2571
105.313 2 GPS_INT 0 0 0 404518121 -37283306 703933 653697 0 0 0 66 8 294459250 103 26 3 1
105.313 2 ATTITUDE -0.148053 2.037048 -0.037113
105.341 2 INS 13637 14599 -13949655 -581959 1142946 -494754240 6262 837 -17887
105.341 2 PONG 
105.341 2 ROVER_STATUS 0 47 3 2 1 119 7.700567
105.356 2 ATTITUDE -0.145248 2.038712 -0.038971
105.388 2 INS 13637 14599 -13961736 -581959 1142946 -494938656 55 6569 -13096
105.404 2 ATTITUDE -0.150094 2.039539 -0.038025
105.436 2 INS 13637 14599 -13973824 -581959 1142946 -495152480 3644 -395 -6324
105.437 2 GPS 3 43824133 447816049 1169 653697 245 -4 2395 294459250 30 0
105.462 2 GPS_INT 0 0 0 404518121 -37283306 703933 653697 0 0 0 66 8 294459250 103 26 3 1
105.463 2 ATTITUDE -0.132479 2.03559 -0.036176
105.558 2 GVF_PARAMETRIC 5 1 0.299466 6.,16.4375,39.609375,43.179688,18.046875,27.347656,59.648438,52.,0.,0.,0.,0.,0.,0.,0.,0. -0.267575,0.114933
105.558 2 INS 13560 14743 -13985914 -634387 1142946 -495383584 -5621 10224 -5524
105.559 2 ROVER_CTRL 2.5 0.014035 2736.394043 -0.607301 1400. 600. 1000. -106.273834 19.649315 23.10276 2.485965 0.
105.559 2 ROTORCRAFT_FP 14743 13560 13988330 1142946 -634387 495467520 -547 -157 8325 0 0 0 0 2736 0
105.560 2 DL_VALUE 72 9600.
105.560 2 ATTITUDE -0.133677 2.030013 -0.038415
105.560 2 INS 13560 14743 -13998009 -644873 1142946 -495569376 3939 -4237 -6950
105.560 2 SERIAL_COM 119 7626 -668 -8155 0 0 0 14 275 80 76 0 0 0 0 0
105.560 2 ATTITUDE -0.13073 2.023543 -0.040953
105.573 2 INS 13560 14743 -14010115 -644873 1142946 -495855808 7406 574 -10902
105.589 2 GPS_SOL 66 8 103 26
105.605 2 GPS_INT 0 0 0 404518095 -37283241 703944 653708 0 0 0 66 8 294459500 103 26 3 1
105.606 2 ATTITUDE -0.140217 2.018052 -0.036038
105.637 2 INS 13560 14743 -14022218 -644873 1142946 -496084128 -2775 2038 -7886
105.653 2 ATTITUDE -0.137538 2.016878 -0.04547
105.692 2 ROTORCRAFT_NAV_STATUS 70 70 0. 0. 5 0 2
105.693 2 IMU_MAG_RAW 255 0 0 0
105.693 2 INS 13560 14743 -14034333 -644873 1142946 -496299552 237 5760 -9485
105.693 2 GPS 3 43824188 447816019 1181 653708 251 -2 2395 294459500 30 0
105.708 2 ATTITUDE -0.136856 2.014705 -0.040061
105.799 2 INS 13486 14883 -14046453 -592444 1158675 -496526624 1603 4939 -11765
105.800 2 ROTORCRAFT_FP 14883 13486 14048876 1158675 -592444 496542880 -559 -168 8253 0 0 0 0 2689 0
105.800 2 GPS_INT 0 0 0 404518068 -37283176 703939 653703 0 0 0 66 8 294459750 103 26 3 1
105.801 2 ATTITUDE -0.136265 2.011301 -0.045218
105.801 2 INS 13486 14883 -14058574 -592444 1163918 -496766272 4520 5486 -17584
105.801 2 STATIC_CONTROL 0 0. 0 0. 0. 0. 0. 0. 0. 0. 0. 0. 0.
105.802 2 ATTITUDE -0.131662 2.013605 -0.047896
105.831 2 INS 13486 14883 -14070703 -592444 1163918 -496969280 11274 220 -18189
105.847 2 ATTITUDE -0.099715 2.045367 -0.035596
105.857 2 LINK_REPORT 2 -1 106 0 318901 7283 0 3109. 72. 27 39.02
105.915 2 GVF_PARAMETRIC 5 1 0.001446 0.,0.2,0.2,0.5,0.5,0.05,59.648438,52.,0.,0.,0.,0.,0.,0.,0.,0. 5.100163,3.567875
105.915 2 INS 13486 14883 -14082837 -592444 1163918 -497114752 1844 5709 -15133
105.916 2 GPS_INT 0 0 0 404518068 -37283176 703939 653703 0 0 0 66 8 294459750 103 26 3 1
105.916 2 ATTITUDE -0.097872 2.094013 -0.027198
105.946 2 GPS 3 43824243 447815989 1175 653703 250 -1 2395 294459750 30 0
105.946 2 ATTITUDE -0.106674 2.144939 -0.018477
106.016 2 INS 13486 14883 -14107116 -592444 1163918 -497499616 4556 -3240 -18951
106.016 2 ROVER_CTRL 2.5 0.008452 2674.405518 5.215611 1400. 600. 1000. -101.924232 11.833382 -35.452843 2.491548 -0.
106.017 2 ROTORCRAFT_FP 14883 13486 14109547 1163918 -592444 497585152 -489 -67 8902 0 0 0 0 2674 0
106.017 2 ATTITUDE -0.112702 2.189103 -0.011155
106.043 2 INS 13409 15022 -14119268 -702545 1080032 -497624960 1036 8965 -3961
106.043 2 SERIAL_COM 120 297 3762 -1764 0 0 0 14 276 80 76 0 0 0 0 0
106.059 2 GPS_INT 0 0 0 404518041 -37283113 703935 653699 0 0 0 66 8 294460000 92 26 3 1
106.060 2 ATTITUDE -0.108374 2.235117 -0.0126
106.075 2 INS 13409 15022 -14131418 -702545 1080032 -497915744 12877 7138 -10897
106.107 2 ATTITUDE -0.104964 2.282977 -0.000693
106.123 2 INS 13409 15022 -14143574 -702545 1080032 -498127808 11317 11831 -10916
106.139 2 STATE_FILTER_STATUS 6 3 0
106.155 2 ATTITUDE -0.112439 2.323348 0.004658
106.171 2 INS 13409 15022 -14155737 -702545 1080032 -498264736 970 11218 -4315
106.187 2 GPS 3 43824296 447815958 1202 653699 246 2 2395 294460000 30 0
106.213 2 GPS_INT 0 0 0 404518041 -37283113 703935 653699 0 0 0 66 8 294460000 92 26 3 1
106.214 2 ATTITUDE -0.123993 2.363956 0.018562
106.229 2 INS 13306 15137 -14167903 -969931 817888 -498544736 1602 -4457 -7094
106.255 2 ROTORCRAFT_FP 15137 13306 14170339 817888 -969931 498533856 -475 50 9770 0 0 0 0 2751 0
106.255 2 ATTITUDE -0.117766 2.400039 0.016393
106.308 2 GVF_PARAMETRIC 5 1 0.003139 -6.,7.398438,-3.4375,19.429688,20.609375,41.796875,42.96875,59.96875,0.,0.,0.,0.,0.,0.,0.,0. 5.236925,3.417279
106.309 2 INS 13306 15137 -14180074 -969931 817888 -498649184 2117 6325 -17317
106.309 2 ATTITUDE -0.110531 2.441577 0.024525
106.324 2 INS 13306 15137 -14192251 -969931 817888 -498919264 552 5292 -6509
106.359 2 GPS_INT 0 0 0 404518005 -37283059 703939 653703 0 0 0 66 8 294460250 103 26 3 1
106.359 2 ALIVE 122,195,7,233,5,247,195,75,60,187,26,129,128,90,246,93
106.372 2 INS 13306 15137 -14204431 -969931 817888 -499039840 7399 11405 -18074
106.403 2 ATTITUDE -0.086517 2.511336 0.043507
106.420 2 INS 13306 15137 -14216621 -969931 817888 -499223488 4861 931 637
106.436 2 GPS 3 43824342 447815918 1303 653703 242 6 2395 294460250 30 0
106.452 2 ATTITUDE -0.088185 2.549209 0.046702
106.452 2 WP_MOVED_ENU 10 10132 5780 1994
106.556 2 WP_MOVED_ENU 10 10132 5780 1994
106.557 2 IMU_MAG_RAW 255 0 0 0
106.557 2 INS 13184 15224 -14228807 -1017117 608173 -499388928 10733 2346 -8357
106.557 2 ROVER_CTRL 2.5 0.020853 2835.880615 5.921597 1400. 600. 1000. -98.045135 29.19426 104.856491 2.479147 -0.
106.558 2 ROTORCRAFT_FP 15224 13184 14231246 608173 -1017117 499473984 -411 207 10509 0 0 0 0 2835 0
106.559 2 GPS_INT 0 0 0 404517962 -37283019 703922 653686 0 0 0 66 9 294460500 103 26 3 1
106.559 2 ATTITUDE -0.089809 2.586182 0.062892
106.559 2 INS 13184 15224 -14241002 -1017117 613416 -499627232 4742 6518 -3449
106.560 2 SERIAL_COM 120 4365 10045 -16523 0 0 0 14 276 80 76 0 0 0 0 0
106.560 2 ATTITUDE -0.087037 2.629046 0.071224
106.589 2 INS 13184 15224 -14253202 -1017117 613416 -499729088 16082 3044 1255
106.604 2 ATTITUDE -0.076142 2.664238 0.090582
106.621 2 INS 13184 15224 -14265405 -1017117 613416 -500063712 6479 3268 -8902
106.652 2 ATTITUDE -0.077122 2.697408 0.095226
106.706 2 GVF_PARAMETRIC 5 1 0.004534 6.,16.4375,39.609375,43.179688,18.046875,27.347656,59.648438,52.,0.,0.,0.,0.,0.,0.,0.,0. 5.301832,3.303499
106.707 2 INS 13184 15224 -14277616 -1017117 613416 -500202336 -340 -1241 -6921
106.707 2 GPS 3 43824375 447815870 1389 653686 227 -5 2395 294460500 30 0
106.707 2 ATTITUDE -0.047199 2.743287 0.07716
106.722 2 INS 13050 15285 -14289831 -1184889 356515 -500376000 5070 3518 -15341
106.751 2 ROTORCRAFT_FP 15285 13050 14292272 356515 -1184889 500430016 -155 361 11311 0 0 0 0 2843 0
106.752 2 ATTITUDE -0.042074 2.78403 0.091159
106.810 2 INS 13050 15285 -14302050 -1184889 356515 -500583680 7686 4281 -144
106.810 2 STATIC_CONTROL 0 0. 0 0. 0. 0. 0. 0. 0. 0. 0. 0. 0.
106.811 2 GPS_INT 0 0 0 404517915 -37282991 703898 653662 0 0 0 66 10 294460750 103 26 3 1
106.811 2 ATTITUDE -0.044014 2.829669 0.102041
106.835 2 INS 13050 15285 -14314270 -1184889 356515 -500780416 -3032 5391 -2969
106.836 2 ROVER_STATUS 0 47 3 2 1 120 7.780045
106.851 2 ATTITUDE -0.02753 2.877673 0.09019
106.859 2 LINK_REPORT 2 -1 107 0 321872 7349 0 2971. 66. 27 39.02
106.883 2 INS 13050 15285 -14326498 -1184889 356515 -501038848 1932 13370 -7351
106.899 2 ATTITUDE -0.040617 2.920147 0.094071
106.955 2 INS 13050 15285 -14338731 -1184889 356515 -501259552 -317 -1602 -9378
106.956 2 GPS 3 43824399 447815818 1520 653662 236 -12 2395 294460750 30 0
106.956 2 GPS_INT 0 0 0 404517915 -37282991 703898 653662 0 0 0 66 10 294460750 103 26 3 1
106.957 2 ATTITUDE -0.024146 2.965078 0.095299
106.971 2 INS 13050 15285 -14350971 -1184889 356515 -501446400 14459 7782 -11980
107.012 2 ROVER_CTRL 2.5 0.066491 2885.514404 5.921352 1400. 600. 1000. -83.968582 93.087242 76.794624 2.433509 -0.
107.012 2 ROTORCRAFT_FP 15285 13050 14353418 356515 -1184889 501466880 -82 419 12238 0 0 0 0 2885 0
107.012 2 ATTITUDE -0.021353 3.006886 0.103125
107.041 2 INS 12904 15301 -14363218 -1121975 -83886 -501619168 1649 594 -10439
107.042 2 SERIAL_COM 121 7782 14459 -11980 0 0 0 14 277 80 76 0 0 0 0 0
107.057 2 INS_REF 485058794 -31613915 411670613 404513324 -37290030 704601 654365 0.
107.058 2 ATTITUDE -0.007727 3.05519 0.101372
107.133 2 GVF_PARAMETRIC 5 1 0.005706 0.,0.2,0.2,0.5,0.5,0.05,59.648438,52.,0.,0.,0.,0.,0.,0.,0.,0. 5.358025,3.138279
107.134 2 INS 12904 15301 -14375465 -1121975 -83886 -501804192 -310 12997 -7430
107.138 2 GPS_INT 0 0 0 404517864 -37282984 703916 653681 0 0 0 66 11 294461000 103 25 3 1
107.139 2 DL_VALUE 73 1400.
107.139 2 ATTITUDE -0.001854 3.100728 0.101351
107.139 2 INS 12904 15301 -14387722 -1121975 -83886 -502023168 3282 6058 -643
107.148 2 ATTITUDE -0.012216 3.142117 0.108075
107.180 2 INS 12904 15301 -14399977 -1121975 -83886 -502259776 -4499 10246 -12199
107.181 2 GPS 3 43824404 447815761 1656 653681 214 9 2395 294461000 30 0
107.196 2 ATTITUDE -0.015146 3.189598 0.109829
107.228 2 INS 12766 15275 -14412242 -1142946 -293601 -502495296 6602 521 -2008
107.276 2 ROTORCRAFT_FP 15275 12766 14414707 -293601 -1142946 502479776 -15 466 13142 0 0 0 0 2982 0
107.277 2 GPS_INT 0 0 0 404517815 -37282995 703924 653688 0 0 0 66 11 294461250 103 25 3 1
107.277 2 ATTITUDE -0.008965 3.225548 0.116011
107.277 2 ROTORCRAFT_NAV_STATUS 72 72 0. 0. 5 0 2
107.278 2 IMU_MAG_RAW 255 0 0 0
107.278 2 INS 12766 15275 -14424512 -1148189 -298843 -502684448 6998 3765 -5587
107.292 2 ATTITUDE -0.009084 3.258795 0.109824
107.340 2 INS 12766 15275 -14436786 -1148189 -298843 -502818816 6333 198 -7433
107.340 2 ATTITUDE -0.005531 3.300071 0.122022
107.372 2 INS 12766 15275 -14449062 -1148189 -298843 -503130272 5724 11570 -29227
107.398 2 GPS_INT 0 0 0 404517815 -37282995 703924 653688 0 0 0 66 11 294461250 103 25 3 1
107.399 2 ATTITUDE 0.019358 3.34306 0.111478
107.440 2 INS 12766 15275 -14461345 -1148189 -298843 -503143328 3683 8182 -7560
107.440 2 ENERGY 31 7.54161 2.6 19.608185 7.061276 0.032271 0.248805
107.441 2 GPS 3 43824394 447815707 1802 653688 225 -5 2395 294461250 30 0
107.441 2 ATTITUDE 0.005099 3.377826 0.114839
107.552 2 GVF_PARAMETRIC 5 1 0.006688 -6.,7.398438,-3.4375,19.429688,20.609375,41.796875,42.96875,59.96875,0.,0.,0.,0.,0.,0.,0.,0. 5.369298,3.038546
107.553 2 INS 12633 15226 -14473631 -1048575 -545259 -503472736 10814 2574 -9532
107.553 2 ROVER_CTRL 2.5 0.13442 3055.186523 4.558516 1400. 600. 1000. -51.714134 188.187881 119.519234 2.36558 -0.
107.553 2 ROTORCRAFT_FP 15226 12633 14476092 -545259 -1048575 503503296 40 511 13886 0 0 0 0 3055 0
107.554 2 ATTITUDE 0.020554 3.40961 0.127501
107.554 2 INS 12633 15226 -14485926 -1053817 -550501 -503649472 1963 3042 -10957
107.554 2 SERIAL_COM 121 3949 6030 -15759 0 0 0 14 277 80 76 0 0 0 0 0
107.554 2 GPS_INT 0 0 0 404517768 -37283018 703936 653700 0 0 0 66 12 294461500 103 25 3 1
107.555 2 ATTITUDE 0.028787 3.445148 0.122529
107.583 2 INS 12633 15226 -14498224 -1053817 -550501 -503828864 652 -2057 5132
107.583 2 GPS_SOL 66 12 103 25
107.599 2 ATTITUDE 0.03663 3.473763 0.123132
107.631 2 INS 12633 15226 -14510527 -1053817 -550501 -504101376 11081 3223 -3258
107.647 2 ATTITUDE 0.032165 3.505833 0.125705
107.679 2 INS 12633 15226 -14522836 -1053817 -550501 -504328512 -3530 2180 -4555
107.679 2 GPS 3 43824374 447815655 1918 653700 225 0 2395 294461500 30 0
107.705 2 GPS_INT 0 0 0 404517768 -37283018 703936 653700 0 0 0 66 12 294461500 103 25 3 1
107.705 2 ATTITUDE 0.039563 3.543432 0.12063
107.721 2 INS 12510 15144 -14535156 -943717 -817888 -504484544 7762 2833 -3460
107.762 2 ROTORCRAFT_FP 15144 12510 14537626 -817888 -943717 504559328 180 525 14607 0 0 0 0 3048 0
107.762 2 ATTITUDE 0.044395 3.579309 0.121444
107.762 2 WP_MOVED_ENU 11 289 13698 1994
107.762 2 WP_MOVED_ENU 11 289 13698 1994
107.792 2 INS 12510 15144 -14547470 -948960 -823131 -504739616 7665 6249 -7286
107.792 2 STATIC_CONTROL 0 0. 0 0. 0. 0. 0. 0. 0. 0. 0. 0. 0.
107.793 2 ATTITUDE 0.053044 3.607463 0.127488
107.824 2 INS 12510 15144 -14559794 -948960 -823131 -504880960 2559 8407 -14129
107.850 2 GPS_INT 0 0 0 404517725 -37283056 703931 653695 0 0 0 66 12 294461750 103 25 3 1
107.851 2 ATTITUDE 0.060611 3.644286 0.13224
107.860 2 LINK_REPORT 2 -1 108 0 324976 7419 0 3104. 70. 27 39.02
107.893 2 GVF_PARAMETRIC 5 1 0.007579 6.,16.4375,39.609375,43.179688,18.046875,27.347656,59.648438,52.,0.,0.,0.,0.,0.,0.,0.,0. 5.337656,2.896782
107.893 2 INS 12510 15144 -14572141 -948960 -823131 -505116096 3754 4918 -5626
107.894 2 ATTITUDE 0.082227 3.682535 0.13794
107.937 2 INS 12510 15144 -14584455 -948960 -823131 -505313216 4869 12934 -11415
107.938 2 GPS 3 43824342 447815607 2079 653695 239 -3 2395 294461750 30 0
107.938 2 ATTITUDE 0.085881 3.709575 0.139974
107.969 2 INS 12510 15144 -14596795 -948960 -823131 -505522688 -517 -383 -11089
108.041 2 ROVER_CTRL 2.5 0.175066 3087.931885 2.343476 1400. 600. 1000. -3.603058 245.092392 47.492981 2.324934 -0.
108.041 2 ROTORCRAFT_FP 15144 12510 14599275 -823131 -948960 505600032 300 579 15242 0 0 0 0 3087 0
108.042 2 GPS_INT 0 0 0 404517725 -37283056 703931 653695 0 0 0 66 12 294461750 103 25 3 1
108.042 2 ATTITUDE 0.076089 3.725761 0.144128
108.042 2 INS 12395 15032 -14609141 -907017 -1011874 -505749984 3804 6675 -18021
108.043 2 SERIAL_COM 122 1411 9033 -12791 0 0 0 14 278 80 76 0 0 0 0 0
108.043 2 ATTITUDE 0.082426 3.744965 0.142456
108.056 2 IMU_MAG_RAW 255 0 0 0
108.057 2 DATALINK_REPORT 2 29 8177 3098 0 1
108.073 2 INS 12395 15032 -14621491 -907017 -1017117 -505939104 8119 4973 -9590
108.088 2 ATTITUDE 0.086005 3.767964 0.134582
108.120 2 INS 12395 15032 -14633847 -907017 -1017117 -506173600 6302 7254 -8949
108.146 2 GPS_INT 0 0 0 404517685 -37283107 703930 653695 0 0 0 66 13 294462000 103 25 3 1
108.147 2 ATTITUDE 0.081356 3.786977 0.130923
108.178 2 INS 12395 15032 -14646205 -907017 -1017117 -506441792 4420 7067 -21800
108.179 2 GPS 3 43824298 447815563 2197 653695 259 -5 2395 294462000 30 0
108.226 2 INS 12395 15032 -14658566 -907017 -1017117 -506641856 -3674 -1511 -22033
108.253 2 ROTORCRAFT_FP 14909 12290 14661064 -1085275 -775945 506699616 339 519 15620 0 0 0 0 2981 0
108.254 2 ATTITUDE 0.083116 3.817537 0.128398
108.303 2 GVF_PARAMETRIC 5 1 0.008454 0.,0.2,0.2,0.5,0.5,0.05,59.648438,52.,0.,0.,0.,0.,0.,0.,0.,0. 5.264938,2.770048
108.304 2 INS 12290 14909 -14670936 -775945 -1085275 -506795392 -3547 -955 -7587
108.304 2 GPS_INT 0 0 0 404517648 -37283165 703913 653678 0 0 0 66 13 294462250 91 26 3 1
108.305 2 ATTITUDE 0.086526 3.836005 0.133518
108.333 2 ROVER_STATUS 0 45 3 2 1 122 7.674074
108.349 2 ATTITUDE 0.089027 3.847311 0.128398
108.365 2 INS 12290 14909 -14695693 -775945 -1085275 -507223392 540 565 -7557
108.397 2 ATTITUDE 0.079237 3.857353 0.129144
108.413 2 INS 12290 14909 -14708080 -775945 -1085275 -507426496 -7305 -336 -5246
108.456 2 GPS_INT 0 0 0 404517648 -37283165 703913 653678 0 0 0 66 13 294462250 91 26 3 1
108.456 2 ATTITUDE 0.077592 3.877713 0.128587
108.509 2 INS 12190 14766 -14720470 -817888 -1205861 -507712192 302 -132 -10168
108.510 2 ROVER_CTRL 2.5 0.14195 2782.584961 0.972316 1400. 600. 1000. 44.105885 198.730179 -259.399414 2.35805 -0.
108.510 2 ROTORCRAFT_FP 14766 12190 14722961 -1205861 -817888 507728896 319 507 15901 0 0 0 0 2782 0
108.511 2 ATTITUDE 0.083082 3.895241 0.125661
108.525 2 INS 12190 14766 -14732867 -823131 -1205861 -507869664 3269 1829 -9729
108.541 2 SERIAL_COM 122 2397 3307 2246 0 0 0 14 278 80 76 0 0 0 0 0
108.541 2 ATTITUDE 0.082728 3.91018 0.130116
108.573 2 INS 12190 14766 -14745263 -823131 -1205861 -508058304 4363 3433 -710
108.599 2 GPS_INT 0 0 0 404517613 -37283230 703923 653687 0 0 0 66 13 294462500 91 26 3 1
108.600 2 ATTITUDE 0.079024 3.926943 0.132905
108.631 2 INS 12190 14766 -14757671 -823131 -1205861 -508237120 2383 -2470 2193
108.647 2 ATTITUDE 0.071788 3.941134 0.120471
108.700 2 GVF_PARAMETRIC 5 1 0.009281 -6.,7.398438,-3.4375,19.429688,20.609375,41.796875,42.96875,59.96875,0.,0.,0.,0.,0.,0.,0.,0. 5.22701,2.692639
108.701 2 INS 12190 14766 -14770081 -823131 -1205861 -508496064 5466 -1480 2993
108.701 2 GPS 3 43824193 447815484 2323 653687 277 -9 2395 294462500 30 0
108.702 2 DL_VALUE 74 1400.
108.702 2 ATTITUDE 0.078983 3.950287 0.108629
108.716 2 INS 12093 14617 -14782500 -791674 -1211104 -508726976 7116 5011 -4143
108.756 2 ROTORCRAFT_FP 14617 12093 14784982 -1211104 -791674 508814912 321 435 16184 0 0 0 0 2768 0
108.756 2 GPS_INT 0 0 0 404517578 -37283298 703958 653722 0 0 0 66 12 294462750 91 27 3 1
108.757 2 ATTITUDE 0.086208 3.962439 0.111047
108.796 2 INS 12093 14617 -14794924 -791674 -1216347 -508952832 4086 2218 -10652
108.797 2 STATIC_CONTROL 0 0. 0 0. 0. 0. 0. 0. 0. 0. 0. 0. 0.
108.797 2 ATTITUDE 0.097819 3.973951 0.120391
108.812 2 INS 12093 14617 -14807352 -791674 -1216347 -509161376 -6431 818 -9396
108.844 2 ATTITUDE 0.091013 3.980263 0.118739
108.844 2 ROTORCRAFT_NAV_STATUS 73 73 0. 0. 5 0 2
108.864 2 LINK_REPORT 2 -1 109 0 327878 7483 0 2902. 64. 27 39.02
108.875 2 IMU_MAG_RAW 255 0 0 0
108.875 2 INS 12093 14617 -14819797 -791674 -1216347 -509376800 68 -6097 -12817
108.891 2 GPS_INT 0 0 0 404517578 -37283298 703958 653722 0 0 0 66 12 294462750 91 27 3 1
108.891 2 ATTITUDE 0.086827 3.994068 0.120538
108.936 2 INS 12093 14617 -14832219 -791674 -1216347 -509594848 3177 7868 -15138
108.936 2 GPS 3 43824135 447815446 2347 653722 276 0 2395 294462750 30 0
108.968 2 INS 12093 14617 -14844664 -791674 -1216347 -509818464 5398 -2034 -2473
109.010 2 ROVER_CTRL 2.5 0.026673 2700.465332 0.740662 1400. 600. 1000. 67.321426 37.342644 -204.03862 2.473327 -0.
109.010 2 ROTORCRAFT_FP 14617 12093 14847155 -1216347 -791674 509842432 336 538 16414 0 0 0 0 2700 0
109.011 2 ATTITUDE 0.079615 4.012129 0.124011
109.026 2 INS 12001 14466 -14857113 -713031 -1284504 -509996224 5112 529 -3355
109.063 2 SERIAL_COM 123 1346 4136 -554 0 0 0 14 279 80 76 0 0 0 0 0
109.063 2 GPS_INT 0 0 0 404517546 -37283368 703957 653721 0 0 0 66 12 294463000 91 26 3 1
109.064 2 ALIVE 122,195,7,233,5,247,195,75,60,187,26,129,128,90,246,93
109.078 2 WP_MOVED_ENU 12 760 1031 2560
109.079 2 WP_MOVED_ENU 12 760 1031 2560
109.111 2 GVF_PARAMETRIC 5 1 0.010068 6.,16.4375,39.609375,43.179688,18.046875,27.347656,59.648438,52.,0.,0.,0.,0.,0.,0.,0.,0. 5.127062,2.581946
109.127 2 ATTITUDE 0.082832 4.033383 0.117458
109.153 2 INS 12001 14466 -14882029 -713031 -1284504 -510432896 4135 320 -4838
109.153 2 ATTITUDE 0.08632 4.033203 0.122631
109.179 2 INS 12001 14466 -14894495 -713031 -1284504 -510727648 3633 -1330 -11265
109.179 2 GPS 3 43824075 447815411 2383 653721 279 -3 2395 294463000 30 0
109.205 2 GPS_INT 0 0 0 404517546 -37283368 703957 653721 0 0 0 66 12 294463000 91 26 3 1
109.205 2 ATTITUDE 0.078878 4.040243 0.129871
109.221 2 INS 12001 14466 -14906966 -713031 -1284504 -510878400 4831 488 1396
109.247 2 ROTORCRAFT_FP 14315 11916 14909520 -1184889 -676330 510909312 315 503 16553 0 0 0 0 2618 0
109.247 2 ATTITUDE 0.076641 4.047151 0.126807
109.262 2 INS 11916 14315 -14919441 -676330 -1184889 -511114560 3602 -6600 -1818
109.294 2 ATTITUDE 0.078536 4.05163 0.123275
109.310 2 INS 11916 14315 -14931923 -676330 -1184889 -511298752 1550 -31 -4017
109.342 2 GPS_INT 0 0 0 404517517 -37283438 703940 653705 0 0 0 66 11 294463250 103 25 3 1
109.342 2 STATE_FILTER_STATUS 6 3 0
109.342 2 ATTITUDE 0.078246 4.065111 0.121369
109.373 2 INS 11916 14315 -14944410 -676330 -1184889 -511538464 3654 -333 2780
109.389 2 ATTITUDE 0.087871 4.072979 0.116273
109.431 2 INS 11916 14315 -14956900 -676330 -1184889 -511703840 -19 -3401 5203
109.431 2 GPS 3 43824016 447815379 2393 653705 259 -9 2395 294463250 30 0
109.432 2 ATTITUDE 0.080745 4.077063 0.119259
109.545 2 GVF_PARAMETRIC 5 1 0.010764 0.,0.2,0.2,0.5,0.5,0.05,59.648438,52.,0.,0.,0.,0.,0.,0.,0.,0. 5.08346,2.515848
109.546 2 INS 11916 14315 -14969397 -676330 -1184889 -511958048 1057 -1433 -3801
109.546 2 ROVER_CTRL 2.5 -0.093126 2555.979004 0.427197 1400. 600. 1000. 53.691422 -130.376816 -167.894363 2.593126 -0.
109.547 2 ROTORCRAFT_FP 14167 11840 14971897 -1200618 -634387 512015744 314 514 16709 0 0 0 0 2555 0
109.547 2 GPS_INT 0 0 0 404517489 -37283506 703960 653724 0 0 0 66 12 294463500 103 25 3 1
109.547 2 ATTITUDE 0.075254 4.08156 0.122941
109.547 2 INS 11840 14167 -14981898 -634387 -1200618 -512191488 -4980 -4561 -13621
109.548 2 ATTITUDE 0.073848 4.091478 0.124042
109.577 2 INS 11840 14167 -14994406 -634387 -1200618 -512457760 -3346 -3776 -3733
109.577 2 GPS_SOL 66 12 103 25
109.593 2 ATTITUDE 0.069353 4.10247 0.126051
109.609 2 INS 11840 14167 -15006922 -634387 -1200618 -512626656 5830 5697 -7526
109.677 2 GPS_INT 0 0 0 404517489 -37283506 703960 653724 0 0 0 66 12 294463500 103 25 3 1
109.678 2 ATTITUDE 0.06842 4.110939 0.122656
109.678 2 IMU_MAG_RAW 255 0 0 0
109.678 2 INS 11840 14167 -15019437 -634387 -1200618 -512854432 -3903 -4280 -12650
109.678 2 GPS 3 43823958 447815349 2409 653724 258 3 2395 294463500 30 0
109.693 2 ATTITUDE 0.066051 4.118535 0.126366
109.739 2 INS 11840 14167 -15031959 -634387 -1200618 -513094464 -2389 1626 -7399
109.740 2 ROTORCRAFT_FP 14013 11760 15034477 -1216347 -581959 513079168 327 530 16889 0 0 0 0 2556 0
109.740 2 ATTITUDE 0.073988 4.123469 0.129492
109.798 2 INS 11760 14013 -15044489 -576716 -1226832 -513260928 4134 5645 -11529
109.799 2 STATIC_CONTROL 0 0. 0 0. 0. 0. 0. 0. 0. 0. 0. 0. 0.
109.799 2 GPS_INT 0 0 0 404517462 -37283576 704005 653769 0 0 0 66 12 294463750 103 26 3 1
109.799 2 ATTITUDE 0.073027 4.130442 0.133094
109.826 2 INS 11760 14013 -15057018 -576716 -1226832 -513478624 1698 1118 -5709
109.826 2 ROVER_STATUS 0 53 3 2 1 123 7.700567
109.842 2 ATTITUDE 0.076403 4.135673 0.126966
109.863 2 LINK_REPORT 2 -1 110 0 330805 7549 0 2927. 66. 27 39.02
109.895 2 GVF_PARAMETRIC 5 1 0.01139 -6.,7.398438,-3.4375,19.429688,20.609375,41.796875,42.96875,59.96875,0.,0.,0.,0.,0.,0.,0.,0. 4.979178,2.425643
109.896 2 INS 11760 14013 -15069555 -576716 -1226832 -513705952 732 4113 -16609
109.896 2 ATTITUDE 0.083942 4.14374 0.123418
109.926 2 INS 11760 14013 -15082098 -576716 -1226832 -513934528 278 706 -10850
109.926 2 GPS 3 43823898 447815319 2428 653769 257 -3 2395 294463750 30 0
109.952 2 GPS_INT 0 0 0 404517462 -37283576 704005 653769 0 0 0 66 12 294463750 103 26 3 1
109.952 2 ATTITUDE 0.076875 4.148304 0.123074
110.006 2 INS 11760 14013 -15094648 -576716 -1226832 -514022016 5897 7745 -3357
110.006 2 ROVER_CTRL 2.5 -0.156519 2501.438965 0.015583 1400. 600. 1000. 14.422046 -219.126846 -94.795227 2.656519 -0.
110.007 2 ROTORCRAFT_FP 14013 11760 15097158 -1226832 -576716 514120512 295 540 17021 0 0 0 0 2501 0
110.007 2 ATTITUDE 0.071047 4.156047 0.126213
110.032 2 INS 11691 13870 -15107200 -587202 -1148189 -514292448 14287 9462 -4021
110.033 2 SERIAL_COM 124 -2918 5816 4657 0 0 0 14 280 80 76 0 0 0 0 0
110.033 2 ATTITUDE 0.076169 4.164928 0.136792
110.064 2 INS 11691 13870 -15119758 -597687 -1148189 -514483136 5209 1163 -4679
110.090 2 GPS_INT 0 0 0 404517437 -37283642 704022 653786 0 0 0 66 12 294464000 103 25 3 1
110.090 2 ATTITUDE 0.06573 4.165773 0.149552
110.122 2 INS 11691 13870 -15132322 -597687 -1148189 -514750496 891 -1919 -3262
110.137 2 ATTITUDE 0.068101 4.158227 0.1453
110.170 2 INS 11691 13870 -15144889 -597687 -1148189 -514907968 550 -3140 4069
110.170 2 GPS 3 43823842 447815292 2427 653786 246 6 2395 294464000 30 0
110.186 2 ATTITUDE 0.071959 4.154459 0.149875
110.218 2 INS 11691 13870 -15157464 -597687 -1148189 -515152800 -5770 -11060 -8747
110.255 2 ROTORCRAFT_FP 13724 11614 15159991 -1200618 -660602 515241280 345 625 16986 0 0 0 0 2555 0
110.256 2 GPS_INT 0 0 0 404517410 -37283710 704064 653828 0 0 0 66 12 294464250 94 27 3 1
110.256 2 ATTITUDE 0.085188 4.148031 0.146385
110.292 2 GVF_PARAMETRIC 5 1 0.011917 6.,16.4375,39.609375,43.179688,18.046875,27.347656,59.648438,52.,0.,0.,0.,0.,0.,0.,0.,0. 4.877788,2.344018
110.293 2 INS 11614 13724 -15170044 -660602 -1200618 -515306368 4456 -4958 4420
110.293 2 DL_VALUE 75 600.
110.293 2 ATTITUDE 0.072365 4.154438 0.148031
110.308 2 INS 11614 13724 -15182626 -660602 -1200618 -515669120 1521 4817 -34144
110.323 2 PONG 
110.339 2 ATTITUDE 0.079926 4.159228 0.142419
110.340 2 WP_MOVED_ENU 13 775 -1018 2560
110.355 2 WP_MOVED_ENU 13 775 -1018 2560
110.371 2 INS 11614 13724 -15195218 -660602 -1200618 -515833792 8 -1343 -5370
110.388 2 GPS_INT 0 0 0 404517410 -37283710 704064 653828 0 0 0 66 12 294464250 94 27 3 1
110.388 2 ATTITUDE 0.086685 4.172892 0.134979
110.419 2 INS 11614 13724 -15207814 -660602 -1200618 -516082016 4245 3785 -5817
110.420 2 GPS 3 43823784 447815262 2418 653828 261 0 2395 294464250 30 0
110.435 2 ATTITUDE 0.078631 4.181673 0.142694
110.464 2 ROTORCRAFT_NAV_STATUS 75 75 0. 0. 5 0 2
110.465 2 IMU_MAG_RAW 255 0 0 0
110.465 2 INS 11614 13724 -15220417 -660602 -1200618 -516297728 1465 -1008 -14408
110.502 2 ROVER_CTRL 2.5 -0.146471 2547.83252 0.20798 1400. 600. 1000. -13.44 -205.059433 -34.546852 2.646471 -0.
110.502 2 ROTORCRAFT_FP 13580 11537 15222937 -1190132 -618659 516447872 333 577 17156 0 0 0 0 -144 0
110.502 2 ATTITUDE 0.085067 4.187212 0.136773
110.528 2 INS 11537 13580 -15233026 -618659 -1195375 -516521568 5468 470 -11766
110.528 2 SERIAL_COM 124 4817 1521 -34144 0 0 0 14 280 80 76 0 0 0 0 0
110.544 2 GPS_INT 0 0 0 404517383 -37283776 704041 653805 0 0 0 66 12 294464500 94 26 3 1
110.544 2 ATTITUDE 0.097081 4.202146 0.15099
110.560 2 INS 11537 13580 -15245639 -618659 -1195375 -516777056 -4593 -937 -12041
110.591 2 ATTITUDE 0.100686 4.207025 0.149623
110.607 2 INS 11537 13580 -15258255 -618659 -1195375 -516976640 -2129 -1845 -7974
110.639 2 ATTITUDE 0.09035 4.209275 0.142748
110.740 2 GVF_PARAMETRIC 5 1 0.012462 0.,0.2,0.2,0.5,0.5,0.05,59.648438,52.,0.,0.,0.,0.,0.,0.,0.,0. 4.833494,2.288374
110.741 2 INS 11537 13580 -15270879 -618659 -1195375 -517216800 1504 1483 -11739
110.741 2 GPS 3 43823728 447815233 2422 653805 256 -3 2395 294464500 30 0
110.742 2 GPS_INT 0 0 0 404517383 -37283776 704041 653805 0 0 0 66 12 294464500 94 26 3 1
110.742 2 ATTITUDE 0.09059 4.206601 0.138125
110.742 2 INS 11537 13580 -15283511 -618659 -1195375 -517507552 1415 2387 -12120
110.743 2 ROTORCRAFT_FP 13447 11473 15286048 -975174 -429915 517551520 351 553 17255 0 0 0 0 -144 0
110.743 2 ATTITUDE 0.080092 4.21671 0.140235
110.755 2 INS 11473 13447 -15296144 -429915 -975174 -517691840 -1379 325 -11716
110.787 2 ATTITUDE 0.080637 4.223278 0.127851
110.819 2 INS 11473 13447 -15308790 -429915 -975174 -517853472 3674 1195 -2341
110.835 2 GPS_INT 0 0 0 404517360 -37283838 704053 653817 0 0 0 66 12 294464750 94 27 3 1
110.836 2 ATTITUDE 0.084019 4.229133 0.141726
110.863 2 LINK_REPORT 2 -1 111 0 333849 7617 0 3044. 68. 28 21.37
110.867 2 INS 11473 13447 -15321431 -429915 -975174 -518124320 2705 973 -9076
110.883 2 ATTITUDE 0.087596 4.230875 0.135665
110.915 2 INS 11473 13447 -15334084 -429915 -975174 -518289920 6568 64 -3700
110.932 2 GPS 3 43823675 447815208 2438 653817 202 -3 2395 294464750 30 0
110.932 2 ATTITUDE 0.085791 4.233686 0.139078
110.977 2 INS 11473 13447 -15346743 -429915 -975174 -518528576 940 2015 -14645
110.978 2 ROVER_CTRL 2.5 -0.146471 2547.83252 0.20798 1400. 600. 1000. -13.44 -205.059433 -34.546852 2.646471 -0.
111.037 2 ROTORCRAFT_FP 13447 11473 15349285 -975174 -429915 518612864 331 567 17349 0 0 0 0 1800 0
111.038 2 GPS_INT 0 0 0 404517360 -37283838 704053 653817 0 0 0 66 12 294464750 94 27 3 1
111.038 2 ATTITUDE 0.081857 4.235187 0.13818
111.038 2 INS 11420 13337 -15359405 -408944 -833617 -518746816 1697 2485 -11032
111.039 2 SERIAL_COM 125 6355 8004 -4230 0 0 0 14 281 80 76 0 0 0 0 0
111.039 2 ATTITUDE 0.086201 4.23526 0.151831
111.079 2 GVF_PARAMETRIC 5 1 0.01288 -6.,7.398438,-3.4375,19.429688,20.609375,41.796875,42.96875,59.96875,0.,0.,0.,0.,0.,0.,0.,0. 4.748138,2.222214
111.080 2 INS 11420 13337 -15372067 -414187 -833617 -518944032 335 -1659 -9114
111.080 2 ATTITUDE 0.085027 4.244196 0.141329
111.111 2 INS 11420 13337 -15384740 -414187 -833617 -519199104 -599 -2694 -8771
111.137 2 GPS_INT 0 0 0 404517342 -37283889 704043 653807 0 0 0 66 12 294465000 94 27 3 1
111.138 2 ATTITUDE 0.087122 4.24866 0.141072
111.169 2 INS 11420 13337 -15397417 -414187 -833617 -519401824 -5687 5141 -9149
111.170 2 GPS 3 43823632 447815188 2438 653807 176 -12 2395 294465000 30 0
111.185 2 ATTITUDE 0.071338 4.25104 0.102764
111.217 2 INS 11420 13337 -15410101 -414187 -833617 -519635776 5537 5626 -10799
111.246 2 ROTORCRAFT_FP 13237 11379 15412640 -728759 -298843 519631072 268 327 17410 0 0 0 0 7110 0
111.246 2 ATTITUDE 0.051538 4.251515 0.066319
111.247 2 IMU_MAG_RAW 255 0 0 0
111.262 2 INS 11379 13237 -15422797 -298843 -728759 -519744608 8552 4762 67
111.288 2 GPS_INT 0 0 0 404517327 -37283934 704047 653811 0 0 0 66 13 294465250 94 26 3 1
111.288 2 ATTITUDE 0.05395 4.262594 0.06083
111.304 2 INS 11379 13237 -15435477 -298843 -728759 -519818528 9179 8792 -4744
111.320 2 ROVER_STATUS 0 53 3 0 1 125 6.808643
111.336 2 ATTITUDE 0.066292 4.26656 0.069674
111.368 2 INS 11379 13237 -15448171 -298843 -728759 -520064224 6827 7243 -4006
111.384 2 ATTITUDE 0.068537 4.267813 0.070781
111.440 2 INS 11379 13237 -15460872 -298843 -728759 -520211680 5671 7411 -3993
111.440 2 GPS 3 43823594 447815172 2455 653811 150 0 2395 294465250 30 0
111.441 2 GPS_INT 0 0 0 404517327 -37283934 704047 653811 0 0 0 66 13 294465250 94 26 3 1
111.442 2 ATTITUDE 0.079429 4.272341 0.063256
111.524 2 GVF_PARAMETRIC 5 1 0.013187 6.,16.4375,39.609375,43.179688,18.046875,27.347656,59.648438,52.,0.,0.,0.,0.,0.,0.,0.,0. 4.715897,2.191612
111.525 2 INS 11322 13109 -15473589 -613416 -1294990 -520441216 6246 2927 -4088
111.525 2 ROVER_CTRL 2.5 -0.146471 2547.83252 0.20798 1400. 600. 1000. -13.44 -205.059433 -34.546852 2.646471 -0.
111.526 2 ROTORCRAFT_FP 13109 11322 15476114 -1294990 -613416 520476160 331 230 17528 0 0 0 0 7260 0
111.527 2 ATTITUDE 0.08764 4.286253 0.058405
111.527 2 INS 11322 13109 -15486278 -618659 -1300233 -520568448 7161 7942 -8116
111.527 2 SERIAL_COM 125 7942 7161 -8116 0 0 0 14 281 80 76 0 0 0 0 0
111.528 2 ATTITUDE 0.081911 4.292851 0.076114
111.571 2 INS 11322 13109 -15498988 -618659 -1300233 -520795616 8263 6688 2039
111.571 2 GPS_SOL 66 13 107 25
111.587 2 GPS_INT 0 0 0 404517307 -37283993 704080 653844 0 0 0 66 13 294465500 107 25 3 1
111.587 2 ATTITUDE 0.083057 4.299741 0.074798
111.603 2 INS 11322 13109 -15511709 -618659 -1300233 -521036544 -117 -2561 -27030
111.635 2 ATTITUDE 0.081558 4.295568 0.060965
111.635 2 WP_MOVED_ENU 14 -760 -1031 2560
111.665 2 WP_MOVED_ENU 14 -760 -1031 2560
111.665 2 INS 11322 13109 -15524428 -618659 -1300233 -521168736 10746 5406 -1278
111.681 2 GPS 3 43823543 447815150 2448 653844 273 -6 2395 294465500 30 0
111.681 2 ATTITUDE 0.078225 4.295475 0.073072
111.713 2 INS 11322 13109 -15537154 -618659 -1300233 -521477344 -818 -2071 -15012
111.762 2 ROTORCRAFT_FP 12930 11246 15539715 -1588591 -650116 521477280 344 311 17591 0 0 0 0 7245 0
111.762 2 GPS_INT 0 0 0 404517280 -37284075 704109 653873 0 0 0 66 13 294465750 106 26 3 1
111.763 2 ALIVE 122,195,7,233,5,247,195,75,60,187,26,129,128,90,246,93
111.763 2 ATTITUDE 0.08677 4.299965 0.06622
111.763 2 INS 11246 12930 -15549890 -650116 -1593834 -521630368 2544 7146 -2857
111.790 2 STATIC_CONTROL 0 0. 0 0. 0. 0. 0. 0. 0. 0. 0. 0. 0.
111.790 2 ATTITUDE 0.08098 4.306095 0.078703
111.805 2 INS 11246 12930 -15562626 -650116 -1593834 -521784960 2377 4452 2037
111.837 2 ATTITUDE 0.074091 4.31361 0.081295
111.861 2 LINK_REPORT 2 -1 112 0 336808 7684 0 2959. 67. 28 21.37
111.902 2 GVF_PARAMETRIC 5 1 0.013703 0.,0.2,0.2,0.5,0.5,0.05,59.648438,52.,0.,0.,0.,0.,0.,0.,0.,0. 4.606355,2.117463
111.903 2 INS 11246 12930 -15575367 -650116 -1593834 -522092512 2444 -1784 -12471
111.903 2 GPS_INT 0 0 0 404517280 -37284075 704109 653873 0 0 0 66 13 294465750 106 26 3 1
111.903 2 DL_VALUE 76 1000.
111.904 2 ATTITUDE 0.076373 4.330586 0.068994
111.938 2 INS 11246 12930 -15588112 -650116 -1593834 -522247200 -590 -137 -1455
111.939 2 ENERGY 75 7.250189 4.4 31.900833 7.407377 0.035162 0.270053
111.939 2 GPS 3 43823474 447815121 2467 653873 327 11 2395 294465750 30 0
111.940 2 ATTITUDE 0.086635 4.343234 0.069845
111.954 2 INS 11246 12930 -15600869 -650116 -1593834 -522491232 7658 4119 -5902
111.995 2 ROVER_CTRL 2.5 -0.146471 2547.83252 0.20798 1400. 600. 1000. -13.44 -205.059433 -34.546852 2.646471 -0.
111.996 2 ROTORCRAFT_FP 12930 11246 15603419 -1593834 -650116 522482176 363 269 17819 0 0 0 0 7245 0
111.996 2 ATTITUDE 0.091711 4.343083 0.068837
112.058 2 INS 11161 12725 -15613623 -681573 -1803549 -522683648 -6502 9411 -24532
112.059 2 SERIAL_COM 126 4590 5224 3378 0 0 0 14 282 80 76 0 0 0 0 0
112.059 2 GPS_INT 0 0 0 404517251 -37284170 704114 653878 0 0 0 66 13 294466000 106 26 3 1
112.060 2 ATTITUDE 0.080544 4.346833 0.072797
112.060 2 ROTORCRAFT_NAV_STATUS 77 77 0. 0. 5 0 2
112.061 2 IMU_MAG_RAW 255 0 0 0
112.061 2 INS 11161 12725 -15626385 -681573 -1803549 -522869408 224 -5821 -9146
112.074 2 ATTITUDE 0.079525 4.344307 0.064418
112.106 2 INS 11161 12725 -15639153 -681573 -1803549 -523130048 -24 3907 -7978
112.137 2 INS_REF 485058794 -31613915 411670613 404513324 -37290030 704601 654365 0.
112.138 2 ATTITUDE 0.078171 4.340058 0.069589
112.193 2 INS 11161 12725 -15651924 -681573 -1803549 -523275040 3058 2670 -2297
112.193 2 GPS 3 43823393 447815089 2482 653878 367 0 2395 294466000 30 0
112.194 2 GPS_INT 0 0 0 404517251 -37284170 704114 653878 0 0 0 66 13 294466000 106 26 3 1
112.194 2 ATTITUDE 0.087134 4.34009 0.081379
112.209 2 INS 11161 12725 -15664703 -681573 -1803549 -523577696 644 2831 -22663
112.235 2 ROTORCRAFT_FP 12495 11079 15667271 -1908406 -686816 523577056 355 319 17775 0 0 0 0 7260 0
112.236 2 ATTITUDE 0.088378 4.343917 0.072802
112.279 2 GVF_PARAMETRIC 5 1 0.014294 -6.,7.398438,-3.4375,19.429688,20.609375,41.796875,42.96875,59.96875,0.,0.,0.,0.,0.,0.,0.,0. 4.539039,2.056967
112.280 2 INS 11079 12495 -15677485 -692059 -1913649 -523751360 8547 6837 -20214
112.280 2 ATTITUDE 0.099035 4.344827 0.077774
112.311 2 INS 11079 12495 -15690273 -692059 -1913649 -523909600 7562 1961 -21314
112.340 2 GPS_INT 0 0 0 404517222 -37284276 704138 653902 0 0 0 67 12 294466250 106 26 3 1
112.341 2 ATTITUDE 0.096457 4.349644 0.090168
112.356 2 INS 11079 12495 -15703064 -692059 -1913649 -524145280 -3678 -5333 -21144
112.372 2 ATTITUDE 0.0853 4.350295 0.072584
112.433 2 INS 11079 12495 -15715864 -692059 -1913649 -524331456 7365 5737 -3456
112.434 2 GPS 3 43823303 447815058 2494 653902 387 -4 2395 294466250 30 0
112.434 2 ATTITUDE 0.084844 4.349328 0.075036
112.524 2 INS 11079 12495 -15728667 -692059 -1913649 -524553056 2855 -883 82
112.525 2 ROVER_CTRL 2.5 -0.146471 2547.83252 0.20798 1400. 600. 1000. -13.44 -205.059433 -34.546852 2.646471 -0.
112.525 2 ROTORCRAFT_FP 12254 10995 15731227 -1976563 -702545 524604608 310 321 17814 0 0 0 0 7260 0
112.526 2 GPS_INT 0 0 0 404517192 -37284386 704156 653920 0 0 0 67 12 294466500 106 25 3 1
112.526 2 ATTITUDE 0.083497 4.352219 0.081786
112.527 2 INS 10995 12254 -15741475 -702545 -1976563 -524854080 5910 14065 -14702
112.527 2 SERIAL_COM 126 1387 7906 -10076 0 0 0 14 282 80 76 0 0 0 0 0
112.527 2 STATE_FILTER_STATUS 6 3 0
112.527 2 ATTITUDE 0.066065 4.3332 0.080258
112.556 2 INS 10995 12254 -15754290 -702545 -1976563 -525056960 -910 -9612 -33205
112.572 2 ATTITUDE 0.042105 4.302847 0.087392
112.630 2 INS 10995 12254 -15767107 -702545 -1976563 -525085184 12502 2491 -5022
112.630 2 GPS_INT 0 0 0 404517192 -37284386 704156 653920 0 0 0 67 12 294466500 106 25 3 1
112.631 2 ATTITUDE 0.055964 4.259579 0.105043
112.694 2 GVF_PARAMETRIC 5 1 0.014935 6.,16.4375,39.609375,43.179688,18.046875,27.347656,59.648438,52.,0.,0.,0.,0.,0.,0.,0.,0. 4.368825,1.962676
112.695 2 INS 10995 12254 -15779928 -702545 -1976563 -525322720 11620 -6930 -27942
112.695 2 GPS 3 43823209 447815025 2500 653920 399 0 2395 294466500 30 0
112.695 2 ATTITUDE 0.047091 4.219398 0.114901
112.710 2 INS 10995 12254 -15792755 -702545 -1976563 -525597024 16023 1666 -33548
112.736 2 ROTORCRAFT_FP 12254 10995 15795319 -1976563 -702545 525482080 90 468 17172 0 0 0 0 7245 0
112.736 2 ATTITUDE 0.02933 4.179631 0.120257
112.752 2 INS 10892 12014 -15805584 -964689 -1939863 -525688352 4739 -3672 -29608
112.768 2 STATIC_CONTROL 0 0. 0 0. 0. 0. 0. 0. 0. 0. 0. 0. 0.
112.795 2 GPS_INT 0 0 0 404517156 -37284498 704200 653964 0 0 0 67 12 294466750 94 26 3 1
112.795 2 ATTITUDE 0.025845 4.140914 0.130162
112.821 2 INS 10892 12014 -15818421 -964689 -1939863 -525834336 9579 -5474 -19648
112.821 2 ROVER_STATUS 0 46 3 0 1 126 7.4533
112.821 2 ATTITUDE 0.00856 4.091182 0.128248
112.853 2 INS 10892 12014 -15831260 -964689 -1939863 -526044544 10730 -335 -7627
112.861 2 LINK_REPORT 2 -1 113 0 340019 7755 0 3211. 71. 28 21.37
112.868 2 ATTITUDE -0.015944 4.045998 0.141526
112.952 2 INS 10892 12014 -15844103 -964689 -1939863 -526254720 15132 -5170 -4414
112.952 2 GPS 3 43823114 447814986 2460 653964 412 1 2395 294466750 30 0
112.953 2 GPS_INT 0 0 0 404517156 -37284498 704200 653964 0 0 0 67 12 294466750 94 26 3 1
112.953 2 ATTITUDE -0.010672 4.009519 0.133708
112.953 2 WP_MOVED_ENU 15 -775 1018 2560
112.953 2 WP_MOVED_ENU 15 -775 1018 2560
112.954 2 INS 10892 12014 -15856953 -964689 -1939863 -526544128 3682 -9890 -5418
112.993 2 ROVER_CTRL 2.5 -0.146471 2547.83252 0.20798 1400. 600. 1000. -13.44 -205.059433 -34.546852 2.646471 -0.
112.993 2 ROTORCRAFT_FP 12014 10892 15859524 -1939863 -964689 526537856 -55 552 16337 0 0 0 0 7260 0
112.993 2 ATTITUDE -0.015911 3.967662 0.134885
113.020 2 INS 10752 11786 -15869809 -1342176 -1693448 -526711200 9888 -7062 -8222
113.020 2 SERIAL_COM 127 -8273 5733 -9049 0 0 0 14 283 80 76 0 0 0 0 0
113.020 2 ATTITUDE -0.03455 3.923527 0.137232
113.090 2 GVF_PARAMETRIC 5 1 0.015543 0.,0.2,0.2,0.5,0.5,0.05,59.648438,52.,0.,0.,0.,0.,0.,0.,0.,0. 4.199394,1.839139
113.090 2 INS 10752 11786 -15882687 -1347418 -1698691 -526921280 17966 1583 -6010
113.091 2 GPS_INT 0 0 0 404517106 -37284602 704257 654021 0 0 0 67 12 294467000 94 26 3 1
113.091 2 ATTITUDE -0.035093 3.887043 0.138133
113.105 2 INS 10752 11786 -15895539 -1347418 -1698691 -527097632 2605 -4928 -12763
113.121 2 ATTITUDE -0.025151 3.854767 0.144589
113.137 2 DATALINK_REPORT 2 30 8527 3061 0 1
113.154 2 INS 10752 11786 -15908405 -1347418 -1698691 -527205696 12930 2413 -22346
113.170 2 GPS 3 43823025 447814931 2371 654021 412 15 2395 294467000 30 0
113.185 2 ATTITUDE -0.023836 3.826437 0.13782
113.202 2 INS 10752 11786 -15921278 -1347418 -1698691 -527415488 -4196 -4766 -13214
113.240 2 ROTORCRAFT_FP 11786 10752 15923852 -1698691 -1347418 527446048 -182 597 15618 0 0 0 0 7260 0
113.240 2 GPS_INT 0 0 0 404517106 -37284602 704257 654021 0 0 0 67 12 294467000 94 26 3 1
113.241 2 ATTITUDE -0.031084 3.815516 0.144711
113.255 2 INS 10567 11604 -15934154 -1635777 -1279261 -527587680 9101 -6735 -21469
113.271 2 ATTITUDE -0.038366 3.790694 0.145024
113.303 2 INS 10567 11604 -15947036 -1635777 -1279261 -527833120 -989 -12624 -2579
113.335 2 ATTITUDE -0.029263 3.76628 0.144964
113.351 2 INS 10567 11604 -15959926 -1635777 -1279261 -527998944 13490 4979 -8745
113.382 2 GPS_INT 0 0 0 404517042 -37284686 704302 654066 0 0 0 67 13 294467250 94 26 3 1
113.383 2 ATTITUDE -0.030064 3.758034 0.134941
113.398 2 INS 10567 11604 -15972821 -1635777 -1279261 -528172128 2515 -1955 -5822
113.414 2 GPS 3 43822953 447814861 2258 654066 396 6 2395 294467250 30 0
113.430 2 ATTITUDE -0.010819 3.777332 0.141746
113.516 2 GVF_PARAMETRIC 5 1 0.015999 -6.,7.398438,-3.4375,19.429688,20.609375,41.796875,42.96875,59.96875,0.,0.,0.,0.,0.,0.,0.,0. 4.138702,1.74463
113.516 2 INS 10567 11604 -15985714 -1635777 -1279261 -528299328 -2124 -724 -14047
113.516 2 ROVER_CTRL 2.5 -0.146471 2547.83252 0.20798 1400. 600. 1000. -13.44 -205.059433 -34.546852 2.646471 -0.
113.517 2 ROTORCRAFT_FP 11468 10357 15988295 -996146 -1772091 528395232 -33 644 15563 0 0 0 0 7245 0
113.517 2 DL_VALUE 77 0.
113.517 2 ATTITUDE -0.016157 3.81323 0.150746
113.517 2 INS 10357 11468 -15998617 -1777334 -1001389 -528464992 9641 621 -5
113.517 2 SERIAL_COM 127 8353 10057 -12830 0 0 0 14 283 80 76 0 0 0 0 0
113.542 2 GPS_INT 0 0 0 404516968 -37284749 704305 654069 0 0 0 67 12 294467500 91 26 3 1
113.542 2 ATTITUDE -0.008487 3.831163 0.14143
113.570 2 INS 10357 11468 -16011526 -1777334 -1001389 -528764096 11725 -47 6714
113.570 2 GPS_SOL 67 12 91 26
113.571 2 ATTITUDE 0.007763 3.839814 0.138851
113.602 2 INS 10357 11468 -16024434 -1777334 -1001389 -528996448 1681 -7908 -3090
113.634 2 ATTITUDE 0.008959 3.846687 0.152018
113.634 2 ROTORCRAFT_NAV_STATUS 78 78 0. 0. 5 0 2
113.650 2 IMU_MAG_RAW 255 0 0 0
113.689 2 INS 10357 11468 -16037365 -1777334 -1001389 -529219264 7665 -1708 -9814
113.689 2 GPS 3 43822899 447814779 2167 654069 387 -6 2395 294467500 30 0
113.690 2 GPS_INT 0 0 0 404516968 -37284749 704305 654069 0 0 0 67 12 294467500 91 26 3 1
113.690 2 ATTITUDE 0.011465 3.851299 0.139541
113.705 2 INS 10357 11468 -16050277 -1777334 -1001389 -529410272 11581 -1024 -1874
113.731 2 ROTORCRAFT_FP 11468 10357 16052859 -1001389 -1777334 529574528 14 593 15791 0 0 0 0 7245 0
113.731 2 ATTITUDE 0.002097 3.851022 0.143757
113.747 2 INS 10140 11338 -16063203 -1824520 -1121975 -529686336 12385 5021 -2911
113.778 2 STATIC_CONTROL 0 0. 0 0. 0. 0. 0. 0. 0. 0. 0. 0. 0.
113.778 2 ATTITUDE -0.002443 3.85177 0.142527
113.810 2 INS 10140 11338 -16076138 -1824520 -1121975 -529903392 3739 3857 6005
113.826 2 GPS_INT 0 0 0 404516891 -37284808 704291 654055 0 0 0 67 12 294467750 94 26 3 1
113.826 2 ATTITUDE 0.004496 3.853387 0.142077
113.862 2 LINK_REPORT 2 -1 114 0 343015 7823 0 2996. 68. 28 21.37
113.868 2 GVF_PARAMETRIC 5 1 0.016171 6.,16.4375,39.609375,43.179688,18.046875,27.347656,59.648438,52.,0.,0.,0.,0.,0.,0.,0.,0. 4.039469,1.56784
113.869 2 INS 10140 11338 -16089079 -1824520 -1121975 -530122048 5252 -2717 -4538
113.884 2 ATTITUDE -0.001698 3.848499 0.140822
113.913 2 INS 10140 11338 -16102022 -1824520 -1121975 -530317760 -4895 -173 -8664
113.913 2 GPS 3 43822848 447814694 2135 654055 407 1 2395 294467750 30 0
113.929 2 ATTITUDE 0.00251 3.851355 0.148467
113.945 2 INS 10140 11338 -16114973 -1824520 -1121975 -530581792 7855 3883 -4989
113.961 2 ROVER_CTRL 2.5 -0.146471 2547.83252 0.20798 1400. 600. 1000. -13.44 -205.059433 -34.546852 2.646471 -0.
114.024 2 ROTORCRAFT_FP 11338 10140 16117575 -1121975 -1824520 530613376 54 618 15849 0 0 0 0 7245 0
114.024 2 GPS_INT 0 0 0 404516891 -37284808 704291 654055 0 0 0 67 12 294467750 94 26 3 1
114.025 2 ATTITUDE 0.020348 3.866644 0.153332
114.025 2 INS 9914 11194 -16127930 -1814034 -1253047 -530680928 -7593 9174 -25716
114.025 2 SERIAL_COM 128 -173 -4895 -8664 0 0 0 14 284 80 76 0 0 0 0 0
114.026 2 ATTITUDE 0.042225 3.895797 0.160107
114.056 2 INS 9914 11194 -16140883 -1824520 -1253047 -530813600 14491 -944 -1978
114.072 2 ATTITUDE 0.053368 3.918036 0.16475
114.104 2 INS 9914 11194 -16153846 -1824520 -1253047 -531041856 2058 -5534 -7449
114.130 2 GPS_INT 0 0 0 404516812 -37284875 704306 654070 0 0 0 67 12 294468000 94 27 3 1
114.130 2 ATTITUDE 0.068034 3.952915 0.15712
114.146 2 INS 9914 11194 -16166810 -1824520 -1253047 -531273696 3377 5441 -10887
114.162 2 GPS 3 43822791 447814607 2141 654070 421 -5 2395 294468000 30 0
114.177 2 ATTITUDE 0.083061 3.98489 0.162898
114.210 2 INS 9914 11194 -16179785 -1824520 -1253047 -531415776 -5065 9910 7594
114.241 2 ROTORCRAFT_FP 11194 9914 16182379 -1253047 -1824520 531417248 389 674 16373 0 0 0 0 7245 0
114.242 2 ATTITUDE 0.093631 4.010159 0.163531
114.242 2 WP_MOVED_ENU 16 50798 51645 2557
114.242 2 WP_MOVED_ENU 16 50798 51645 2557
114.329 2 GVF_PARAMETRIC 5 1 0.016079 0.,0.2,0.2,0.5,0.5,0.05,59.648438,52.,0.,0.,0.,0.,0.,0.,0.,0. 3.981686,1.482839
114.331 2 INS 9699 11028 -16192790 -1709177 -1457519 -531674176 -1833 -1961 -10403
114.331 2 GPS_INT 0 0 0 404516736 -37284951 704286 654050 0 0 0 67 13 294468250 94 27 3 1
114.333 2 AUTOPILOT_VERSION 60200 v6.2_unstable-650-g74eaf7c20-dirty
114.333 2 ATTITUDE 0.108691 4.042677 0.157957
114.333 2 INS 9699 11028 -16205746 -1709177 -1457519 -531903936 -2443 614 -3474
114.333 2 ROVER_STATUS 0 43 3 0 1 128 7.470963
114.334 2 ATTITUDE 0.114217 4.070405 0.153747
114.343 2 INS 9699 11028 -16218731 -1709177 -1457519 -532177856 283 1202 -19618
114.375 2 ATTITUDE 0.132676 4.098016 0.136687
114.407 2 INS 9699 11028 -16231729 -1709177 -1457519 -532279168 3394 6416 -5098
114.408 2 GPS 3 43822726 447814523 2180 654050 427 -9 2395 294468250 30 0
114.484 2 GPS_INT 0 0 0 404516736 -37284951 704286 654050 0 0 0 67 13 294468250 94 27 3 1
114.484 2 ALIVE 122,195,7,233,5,247,195,75,60,187,26,129,128,90,246,93
114.485 2 ATTITUDE 0.148023 4.116405 0.138273
114.485 2 IMU_MAG_RAW 255 0 0 0
114.485 2 INS 9699 11028 -16244726 -1709177 -1457519 -532508576 8289 3381 5752
114.485 2 ROVER_CTRL 2.5 -0.146471 2547.83252 0.20798 1400. 600. 1000. -13.44 -205.059433 -34.546852 2.646471 -0.
114.486 2 ROTORCRAFT_FP 11028 9699 16247339 -1457519 -1709177 532495392 562 540 16902 0 0 0 0 7260 0
114.486 2 ATTITUDE 0.144019 4.126595 0.145691
114.513 2 INS 9510 10836 -16257726 -1352661 -1667234 -532604736 -4476 3659 1704
114.514 2 SERIAL_COM 128 119 6055 652 0 0 0 14 284 80 76 0 0 0 0 0
114.514 2 ATTITUDE 0.165736 4.165636 0.158676
114.545 2 INS 9510 10836 -16270735 -1352661 -1667234 -532910144 -244 1047 7797
114.575 2 GPS_INT 0 0 0 404516670 -37285039 704298 654062 0 0 0 67 14 294468500 94 26 3 1
114.576 2 ATTITUDE 0.164503 4.191816 0.144194
114.607 2 INS 9510 10836 -16283752 -1352661 -1667234 -533194944 -9284 7276 -5413
114.623 2 ATTITUDE 0.151462 4.223226 0.158879
114.688 2 GVF_PARAMETRIC 5 1 0.015738 -6.,7.398438,-3.4375,19.429688,20.609375,41.796875,42.96875,59.96875,0.,0.,0.,0.,0.,0.,0.,0. 3.835083,1.33948
114.688 2 INS 9510 10836 -16296766 -1352661 -1667234 -533440352 -5751 16365 -37385
114.689 2 GPS 3 43822650 447814450 2258 654062 409 6 2395 294468500 30 0
114.689 2 ATTITUDE 0.143488 4.240085 0.146237
114.703 2 INS 9510 10836 -16309792 -1352661 -1667234 -533646816 -5321 3076 -19072
114.740 2 ROTORCRAFT_FP 10836 9510 16312399 -1667234 -1352661 533657408 642 530 17377 0 0 0 0 7245 0
114.741 2 GPS_INT 0 0 0 404516670 -37285039 704298 654062 0 0 0 67 14 294468500 94 26 3 1
114.741 2 ATTITUDE 0.15471 4.237421 0.136066
114.770 2 INS 9361 10626 -16322822 -1027603 -1808791 -533689344 -1997 6886 -10589
114.771 2 STATIC_CONTROL 0 0. 0 0. 0. 0. 0. 0. 0. 0. 0. 0. 0.
114.771 2 ATTITUDE 0.166859 4.243878 0.139679
114.802 2 INS 9361 10626 -16335856 -1027603 -1808791 -533962752 1442 234 -688
114.818 2 ATTITUDE 0.149312 4.250479 0.130361
114.850 2 INS 9361 10626 -16348900 -1027603 -1808791 -534180864 7559 6295 6430
114.862 2 LINK_REPORT 2 -1 115 0 346144 7892 0 3129. 69. 28 21.37
114.876 2 GPS_INT 0 0 0 404516618 -37285136 704284 654048 0 0 0 67 13 294468750 94 26 3 1
114.877 2 ATTITUDE 0.150203 4.250332 0.135236
114.892 2 INS 9361 10626 -16361941 -1027603 -1808791 -534555872 -233 161 -7338
114.908 2 GPS 3 43822568 447814393 2345 654048 395 -12 2395 294468750 30 0
114.924 2 ATTITUDE 0.149523 4.246516 0.120976
114.980 2 INS 9361 10626 -16374991 -1027603 -1808791 -534753664 6845 11073 -7033
114.981 2 ROVER_CTRL 2.5 -0.146471 2547.83252 0.20798 1400. 600. 1000. -13.44 -205.059433 -34.546852 2.646471 -0.
114.981 2 ROTORCRAFT_FP 10626 9361 16377602 -1808791 -1027603 534749152 597 489 17385 0 0 0 0 7245 0
114.981 2 ATTITUDE 0.142986 4.234221 0.124431
114.996 2 INS 9361 10626 -16388054 -1027603 -1808791 -535046016 3053 8093 -14479
115.034 2 SERIAL_COM 129 4991 7368 1185 0 0 0 14 285 80 76 0 0 0 0 0
115.034 2 GPS_INT 0 0 0 404516576 -37285242 704257 654021 0 0 0 67 12 294469000 94 25 3 1
115.035 2 ATTITUDE 0.144869 4.23293 0.110526
115.072 2 GVF_PARAMETRIC 5 1 0.015343 6.,16.4375,39.609375,43.179688,18.046875,27.347656,59.648438,52.,0.,0.,0.,0.,0.,0.,0.,0. 3.654729,1.253705
115.073 2 INS 9244 10396 -16401112 -907017 -1981806 -535155712 8037 8552 -12327
115.073 2 DL_VALUE 78 0.
115.073 2 ATTITUDE 0.142789 4.235607 0.124879
115.103 2 INS 9244 10396 -16414181 -907017 -1981806 -535399360 2061 5133 -17533
115.119 2 ATTITUDE 0.134817 4.241735 0.127595
115.161 2 INS 9244 10396 -16427254 -907017 -1981806 -535598176 5106 897 6164
115.161 2 GPS 3 43822477 447814347 2412 654021 415 -18 2395 294469000 30 0
115.177 2 GPS_INT 0 0 0 404516576 -37285242 704257 654021 0 0 0 67 12 294469000 94 25 3 1
115.193 2 INS 9244 10396 -16440333 -907017 -1981806 -535859936 8279 -457 2254
115.235 2 ROTORCRAFT_FP 10396 9244 16442948 -1981806 -907017 535890976 556 525 17413 0 0 0 0 7245 0
115.235 2 ATTITUDE 0.141131 4.24692 0.122357
115.236 2 IMU_MAG_RAW 255 0 0 0
115.251 2 INS 9139 10150 -16453419 -817888 -2055207 -536032192 10323 6510 -474
115.267 2 ATTITUDE 0.13919 4.24768 0.120694
115.299 2 INS 9139 10150 -16466507 -817888 -2055207 -536305984 4529 1673 -11348
115.330 2 GPS_INT 0 0 0 404516539 -37285356 704246 654010 0 0 0 67 13 294469250 94 26 3 1
115.331 2 ATTITUDE 0.129646 4.245384 0.121301
115.331 2 PONG 
115.346 2 INS 9139 10150 -16479605 -817888 -2055207 -536481376 1967 -5524 -15226
115.362 2 ATTITUDE 0.123213 4.254267 0.095567
115.420 2 INS 9139 10150 -16492702 -817888 -2055207 -536704992 10299 -7184 -6217
115.420 2 GPS 3 43822380 447814307 2456 654010 420 -8 2395 294469250 30 0
115.420 2 ATTITUDE 0.137919 4.262446 0.112706
115.526 2 GVF_PARAMETRIC 5 1 0.014968 0.,0.2,0.2,0.5,0.5,0.05,59.648438,52.,0.,0.,0.,0.,0.,0.,0.,0. 3.550318,1.230475
115.527 2 INS 9139 10150 -16505807 -817888 -2055207 -536881408 -3914 1081 -7334
115.527 2 ROVER_CTRL 2.5 -0.146471 2547.83252 0.20798 1400. 600. 1000. -13.44 -205.059433 -34.546852 2.646471 -0.
115.527 2 ROTORCRAFT_FP 10150 9139 16508430 -2055207 -817888 536911872 582 470 17442 0 0 0 0 7260 0
115.528 2 GPS_INT 0 0 0 404516539 -37285356 704246 654010 0 0 0 67 13 294469250 94 26 3 1
115.528 2 ATTITUDE 0.148062 4.261603 0.114457
115.528 2 INS 9034 9891 -16518920 -823131 -2091907 -537104064 1959 -2303 3145
115.529 2 SERIAL_COM 129 1502 6142 -4497 0 0 0 14 285 80 76 0 0 0 0 0
115.529 2 ATTITUDE 0.141764 4.264693 0.124555
115.529 2 WP_MOVED_ENU 17 51645 -50798 2557
115.541 2 WP_MOVED_ENU 17 51645 -50798 2557
115.556 2 INS 9034 9891 -16532032 -823131 -2091907 -537288768 6922 2411 -1748
115.557 2 GPS_SOL 67 13 94 26
115.573 2 ATTITUDE 0.122284 4.263847 0.122615
115.617 2 INS 9034 9891 -16545151 -823131 -2091907 -537541312 -3992 -5390 -3063
115.617 2 GPS_INT 0 0 0 404516503 -37285474 704263 654027 0 0 0 67 13 294469500 94 26 3 1
115.649 2 INS 9034 9891 -16558278 -823131 -2091907 -537728256 8722 9296 -5655
115.697 2 INS 9034 9891 -16571406 -823131 -2091907 -538010176 -2665 5419 -21064
115.723 2 ROTORCRAFT_FP 9891 9034 16574036 -2091907 -823131 537998208 657 459 17535 0 0 0 0 7245 0
115.723 2 STATE_FILTER_STATUS 6 3 0
115.723 2 ATTITUDE 0.163485 4.281548 0.112784
115.780 2 INS 8934 9640 -16584541 -849345 -2076178 -538142848 -1932 639 -11556
115.781 2 STATIC_CONTROL 0 0. 0 0. 0. 0. 0. 0. 0. 0. 0. 0. 0.
115.781 2 GPS_INT 0 0 0 404516467 -37285591 704273 654038 0 0 0 67 12 294469750 94 26 3 1
115.782 2 ATTITUDE 0.151608 4.28894 0.119639
115.812 2 INS 8934 9640 -16597686 -849345 -2076178 -538379200 -2310 -1261 -24877
115.813 2 ROVER_STATUS 0 53 3 0 1 129 7.515117
115.828 2 ATTITUDE 0.140324 4.298334 0.119874
115.864 2 LINK_REPORT 2 -1 116 0 349027 7957 0 2883. 65. 29 27.34
115.878 2 GVF_PARAMETRIC 5 1 0.014669 -6.,7.398438,-3.4375,19.429688,20.609375,41.796875,42.96875,59.96875,0.,0.,0.,0.,0.,0.,0.,0. 3.344376,1.164775
115.879 2 INS 8934 9640 -16610827 -849345 -2076178 -538433536 4710 445 2709
115.880 2 ATTITUDE 0.154526 4.314043 0.134676
115.908 2 INS 8934 9640 -16623974 -849345 -2076178 -538643136 5714 -6093 3377
115.909 2 GPS 3 43822181 447814229 2477 654038 427 -2 2395 294469750 30 0
115.924 2 GPS_INT 0 0 0 404516467 -37285591 704273 654038 0 0 0 67 12 294469750 94 26 3 1
115.925 2 ATTITUDE 0.178257 4.312421 0.129816
115.940 2 INS 8934 9640 -16637127 -849345 -2076178 -538857472 19172 10749 -6261
115.956 2 ROVER_CTRL 2.5 -0.146471 2547.83252 0.20798 1400. 600. 1000. -13.44 -205.059433 -34.546852 2.646471 -0.
116.014 2 ROTORCRAFT_FP 9640 8934 16639757 -2076178 -849345 538933504 653 532 17712 0 0 0 0 7245 0
116.015 2 ATTITUDE 0.172396 4.314551 0.141643
116.015 2 INS 8934 9640 -16650285 -849345 -2076178 -538985152 2298 2728 1751
116.016 2 SERIAL_COM 130 -10595 -2029 -619 0 0 0 14 286 80 76 0 0 0 0 0
116.016 2 ATTITUDE 0.164493 4.318911 0.143508
116.030 2 IMU_MAG_RAW 255 0 0 0
116.046 2 INS 8834 9384 -16663450 -786431 -2112878 -539291008 9557 2090 -2027
116.072 2 GPS_INT 0 0 0 404516432 -37285708 704254 654019 0 0 0 67 12 294470000 94 27 3 1
116.073 2 ATTITUDE 0.160363 4.323391 0.136645
116.104 2 INS 8834 9384 -16676618 -786431 -2112878 -539573568 -534 -9246 -35627
116.120 2 ATTITUDE 0.15995 4.34059 0.137213
116.152 2 INS 8834 9384 -16689792 -786431 -2112878 -539709696 4940 7012 -14418
116.152 2 GPS 3 43822081 447814191 2488 654019 429 -8 2395 294470000 30 0
116.168 2 ATTITUDE 0.159875 4.344763 0.13667
116.200 2 INS 8834 9384 -16702974 -786431 -2112878 -539945088 -1202 -4434 -20659
116.275 2 ROTORCRAFT_FP 9384 8834 16705621 -2112878 -786431 540003264 684 548 17810 0 0 0 0 7260 0
116.276 2 GPS_INT 0 0 0 404516432 -37285708 704254 654019 0 0 0 67 12 294470000 94 27 3 1
116.277 2 ATTITUDE 0.153595 4.347925 0.130702
116.277 2 GVF_PARAMETRIC 5 1 0.014448 6.,16.4375,39.609375,43.179688,18.046875,27.347656,59.648438,52.,0.,0.,0.,0.,0.,0.,0.,0. 3.239399,1.136353
116.278 2 INS 8742 9123 -16716174 -718273 -2139093 -540155392 5394 -1546 4789
116.278 2 ATTITUDE 0.147772 4.352264 0.136392
116.291 2 INS 8742 9123 -16729343 -718273 -2139093 -540401472 -1017 11073 -22127
116.323 2 ATTITUDE 0.153839 4.349422 0.134427
116.355 2 INS 8742 9123 -16742538 -718273 -2139093 -540545792 2758 -1188 397
116.371 2 GPS_INT 0 0 0 404516399 -37285828 704249 654013 0 0 0 67 12 294470250 94 27 3 1
116.371 2 ATTITUDE 0.172168 4.344167 0.133892
116.415 2 INS 8742 9123 -16755738 -718273 -2139093 -540928256 3495 6062 -27188
116.415 2 ENERGY 75 7.523948 2.525 18.997971 7.916996 0.038895 0.297879
116.416 2 GPS 3 43821979 447814155 2503 654013 429 -7 2395 294470250 30 0
116.416 2 ATTITUDE 0.153541 4.342872 0.127017
116.483 2 INS 8742 9123 -16768943 -718273 -2139093 -541034944 2505 -63 -20689
116.483 2 ROVER_CTRL 2.5 -0.146471 2547.83252 0.20798 1400. 600. 1000. -13.44 -205.059433 -34.546852 2.646471 -0.
116.484 2 ROTORCRAFT_FP 9123 8742 16771584 -2139093 -718273 541057600 653 553 17790 0 0 0 0 7260 0
116.484 2 ATTITUDE 0.140619 4.347787 0.14314
116.524 2 INS 8647 8857 -16782156 -781188 -2181036 -541175296 1505 8040 -1747
116.524 2 SERIAL_COM 130 11073 -1017 -22127 0 0 0 14 286 80 76 0 0 0 0 0
116.525 2 GPS_INT 0 0 0 404516366 -37285951 704296 654060 0 0 0 67 12 294470500 94 26 3 1
116.525 2 ATTITUDE 0.147727 4.347939 0.142849
116.540 2 INS 8647 8857 -16795368 -781188 -2181036 -541472960 -3064 2506 -17523
116.572 2 ATTITUDE 0.145155 4.363332 0.144948
116.588 2 INS 8647 8857 -16808586 -781188 -2181036 -541662400 -9417 2287 -16444
116.620 2 ATTITUDE 0.146486 4.372893 0.142302
116.695 2 GVF_PARAMETRIC 5 1 0.01433 0.,0.2,0.2,0.5,0.5,0.05,59.648438,52.,0.,0.,0.,0.,0.,0.,0.,0. 3.030698,1.069384
116.696 2 INS 8647 8857 -16821814 -781188 -2181036 -541784896 13169 12261 2002
116.696 2 GPS 3 43821874 447814119 2503 654060 441 7 2395 294470500 30 0
116.697 2 GPS_INT 0 0 0 404516366 -37285951 704296 654060 0 0 0 67 12 294470500 94 26 3 1
116.697 2 DL_VALUE 79 1.
116.697 2 ATTITUDE 0.152884 4.376494 0.136806
116.697 2 INS 8647 8857 -16835044 -781188 -2181036 -541927680 9718 2706 1147
116.722 2 ROTORCRAFT_FP 8857 8647 16837704 -2181036 -781188 541999872 609 586 17957 0 0 0 0 7245 0
116.722 2 ATTITUDE 0.146619 4.380665 0.142737
116.764 2 INS 8552 8586 -16848282 -718273 -2207250 -542257920 18941 4533 10492
116.764 2 STATIC_CONTROL 0 0. 0 0. 0. 0. 0. 0. 0. 0. 0. 0. 0.
116.764 2 ATTITUDE 0.135705 4.377506 0.129616
116.796 2 INS 8552 8586 -16861522 -718273 -2207250 -542541632 11040 4839 -3159
116.859 2 GPS_INT 0 0 0 404516333 -37286075 704337 654101 0 0 0 67 12 294470750 94 27 3 1
116.859 2 ATTITUDE 0.125243 4.367874 0.135393
116.859 2 ROTORCRAFT_NAV_STATUS 81 81 0. 0. 5 0 2
116.860 2 WP_MOVED_ENU 18 -50798 -51645 2557
116.860 2 WP_MOVED_ENU 18 -50798 -51645 2557
116.860 2 IMU_MAG_RAW 255 0 0 0
116.860 2 INS 8552 8586 -16874772 -718273 -2207250 -542712576 1489 10506 1634
116.860 2 ATTITUDE 0.126534 4.357352 0.141442
116.863 2 LINK_REPORT 2 -1 117 0 352255 8029 0 3228. 72. 29 27.34
116.917 2 INS 8552 8586 -16888026 -718273 -2207250 -543030400 8203 -10743 -11049
116.917 2 GPS 3 43821769 447814083 2513 654101 442 10 2395 294470750 30 0
116.917 2 ATTITUDE 0.11885 4.33804 0.140831
116.978 2 INS 8552 8586 -16901282 -718273 -2207250 -543233408 4847 7402 -39959
116.978 2 ROVER_CTRL 2.5 -0.146471 2547.83252 0.20798 1400. 600. 1000. -13.44 -205.059433 -34.546852 2.646471 -0.
116.978 2 ROTORCRAFT_FP 8586 8552 16903936 -2207250 -718273 543265216 470 595 17703 0 0 0 0 7245 0
117.026 2 GPS_INT 0 0 0 404516333 -37286075 704337 654101 0 0 0 67 12 294470750 94 27 3 1
117.026 2 ATTITUDE 0.103548 4.308731 0.137137
117.026 2 INS 8460 8320 -16914550 -749731 -2196764 -543299392 6998 5087 3540
117.027 2 SERIAL_COM 131 8179 -3373 -44872 0 0 0 14 287 80 76 0 0 0 0 0
117.027 2 ATTITUDE 0.107697 4.291303 0.15745
117.079 2 GVF_PARAMETRIC 5 1 0.014301 -6.,7.398438,-3.4375,19.429688,20.609375,41.796875,42.96875,59.96875,0.,0.,0.,0.,0.,0.,0.,0. 2.819992,0.998348
117.079 2 INS 8460 8320 -16927812 -760216 -2196764 -543527232 10616 3970 1238
117.080 2 ATTITUDE 0.087787 4.25796 0.153942
117.094 2 INS 8460 8320 -16941088 -760216 -2196764 -543744128 8816 -10915 8539
117.132 2 GPS_INT 0 0 0 404516301 -37286198 704365 654129 0 0 0 67 12 294471000 94 26 3 1
117.132 2 ALIVE 122,195,7,233,5,247,195,75,60,187,26,129,128,90,246,93
117.132 2 ATTITUDE 0.077166 4.2328 0.147429
117.147 2 INS 8460 8320 -16954360 -760216 -2196764 -543957056 -1740 -5178 -381
117.147 2 GPS 3 43821664 447814049 2511 654129 442 11 2395 294471000 30 0
117.163 2 ATTITUDE 0.079619 4.213124 0.167738
117.205 2 INS 8460 8320 -16967646 -760216 -2196764 -544222144 -7339 -4854 -13469
117.206 2 INS_REF 485058794 -31613915 411670613 404513324 -37290030 704601 654365 0.
117.231 2 ROTORCRAFT_FP 8320 8460 16970300 -2196764 -760216 544178368 362 603 17144 0 0 0 0 7260 0
117.232 2 ATTITUDE 0.073971 4.187245 0.138813
117.247 2 INS 8348 8058 -16980928 -1074789 -2076178 -544317952 -4049 6575 -23957
117.274 2 GPS_INT 0 0 0 404516261 -37286319 704401 654165 0 0 0 67 13 294471250 94 26 3 1
117.275 2 ATTITUDE 0.063883 4.168231 0.181866
117.305 2 INS 8348 8058 -16994218 -1074789 -2076178 -544525760 13603 3190 5861
117.305 2 ROVER_STATUS 0 46 3 0 1 131 7.523948
117.321 2 ATTITUDE 0.067148 4.14318 0.168257
117.337 2 INS 8348 8058 -17007516 -1074789 -2076178 -544798272 -2876 -17116 -13390
117.374 2 ATTITUDE 0.049944 4.117107 0.15388
117.385 2 INS 8348 8058 -17020820 -1074789 -2076178 -544848512 11069 -5840 238
117.401 2 GPS 3 43821561 447814005 2457 654165 444 9 2395 294471250 30 0
117.427 2 GPS_INT 0 0 0 404516261 -37286319 704401 654165 0 0 0 67 13 294471250 94 26 3 1
117.427 2 ATTITUDE 0.052614 4.111287 0.159409
117.510 2 GVF_PARAMETRIC 5 1 0.014342 6.,16.4375,39.609375,43.179688,18.046875,27.347656,59.648438,52.,0.,0.,0.,0.,0.,0.,0.,0. 2.71851,0.952755
117.510 2 INS 8348 8058 -17034126 -1074789 -2076178 -545097152 8899 -8103 -674
117.510 2 ROVER_CTRL 2.5 -0.146471 2547.83252 0.20798 1400. 600. 1000. -13.44 -205.059433 -34.546852 2.646471 -0.
117.511 2 ROTORCRAFT_FP 8058 8348 17036788 -2076178 -1074789 545180800 194 667 16809 0 0 0 0 7260 0
117.511 2 ATTITUDE 0.060405 4.093453 0.162553
117.511 2 INS 8207 7820 -17047442 -1253047 -1840249 -545337280 12745 -1508 -2232
117.512 2 SERIAL_COM 131 -1508 12745 -2232 0 0 0 14 287 80 76 0 0 0 0 0
117.512 2 ATTITUDE 0.088149 4.089724 0.152118
117.551 2 INS 8207 7820 -17060754 -1253047 -1840249 -545472192 964 4521 -12415
117.551 2 GPS_SOL 67 12 94 27
117.567 2 GPS_INT 0 0 0 404516211 -37286429 704400 654164 0 0 0 67 12 294471500 94 27 3 1
117.568 2 ATTITUDE 0.056734 4.084765 0.16773
117.599 2 INS 8207 7820 -17074076 -1253047 -1840249 -545540672 1128 -4109 1223
117.615 2 ATTITUDE 0.048201 4.09021 0.156127
117.615 2 IMU_MAG_RAW 255 0 0 0
117.647 2 INS 8207 7820 -17087402 -1253047 -1840249 -545893440 10319 4681 -9926
117.647 2 GPS 3 43821468 447813950 2396 654164 423 -5 2395 294471500 30 0
117.663 2 ATTITUDE 0.046811 4.086235 0.165958
117.695 2 INS 8207 7820 -17100730 -1253047 -1840249 -546118592 918 -1403 -14293
117.732 2 ROTORCRAFT_FP 7820 8207 17103398 -1840249 -1253047 546162880 280 638 16750 0 0 0 0 7245 0
117.733 2 GPS_INT 0 0 0 404516211 -37286429 704400 654164 0 0 0 67 12 294471500 94 27 3 1
117.733 2 ATTITUDE 0.059836 4.081485 0.152614
117.762 2 INS 8043 7595 -17114066 -1378876 -1761606 -546307328 -475 -1736 -12086
117.762 2 STATIC_CONTROL 0 0. 0 0. 0. 0. 0. 0. 0. 0. 0. 0. 0.
117.763 2 ATTITUDE 0.048804 4.072542 0.156021
117.794 2 INS 8043 7595 -17127406 -1378876 -1761606 -546541696 9895 -2845 -26195
117.865 2 LINK_REPORT 2 -1 118 0 355108 8092 0 2853. 63. 29 27.34
117.901 2 GVF_PARAMETRIC 5 1 0.014312 0.,0.2,0.2,0.5,0.5,0.05,59.648438,52.,0.,0.,0.,0.,0.,0.,0.,0. 2.537431,0.834084
117.902 2 INS 8043 7595 -17140752 -1378876 -1761606 -546629376 13736 4284 -1918
117.902 2 GPS_INT 0 0 0 404516154 -37286531 704419 654183 0 0 0 67 13 294471750 91 26 3 1
117.902 2 ATTITUDE 0.013008 4.021958 0.152736
117.903 2 INS 8043 7595 -17154102 -1378876 -1761606 -546966912 965 -12596 -10181
117.903 2 GPS 3 43821381 447813888 2347 654183 425 -13 2395 294471750 30 0
117.917 2 ATTITUDE 0.026926 3.98492 0.145667
117.933 2 INS 8043 7595 -17167458 -1378876 -1761606 -547171456 7100 10692 -4963
117.986 2 ROVER_CTRL 2.5 -0.146471 2547.83252 0.20798 1400. 600. 1000. -13.44 -205.059433 -34.546852 2.646471 -0.
117.986 2 ROTORCRAFT_FP 7595 8043 17170128 -1761606 -1378876 547300544 92 597 16203 0 0 0 0 7260 0
117.987 2 ATTITUDE 0.020337 3.947212 0.152322
117.987 2 INS 8043 7595 -17180820 -1378876 -1761606 -547454848 -6373 -2385 -4020
118.025 2 SERIAL_COM 132 -5585 4603 -7467 0 0 0 14 288 80 76 0 0 0 0 0
118.025 2 GPS_INT 0 0 0 404516154 -37286531 704419 654183 0 0 0 67 13 294471750 91 26 3 1
118.026 2 ATTITUDE 0.01211 3.915152 0.155795
118.041 2 INS 7864 7395 -17194188 -1546648 -1530919 -547622848 6094 9147 -10718
118.056 2 ATTITUDE 0.00964 3.881202 0.153685
118.089 2 INS 7864 7395 -17207556 -1546648 -1530919 -547730560 580 1262 863
118.104 2 ATTITUDE 0.022837 3.871242 0.158694
118.120 2 WP_MOVED_ENU 19 -51645 50798 2557
118.121 2 WP_MOVED_ENU 19 -51645 50798 2557
118.149 2 INS 7864 7395 -17220948 -1546648 -1530919 -548040384 8916 3215 1569
118.149 2 GPS 3 43821301 447813819 2290 654167 413 -16 2395 294472000 30 0
118.175 2 GPS_INT 0 0 0 404516091 -37286624 704402 654167 0 0 0 67 13 294472000 91 26 3 1
118.175 2 ATTITUDE 0.012236 3.868451 0.152781
118.191 2 INS 7864 7395 -17234318 -1546648 -1530919 -548254080 -727 -8608 5358
118.217 2 ROTORCRAFT_FP 7395 7864 17236994 -1530919 -1546648 548274304 69 593 15866 0 0 0 0 7260 0
118.217 2 DATALINK_REPORT 3 31 8877 3066 0 1
118.217 2 ATTITUDE 0.00639 3.874026 0.148102
118.259 2 GVF_PARAMETRIC 5 1 0.014134 -6.,7.398438,-3.4375,19.429688,20.609375,41.796875,42.96875,59.96875,0.,0.,0.,0.,0.,0.,0.,0. 2.455771,0.771722
118.260 2 INS 7667 7216 -17247704 -1724905 -1331690 -548460096 6622 -7560 11091
118.260 2 DL_VALUE 80 0.
118.261 2 ATTITUDE 0.029108 3.878893 0.135273
118.291 2 INS 7667 7216 -17261096 -1724905 -1331690 -548662464 5691 -205 965
118.317 2 GPS_INT 0 0 0 404516021 -37286706 704413 654177 0 0 0 67 14 294472250 91 27 3 1
118.317 2 ATTITUDE 0.029125 3.888623 0.1534
118.348 2 INS 7667 7216 -17274490 -1724905 -1331690 -548932736 -7142 6375 -26260
118.364 2 ATTITUDE 0.03079 3.896621 0.155448
118.380 2 INS 7667 7216 -17287890 -1724905 -1331690 -549111104 3409 21893 -32486
118.396 2 GPS 3 43821231 447813741 2224 654177 414 -4 2395 294472250 30 0
118.412 2 ATTITUDE 0.022412 3.898658 0.168712
118.412 2 ROTORCRAFT_NAV_STATUS 83 83 0. 0. 5 0 2
118.428 2 IMU_MAG_RAW 255 0 0 0
118.506 2 INS 7667 7216 -17301300 -1724905 -1331690 -549384000 -1660 9895 -20824
118.507 2 ROVER_CTRL 2.5 -0.146471 2547.83252 0.20798 1400. 600. 1000. -13.44 -205.059433 -34.546852 2.646471 -0.
118.507 2 ROTORCRAFT_FP 7216 7667 17303984 -1331690 -1724905 549355584 146 578 15999 0 0 0 0 7260 0
118.508 2 GPS_INT 0 0 0 404516021 -37286706 704413 654177 0 0 0 67 14 294472250 91 27 3 1
118.509 2 ATTITUDE 0.027715 3.906781 0.133702
118.509 2 INS 7447 7047 -17314714 -1845492 -1405090 -549545792 5151 13590 -22165
118.509 2 SERIAL_COM 132 -272 5516 5542 0 0 0 14 288 80 76 0 0 0 0 0
118.510 2 ATTITUDE 0.046298 3.918133 0.160144
118.538 2 INS 7447 7047 -17328128 -1845492 -1405090 -549653248 10341 20377 -15404
118.554 2 ATTITUDE 0.069715 3.921475 0.167646
118.586 2 INS 7447 7047 -17341550 -1845492 -1405090 -549867712 8228 10152 -7018
118.612 2 GPS_INT 0 0 0 404515944 -37286784 704432 654197 0 0 0 67 14 294472500 91 27 3 1
118.613 2 ATTITUDE 0.056282 3.917645 0.164055
118.666 2 GVF_PARAMETRIC 5 1 0.013602 6.,16.4375,39.609375,43.179688,18.046875,27.347656,59.648438,52.,0.,0.,0.,0.,0.,0.,0.,0. 2.309506,0.630916
118.668 2 INS 7447 7047 -17354976 -1845492 -1405090 -550098944 7504 6591 -6070
118.668 2 GPS 3 43821164 447813656 2192 654197 442 -2 2395 294472500 30 0
118.669 2 ATTITUDE 0.036802 3.916656 0.14805
118.681 2 INS 7447 7047 -17368408 -1845492 -1405090 -550318336 3220 4645 -19721
118.712 2 ROTORCRAFT_FP 7047 7447 17371096 -1405090 -1845492 550356864 173 615 16045 0 0 0 0 7260 0
118.713 2 ATTITUDE 0.034918 3.919803 0.142747
118.772 2 INS 7224 6871 -17381846 -1803549 -1452276 -550563264 -8041 2974 -10165
118.773 2 STATIC_CONTROL 0 0. 0 0. 0. 0. 0. 0. 0. 0. 0. 0. 0.
118.773 2 GPS_INT 0 0 0 404515866 -37286865 704466 654230 0 0 0 67 14 294472750 91 27 3 1
118.774 2 ATTITUDE 0.054746 3.917896 0.141629
118.804 2 INS 7224 6871 -17395286 -1803549 -1452276 -550774144 -3770 -4647 -13153
118.805 2 ROVER_STATUS 0 45 3 0 1 132 7.497455
118.805 2 ATTITUDE 0.05404 3.918244 0.143675
118.836 2 INS 7224 6871 -17408732 -1803549 -1452276 -550946560 -12 347 -18060
118.865 2 LINK_REPORT 2 -1 119 0 358295 8163 0 3187. 71. 29 27.34
118.868 2 ATTITUDE 0.053308 3.918512 0.140429
118.897 2 INS 7224 6871 -17422188 -1803549 -1452276 -551112384 2427 -1636 -9933
118.897 2 GPS 3 43821095 447813570 2189 654230 440 12 2395 294472750 30 0
118.923 2 GPS_INT 0 0 0 404515866 -37286865 704466 654230 0 0 0 67 14 294472750 91 27 3 1
118.924 2 STATE_FILTER_STATUS 6 3 0
118.924 2 ATTITUDE 0.055944 3.914019 0.136968
118.975 2 INS 7224 6871 -17435642 -1803549 -1452276 -551303680 8416 465 -7085
118.975 2 ROVER_CTRL 2.5 -0.146471 2547.83252 0.20798 1400. 600. 1000. -13.44 -205.059433 -34.546852 2.646471 -0.
118.976 2 ROTORCRAFT_FP 6871 7224 17438346 -1452276 -1803549 551282688 232 534 16011 0 0 0 0 7260 0
118.976 2 ATTITUDE 0.052994 3.915419 0.141657
119.003 2 INS 7224 6871 -17449104 -1803549 -1452276 -551532224 4217 2737 264
119.003 2 SERIAL_COM 133 6695 -1344 -6629 0 0 0 14 289 80 76 0 0 0 0 0
119.004 2 ATTITUDE 0.049664 3.911033 0.146823
119.068 2 GVF_PARAMETRIC 5 1 0.012807 0.,0.2,0.2,0.5,0.5,0.05,59.648438,52.,0.,0.,0.,0.,0.,0.,0.,0. 2.223762,0.580147
119.069 2 INS 7004 6694 -17462572 -1793063 -1457519 -551660544 2878 2577 3405
119.069 2 GPS_INT 0 0 0 404515788 -37286947 704502 654266 0 0 0 67 14 294473000 91 27 3 1
119.069 2 ATTITUDE 0.046377 3.909111 0.154913
119.083 2 INS 7004 6694 -17476046 -1793063 -1457519 -551925696 -1370 99 -13735
119.099 2 ATTITUDE 0.055093 3.903396 0.141179
119.131 2 INS 7004 6694 -17489520 -1793063 -1457519 -552057600 -6141 -334 3167
119.147 2 GPS 3 43821025 447813484 2190 654266 439 6 2395 294473000 30 0
119.163 2 ATTITUDE 0.068797 3.897957 0.147155
119.243 2 INS 7004 6694 -17502996 -1793063 -1457519 -552377024 -998 -2030 -12071
119.243 2 ROTORCRAFT_FP 6694 7004 17505706 -1457519 -1793063 552318784 249 568 15955 0 0 0 0 7260 0
119.244 2 GPS_INT 0 0 0 404515788 -37286947 704502 654266 0 0 0 67 14 294473000 91 27 3 1
119.245 2 ATTITUDE 0.063958 3.891737 0.140697
119.245 2 IMU_MAG_RAW 255 0 0 0
119.245 2 INS 6786 6517 -17516482 -1777334 -1441790 -552542080 5495 4091 -27276
119.259 2 ATTITUDE 0.061197 3.889704 0.156516
119.291 2 INS 6786 6517 -17529972 -1777334 -1447033 -552629888 10046 6434 -6573
119.307 2 ATTITUDE 0.073896 3.887377 0.161488
119.339 2 INS 6786 6517 -17543470 -1777334 -1447033 -552796096 7394 4982 -4074
119.355 2 GPS_INT 0 0 0 404515711 -37287029 704520 654284 0 0 0 67 13 294473250 91 27 3 1
119.356 2 ATTITUDE 0.072366 3.877764 0.151255
119.399 2 INS 6786 6517 -17556964 -1777334 -1447033 -553026432 4473 -2086 2031
119.399 2 GPS 3 43820954 447813400 2190 654284 437 -4 2395 294473250 30 0
119.399 2 ATTITUDE 0.078976 3.872047 0.155162
119.414 2 WP_MOVED_ENU 0 0 0 2560
119.415 2 WP_MOVED_ENU 0 0 0 2560
119.522 2 GVF_PARAMETRIC 5 1 0.011705 -6.,7.398438,-3.4375,19.429688,20.609375,41.796875,42.96875,59.96875,0.,0.,0.,0.,0.,0.,0.,0. 2.062541,0.45811
119.523 2 INS 6786 6517 -17570472 -1777334 -1447033 -553290880 860 -2507 -4344
119.523 2 ROVER_CTRL 2.5 -0.146471 2547.83252 0.20798 1400. 600. 1000. -13.44 -205.059433 -34.546852 2.646471 -0.
119.524 2 ROTORCRAFT_FP 6517 6786 17573172 -1447033 -1777334 553297600 277 601 15844 0 0 0 0 7245 0
119.525 2 ATTITUDE 0.065441 3.863125 0.149035
119.525 2 INS 6563 6338 -17583982 -1787820 -1420819 -553611136 -28 5199 -33528
119.525 2 SERIAL_COM 133 8821 -3574 -11127 0 0 0 14 289 80 76 0 0 0 0 0
119.526 2 GPS_INT 0 0 0 404515634 -37287110 704529 654293 0 0 0 67 13 294473500 91 27 3 1
119.526 2 ATTITUDE 0.064676 3.870324 0.15039
119.551 2 INS 6563 6338 -17597498 -1787820 -1420819 -553728512 3730 4990 -23673
119.552 2 GPS_SOL 67 13 91 27
119.552 2 ATTITUDE 0.070437 3.881979 0.14348
119.583 2 INS 6563 6338 -17611020 -1787820 -1420819 -553945664 9873 8389 -14245
119.599 2 ATTITUDE 0.069208 3.898235 0.14366
119.645 2 INS 6563 6338 -17624546 -1787820 -1420819 -554145280 1833 5184 -6190
119.645 2 GPS 3 43820885 447813315 2186 654293 435 -2 2395 294473500 30 0
119.671 2 GPS_INT 0 0 0 404515634 -37287110 704529 654293 0 0 0 67 13 294473500 91 27 3 1
119.672 2 ATTITUDE 0.0809 3.912141 0.13935
119.687 2 INS 6563 6338 -17638078 -1787820 -1420819 -554366912 -3763 -7324 -4525
119.713 2 ROTORCRAFT_FP 6338 6563 17640784 -1420819 -1787820 554415296 317 544 16019 0 0 0 0 7260 0
119.713 2 ATTITUDE 0.07516 3.916477 0.128065
119.728 2 INS 6348 6164 -17651612 -1735391 -1457519 -554585920 975 366 -7207
119.758 2 STATIC_CONTROL 0 0. 0 0. 0. 0. 0. 0. 0. 0. 0. 0. 0.
119.759 2 ATTITUDE 0.069804 3.91518 0.12926
119.790 2 INS 6348 6164 -17665156 -1740634 -1457519 -554760448 3300 -3300 -1803
119.817 2 GPS_INT 0 0 0 404515558 -37287191 704540 654304 0 0 0 67 12 294473750 91 27 3 1
119.817 2 ALIVE 122,195,7,233,5,247,195,75,60,187,26,129,128,90,246,93
119.818 2 ATTITUDE 0.063907 3.914423 0.137755
119.854 2 GVF_PARAMETRIC 5 1 0.010399 6.,16.4375,39.609375,43.179688,18.046875,27.347656,59.648438,52.,0.,0.,0.,0.,0.,0.,0.,0. 1.897234,0.345642
119.855 2 INS 6348 6164 -17678704 -1740634 -1457519 -555059648 675 -6587 -5764
119.855 2 DL_VALUE 81 1.
119.855 2 ATTITUDE 0.07308 3.91634 0.125662
119.865 2 LINK_REPORT 2 -1 120 0 361453 8234 0 3158. 71. 29 27.34
119.895 2 INS 6348 6164 -17692258 -1740634 -1457519 -555251840 7701 4591 -4391
119.896 2 GPS 3 43820816 447813231 2194 654304 432 -3 2395 294473750 30 0
119.911 2 ATTITUDE 0.082591 3.913209 0.127876
119.927 2 INS 6348 6164 -17705816 -1740634 -1457519 -555473344 10600 -990 3166
120.003 2 ROVER_CTRL 2.5 -0.146471 2547.83252 0.20798 1400. 600. 1000. -13.44 -205.059433 -34.546852 2.646471 -0.
120.004 2 ROTORCRAFT_FP 6164 6348 17708528 -1457519 -1740634 555442048 331 488 16025 0 0 0 0 7245 0
120.005 2 GPS_INT 0 0 0 404515558 -37287191 704540 654304 0 0 0 67 12 294473750 91 27 3 1
120.005 2 ATTITUDE 0.090947 3.906806 0.126351
120.005 2 INS 6348 6164 -17719380 -1740634 -1457519 -555690688 3845 -22 -12344
120.006 2 SERIAL_COM 134 4591 7701 -4391 0 0 0 14 290 80 76 0 0 0 0 0
120.006 2 ATTITUDE 0.077238 3.899521 0.121517
120.019 2 ROTORCRAFT_NAV_STATUS 85 85 0. 0. 5 0 2
120.019 2 IMU_MAG_RAW 255 0 0 0
120.035 2 INS 6136 5980 -17732964 -1740634 -1536162 -555932416 6175 10513 -8637
120.051 2 ATTITUDE 0.081045 3.899652 0.118381
120.083 2 INS 6136 5980 -17746524 -1740634 -1536162 -556084800 5387 8620 -11553
120.110 2 GPS_INT 0 0 0 404515483 -37287276 704577 654341 0 0 0 67 12 294474000 91 27 3 1
120.111 2 ATTITUDE 0.094696 3.895134 0.134661
120.126 2 INS 6136 5980 -17760102 -1740634 -1536162 -556265728 -4107 8246 -7452
120.142 2 GPS 3 43820743 447813148 2207 654341 442 8 2395 294474000 30 0
120.158 2 ATTITUDE 0.0874 3.890269 0.14512
120.190 2 INS 6136 5980 -17773680 -1740634 -1536162 -556437376 -997 6465 -11732
120.206 2 ROTORCRAFT_FP 5980 6136 17776400 -1536162 -1740634 556496512 323 638 15931 0 0 0 0 7245 0
120.207 2 ATTITUDE 0.067154 3.893399 0.14677
120.270 2 GVF_PARAMETRIC 5 1 0.009031 0.,0.2,0.2,0.5,0.5,0.05,59.648438,52.,0.,0.,0.,0.,0.,0.,0.,0. 1.795455,0.326778
120.271 2 INS 5918 5785 -17787270 -1766848 -1562376 -556656768 8500 4767 -5929
120.272 2 GPS_INT 0 0 0 404515407 -37287365 704615 654379 0 0 0 67 12 294474250 91 27 3 1
120.272 2 ATTITUDE 0.075083 3.898781 0.148314
120.286 2 INS 5918 5785 -17800862 -1766848 -1562376 -556840512 3577 -1551 2685
120.287 2 ROVER_STATUS 0 48 3 0 1 134 7.532779
120.302 2 ATTITUDE 0.082619 3.904968 0.142235
120.334 2 INS 5918 5785 -17814458 -1766848 -1562376 -557012992 -2746 -8870 -1725
120.334 2 PONG 
120.350 2 ATTITUDE 0.085957 3.91037 0.150502
120.392 2 INS 5918 5785 -17828062 -1766848 -1562376 -557207808 1671 3565 -2947
120.392 2 GPS 3 43820667 447813064 2211 654379 449 -2 2395 294474250 30 0
120.418 2 GPS_INT 0 0 0 404515407 -37287365 704615 654379 0 0 0 67 12 294474250 91 27 3 1
120.419 2 ATTITUDE 0.085157 3.90427 0.131893
120.472 2 INS 5918 5785 -17841670 -1766848 -1562376 -557529344 -5545 -4594 -17203
120.472 2 ROVER_CTRL 2.5 -0.146471 2547.83252 0.20798 1400. 600. 1000. -13.44 -205.059433 -34.546852 2.646471 -0.
120.473 2 ROTORCRAFT_FP 5785 5918 17844392 -1562376 -1766848 557523072 381 546 15967 0 0 0 0 7245 0
120.473 2 ATTITUDE 0.095801 3.898178 0.132288
120.498 2 INS 5706 5593 -17855284 -1740634 -1562376 -557718592 7973 -5725 -8790
120.498 2 SERIAL_COM 134 -1036 4545 -10344 0 0 0 14 290 80 76 0 0 0 0 0
120.514 2 ATTITUDE 0.097294 3.890865 0.125021
120.530 2 INS 5706 5593 -17868908 -1735391 -1567619 -557964736 12880 -7560 -1182
120.562 2 GPS_INT 0 0 0 404515332 -37287453 704634 654398 0 0 0 67 12 294474500 91 27 3 1
120.563 2 ATTITUDE 0.087857 3.887709 0.130519
120.578 2 INS 5706 5593 -17882528 -1735391 -1567619 -558253184 4369 -1006 -6941
120.610 2 ATTITUDE 0.0851 3.886918 0.121411
120.662 2 GVF_PARAMETRIC 5 1 0.00742 -6.,7.398438,-3.4375,19.429688,20.609375,41.796875,42.96875,59.96875,0.,0.,0.,0.,0.,0.,0.,0. 1.610016,0.232087
120.663 2 INS 5706 5593 -17896178 -1735391 -1567619 -558460928 5684 6188 -13994
120.663 2 GPS 3 43820591 447812982 2216 654398 445 5 2395 294474500 30 0
120.663 2 ATTITUDE 0.076171 3.885227 0.128508
120.678 2 INS 5706 5593 -17909796 -1735391 -1567619 -558753792 -9657 2632 -19128
120.750 2 ROTORCRAFT_FP 5593 5706 17912522 -1567619 -1735391 558802880 359 430 15930 0 0 0 0 7245 0
120.750 2 GPS_INT 0 0 0 404515332 -37287453 704634 654398 0 0 0 67 12 294474500 91 27 3 1
120.751 2 ATTITUDE 0.077367 3.888389 0.099696
120.751 2 WP_MOVED_ENU 1 0 0 2560
120.751 2 WP_MOVED_ENU 1 0 0 2560
120.751 2 INS 5496 5401 -17923438 -1698691 -1530919 -558865984 12943 -219 -4316
120.752 2 STATIC_CONTROL 0 0. 0 0. 0. 0. 0. 0. 0. 0. 0. 0. 0.
120.752 2 ATTITUDE 0.089271 3.898612 0.1378
120.782 2 INS 5496 5401 -17937082 -1709177 -1536162 -559098432 6981 -1851 -579
120.798 2 ATTITUDE 0.090215 3.89909 0.117925
120.813 2 IMU_MAG_RAW 255 0 0 0
120.830 2 INS 5496 5401 -17950734 -1709177 -1536162 -559321280 -1601 -1766 -7835
120.856 2 GPS_INT 0 0 0 404515258 -37287542 704674 654438 0 0 0 67 12 294474750 91 27 3 1
120.856 2 ATTITUDE 0.073705 3.901519 0.119214
120.866 2 LINK_REPORT 2 -1 121 0 364495 8303 0 3042. 69. 30 31.03
120.900 2 INS 5496 5401 -17964392 -1709177 -1536162 -559458496 9953 8639 60
120.900 2 ENERGY 75 7.54161 2.4 18.099865 8.279389 0.042041 0.321538
120.901 2 GPS 3 43820515 447812900 2218 654438 436 1 2395 294474750 30 0
120.901 2 ATTITUDE 0.080483 3.900778 0.134989
120.971 2 INS 5496 5401 -17978056 -1709177 -1536162 -559660544 -2347 -10011 2940
120.972 2 ROVER_CTRL 2.5 -0.146471 2547.83252 0.20798 1400. 600. 1000. -13.44 -205.059433 -34.546852 2.646471 -0.
120.972 2 ROTORCRAFT_FP 5401 5496 17980790 -1536162 -1709177 559675200 355 512 15973 0 0 0 0 7245 0
120.973 2 ATTITUDE 0.096721 3.904155 0.118452
120.987 2 INS 5496 5401 -17991720 -1709177 -1536162 -559936256 -2518 3832 -16936
120.987 2 SERIAL_COM 135 -2752 -191 -1985 0 0 0 14 291 80 76 0 0 0 0 0
121.013 2 GPS_INT 0 0 0 404515258 -37287542 704674 654438 0 0 0 67 12 294474750 91 27 3 1
121.013 2 ATTITUDE 0.095968 3.905851 0.1265
121.051 2 GVF_PARAMETRIC 5 1 0.005906 6.,16.4375,39.609375,43.179688,18.046875,27.347656,59.648438,52.,0.,0.,0.,0.,0.,0.,0.,0. 1.501465,0.221802
121.052 2 INS 5286 5209 -18005396 -1709177 -1614805 -560145152 6687 13602 -11084
121.052 2 ATTITUDE 0.0886 3.902701 0.12213
121.082 2 INS 5286 5209 -18019072 -1709177 -1614805 -560349760 1485 -1945 -8511
121.098 2 ATTITUDE 0.098622 3.901719 0.122225
121.142 2 INS 5286 5209 -18032750 -1709177 -1614805 -560581632 -2986 -1655 -23533
121.143 2 GPS 3 43820440 447812819 2228 654411 447 -11 2395 294475000 30 0
121.158 2 GPS_INT 0 0 0 404515184 -37287630 704647 654411 0 0 0 67 12 294475000 91 27 3 1
121.158 2 ATTITUDE 0.094584 3.892458 0.11895
121.173 2 INS 5286 5209 -18046438 -1709177 -1614805 -560667328 8331 -555 -3589
121.204 2 ROTORCRAFT_FP 5209 5286 18049176 -1614805 -1709177 560848512 384 498 15947 0 0 0 0 7260 0
121.205 2 ATTITUDE 0.092263 3.891952 0.12427
121.237 2 INS 5079 5017 -18060132 -1682962 -1551891 -560945920 6188 -2109 -4750
121.252 2 ATTITUDE 0.094238 3.900472 0.122493
121.284 2 INS 5079 5017 -18073828 -1688205 -1551891 -561143808 -511 1424 -10869
121.301 2 GPS_INT 0 0 0 404515111 -37287719 704631 654395 0 0 0 67 12 294475250 91 27 3 1
121.301 2 ATTITUDE 0.103915 3.90621 0.12613
121.332 2 INS 5079 5017 -18087530 -1688205 -1551891 -561262528 7684 3480 -4634
121.348 2 ATTITUDE 0.113592 3.911505 0.135587
121.390 2 INS 5079 5017 -18101236 -1688205 -1551891 -561481600 3146 -388 -134
121.391 2 GPS 3 43820364 447812738 2227 654395 436 -6 2395 294475250 30 0
121.406 2 ATTITUDE 0.114453 3.908804 0.133645
121.513 2 GVF_PARAMETRIC 5 1 0.004262 0.,0.2,0.2,0.5,0.5,0.05,59.648438,52.,0.,0.,0.,0.,0.,0.,0.,0. 1.316374,0.13395
121.514 2 INS 5079 5017 -18114948 -1688205 -1551891 -561705280 3777 1929 -3220
121.514 2 ROVER_CTRL 2.5 -0.146471 2547.83252 0.20798 1400. 600. 1000. -13.44 -205.059433 -34.546852 2.646471 -0.
121.515 2 ROTORCRAFT_FP 5017 5079 18117692 -1551891 -1688205 561674240 475 546 16012 0 0 0 0 7260 0
121.515 2 GPS_INT 0 0 0 404515111 -37287719 704631 654395 0 0 0 67 12 294475250 91 27 3 1
121.516 2 DL_VALUE 82 2.
121.516 2 ATTITUDE 0.108161 3.904476 0.144435
121.516 2 INS 4869 4823 -18128666 -1672477 -1588591 -561877952 4498 6043 -3480
121.516 2 SERIAL_COM 135 7477 10018 1393 0 0 0 14 291 80 76 0 0 0 0 0
121.517 2 ATTITUDE 0.11744 3.903661 0.137467
121.539 2 INS 4869 4823 -18142386 -1672477 -1588591 -562074496 5828 6477 -1428
121.539 2 GPS_SOL 67 12 91 26
121.555 2 ATTITUDE 0.118594 3.91053 0.129032
121.599 2 INS 4869 4823 -18156106 -1672477 -1588591 -562353984 544 1892 -10920
121.599 2 GPS_INT 0 0 0 404515038 -37287808 704650 654415 0 0 0 67 12 294475500 91 26 3 1
121.600 2 ATTITUDE 0.114849 3.924594 0.119717
121.630 2 ROTORCRAFT_NAV_STATUS 86 86 0. 0. 5 0 2
121.630 2 IMU_MAG_RAW 255 0 0 0
121.631 2 INS 4869 4823 -18169838 -1672477 -1588591 -562548864 -843 -8670 -2193
121.646 2 GPS 3 43820288 447812658 2232 654415 439 -5 2395 294475500 30 0
121.647 2 ATTITUDE 0.12014 3.931107 0.126592
121.678 2 INS 4869 4823 -18183576 -1672477 -1588591 -562810624 -421 -3305 -11873
121.704 2 ROTORCRAFT_FP 4823 4869 18186324 -1588591 -1672477 562906496 474 464 16113 0 0 0 0 7245 0
121.705 2 ATTITUDE 0.116281 3.933193 0.10355
121.720 2 INS 4669 4625 -18197322 -1656748 -1620048 -563006016 -71 -1034 4448
121.736 2 STATIC_CONTROL 0 0. 0 0. 0. 0. 0. 0. 0. 0. 0. 0. 0.
121.762 2 GPS_INT 0 0 0 404514967 -37287899 704666 654430 0 0 0 67 12 294475750 91 26 3 1
121.762 2 ATTITUDE 0.122357 3.934075 0.122514
121.788 2 INS 4669 4625 -18211076 -1667234 -1620048 -563292352 760 -2099 -3458
121.788 2 ROVER_STATUS 0 51 3 0 1 135 7.550441
121.804 2 ATTITUDE 0.11988 3.933125 0.112917
121.846 2 GVF_PARAMETRIC 5 1 0.002607 -6.,7.398438,-3.4375,19.429688,20.609375,41.796875,42.96875,59.96875,0.,0.,0.,0.,0.,0.,0.,0. 1.128007,0.049158
121.847 2 INS 4669 4625 -18224828 -1667234 -1620048 -563428480 10224 3746 -12384
121.847 2 ATTITUDE 0.107342 3.931202 0.121551
121.866 2 LINK_REPORT 2 -1 122 0 367549 8371 0 3054. 68. 30 31.03
121.888 2 INS 4669 4625 -18238588 -1667234 -1620048 -563688128 1408 -4127 -12709
121.888 2 GPS 3 43820210 447812580 2238 654430 442 4 2395 294475750 30 0
121.914 2 GPS_INT 0 0 0 404514967 -37287899 704666 654430 0 0 0 67 12 294475750 91 26 3 1
121.914 2 ATTITUDE 0.099549 3.938453 0.118488
121.967 2 INS 4669 4625 -18252352 -1667234 -1620048 -563869440 6180 3375 -4329
121.967 2 ROVER_CTRL 2.5 -0.146471 2547.83252 0.20798 1400. 600. 1000. -13.44 -205.059433 -34.546852 2.646471 -0.
121.968 2 ROTORCRAFT_FP 4625 4669 18255104 -1620048 -1667234 563915584 419 490 16176 0 0 0 0 7245 0
121.968 2 ATTITUDE 0.102508 3.948857 0.118917
121.983 2 INS 4669 4625 -18266120 -1667234 -1620048 -564155840 8889 -4865 -9810
121.983 2 SERIAL_COM 136 13305 561 -14321 0 0 0 14 292 80 76 0 0 0 0 0
121.999 2 ATTITUDE 0.104354 3.955288 0.102149
122.015 2 WP_MOVED_ENU 2 -276 -3691 2560
122.015 2 WP_MOVED_ENU 2 -276 -3691 2560
122.031 2 INS 4467 4431 -18279894 -1614805 -1620048 -564420416 -3698 1367 -20228
122.047 2 GPS_INT 0 0 0 404514896 -37287989 704638 654403 0 0 0 67 12 294476000 91 26 3 1
122.047 2 ATTITUDE 0.097558 3.947554 0.108568
122.079 2 INS 4467 4431 -18293674 -1614805 -1620048 -564596352 6755 14136 -29552
122.079 2 STATE_FILTER_STATUS 6 3 0
122.095 2 ATTITUDE 0.111742 3.9353 0.108366
122.137 2 INS 4467 4431 -18307460 -1614805 -1620048 -564701248 6137 9585 6698
122.137 2 GPS 3 43820133 447812502 2246 654403 434 -14 2395 294476000 30 0
122.152 2 ATTITUDE 0.099562 3.92819 0.111553
122.209 2 INS 4467 4431 -18321248 -1614805 -1620048 -565072192 4626 -1248 -5223
122.209 2 ROTORCRAFT_FP 4431 4467 18324008 -1620048 -1614805 565044864 440 450 16061 0 0 0 0 7260 0
122.210 2 GPS_INT 0 0 0 404514896 -37287989 704638 654403 0 0 0 67 12 294476000 91 26 3 1
122.210 2 ATTITUDE 0.095757 3.924562 0.106953
122.247 2 GVF_PARAMETRIC 5 1 0.001124 6.,16.4375,39.609375,43.179688,18.046875,27.347656,59.648438,52.,0.,0.,0.,0.,0.,0.,0.,0. 1.019017,0.041266
122.247 2 INS 4267 4229 -18335044 -1656748 -1656748 -565329600 546 6173 -23287
122.248 2 ATTITUDE 0.10309 3.924463 0.112761
122.289 2 INS_REF 485058794 -31613915 411670613 404513324 -37290030 704601 654365 0.
122.290 2 INS 4267 4229 -18348846 -1656748 -1656748 -565421824 -3033 -8665 4444
122.290 2 ATTITUDE 0.111216 3.918005 0.127234
122.322 2 INS 4267 4229 -18362654 -1656748 -1656748 -565583296 5306 -3784 6542
122.350 2 GPS_INT 0 0 0 404514826 -37288082 704634 654398 0 0 0 67 12 294476250 91 26 3 1
122.350 2 ATTITUDE 0.108251 3.913267 0.133061
122.381 2 INS 4267 4229 -18376466 -1656748 -1656748 -565845248 -4554 -4735 -14783
122.382 2 GPS 3 43820053 447812425 2248 654398 446 -4 2395 294476250 30 0
122.397 2 ATTITUDE 0.101142 3.907128 0.137672
122.414 2 IMU_MAG_RAW 255 0 0 0
122.457 2 INS 4267 4229 -18390280 -1656748 -1656748 -566086912 11528 -6091 -6406
122.457 2 ROVER_CTRL 2.5 -0.146471 2547.83252 0.20798 1400. 600. 1000. -13.44 -205.059433 -34.546852 2.646471 -0.
122.458 2 ROTORCRAFT_FP 4229 4267 18393046 -1656748 -1656748 566122432 358 544 16026 0 0 0 0 7260 0
122.458 2 ATTITUDE 0.091026 3.916127 0.134899
122.486 2 INS 4065 4029 -18404162 -1661991 -1604319 -566294720 3255 -2940 -7438
122.487 2 SERIAL_COM 136 -8665 -3033 4444 0 0 0 14 292 80 76 0 0 0 0 0
122.512 2 GPS_INT 0 0 0 404514755 -37288174 704613 654377 0 0 0 67 12 294476500 91 26 3 1
122.513 2 ALIVE 122,195,7,233,5,247,195,75,60,187,26,129,128,90,246,93
122.513 2 ATTITUDE 0.096813 3.924053 0.132844
122.529 2 INS 4065 4029 -18417938 -1661991 -1604319 -566459008 -1923 1655 -9514
122.544 2 ATTITUDE 0.104116 3.928795 0.129174
122.576 2 INS 4065 4029 -18431768 -1661991 -1604319 -566669632 5079 3704 -7171
122.592 2 ATTITUDE 0.093217 3.931668 0.132425
122.681 2 GVF_PARAMETRIC 5 1 -0.000224 0.,0.2,0.2,0.5,0.5,0.05,59.648438,52.,0.,0.,0.,0.,0.,0.,0.,0. 0.833978,-0.055873
122.681 2 INS 4065 4029 -18445602 -1661991 -1604319 -566954688 4374 -8034 -2130
122.681 2 GPS 3 43819975 447812346 2243 654377 440 -18 2395 294476500 30 0
122.682 2 GPS_INT 0 0 0 404514755 -37288174 704613 654377 0 0 0 67 12 294476500 91 26 3 1
122.682 2 ATTITUDE 0.102864 3.935879 0.117728
122.682 2 INS 4065 4029 -18459444 -1661991 -1604319 -567182272 7375 1295 -3788
122.695 2 ROTORCRAFT_FP 4029 4065 18462214 -1604319 -1661991 567210560 400 501 16139 0 0 0 0 7260 0
122.696 2 ATTITUDE 0.096104 3.937346 0.121471
122.741 2 INS 3863 3832 -18473294 -1620048 -1604319 -567468864 3751 7015 -16678
122.741 2 STATIC_CONTROL 0 0. 0 0. 0. 0. 0. 0. 0. 0. 0. 0. 0.
122.742 2 ATTITUDE 0.101201 3.942625 0.117403
122.773 2 INS 3863 3832 -18487146 -1625291 -1604319 -567546240 11976 5558 -5840
