6.218 2 LINK_REPORT 2 -1 6 0 15320 342 0 3067. 69. 1 30.84
6.259 2 GVF_PARAMETRIC 5 1 -5e-06 0.,0.1995,0.1995,0.546583,0.546583,0.05,61.347656,53.699219,0.,0.,0.,0.,0.,0.,0.,0. -1.355091,-1.505875
6.259 2 INS 788 473 -91564176 20971 0 -1261269888 693 -4903 -7826
6.259 2 ATTITUDE -0.219849 5.925651 -0.144522
6.290 2 INS 788 473 -91594936 20971 0 -1261469824 698 -4962 -7799
6.316 2 GPS_INT 0 0 0 404513449 -37290753 702677 652441 0 0 0 84 13 294159000 90 24 3 1
6.317 2 ATTITUDE -0.219856 5.925677 -0.144517
6.346 2 INS 788 473 -91625728 20971 0 -1261669376 701 -4933 -7783
6.346 2 GPS 3 43817776 447810915 3175 652441 5 -9 2395 294159000 30 0
6.639 2 INS_REF 485058561 -31614701 411670235 404513171 -37290972 700771 650535 0.
6.640 2 ATTITUDE -0.219857 5.925822 -0.144488
6.640 2 INS 791 473 -91656544 0 10485 -1261868800 709 -4957 -7781
6.640 2 ROTORCRAFT_FP 473 791 91662696 10485 0 1261908864 -900 -591 24272 0 0 0 0 375 0
6.640 2 ATTITUDE -0.219807 5.925842 -0.1445
6.640 2 INS 791 473 -91687344 -5242 15728 -1262068864 684 -4980 -7782
6.640 2 GPS_INT 0 0 0 404513450 -37290753 702666 652430 0 0 0 84 9 294159250 87 25 3 1
6.641 2 ATTITUDE -0.219835 5.925953 -0.144469
6.641 2 INS 791 473 -91718152 -5242 15728 -1262268672 697 -4949 -7789
6.641 2 ROVER_STATUS 0 60 3 0 0 298 8.142113
6.641 2 STATE_FILTER_STATUS 6 3 0
6.641 2 ATTITUDE -0.219729 5.925922 -0.144434
6.641 2 INS 791 473 -91748968 -5242 15728 -1262468480 714 -4918 -7791
6.641 2 ATTITUDE -0.219559 5.9259 -0.14439
6.642 2 INS 791 473 -91779800 -5242 15728 -1262668160 676 -4953 -7799
6.642 2 GPS 3 43817776 447810916 3175 652430 4 1 2395 294159250 30 0
6.642 2 GPS_INT 0 0 0 404513450 -37290753 702666 652430 0 0 0 84 9 294159250 87 25 3 1
6.642 2 ATTITUDE -0.219551 5.925974 -0.144399
6.699 2 GVF_PARAMETRIC 5 1 -4e-06 -6.,15.398438,4.558594,27.417969,28.609375,49.796875,50.96875,67.96875,0.,0.,0.,0.,0.,0.,0.,0. -1.355091,-1.504703
6.700 2 INS 796 476 -91810624 20971 15728 -1262867328 714 -4932 -7782
6.700 2 ROVER_CTRL 0. 0.044384 2518.039551 0. 1400. 600. 1000. -279.340118 62.138271 -64.492226 2.355616 -0.
6.700 2 ROTORCRAFT_FP 476 796 91816792 15728 20971 1262907264 -899 -591 24273 0 0 0 0 375 0
6.701 2 ATTITUDE -0.219576 5.926118 -0.144362
6.701 2 INS 796 476 -91841464 20971 15728 -1263067136 722 -4938 -7815
6.704 2 SERIAL_COM 298 -4942 691 -7797 0 0 0 14 199 80 76 0 0 0 0 0
6.704 2 ATTITUDE -0.219455 5.926063 -0.144355
6.745 2 INS 796 476 -91872304 20971 15728 -1263267072 708 -4947 -7813
6.745 2 GPS_SOL 83 10 87 25
6.761 2 GPS_INT 0 0 0 404513451 -37290752 702683 652447 0 0 0 83 10 294159500 87 25 3 1
6.761 2 ATTITUDE -0.219414 5.926124 -0.144344
6.777 2 INS 796 476 -91903136 20971 15728 -1263467008 707 -4939 -7820
6.800 2 LINK_REPORT 2 -1 7 0 18468 412 0 3148. 70. 1 30.84
6.808 2 ATTITUDE -0.219316 5.926165 -0.144394
6.809 2 IMU_MAG_RAW 255 0 0 0
6.841 2 INS 796 476 -91933976 20971 15728 -1263666688 691 -4941 -7791
6.841 2 GPS 3 43817777 447810917 3175 652447 7 4 2395 294159500 30 0
6.856 2 ATTITUDE -0.219289 5.926185 -0.14435
6.889 2 INS 793 473 -91964848 0 -5242 -1263866368 684 -4965 -7815
6.926 2 ROTORCRAFT_FP 473 793 91971016 -5242 0 1263906304 -898 -591 24274 0 0 0 0 375 0
6.926 2 GPS_INT 0 0 0 404513451 -37290753 702731 652495 0 0 0 83 14 294159750 87 25 3 1
6.926 2 ATTITUDE -0.219366 5.926269 -0.144345
6.941 2 INS 793 473 -91995696 0 -5242 -1264065920 758 -4982 -7761
6.942 2 STATIC_CONTROL 0 0. 0 0. 0. 0. 0. 0. 0. 0. 0. 0. 0.
6.957 2 ATTITUDE -0.219338 5.926287 -0.144345
6.989 2 INS 793 473 -92026552 0 -5242 -1264265728 702 -4946 -7823
7.005 2 ATTITUDE -0.219464 5.926405 -0.144345
7.021 2 WP_MOVED_ENU 8 13048 15705 2974
7.022 2 WP_MOVED_ENU 8 13048 15705 2974
7.097 2 GVF_PARAMETRIC 5 1 -1e-06 6.,18.136719,41.308594,44.878906,19.75,29.046875,61.347656,53.699219,0.,0.,0.,0.,0.,0.,0.,0. -1.355091,-1.503922
7.097 2 INS 793 473 -92057496 0 -5242 -1264465920 702 -4932 -7827
7.097 2 GPS_INT 0 0 0 404513451 -37290753 702731 652495 0 0 0 83 14 294159750 87 25 3 1
7.098 2 ATTITUDE -0.219478 5.926474 -0.144326
7.098 2 INS 793 473 -92088304 0 -5242 -1264664832 723 -4931 -7786
7.098 2 GPS 3 43817776 447810917 3175 652495 1 9 2395 294159750 30 0
7.098 2 ATTITUDE -0.219469 5.92649 -0.144327
7.168 2 INS 793 473 -92119184 0 -5242 -1264864512 696 -4948 -7820
7.169 2 ROVER_CTRL 0. 0.044384 2518.039551 0. 1400. 600. 1000. -279.340118 62.138271 -64.492226 2.355616 -0.
7.169 2 ROTORCRAFT_FP 473 793 92125360 -5242 0 1264904448 -899 -591 24275 0 0 0 0 375 0
7.169 2 ATTITUDE -0.219567 5.92665 -0.144363
7.196 2 INS 801 473 -92150056 15728 -15728 -1265064320 704 -4953 -7778
7.197 2 SERIAL_COM 298 -4948 696 -7820 0 0 0 14 199 80 76 0 0 0 0 0
7.212 2 GPS_INT 0 0 0 404513453 -37290753 702739 652503 0 0 0 83 12 294160000 88 25 3 1
7.213 2 ATTITUDE -0.219611 5.926706 -0.144429
7.228 2 INS 801 473 -92180936 15728 -20971 -1265264128 714 -4917 -7792
7.260 2 ATTITUDE -0.219623 5.926782 -0.144428
7.276 2 INS 801 473 -92211824 15728 -20971 -1265463552 724 -4944 -7779
7.308 2 ATTITUDE -0.219598 5.926803 -0.144342
7.340 2 INS 801 473 -92242728 15728 -20971 -1265663872 699 -4928 -7848
7.340 2 GPS 3 43817776 447810919 3175 652503 5 -2 2395 294160000 30 0
7.366 2 GPS_INT 0 0 0 404513453 -37290753 702739 652503 0 0 0 83 12 294160000 88 25 3 1
7.367 2 ATTITUDE -0.219555 5.926782 -0.144307
7.367 2 DATALINK_REPORT 3 65 20474 3041 0 3
7.382 2 INS 808 473 -92273616 57671 5242 -1265863552 696 -4943 -7805
7.410 2 ROTORCRAFT_FP 473 808 92279792 5242 57671 1265903488 -899 -591 24276 0 0 0 0 360 0
7.411 2 ATTITUDE -0.219679 5.927042 -0.144341
7.465 2 GVF_PARAMETRIC 5 1 -1.4e-05 0.,0.1995,0.1995,0.546583,0.546583,0.05,61.347656,53.699219,0.,0.,0.,0.,0.,0.,0.,0. -1.355091,-1.498062
7.465 2 INS 808 473 -92304528 68157 10485 -1266063488 698 -4935 -7788
7.465 2 DL_VALUE 84 0.
7.466 2 ATTITUDE -0.2197 5.927241 -0.144353
7.480 2 INS 808 473 -92335448 68157 10485 -1266263168 717 -4928 -7794
7.506 2 GPS_INT 0 0 0 404513456 -37290753 702710 652474 0 0 0 83 13 294160250 94 24 3 1
7.507 2 ATTITUDE -0.219759 5.927341 -0.144312
7.538 2 INS 808 473 -92366368 68157 10485 -1266462976 700 -4961 -7785
7.554 2 ATTITUDE -0.219707 5.92739 -0.144252
7.596 2 INS 808 473 -92397296 68157 10485 -1266662272 715 -4966 -7753
7.597 2 GPS 3 43817776 447810923 3367 652474 13 -12 2395 294160250 30 0
7.597 2 ATTITUDE -0.219735 5.927645 -0.144322
7.612 2 ROTORCRAFT_NAV_STATUS 237 237 0. 0. 5 0 2
7.612 2 IMU_MAG_RAW 255 0 0 0
7.628 2 INS 808 473 -92428216 68157 10485 -1266862336 723 -4937 -7801
7.699 2 ROVER_CTRL 0. 0.044384 2518.039551 0. 1400. 600. 1000. -279.340118 62.138271 -64.492226 2.355616 -0.
7.699 2 ROTORCRAFT_FP 476 816 92434408 15728 15728 1266902400 -899 -591 24280 0 0 0 0 375 0
7.700 2 GPS_INT 0 0 0 404513459 -37290752 702704 652469 0 0 0 82 14 294160500 92 24 3 1
7.700 2 ATTITUDE -0.219692 5.927699 -0.144326
7.700 2 INS 816 476 -92459144 15728 15728 -1267062144 702 -4942 -7816
7.700 2 SERIAL_COM 299 -4931 730 -7792 0 0 0 14 200 80 76 0 0 0 0 0
7.700 2 ATTITUDE -0.219723 5.927747 -0.144406
7.731 2 INS 816 476 -92490088 15728 15728 -1267262208 697 -4952 -7828
7.746 2 ATTITUDE -0.21984 5.927928 -0.144447
7.778 2 INS 816 476 -92521032 15728 15728 -1267462272 695 -4937 -7812
7.801 2 LINK_REPORT 2 -1 8 0 21445 480 0 2977. 68. 1 30.84
7.809 2 GPS_INT 0 0 0 404513459 -37290752 702704 652469 0 0 0 82 14 294160500 92 24 3 1
7.810 2 ATTITUDE -0.219764 5.927979 -0.14445
7.862 2 GVF_PARAMETRIC 5 1 -5e-06 -6.,15.398438,4.558594,27.417969,28.609375,49.796875,50.96875,67.96875,0.,0.,0.,0.,0.,0.,0.,0. -1.353919,-1.494937
7.863 2 INS 816 476 -92551976 15728 15728 -1267662080 754 -4895 -7785
7.863 2 GPS 3 43817777 447810926 3367 652469 6 -8 2395 294160500 30 0
7.863 2 ATTITUDE -0.219757 5.928017 -0.14449
7.877 2 INS 819 481 -92582920 -26214 15728 -1267861376 708 -4935 -7757
7.906 2 ROTORCRAFT_FP 481 819 92589112 15728 -26214 1267901440 -900 -591 24281 0 0 0 0 375 0
7.906 2 ATTITUDE -0.219713 5.928058 -0.144485
7.963 2 INS 819 481 -92613880 -31457 15728 -1268061312 676 -4927 -7802
7.964 2 STATIC_CONTROL 0 0. 0 0. 0. 0. 0. 0. 0. 0. 0. 0. 0.
7.964 2 GPS_INT 0 0 0 404513460 -37290750 702696 652460 0 0 0 82 14 294160750 92 25 3 1
7.964 2 ATTITUDE -0.219721 5.928172 -0.144475
7.990 2 INS 819 481 -92644840 -31457 15728 -1268260864 729 -4977 -7785
7.991 2 ROVER_STATUS 0 56 3 0 0 299 8.133282
8.006 2 ATTITUDE -0.219584 5.928227 -0.144444
8.022 2 INS 819 481 -92675808 -31457 15728 -1268460800 740 -4934 -7816
8.054 2 ATTITUDE -0.219534 5.92831 -0.144374
8.086 2 INS 819 481 -92706768 -31457 15728 -1268660224 716 -4944 -7790
8.087 2 GPS 3 43817778 447810927 3367 652460 6 -5 2395 294160750 30 0
8.113 2 GPS_INT 0 0 0 404513460 -37290750 702696 652460 0 0 0 82 14 294160750 92 25 3 1
8.113 2 ATTITUDE -0.21954 5.928408 -0.144424
8.128 2 INS 819 481 -92737744 -31457 15728 -1268859776 733 -4952 -7816
8.169 2 ROVER_CTRL 0. 0.044384 2518.039551 0. 1400. 600. 1000. -279.340118 62.138271 -64.492226 2.355616 -0.
8.176 2 ROTORCRAFT_FP 481 819 92743936 15728 -31457 1268899712 -899 -591 24283 0 0 0 0 375 0
8.177 2 ATTITUDE -0.219594 5.928668 -0.14438
8.196 2 INS 816 483 -92768728 -26214 15728 -1269059584 726 -4948 -7793
8.197 2 SERIAL_COM 299 -4939 723 -7821 0 0 0 14 200 80 76 0 0 0 0 0
8.198 2 ATTITUDE -0.219478 5.928599 -0.144377
8.261 2 GVF_PARAMETRIC 5 1 -8e-06 6.,18.136719,41.308594,44.878906,19.75,29.046875,61.347656,53.699219,0.,0.,0.,0.,0.,0.,0.,0. -1.351185,-1.494937
8.261 2 INS 816 483 -92799760 -26214 20971 -1269259520 716 -4898 -7806
8.262 2 GPS_INT 0 0 0 404513459 -37290749 702684 652448 0 0 0 82 14 294161000 94 24 3 1
8.262 2 ATTITUDE -0.219274 5.928475 -0.144378
8.276 2 INS 816 483 -92830712 -26214 20971 -1269458816 728 -4956 -7824
8.308 2 ATTITUDE -0.21925 5.92852 -0.144331
8.308 2 WP_MOVED_ENU 9 17400 13747 2974
8.309 2 WP_MOVED_ENU 9 17400 13747 2974
8.339 2 INS 816 483 -92861704 -26214 20971 -1269658624 729 -4933 -7810
8.339 2 GPS 3 43817779 447810926 3367 652448 7 -9 2395 294161000 30 0
8.355 2 ATTITUDE -0.219398 5.928723 -0.144312
8.387 2 INS 816 483 -92892712 -26214 -10485 -1269858688 720 -4960 -7829
8.435 2 ROTORCRAFT_FP 483 816 92898912 -10485 -26214 1269898624 -898 -590 24284 0 0 0 0 375 0
8.436 2 GPS_INT 0 0 0 404513459 -37290749 702697 652461 0 0 0 82 13 294161250 92 25 3 1
8.436 2 ALIVE 122,195,7,233,5,247,195,75,60,187,26,129,128,90,246,93
8.437 2 ATTITUDE -0.219252 5.928803 -0.144256
8.437 2 IMU_MAG_RAW 255 0 0 0
8.437 2 INS 816 483 -92923712 -20971 -15728 -1270058368 723 -4916 -7815
8.451 2 ATTITUDE -0.219314 5.928921 -0.144288
8.483 2 INS 816 483 -92954728 -20971 -15728 -1270257920 740 -4951 -7800
8.499 2 ATTITUDE -0.219186 5.928884 -0.144225
8.531 2 INS 816 483 -92985736 -20971 -15728 -1270457856 735 -4914 -7785
8.557 2 GPS_INT 0 0 0 404513459 -37290749 702697 652461 0 0 0 82 13 294161250 92 25 3 1
8.557 2 ATTITUDE -0.219183 5.928923 -0.144262
8.599 2 INS 816 483 -93016768 -20971 -15728 -1270657408 694 -4932 -7827
8.599 2 ENERGY 3 8.133282 0.2 1.626656 6.240672 0.071826 0.56188
8.599 2 GPS 3 43817779 447810926 3367 652461 4 2 2395 294161250 30 0
8.600 2 ATTITUDE -0.219179 5.928885 -0.144296
8.711 2 GVF_PARAMETRIC 5 1 -6e-06 0.,0.1995,0.1995,0.546583,0.546583,0.05,61.347656,53.699219,0.,0.,0.,0.,0.,0.,0.,0. -1.351185,-1.494937
8.712 2 INS 816 483 -93047784 -20971 -15728 -1270857088 704 -4922 -7779
8.712 2 ROVER_CTRL 0. 0.044384 2518.039551 0. 1400. 600. 1000. -279.340118 62.138271 -64.492226 2.355616 -0.
8.713 2 ROTORCRAFT_FP 486 819 93053984 5242 -10485 1270896896 -897 -590 24284 0 0 0 0 375 0
8.713 2 ATTITUDE -0.218997 5.928845 -0.144279
8.714 2 INS 819 486 -93078808 -10485 10485 -1271056896 710 -4929 -7803
8.714 2 SERIAL_COM 300 -4936 749 -7789 0 0 0 14 201 80 76 0 0 0 0 0
8.715 2 GPS_INT 0 0 0 404513460 -37290748 702697 652461 0 0 0 82 10 294161500 92 26 3 1
8.715 2 ATTITUDE -0.219021 5.928922 -0.14433
8.738 2 INS 819 486 -93109832 -10485 10485 -1271256448 725 -4926 -7818
8.738 2 GPS_SOL 82 10 92 26
8.754 2 ATTITUDE -0.219056 5.92907 -0.144369
8.786 2 INS 819 486 -93140872 -10485 10485 -1271456384 721 -4936 -7780
8.801 2 ATTITUDE -0.219215 5.929178 -0.144426
8.802 2 LINK_REPORT 2 -1 9 0 24630 551 0 3185. 71. 1 30.84
8.833 2 INS 819 486 -93171928 -10485 10485 -1271656320 749 -4892 -7810
8.834 2 GPS 3 43817780 447810927 3367 652461 3 1 2395 294161500 30 0
8.860 2 GPS_INT 0 0 0 404513460 -37290748 702697 652461 0 0 0 82 10 294161500 92 26 3 1
8.860 2 ATTITUDE -0.219269 5.929239 -0.144462
8.876 2 INS 819 486 -93202968 -5242 -5242 -1271856000 720 -4916 -7826
8.902 2 ROTORCRAFT_FP 486 819 93209176 -5242 -5242 1271895936 -898 -591 24286 0 0 0 0 375 0
8.902 2 ATTITUDE -0.219372 5.92935 -0.144486
8.948 2 INS 819 486 -93234016 -5242 -5242 -1272055936 719 -4944 -7814
8.948 2 STATIC_CONTROL 0 0. 0 0. 0. 0. 0. 0. 0. 0. 0. 0. 0.
8.949 2 ATTITUDE -0.219385 5.929344 -0.144516
8.979 2 INS 819 486 -93265064 -5242 -5242 -1272255616 731 -4937 -7804
9.006 2 GPS_INT 0 0 0 404513460 -37290748 702698 652462 0 0 0 82 15 294161750 91 26 3 1
9.007 2 ATTITUDE -0.219273 5.929354 -0.144484
9.047 2 GVF_PARAMETRIC 5 1 -2e-06 -6.,15.398438,4.558594,27.417969,28.609375,49.796875,50.96875,67.96875,0.,0.,0.,0.,0.,0.,0.,0. -1.350013,-1.493765
9.047 2 INS 819 486 -93296128 -5242 -5242 -1272455296 714 -4926 -7808
9.047 2 DL_VALUE 85 0.
9.048 2 ATTITUDE -0.219422 5.929474 -0.144494
9.088 2 INS 819 486 -93327192 -5242 -5242 -1272655104 710 -4935 -7797
9.088 2 GPS 3 43817780 447810927 3367 652462 0 -2 2395 294161750 30 0
9.104 2 ATTITUDE -0.219346 5.929516 -0.144445
9.120 2 INS 819 486 -93358272 -5242 -5242 -1272854912 714 -4902 -7809
9.194 2 ROVER_CTRL 0. 0.044384 2518.039551 0. 1400. 600. 1000. -279.340118 62.138271 -64.492226 2.355616 -0.
9.195 2 ROTORCRAFT_FP 486 819 93364480 -5242 -5242 1272894976 -898 -591 24287 0 0 0 0 375 0
9.195 2 GPS_INT 0 0 0 404513460 -37290748 702698 652462 0 0 0 82 15 294161750 91 26 3 1
9.196 2 ATTITUDE -0.219254 5.929529 -0.144426
9.196 2 INS 824 488 -93389352 0 10485 -1273054848 756 -4908 -7786
9.196 2 SERIAL_COM 300 -4958 710 -7820 0 0 0 14 201 80 76 0 0 0 0 0
9.196 2 ATTITUDE -0.219299 5.929596 -0.14448
9.210 2 ROTORCRAFT_NAV_STATUS 238 238 0. 0. 5 0 2
9.210 2 IMU_MAG_RAW 255 0 0 0
9.226 2 INS 824 488 -93420424 5242 15728 -1273254528 713 -4929 -7807
9.242 2 ATTITUDE -0.219156 5.929609 -0.144493
9.274 2 INS 824 488 -93451520 5242 15728 -1273454208 712 -4927 -7799
9.300 2 GPS_INT 0 0 0 404513462 -37290747 702698 652462 0 0 0 81 9 294162000 91 26 3 1
9.301 2 ATTITUDE -0.219161 5.929701 -0.144524
9.332 2 INS 824 488 -93482600 5242 15728 -1273654144 750 -4983 -7791
9.332 2 GPS 3 43817781 447810929 3367 652462 4 -1 2395 294162000 30 0
9.348 2 ATTITUDE -0.218996 5.929691 -0.144488
9.380 2 INS 824 488 -93513688 5242 15728 -1273853568 724 -4921 -7779
9.396 2 ROTORCRAFT_FP 488 824 93519912 5242 -10485 1273893376 -896 -591 24288 0 0 0 0 375 0
9.397 2 ATTITUDE -0.219135 5.929829 -0.144529
9.460 2 GVF_PARAMETRIC 5 1 -4e-06 6.,18.136719,41.308594,44.878906,19.75,29.046875,61.347656,53.699219,0.,0.,0.,0.,0.,0.,0.,0. -1.349232,-1.491812
9.461 2 INS 824 488 -93544832 -15728 5242 -1274053760 708 -4907 -7818
9.461 2 GPS_INT 0 0 0 404513462 -37290746 702699 652463 0 0 0 81 14 294162250 91 26 3 1
9.461 2 ATTITUDE -0.219137 5.92983 -0.144547
9.486 2 INS 824 488 -93575904 -15728 5242 -1274253184 727 -4930 -7787
9.486 2 ROVER_STATUS 0 56 3 0 0 301 8.133282
9.502 2 ATTITUDE -0.219125 5.929871 -0.144552
9.518 2 INS 824 488 -93607024 -15728 5242 -1274453376 717 -4941 -7789
9.550 2 ATTITUDE -0.2192 5.929992 -0.144561
9.582 2 INS 824 488 -93638144 -15728 5242 -1274653440 740 -4932 -7796
9.582 2 GPS 3 43817782 447810929 3367 652463 3 -7 2395 294162250 30 0
9.631 2 GPS_INT 0 0 0 404513462 -37290746 702699 652463 0 0 0 81 14 294162250 91 26 3 1
9.631 2 ATTITUDE -0.219226 5.930112 -0.144519
9.632 2 WP_MOVED_ENU 10 12180 6215 2974
9.632 2 WP_MOVED_ENU 10 12180 6215 2974
9.632 2 INS 824 488 -93669256 -15728 5242 -1274853632 724 -4916 -7830
9.659 2 ROVER_CTRL 0. 0.044384 2518.039551 0. 1400. 600. 1000. -279.340118 62.138271 -64.492226 2.355616 -0.
9.659 2 ROTORCRAFT_FP 488 824 93675512 -10485 -47185 1274893696 -897 -591 24289 0 0 0 0 375 0
9.660 2 ATTITUDE -0.219123 5.930101 -0.144495
9.701 2 INS 824 488 -93700392 -52428 -15728 -1275053440 718 -4917 -7801
9.701 2 SERIAL_COM 301 -4941 717 -7789 0 0 0 14 202 80 76 0 0 0 0 0
9.702 2 STATE_FILTER_STATUS 6 3 0
9.702 2 ATTITUDE -0.219205 5.93027 -0.144473
9.733 2 INS 824 488 -93731528 -52428 -15728 -1275253248 718 -4941 -7765
9.749 2 GPS_INT 0 0 0 404513462 -37290746 702692 652456 0 0 0 81 12 294162500 92 26 3 1
9.749 2 ATTITUDE -0.219322 5.930458 -0.144435
9.781 2 INS 824 488 -93762648 -52428 -15728 -1275453184 719 -4936 -7796
9.796 2 ATTITUDE -0.219298 5.930488 -0.144478
9.802 2 LINK_REPORT 2 -1 10 0 27668 620 0 3038. 69. 1 30.84
9.850 2 GVF_PARAMETRIC 5 1 -1.4e-05 0.,0.1995,0.1995,0.546583,0.546583,0.05,61.347656,53.699219,0.,0.,0.,0.,0.,0.,0.,0. -1.349232,-1.491812
9.851 2 INS 824 488 -93793792 -52428 -15728 -1275652992 717 -4924 -7814
9.851 2 GPS 3 43817782 447810929 3367 652456 9 -4 2395 294162500 30 0
9.851 2 ATTITUDE -0.219349 5.930579 -0.144614
9.882 2 INS 824 488 -93824944 -52428 -15728 -1275852800 704 -4898 -7801
9.908 2 ROTORCRAFT_FP 488 824 93831176 -41943 5242 1275892608 -898 -592 24291 0 0 0 0 375 0
9.908 2 GPS_INT 0 0 0 404513462 -37290747 702703 652467 0 0 0 81 11 294162750 94 24 3 1
9.909 2 ATTITUDE -0.219348 5.93068 -0.144627
9.951 2 INS 824 488 -93856088 10485 -41943 -1276052352 740 -4927 -7836
9.951 2 STATIC_CONTROL 0 0. 0 0. 0. 0. 0. 0. 0. 0. 0. 0. 0.
9.951 2 ATTITUDE -0.219298 5.93076 -0.14457
9.966 2 INS 824 488 -93887256 10485 -41943 -1276251904 713 -4955 -7795
9.999 2 ATTITUDE -0.219302 5.930896 -0.144556
9.999 2 IMU_MAG_RAW 255 0 0 0
10.030 2 INS 824 488 -93918400 10485 -41943 -1276451200 725 -4911 -7797
10.047 2 GPS_INT 0 0 0 404513462 -37290747 702703 652467 0 0 0 81 11 294162750 94 24 3 1
10.047 2 ATTITUDE -0.219268 5.93086 -0.144558
10.078 2 INS 824 488 -93949568 10485 -41943 -1276650880 742 -4945 -7812
10.079 2 GPS 3 43817781 447810929 3367 652467 8 4 2395 294162750 30 0
10.094 2 ATTITUDE -0.21923 5.930921 -0.144548
10.164 2 INS 824 488 -93980736 10485 -41943 -1276850816 724 -4908 -7807
10.165 2 ROVER_CTRL 0. 0.044384 2518.039551 0. 1400. 600. 1000. -279.340118 62.138271 -64.492226 2.355616 -0.
10.165 2 ROTORCRAFT_FP 488 824 93987000 -41943 10485 1276891008 -897 -592 24293 0 0 0 0 375 0
10.166 2 ATTITUDE -0.219229 5.931041 -0.144557
10.180 2 INS 826 488 -94011920 -36700 10485 -1277050752 715 -4934 -7817
10.181 2 SERIAL_COM 301 -4970 688 -7768 0 0 0 14 202 80 76 0 0 0 0 0
10.207 2 GPS_INT 0 0 0 404513462 -37290747 702710 652474 0 0 0 81 12 294163000 94 24 3 1
10.207 2 ATTITUDE -0.219258 5.931097 -0.144616
10.244 2 GVF_PARAMETRIC 5 1 -9e-06 -6.,15.398438,4.558594,27.417969,28.609375,49.796875,50.96875,67.96875,0.,0.,0.,0.,0.,0.,0.,0. -1.349232,-1.491031
10.244 2 INS 826 488 -94043096 -41943 10485 -1277250304 742 -4941 -7797
10.245 2 ATTITUDE -0.219283 5.931171 -0.144678
10.275 2 INS 826 488 -94074288 -41943 10485 -1277450112 741 -4921 -7813
10.291 2 ATTITUDE -0.219304 5.931357 -0.144618
10.360 2 INS 826 488 -94105480 -41943 10485 -1277649792 722 -4933 -7786
10.360 2 GPS 3 43817781 447810929 3367 652474 8 -2 2395 294163000 30 0
10.361 2 GPS_INT 0 0 0 404513462 -37290747 702710 652474 0 0 0 81 12 294163000 94 24 3 1
10.361 2 PONG 
10.361 2 ATTITUDE -0.219286 5.931495 -0.144604
10.376 2 INS 826 488 -94136672 -41943 10485 -1277849600 762 -4917 -7788
10.402 2 ROTORCRAFT_FP 488 824 94142912 -5242 -10485 1277889536 -897 -592 24295 0 0 0 0 375 0
10.403 2 ATTITUDE -0.219241 5.931592 -0.144641
10.418 2 INS 824 488 -94167864 -10485 -10485 -1278049152 749 -4935 -7789
10.450 2 ATTITUDE -0.21923 5.931656 -0.144633
10.466 2 INS 824 488 -94199080 -10485 -10485 -1278248576 726 -4947 -7793
10.496 2 GPS_INT 0 0 0 404513462 -37290747 702700 652465 0 0 0 81 13 294163250 91 24 3 1
10.497 2 ATTITUDE -0.219078 5.931621 -0.14459
10.528 2 INS 824 488 -94230288 -10485 -10485 -1278448128 771 -4938 -7817
10.544 2 ATTITUDE -0.219037 5.931705 -0.144584
10.586 2 INS 824 488 -94261496 -10485 -10485 -1278647936 772 -4915 -7808
10.586 2 GPS 3 43817781 447810929 3367 652465 2 -5 2395 294163250 30 0
10.587 2 ATTITUDE -0.218996 5.931778 -0.144584
10.692 2 GVF_PARAMETRIC 5 1 -4e-06 6.,18.136719,41.308594,44.878906,19.75,29.046875,61.347656,53.699219,0.,0.,0.,0.,0.,0.,0.,0. -1.349232,-1.491812
10.692 2 INS 824 488 -94292720 -10485 -10485 -1278847744 782 -4927 -7795
10.692 2 ROVER_CTRL 0. 0.044384 2518.039551 0. 1400. 600. 1000. -279.340118 62.138271 -64.492226 2.355616 -0.
10.693 2 ROTORCRAFT_FP 488 824 94298960 -5242 -31457 1278887552 -896 -592 24296 0 0 0 0 375 0
10.693 2 GPS_INT 0 0 0 404513461 -37290747 702694 652458 0 0 0 80 12 294163500 89 25 3 1
10.694 2 DL_VALUE 86 1.
10.694 2 ATTITUDE -0.219053 5.931858 -0.14456
10.694 2 INS 824 488 -94323952 -31457 -5242 -1279047552 743 -4946 -7832
10.695 2 SERIAL_COM 302 -4932 725 -7801 0 0 0 14 203 80 76 0 0 0 0 0
10.707 2 ATTITUDE -0.218939 5.931926 -0.144494
10.733 2 INS 824 488 -94355176 -31457 -5242 -1279247488 750 -4946 -7801
10.733 2 GPS_SOL 80 12 89 25
10.749 2 ATTITUDE -0.219057 5.932057 -0.144458
10.765 2 INS 824 488 -94386408 -31457 -5242 -1279447424 726 -4928 -7807
10.795 2 GPS_INT 0 0 0 404513461 -37290747 702694 652458 0 0 0 80 12 294163500 89 25 3 1
10.796 2 ATTITUDE -0.21917 5.932149 -0.144454
10.796 2 ROTORCRAFT_NAV_STATUS 240 240 0. 0. 5 0 2
10.803 2 LINK_REPORT 2 -1 11 0 30743 688 0 3075. 68. 2 64.66
10.811 2 IMU_MAG_RAW 255 0 0 0
10.827 2 INS 824 488 -94417640 -31457 -5242 -1279647104 732 -4943 -7773
10.827 2 GPS 3 43817781 447810928 3367 652458 5 -5 2395 294163500 30 0
10.843 2 ATTITUDE -0.219359 5.932349 -0.144489
10.875 2 INS 824 488 -94448888 -31457 -5242 -1279846912 757 -4889 -7801
10.905 2 ROTORCRAFT_FP 488 824 94455136 -5242 0 1279886720 -898 -591 24298 0 0 0 0 375 0
10.905 2 ATTITUDE -0.219218 5.932311 -0.144436
10.906 2 WP_MOVED_ENU 11 2337 14133 2974
10.906 2 WP_MOVED_ENU 11 2337 14133 2974
10.959 2 INS 824 488 -94480144 0 0 -1280046848 731 -4924 -7828
10.959 2 STATIC_CONTROL 0 0. 0 0. 0. 0. 0. 0. 0. 0. 0. 0. 0.
10.959 2 GPS_INT 0 0 0 404513461 -37290747 702692 652456 0 0 0 80 11 294163750 89 24 3 1
10.960 2 ATTITUDE -0.219345 5.932418 -0.144428
10.975 2 INS 824 488 -94511400 0 0 -1280246912 725 -4954 -7816
10.976 2 ROVER_STATUS 0 55 3 0 0 302 8.142113
10.991 2 ATTITUDE -0.219323 5.932459 -0.144465
11.044 2 GVF_PARAMETRIC 5 1 0. 0.,0.1995,0.1995,0.546583,0.546583,0.05,61.347656,53.699219,0.,0.,0.,0.,0.,0.,0.,0. -1.349232,-1.491812
11.044 2 INS 824 488 -94542688 0 0 -1280446848 750 -4919 -7828
11.045 2 ATTITUDE -0.219243 5.932549 -0.144494
11.076 2 INS 824 488 -94573904 0 0 -1280646528 705 -4921 -7816
11.076 2 GPS 3 43817781 447810928 3367 652456 1 1 2395 294163750 30 0
11.117 2 GPS_INT 0 0 0 404513461 -37290747 702692 652456 0 0 0 80 11 294163750 89 24 3 1
11.117 2 ALIVE 122,195,7,233,5,247,195,75,60,187,26,129,128,90,246,93
11.117 2 ATTITUDE -0.219164 5.932651 -0.144478
11.117 2 INS 824 488 -94605168 0 0 -1280846464 736 -4930 -7801
11.156 2 ROVER_CTRL 0. 0.044384 2518.039551 0. 1400. 600. 1000. -279.340118 62.138271 -64.492226 2.355616 -0.
11.156 2 ROTORCRAFT_FP 488 824 94611424 0 0 1280886400 -897 -591 24299 0 0 0 0 375 0
11.157 2 ATTITUDE -0.219153 5.932615 -0.144521
11.183 2 INS 824 488 -94636440 5242 0 -1281046016 735 -4890 -7752
11.183 2 SERIAL_COM 302 -4953 717 -7801 0 0 0 14 203 80 76 0 0 0 0 0
11.198 2 ATTITUDE -0.219072 5.932618 -0.144547
11.215 2 INS 824 488 -94667712 15728 0 -1281246080 738 -4925 -7827
11.244 2 GPS_INT 0 0 0 404513462 -37290747 702689 652453 0 0 0 80 14 294164000 89 26 3 1
11.244 2 ATTITUDE -0.219208 5.932806 -0.144564
11.275 2 INS 824 488 -94698984 15728 0 -1281445888 728 -4919 -7804
11.291 2 ATTITUDE -0.219296 5.933021 -0.144543
11.323 2 INS 824 488 -94730280 15728 0 -1281645824 773 -4917 -7787
11.324 2 GPS 3 43817781 447810929 3367 652453 3 -5 2395 294164000 30 0
11.339 2 ATTITUDE -0.219261 5.933121 -0.144514
11.372 2 INS 824 488 -94761568 15728 0 -1281845632 759 -4934 -7790
11.408 2 ROTORCRAFT_FP 488 824 94767824 0 15728 1281885568 -897 -592 24302 0 0 0 0 375 0
11.409 2 GPS_INT 0 0 0 404513462 -37290747 702689 652453 0 0 0 80 14 294164000 89 26 3 1
11.409 2 ATTITUDE -0.219128 5.933066 -0.144522
11.445 2 GVF_PARAMETRIC 5 1 -4e-06 -6.,15.398438,4.558594,27.417969,28.609375,49.796875,50.96875,67.96875,0.,0.,0.,0.,0.,0.,0.,0. -1.349232,-1.491812
11.446 2 INS 829 486 -94792872 15728 5242 -1282044928 770 -4947 -7760
11.446 2 INS_REF 485058561 -31614701 411670235 404513171 -37290972 700771 650535 0.
11.446 2 ATTITUDE -0.219249 5.933221 -0.144547
11.461 2 INS 829 486 -94824176 15728 5242 -1282244096 738 -4933 -7800
11.493 2 ATTITUDE -0.219176 5.933142 -0.14459
11.525 2 INS 829 486 -94855488 15728 5242 -1282443776 735 -4954 -7825
11.541 2 GPS_INT 0 0 0 404513463 -37290748 702683 652447 0 0 0 80 11 294164250 89 26 3 1
11.542 2 ATTITUDE -0.219257 5.933325 -0.144598
11.573 2 INS 829 486 -94886800 15728 5242 -1282643456 738 -4904 -7793
11.573 2 GPS 3 43817780 447810930 3367 652447 4 -2 2395 294164250 30 0
11.589 2 ATTITUDE -0.219354 5.933547 -0.14462
11.605 2 IMU_MAG_RAW 255 0 0 0
11.659 2 INS 829 486 -94918112 15728 5242 -1282843136 718 -4898 -7781
11.659 2 ROVER_CTRL 0. 0.044384 2518.039551 0. 1400. 600. 1000. -279.340118 62.138271 -64.492226 2.355616 -0.
11.660 2 ROTORCRAFT_FP 486 829 94924376 5242 15728 1282883072 -898 -592 24303 0 0 0 0 360 0
11.660 2 ATTITUDE -0.219384 5.933641 -0.144625
11.675 2 INS 824 486 -94949432 -41943 0 -1283042304 749 -4903 -7748
11.675 2 SERIAL_COM 303 -4935 745 -7799 0 0 0 14 204 80 76 0 0 0 0 0
11.701 2 GPS_INT 0 0 0 404513462 -37290748 702669 652433 0 0 0 80 11 294164500 92 25 3 1
11.701 2 ATTITUDE -0.219302 5.93364 -0.144542
11.717 2 INS 824 486 -94980760 -41943 0 -1283241984 748 -4901 -7768
11.733 2 ATTITUDE -0.219129 5.933667 -0.144517
11.765 2 INS 824 486 -95012096 -41943 0 -1283442048 721 -4925 -7824
11.781 2 ATTITUDE -0.219113 5.933679 -0.14444
11.803 2 LINK_REPORT 2 -1 12 0 33749 756 0 3006. 68. 2 64.66
11.872 2 GVF_PARAMETRIC 5 1 -1e-05 6.,18.136719,41.308594,44.878906,19.75,29.046875,61.347656,53.699219,0.,0.,0.,0.,0.,0.,0.,0. -1.350013,-1.491812
11.873 2 INS 824 486 -95043424 -41943 0 -1283642112 762 -4951 -7844
11.873 2 GPS 3 43817780 447810929 3367 652433 7 -2 2395 294164500 30 0
11.873 2 GPS_INT 0 0 0 404513462 -37290748 702669 652433 0 0 0 80 11 294164500 92 25 3 1
11.874 2 ATTITUDE -0.219206 5.933774 -0.14448
11.874 2 INS 824 486 -95074768 -41943 0 -1283841664 773 -4938 -7748
11.888 2 ROTORCRAFT_FP 486 824 95081040 0 -41943 1283881600 -897 -591 24305 0 0 0 0 375 0
11.888 2 ATTITUDE -0.219165 5.933837 -0.14448
11.934 2 INS 824 483 -95106120 -20971 -5242 -1284041728 750 -4951 -7820
11.934 2 STATIC_CONTROL 0 0. 0 0. 0. 0. 0. 0. 0. 0. 0. 0. 0.
11.935 2 ATTITUDE -0.219038 5.933958 -0.144459
11.966 2 INS 824 483 -95137472 -20971 -5242 -1284241536 770 -4905 -7841
11.992 2 GPS_INT 0 0 0 404513462 -37290749 702667 652432 0 0 0 80 10 294164750 92 25 3 1
11.992 2 ATTITUDE -0.219014 5.934137 -0.144436
12.024 2 INS 824 483 -95168824 -20971 -5242 -1284441344 773 -4912 -7800
12.040 2 ATTITUDE -0.21906 5.93421 -0.144425
12.072 2 INS 824 483 -95200184 -20971 -5242 -1284641024 778 -4924 -7796
12.072 2 GPS 3 43817779 447810929 3367 652432 4 -1 2395 294164750 30 0
12.088 2 ATTITUDE -0.219125 5.934301 -0.144463
12.195 2 INS 824 483 -95231552 -20971 -5242 -1284840960 743 -4934 -7830
12.195 2 ROVER_CTRL 0. 0.044384 2518.039551 0. 1400. 600. 1000. -279.340118 62.138271 -64.492226 2.355616 -0.
12.196 2 ROTORCRAFT_FP 483 824 95237824 -5242 -20971 1284880896 -897 -591 24306 0 0 0 0 375 0
12.196 2 GPS_INT 0 0 0 404513462 -37290749 702667 652432 0 0 0 80 10 294164750 92 25 3 1
12.196 2 ATTITUDE -0.219047 5.934312 -0.144422
12.197 2 INS 824 483 -95262928 -20971 -5242 -1285040384 749 -4922 -7813
12.197 2 SERIAL_COM 303 -4924 753 -7768 0 0 0 14 204 80 76 0 0 0 0 0
12.197 2 ATTITUDE -0.219057 5.934349 -0.144407
12.198 2 WP_MOVED_ENU 12 760 1031 2560
12.198 2 WP_MOVED_ENU 12 760 1031 2560
12.248 2 GVF_PARAMETRIC 5 1 -5e-06 0.,0.1995,0.1995,0.546583,0.546583,0.05,61.347656,53.699219,0.,0.,0.,0.,0.,0.,0.,0. -1.351185,-1.491812
12.248 2 INS 819 481 -95294304 -41943 0 -1285239808 720 -4900 -7796
12.249 2 DL_VALUE 87 3.
12.249 2 ATTITUDE -0.218924 5.934438 -0.144423
12.264 2 INS 819 481 -95325680 -41943 0 -1285439616 773 -4940 -7827
12.290 2 GPS_INT 0 0 0 404513460 -37290750 702654 652418 0 0 0 79 12 294165000 89 26 3 1
12.290 2 ATTITUDE -0.218926 5.934422 -0.144408
12.321 2 INS 819 481 -95357064 -41943 0 -1285639680 781 -4926 -7850
12.322 2 GPS 3 43817778 447810927 3367 652418 7 -6 2395 294165000 30 0
12.337 2 ATTITUDE -0.218918 5.934501 -0.144395
12.369 2 INS 819 481 -95388456 -41943 0 -1285839488 742 -4900 -7805
12.395 2 ROTORCRAFT_FP 481 819 95394728 0 -41943 1285879424 -896 -591 24307 0 0 0 0 375 0
12.396 2 ATTITUDE -0.219045 5.934626 -0.144436
12.396 2 ROTORCRAFT_NAV_STATUS 242 242 0. 0. 5 0 2
12.396 2 IMU_MAG_RAW 255 0 0 0
12.411 2 INS 816 481 -95419880 -57671 -5242 -1286039680 736 -4929 -7826
12.439 2 GPS_INT 0 0 0 404513459 -37290750 702656 652420 0 0 0 79 12 294165250 89 26 3 1
12.440 2 ATTITUDE -0.219205 5.93483 -0.144469
12.440 2 DATALINK_REPORT 2 66 20826 3081 0 3
12.471 2 INS 816 481 -95451248 -57671 -5242 -1286239360 762 -4928 -7821
12.472 2 ROVER_STATUS 0 58 3 0 0 304 8.142113
12.487 2 ATTITUDE -0.21924 5.934978 -0.144453
12.519 2 INS 816 481 -95482664 -57671 -5242 -1286439296 742 -4921 -7808
12.535 2 ATTITUDE -0.21941 5.935081 -0.144488
12.577 2 INS 816 481 -95514072 -57671 -5242 -1286638720 736 -4926 -7798
12.578 2 GPS 3 43817778 447810926 3367 652420 10 8 2395 294165250 30 0
12.595 2 GPS_INT 0 0 0 404513459 -37290750 702656 652420 0 0 0 79 12 294165250 89 26 3 1
12.596 2 ATTITUDE -0.219344 5.935059 -0.144528
12.679 2 GVF_PARAMETRIC 5 1 -1.4e-05 -6.,15.398438,4.558594,27.417969,28.609375,49.796875,50.96875,67.96875,0.,0.,0.,0.,0.,0.,0.,0. -1.351966,-1.494937
12.680 2 INS 816 481 -95545488 -57671 -5242 -1286837888 744 -4967 -7777
12.681 2 ROVER_CTRL 0. 0.044384 2518.039551 0. 1400. 600. 1000. -279.340118 62.138271 -64.492226 2.355616 -0.
12.681 2 ROTORCRAFT_FP 481 816 95551768 -5242 -57671 1286877824 -898 -591 24310 0 0 0 0 375 0
12.682 2 ATTITUDE -0.219435 5.935152 -0.144461
12.682 2 INS 811 478 -95576896 -26214 -10485 -1287037696 774 -4896 -7808
12.683 2 SERIAL_COM 304 -4930 760 -7796 0 0 0 14 205 80 76 0 0 0 0 0
12.693 2 ATTITUDE -0.219241 5.935103 -0.144403
12.709 2 INS 811 478 -95608320 -26214 -10485 -1287237760 743 -4921 -7809
12.725 2 GPS_SOL 79 11 89 26
12.741 2 GPS_INT 0 0 0 404513457 -37290751 702667 652431 0 0 0 79 11 294165500 89 26 3 1
12.742 2 ATTITUDE -0.219283 5.935082 -0.144401
12.757 2 INS 811 478 -95639752 -26214 -10485 -1287437312 733 -4912 -7812
12.789 2 ATTITUDE -0.219344 5.935256 -0.144401
12.803 2 LINK_REPORT 2 -1 13 0 36911 827 0 3162. 71. 2 64.66
12.821 2 INS 811 478 -95671176 -26214 -10485 -1287637248 762 -4924 -7792
12.822 2 GPS 3 43817778 447810924 3367 652431 4 1 2395 294165500 30 0
12.837 2 ATTITUDE -0.219357 5.935183 -0.144391
12.869 2 INS 811 478 -95702616 -26214 -10485 -1287837184 775 -4902 -7792
12.944 2 ROTORCRAFT_FP 478 811 95708896 -10485 -26214 1287876992 -898 -591 24310 0 0 0 0 375 0
12.945 2 GPS_INT 0 0 0 404513457 -37290751 702667 652431 0 0 0 79 11 294165500 89 26 3 1
12.945 2 STATE_FILTER_STATUS 6 3 0
12.945 2 ATTITUDE -0.21939 5.935256 -0.144391
12.945 2 INS 808 476 -95734056 5242 -26214 -1288036736 727 -4913 -7781
12.946 2 STATIC_CONTROL 0 0. 0 0. 0. 0. 0. 0. 0. 0. 0. 0. 0.
12.946 2 ATTITUDE -0.219492 5.935353 -0.144408
12.960 2 INS 808 476 -95765512 5242 -26214 -1288236928 762 -4949 -7811
12.992 2 ATTITUDE -0.219491 5.935538 -0.144468
13.091 2 GVF_PARAMETRIC 5 1 -7e-06 6.,18.136719,41.308594,44.878906,19.75,29.046875,61.347656,53.699219,0.,0.,0.,0.,0.,0.,0.,0. -1.353919,-1.498062
13.092 2 INS 808 476 -95796968 5242 -26214 -1288436224 755 -4931 -7792
13.092 2 GPS_INT 0 0 0 404513457 -37290752 702661 652425 0 0 0 79 11 294165750 89 25 3 1
13.093 2 AUTOPILOT_VERSION 60200 v6.2_unstable-650-g74eaf7c20-dirty
13.093 2 ATTITUDE -0.219386 5.935729 -0.144452
13.093 2 INS 808 476 -95828432 5242 -26214 -1288635776 768 -4902 -7812
13.093 2 ENERGY 3 8.133282 0.2 1.626656 6.162583 0.072075 0.563904
13.094 2 GPS 3 43817777 447810924 3367 652425 4 0 2395 294165750 30 0
13.094 2 ATTITUDE -0.219347 5.935804 -0.144364
13.107 2 INS 808 476 -95859888 5242 -26214 -1288835584 734 -4962 -7798
13.149 2 ROVER_CTRL 0. 0.044384 2518.039551 0. 1400. 600. 1000. -279.340118 62.138271 -64.492226 2.355616 -0.
13.149 2 ROTORCRAFT_FP 476 808 95866208 -26214 5242 1288875776 -898 -591 24312 0 0 0 0 375 0
13.150 2 ATTITUDE -0.219232 5.935789 -0.144341
13.175 2 INS 814 473 -95891344 10485 -15728 -1289035392 787 -4917 -7817
13.175 2 SERIAL_COM 304 -4962 734 -7798 0 0 0 14 205 80 76 0 0 0 0 0
13.201 2 GPS_INT 0 0 0 404513458 -37290754 702687 652451 0 0 0 79 14 294166000 92 23 3 1
13.202 2 ATTITUDE -0.219337 5.935969 -0.144415
13.202 2 IMU_MAG_RAW 255 0 0 0
13.217 2 INS 814 473 -95922832 15728 -20971 -1289235456 751 -4905 -7803
13.233 2 ATTITUDE -0.219226 5.936077 -0.144277
13.265 2 INS 814 473 -95954304 15728 -20971 -1289435008 756 -4954 -7804
13.280 2 ATTITUDE -0.219192 5.936118 -0.144326
13.323 2 INS 814 473 -95985776 15728 -20971 -1289634688 729 -4927 -7803
13.323 2 GPS 3 43817775 447810925 3367 652451 5 12 2395 294166000 30 0
13.349 2 GPS_INT 0 0 0 404513458 -37290754 702687 652451 0 0 0 79 14 294166000 92 23 3 1
13.349 2 ATTITUDE -0.219388 5.936249 -0.144338
13.365 2 INS 814 473 -96017264 15728 -20971 -1289834112 760 -4936 -7789
13.391 2 ROTORCRAFT_FP 473 814 96023568 -20971 15728 1289874048 -898 -591 24314 0 0 0 0 360 0
13.391 2 ATTITUDE -0.219429 5.936235 -0.1443
13.432 2 GVF_PARAMETRIC 5 1 -6e-06 0.,0.1995,0.1995,0.546583,0.546583,0.05,61.347656,53.699219,0.,0.,0.,0.,0.,0.,0.,0. -1.355091,-1.495718
13.433 2 INS 816 471 -96048752 -26214 -10485 -1290033920 768 -4978 -7837
13.433 2 ATTITUDE -0.219379 5.936305 -0.144333
13.464 2 INS 816 471 -96080264 -26214 -10485 -1290233856 744 -4926 -7793
13.505 2 GPS_INT 0 0 0 404513459 -37290755 702694 652458 0 0 0 79 12 294166250 92 24 3 1
13.505 2 ATTITUDE -0.219381 5.936374 -0.144311
13.505 2 WP_MOVED_ENU 13 775 -1018 2560
13.505 2 WP_MOVED_ENU 13 775 -1018 2560
13.506 2 INS 816 471 -96111792 -26214 -10485 -1290433536 761 -4932 -7775
13.536 2 ATTITUDE -0.219537 5.936548 -0.144269
13.568 2 INS 816 471 -96143280 -26214 -10485 -1290632960 746 -4925 -7794
13.569 2 GPS 3 43817774 447810926 3367 652458 4 3 2395 294166250 30 0
13.584 2 ATTITUDE -0.219551 5.936635 -0.144316
13.676 2 INS 816 471 -96174768 -26214 -10485 -1290832256 780 -4889 -7791
13.677 2 ROVER_CTRL 0. 0.044384 2518.039551 0. 1400. 600. 1000. -279.340118 62.138271 -64.492226 2.355616 -0.
13.677 2 ROTORCRAFT_FP 471 816 96181072 -10485 -26214 1290872192 -899 -591 24316 0 0 0 0 375 0
13.678 2 GPS_INT 0 0 0 404513459 -37290755 702694 652458 0 0 0 79 12 294166250 92 24 3 1
13.678 2 ATTITUDE -0.219539 5.936811 -0.144225
13.678 2 INS 816 468 -96206424 5242 -5242 -1291032576 780 -4954 -7798
13.678 2 SERIAL_COM 305 -4932 776 -7795 0 0 0 14 206 80 76 0 0 0 0 0
13.679 2 ATTITUDE -0.219568 5.936822 -0.144227
13.708 2 INS 816 468 -96237816 5242 -5242 -1291231744 780 -4931 -7814
13.724 2 ATTITUDE -0.219586 5.936922 -0.144233
13.756 2 INS 816 468 -96269344 5242 -5242 -1291431808 748 -4951 -7791
13.795 2 GPS_INT 0 0 0 404513459 -37290756 702700 652464 0 0 0 78 14 294166500 92 24 3 1
13.796 2 ALIVE 122,195,7,233,5,247,195,75,60,187,26,129,128,90,246,93
13.796 2 ATTITUDE -0.219481 5.936974 -0.144215
13.804 2 LINK_REPORT 2 -1 14 0 39999 896 0 3088. 69. 2 64.66
13.844 2 GVF_PARAMETRIC 5 1 -2e-06 -6.,15.398438,4.558594,27.417969,28.609375,49.796875,50.96875,67.96875,0.,0.,0.,0.,0.,0.,0.,0. -1.357044,-1.494937
13.844 2 INS 816 468 -96300880 5242 -5242 -1291631616 764 -4928 -7800
13.844 2 GPS 3 43817773 447810926 3367 652464 1 7 2395 294166500 30 0
13.845 2 DL_VALUE 88 1.
13.845 2 ATTITUDE -0.219441 5.936971 -0.144262
13.859 2 INS 816 468 -96332416 5242 -5242 -1291831168 738 -4924 -7783
13.885 2 ROTORCRAFT_FP 468 816 96338720 -5242 5242 1291871104 -898 -590 24317 0 0 0 0 360 0
13.886 2 ATTITUDE -0.219394 5.936993 -0.144283
13.944 2 INS 816 468 -96363952 0 -10485 -1292031232 747 -4938 -7848
13.944 2 STATIC_CONTROL 0 0. 0 0. 0. 0. 0. 0. 0. 0. 0. 0. 0.
13.945 2 GPS_INT 0 0 0 404513459 -37290756 702712 652476 0 0 0 78 12 294166750 93 25 3 1
13.945 2 ATTITUDE -0.219358 5.937003 -0.144337
13.970 2 INS 816 468 -96395488 0 -10485 -1292231424 749 -4946 -7812
13.970 2 ROVER_STATUS 0 57 3 0 0 305 8.142113
13.986 2 ATTITUDE -0.219346 5.936977 -0.144382
13.986 2 ROTORCRAFT_NAV_STATUS 243 243 0. 0. 5 0 2
14.017 2 IMU_MAG_RAW 255 0 0 0
14.017 2 INS 816 468 -96427080 0 -10485 -1292431488 783 -4923 -7836
14.033 2 ATTITUDE -0.219313 5.937011 -0.144357
14.065 2 INS 816 468 -96458584 0 -10485 -1292630912 755 -4928 -7776
14.065 2 GPS 3 43817773 447810926 3367 652476 2 1 2395 294166750 30 0
14.092 2 GPS_INT 0 0 0 404513459 -37290756 702712 652476 0 0 0 78 12 294166750 93 25 3 1
14.093 2 ATTITUDE -0.219321 5.937109 -0.144361
14.108 2 INS 816 468 -96490152 0 -10485 -1292830464 747 -4930 -7797
14.147 2 ROVER_CTRL 0. 0.044384 2518.039551 0. 1400. 600. 1000. -279.340118 62.138271 -64.492226 2.355616 -0.
14.148 2 ROTORCRAFT_FP 468 816 96496464 -10485 0 1292870528 -898 -591 24318 0 0 0 0 375 0
14.148 2 ATTITUDE -0.219398 5.937162 -0.144363
14.173 2 INS 816 468 -96521728 0 -10485 -1293030016 747 -4910 -7777
14.173 2 SERIAL_COM 305 -4924 745 -7799 0 0 0 14 206 80 76 0 0 0 0 0
14.174 2 ATTITUDE -0.219287 5.93711 -0.144335
14.240 2 GVF_PARAMETRIC 5 1 -3e-06 6.,18.136719,41.308594,44.878906,19.75,29.046875,61.347656,53.699219,0.,0.,0.,0.,0.,0.,0.,0. -1.357044,-1.494937
14.241 2 INS 821 465 -96553304 10485 -10485 -1293229824 776 -4916 -7778
14.241 2 GPS_INT 0 0 0 404513460 -37290757 702705 652469 0 0 0 78 12 294167000 93 24 3 1
14.241 2 ATTITUDE -0.219288 5.937243 -0.144312
14.256 2 INS 821 465 -96584872 10485 -10485 -1293429376 729 -4916 -7810
14.288 2 ATTITUDE -0.219263 5.937325 -0.144352
14.304 2 INS 821 465 -96616456 10485 -10485 -1293628928 779 -4925 -7811
14.320 2 GPS 3 43817772 447810927 3367 652469 3 -1 2395 294167000 30 0
14.336 2 ATTITUDE -0.2191 5.937268 -0.14436
14.352 2 INS 821 465 -96648040 10485 -10485 -1293828480 770 -4945 -7801
14.394 2 ROTORCRAFT_FP 465 821 96654360 -10485 10485 1293868416 -897 -591 24319 0 0 0 0 375 0
14.394 2 GPS_INT 0 0 0 404513460 -37290757 702705 652469 0 0 0 78 12 294167000 93 24 3 1
14.395 2 ATTITUDE -0.219096 5.937285 -0.144405
14.410 2 INS 821 463 -96679632 10485 -26214 -1294028288 772 -4911 -7835
14.425 2 ATTITUDE -0.219316 5.937531 -0.1444
14.458 2 INS 821 463 -96711232 10485 -26214 -1294228096 820 -4879 -7825
14.474 2 ATTITUDE -0.219239 5.937506 -0.144379
14.505 2 INS 821 463 -96742840 10485 -26214 -1294427904 750 -4901 -7804
14.533 2 GPS_INT 0 0 0 404513461 -37290758 702685 652449 0 0 0 78 13 294167250 93 24 3 1
14.533 2 ATTITUDE -0.219053 5.937459 -0.144375
14.565 2 INS 821 463 -96774440 10485 -26214 -1294627712 768 -4946 -7786
14.565 2 GPS 3 43817772 447810928 3367 652449 5 -7 2395 294167250 30 0
14.581 2 ATTITUDE -0.218931 5.937468 -0.144334
14.667 2 GVF_PARAMETRIC 5 1 -7e-06 0.,0.1995,0.1995,0.546583,0.546583,0.05,61.347656,53.699219,0.,0.,0.,0.,0.,0.,0.,0. -1.358997,-1.492984
14.669 2 INS 821 463 -96806048 10485 -26214 -1294827392 758 -4918 -7794
14.669 2 ROVER_CTRL 0. 0.044384 2518.039551 0. 1400. 600. 1000. -279.340118 62.138271 -64.492226 2.355616 -0.
14.670 2 ROTORCRAFT_FP 463 821 96812400 -26214 10485 1294867456 -897 -591 24320 0 0 0 0 375 0
14.671 2 ATTITUDE -0.219075 5.93761 -0.144384
14.672 2 INS 826 463 -96837808 20971 36700 -1295027968 778 -4886 -7786
14.672 2 SERIAL_COM 306 -4880 748 -7810 0 0 0 14 207 80 76 0 0 0 0 0
14.692 2 GPS_INT 0 0 0 404513462 -37290758 702685 652449 0 0 0 78 10 294167500 93 25 3 1
14.693 2 ATTITUDE -0.219289 5.937819 -0.144353
14.718 2 INS 826 463 -96869272 20971 36700 -1295226752 767 -4930 -7795
14.718 2 GPS_SOL 78 10 93 25
14.733 2 ATTITUDE -0.219352 5.938009 -0.144325
14.765 2 INS 826 463 -96900896 20971 36700 -1295426432 784 -4896 -7788
14.781 2 ATTITUDE -0.219359 5.938034 -0.144313
14.782 2 WP_MOVED_ENU 14 -760 -1031 2560
14.798 2 WP_MOVED_ENU 14 -760 -1031 2560
14.798 2 IMU_MAG_RAW 255 0 0 0
14.805 2 LINK_REPORT 2 -1 15 0 43093 966 0 3094. 70. 2 64.66
14.838 2 INS 826 463 -96932512 20971 36700 -1295626368 769 -4911 -7829
14.839 2 GPS 3 43817772 447810929 3367 652449 10 -3 2395 294167500 30 0
14.839 2 GPS_INT 0 0 0 404513462 -37290758 702685 652449 0 0 0 78 10 294167500 93 25 3 1
14.839 2 ATTITUDE -0.219249 5.938172 -0.144311
14.855 2 INS 826 463 -96964144 20971 36700 -1295826176 778 -4919 -7802
14.881 2 ROTORCRAFT_FP 463 826 96970472 36700 20971 1295866240 -898 -591 24323 0 0 0 0 375 0
14.882 2 ATTITUDE -0.219262 5.938255 -0.144296
14.927 2 INS 826 468 -96995784 20971 20971 -1296025984 759 -4932 -7805
14.928 2 STATIC_CONTROL 0 0. 0 0. 0. 0. 0. 0. 0. 0. 0. 0. 0.
14.928 2 ATTITUDE -0.219297 5.938313 -0.144377
14.959 2 INS 826 468 -97027424 20971 20971 -1296225536 755 -4925 -7801
14.986 2 GPS_INT 0 0 0 404513463 -37290756 702688 652452 0 0 0 78 9 294167750 93 24 3 1
14.986 2 ATTITUDE -0.219325 5.938417 -0.144425
15.028 2 GVF_PARAMETRIC 5 1 -7e-06 -6.,15.398438,4.558594,27.417969,28.609375,49.796875,50.96875,67.96875,0.,0.,0.,0.,0.,0.,0.,0. -1.357044,-1.491031
15.028 2 INS 826 468 -97059064 20971 20971 -1296425472 764 -4918 -7803
15.028 2 ATTITUDE -0.219242 5.93849 -0.144458
15.069 2 INS 826 468 -97090712 20971 20971 -1296625280 793 -4898 -7802
15.069 2 GPS 3 43817773 447810930 3367 652452 7 4 2395 294167750 30 0
15.085 2 ATTITUDE -0.219241 5.938527 -0.144443
15.101 2 INS 826 468 -97122376 20971 20971 -1296825088 738 -4911 -7787
15.174 2 ROVER_CTRL 0. 0.044384 2518.039551 0. 1400. 600. 1000. -279.340118 62.138271 -64.492226 2.355616 -0.
15.175 2 ROTORCRAFT_FP 468 826 97128704 20971 20971 1296864896 -897 -591 24324 0 0 0 0 375 0
15.175 2 GPS_INT 0 0 0 404513463 -37290756 702688 652452 0 0 0 78 9 294167750 93 24 3 1
15.176 2 ATTITUDE -0.219186 5.938557 -0.14443
15.176 2 INS 826 468 -97154048 20971 20971 -1297025280 767 -4924 -7797
15.176 2 SERIAL_COM 306 -4909 779 -7809 0 0 0 14 207 80 76 0 0 0 0 0
15.176 2 ATTITUDE -0.219223 5.938718 -0.14443
15.206 2 INS 829 473 -97185720 -20971 36700 -1297225472 749 -4939 -7809
15.222 2 ATTITUDE -0.219209 5.938762 -0.144391
15.254 2 INS 829 473 -97217384 -20971 36700 -1297425536 756 -4960 -7813
15.280 2 GPS_INT 0 0 0 404513463 -37290754 702710 652474 0 0 0 78 11 294168000 92 25 3 1
15.281 2 ATTITUDE -0.219254 5.93883 -0.144413
15.327 2 INS 829 473 -97249056 -20971 36700 -1297624832 762 -4935 -7789
15.328 2 GPS 3 43817775 447810930 3367 652474 9 1 2395 294168000 30 0
15.328 2 PONG 
15.328 2 ATTITUDE -0.219263 5.939014 -0.144368
15.359 2 INS 829 473 -97280744 -20971 36700 -1297824896 766 -4892 -7831
15.386 2 ROTORCRAFT_FP 473 829 97287104 36700 -20971 1297865088 -897 -591 24326 0 0 0 0 375 0
15.386 2 ATTITUDE -0.219256 5.939161 -0.144349
15.447 2 GVF_PARAMETRIC 5 1 -1e-05 6.,18.136719,41.308594,44.878906,19.75,29.046875,61.347656,53.699219,0.,0.,0.,0.,0.,0.,0.,0. -1.355091,-1.489859
15.448 2 INS 824 476 -97312424 -36700 68157 -1298024960 778 -4919 -7807
15.448 2 GPS_INT 0 0 0 404513462 -37290752 702729 652493 0 0 0 78 11 294168250 92 25 3 1
15.449 2 DL_VALUE 89 10.
15.449 2 ATTITUDE -0.219173 5.939169 -0.144343
15.463 2 INS 824 476 -97344120 -36700 68157 -1298224512 768 -4921 -7773
15.463 2 ROVER_STATUS 0 56 3 0 0 307 8.142113
15.479 2 ATTITUDE -0.21922 5.939181 -0.144321
15.511 2 INS 824 476 -97375816 -36700 68157 -1298424448 761 -4934 -7835
15.527 2 ATTITUDE -0.219232 5.939254 -0.144364
15.570 2 INS 824 476 -97407520 -36700 68157 -1298624128 758 -4940 -7823
15.570 2 GPS 3 43817777 447810929 451 652493 15 5 2395 294168250 30 0
15.636 2 GPS_INT 0 0 0 404513462 -37290752 702729 652493 0 0 0 78 11 294168250 92 25 3 1
15.637 2 ATTITUDE -0.219119 5.939274 -0.144278
15.637 2 ROTORCRAFT_NAV_STATUS 245 245 0. 0. 5 0 2
15.637 2 IMU_MAG_RAW 255 0 0 0
15.637 2 INS 824 476 -97439224 -36700 68157 -1298823936 762 -4914 -7789
15.637 2 ROVER_CTRL 0. 0.044384 2518.039551 0. 1400. 600. 1000. -279.340118 62.138271 -64.492226 2.355616 -0.
15.638 2 ROTORCRAFT_FP 476 824 97445568 68157 -36700 1298864000 -897 -590 24327 0 0 0 0 375 0
15.638 2 ATTITUDE -0.219194 5.939262 -0.144284
15.665 2 INS 821 481 -97470936 -20971 10485 -1299024128 785 -4906 -7816
15.665 2 SERIAL_COM 307 -4934 761 -7835 0 0 0 14 208 80 76 0 0 0 0 0
15.681 2 ATTITUDE -0.219169 5.939296 -0.144355
15.713 2 INS 821 481 -97502648 -20971 10485 -1299223936 778 -4884 -7822
15.729 2 GPS_INT 0 0 0 404513461 -37290750 702757 652521 0 0 0 77 15 294168500 92 25 3 1
15.733 2 ATTITUDE -0.219187 5.939415 -0.144312
15.761 2 INS 821 481 -97534368 -20971 10485 -1299423872 765 -4899 -7774
15.776 2 ATTITUDE -0.219136 5.939507 -0.144295
15.806 2 LINK_REPORT 2 -1 16 0 46075 1033 0 2982. 67. 3 30.52
15.830 2 GVF_PARAMETRIC 5 1 -6e-06 0.,0.1995,0.1995,0.546583,0.546583,0.05,61.347656,53.699219,0.,0.,0.,0.,0.,0.,0.,0. -1.351966,-1.492984
15.831 2 INS 821 481 -97566096 -20971 10485 -1299622912 762 -4921 -7763
15.831 2 GPS 3 43817778 447810928 451 652521 5 12 2395 294168500 30 0
15.832 2 ATTITUDE -0.219217 5.939586 -0.144324
15.862 2 INS 821 481 -97597816 -20971 10485 -1299822976 781 -4886 -7835
15.888 2 ROTORCRAFT_FP 481 821 97604168 10485 -20971 1299863040 -897 -590 24328 0 0 0 0 375 0
15.889 2 GPS_INT 0 0 0 404513461 -37290750 702757 652521 0 0 0 77 15 294168500 92 25 3 1
15.889 2 ATTITUDE -0.219191 5.939837 -0.144275
15.932 2 INS 821 481 -97629568 10485 0 -1300022784 782 -4925 -7791
15.932 2 STATIC_CONTROL 0 0. 0 0. 0. 0. 0. 0. 0. 0. 0. 0. 0.
15.932 2 ATTITUDE -0.219166 5.939921 -0.144335
15.948 2 INS 821 481 -97661312 10485 0 -1300222592 770 -4946 -7767
15.979 2 ATTITUDE -0.219121 5.939888 -0.144348
16.012 2 INS 821 481 -97693048 10485 0 -1300422400 777 -4931 -7799
16.028 2 GPS_INT 0 0 0 404513461 -37290750 702790 652554 0 0 0 77 14 294168750 88 25 3 1
16.028 2 ATTITUDE -0.21934 5.940129 -0.144353
16.070 2 INS 821 481 -97724784 10485 0 -1300622208 769 -4865 -7792
16.070 2 GPS 3 43817778 447810928 451 652554 3 8 2395 294168750 30 0
16.070 2 STATE_FILTER_STATUS 6 3 0
16.070 2 ATTITUDE -0.219449 5.940264 -0.144414
16.085 2 WP_MOVED_ENU 15 -775 1018 2560
16.085 2 WP_MOVED_ENU 15 -775 1018 2560
16.102 2 INS 821 481 -97756536 10485 0 -1300822016 780 -4890 -7790
16.141 2 ROVER_CTRL 0. 0.044384 2518.039551 0. 1400. 600. 1000. -279.340118 62.138271 -64.492226 2.355616 -0.
16.142 2 ROTORCRAFT_FP 481 821 97762888 0 10485 1300862080 -898 -591 24331 0 0 0 0 375 0
16.142 2 ATTITUDE -0.219446 5.94039 -0.144445
16.168 2 INS 821 481 -97788296 10485 0 -1301021568 772 -4888 -7771
16.169 2 SERIAL_COM 307 -4925 782 -7791 0 0 0 14 208 80 76 0 0 0 0 0
16.195 2 GPS_INT 0 0 0 404513462 -37290750 702773 652537 0 0 0 77 11 294169000 93 24 3 1
16.196 2 ATTITUDE -0.219341 5.940383 -0.14444
16.237 2 GVF_PARAMETRIC 5 1 -3e-06 -6.,15.398438,4.558594,27.417969,28.609375,49.796875,50.96875,67.96875,0.,0.,0.,0.,0.,0.,0.,0. -1.351966,-1.492984
16.238 2 INS 824 481 -97820104 5242 -26214 -1301221376 790 -4904 -7786
16.239 2 ATTITUDE -0.219281 5.940398 -0.144375
16.247 2 INS 824 481 -97851832 5242 -26214 -1301420928 772 -4919 -7808
16.278 2 ATTITUDE -0.219437 5.940573 -0.144437
16.310 2 INS 824 481 -97883616 5242 -26214 -1301620480 777 -4923 -7797
16.311 2 GPS 3 43817778 447810929 451 652537 4 -2 2395 294169000 30 0
16.336 2 GPS_INT 0 0 0 404513462 -37290750 702773 652537 0 0 0 77 11 294169000 93 24 3 1
16.337 2 ATTITUDE -0.219398 5.940658 -0.144457
16.352 2 INS 824 481 -97915392 5242 -26214 -1301820288 806 -4932 -7793
16.379 2 ROTORCRAFT_FP 481 824 97921744 -26214 5242 1301860096 -898 -591 24333 0 0 0 0 375 0
16.379 2 ATTITUDE -0.219329 5.940766 -0.144512
16.379 2 IMU_MAG_RAW 255 0 0 0
16.410 2 INS 824 476 -97947176 -26214 -20971 -1302019968 767 -4931 -7815
16.426 2 ATTITUDE -0.219243 5.94073 -0.14451
16.458 2 INS 824 476 -97978976 -26214 -20971 -1302219520 777 -4916 -7778
16.484 2 GPS_INT 0 0 0 404513462 -37290752 702805 652569 0 0 0 77 14 294169250 93 23 3 1
16.485 2 ALIVE 122,195,7,233,5,247,195,75,60,187,26,129,128,90,246,93
16.485 2 ATTITUDE -0.21932 5.940817 -0.144552
16.513 2 INS 824 476 -98010776 -26214 -20971 -1302419328 787 -4905 -7805
16.514 2 INS_REF 485058561 -31614701 411670235 404513171 -37290972 700771 650535 0.
16.529 2 ATTITUDE -0.219318 5.940927 -0.144567
16.545 2 INS 824 476 -98042568 -26214 -20971 -1302619136 779 -4936 -7769
16.561 2 GPS 3 43817777 447810929 451 652569 5 15 2395 294169250 30 0
16.577 2 ATTITUDE -0.219119 5.940851 -0.144447
16.685 2 GVF_PARAMETRIC 5 1 -8e-06 6.,18.136719,41.308594,44.878906,19.75,29.046875,61.347656,53.699219,0.,0.,0.,0.,0.,0.,0.,0. -1.353919,-1.491812
16.686 2 INS 824 476 -98074368 -26214 -20971 -1302819200 794 -4924 -7800
16.687 2 ROVER_CTRL 0. 0.044384 2518.039551 0. 1400. 600. 1000. -279.340118 62.138271 -64.492226 2.355616 -0.
16.687 2 ROTORCRAFT_FP 476 824 98080760 -20971 -26214 1302859392 -898 -591 24333 0 0 0 0 375 0
16.688 2 GPS_INT 0 0 0 404513462 -37290752 702805 652569 0 0 0 77 14 294169250 93 23 3 1
16.689 2 ATTITUDE -0.219352 5.940964 -0.144515
16.689 2 INS 829 473 -98106168 10485 -20971 -1303019008 786 -4938 -7807
16.689 2 SERIAL_COM 308 -4961 784 -7821 0 0 0 14 209 80 76 0 0 0 0 0
16.690 2 ATTITUDE -0.219425 5.94109 -0.144546
16.715 2 INS 829 473 -98137992 10485 -20971 -1303218816 789 -4938 -7822
16.716 2 GPS_SOL 77 15 93 22
16.716 2 ATTITUDE -0.219415 5.941127 -0.144476
16.747 2 INS 829 473 -98169800 10485 -20971 -1303418624 774 -4931 -7820
16.776 2 GPS_INT 0 0 0 404513463 -37290753 702832 652597 0 0 0 77 15 294169500 93 22 3 1
16.776 2 ATTITUDE -0.219424 5.941173 -0.144503
16.806 2 LINK_REPORT 2 -1 17 0 49235 1103 0 3160. 70. 3 30.52
16.808 2 INS 829 473 -98201624 10485 -20971 -1303618432 751 -4895 -7782
16.808 2 GPS 3 43817776 447810930 451 652597 3 10 2395 294169500 30 0
16.824 2 ATTITUDE -0.219445 5.941224 -0.144495
16.856 2 INS 829 473 -98233464 10485 -20971 -1303818752 772 -4916 -7833
16.872 2 ROTORCRAFT_FP 473 829 98239824 -20971 10485 1303858560 -898 -592 24335 0 0 0 0 375 0
16.872 2 ATTITUDE -0.219419 5.941311 -0.144601
16.931 2 INS 826 476 -98265288 -41943 15728 -1304018304 758 -4935 -7824
16.931 2 STATIC_CONTROL 0 0. 0 0. 0. 0. 0. 0. 0. 0. 0. 0. 0.
16.932 2 GPS_INT 0 0 0 404513463 -37290753 702862 652626 0 0 0 77 14 294169750 93 23 3 1
16.932 2 ATTITUDE -0.219388 5.941367 -0.14457
16.961 2 INS 826 476 -98297128 -41943 15728 -1304218240 758 -4950 -7820
16.961 2 ROVER_STATUS 0 58 3 0 0 308 8.142113
16.977 2 ATTITUDE -0.219484 5.941483 -0.144603
17.031 2 GVF_PARAMETRIC 5 1 -1.1e-05 0.,0.1995,0.1995,0.546583,0.546583,0.05,61.347656,53.699219,0.,0.,0.,0.,0.,0.,0.,0. -1.353919,-1.491031
17.032 2 INS 826 476 -98328960 -41943 15728 -1304418688 783 -4936 -7813
17.032 2 DL_VALUE 90 0.
17.032 2 ATTITUDE -0.219568 5.941666 -0.144599
17.061 2 INS 826 476 -98360816 -41943 15728 -1304618240 767 -4905 -7797
17.062 2 GPS 3 43817776 447810930 451 652626 9 11 2395 294169750 30 0
17.087 2 GPS_INT 0 0 0 404513463 -37290753 702862 652626 0 0 0 77 14 294169750 93 23 3 1
17.088 2 ATTITUDE -0.219334 5.94173 -0.144556
17.140 2 INS 826 476 -98392664 -41943 15728 -1304818176 765 -4951 -7816
17.140 2 ROVER_CTRL 0. 0.044384 2518.039551 0. 1400. 600. 1000. -279.340118 62.138271 -64.492226 2.355616 -0.
17.141 2 ROTORCRAFT_FP 476 826 98399040 15728 -41943 1304858112 -897 -592 24337 0 0 0 0 375 0
17.141 2 ATTITUDE -0.219365 5.941761 -0.144562
17.156 2 INS 824 478 -98424536 -47185 15728 -1305017984 791 -4901 -7811
17.156 2 SERIAL_COM 308 -4938 752 -7823 0 0 0 14 209 80 76 0 0 0 0 0
17.171 2 ATTITUDE -0.219274 5.941778 -0.144652
17.188 2 ROTORCRAFT_NAV_STATUS 246 246 0. 0. 5 0 2
17.188 2 IMU_MAG_RAW 255 0 0 0
17.204 2 INS 824 478 -98456400 -47185 20971 -1305217920 780 -4966 -7785
17.230 2 GPS_INT 0 0 0 404513462 -37290752 702870 652634 0 0 0 77 13 294170000 95 23 3 1
17.230 2 ATTITUDE -0.21947 5.94193 -0.144697
17.245 2 INS 824 478 -98488272 -47185 20971 -1305417472 796 -4920 -7773
17.277 2 ATTITUDE -0.219522 5.942043 -0.144686
17.294 2 INS 824 478 -98520136 -47185 20971 -1305617024 802 -4910 -7789
17.310 2 GPS 3 43817777 447810929 451 652634 9 0 2395 294170000 30 0
17.326 2 ATTITUDE -0.21945 5.942111 -0.144664
17.342 2 INS 824 478 -98552016 -47185 20971 -1305816960 800 -4935 -7788
17.395 2 ROTORCRAFT_FP 478 824 98558392 20971 -47185 1305856896 -899 -592 24339 0 0 0 0 375 0
17.395 2 GPS_INT 0 0 0 404513462 -37290752 702870 652634 0 0 0 77 13 294170000 95 23 3 1
17.396 2 ATTITUDE -0.219509 5.942268 -0.144621
17.396 2 WP_MOVED_ENU 16 50798 51645 2557
17.396 2 WP_MOVED_ENU 16 50798 51645 2557
17.432 2 GVF_PARAMETRIC 5 1 -1.3e-05 -6.,15.398438,4.558594,27.417969,28.609375,49.796875,50.96875,67.96875,0.,0.,0.,0.,0.,0.,0.,0. -1.353138,-1.491812
17.432 2 INS 824 478 -98583968 -15728 0 -1306016896 812 -4902 -7791
17.433 2 ATTITUDE -0.219498 5.942257 -0.144639
17.448 2 INS 824 478 -98615792 -15728 0 -1306215936 819 -4898 -7827
17.463 2 ATTITUDE -0.219424 5.942228 -0.144626
17.495 2 INS 824 478 -98647688 -15728 0 -1306416000 789 -4896 -7803
17.524 2 GPS_INT 0 0 0 404513462 -37290751 702870 652634 0 0 0 77 15 294170250 95 23 3 1
17.524 2 DATALINK_REPORT 2 67 21177 3071 0 3
17.524 2 ATTITUDE -0.219566 5.942369 -0.144683
17.566 2 INS 824 478 -98679592 -15728 0 -1306615552 790 -4896 -7804
17.566 2 ENERGY 3 8.150944 0.2 1.630189 6.086786 0.07232 0.5659
17.566 2 GPS 3 43817778 447810929 451 652634 2 -3 2395 294170250 30 0
17.566 2 ATTITUDE -0.219731 5.942608 -0.144712
17.636 2 INS 824 478 -98711488 -15728 0 -1306815360 777 -4936 -7814
17.637 2 ROVER_CTRL 0. 0.044384 2518.039551 0. 1400. 600. 1000. -279.340118 62.138271 -64.492226 2.355616 -0.
17.637 2 ROTORCRAFT_FP 478 824 98717872 0 -15728 1306855424 -899 -592 24340 0 0 0 0 375 0
17.638 2 ATTITUDE -0.219571 5.942582 -0.144688
17.678 2 INS 821 478 -98743400 -36700 -10485 -1307015424 777 -4909 -7771
17.679 2 SERIAL_COM 309 -4952 778 -7815 0 0 0 14 210 80 76 0 0 0 0 0
17.679 2 GPS_INT 0 0 0 404513461 -37290751 702870 652634 0 0 0 77 12 294170500 94 23 3 1
17.679 2 ATTITUDE -0.219632 5.942763 -0.144704
17.694 2 INS 821 478 -98775296 -36700 -10485 -1307215104 807 -4972 -7808
17.726 2 ATTITUDE -0.219804 5.942823 -0.144739
17.742 2 INS 821 478 -98807224 -36700 -10485 -1307415424 805 -4943 -7825
17.774 2 ATTITUDE -0.219773 5.942906 -0.14468
17.806 2 LINK_REPORT 2 -1 18 0 52248 1172 0 3013. 69. 3 30.52
17.853 2 GVF_PARAMETRIC 5 1 -9e-06 6.,18.136719,41.308594,44.878906,19.75,29.046875,61.347656,53.699219,0.,0.,0.,0.,0.,0.,0.,0. -1.353138,-1.492984
17.854 2 INS 821 478 -98839136 -36700 -10485 -1307614848 804 -4946 -7790
17.854 2 GPS 3 43817778 447810928 451 652634 6 -1 2395 294170500 30 0
17.855 2 GPS_INT 0 0 0 404513461 -37290751 702870 652634 0 0 0 77 12 294170500 94 23 3 1
17.855 2 ATTITUDE -0.219865 5.943055 -0.144725
17.856 2 INS 821 478 -98871072 -36700 -10485 -1307814656 776 -4947 -7840
17.877 2 ROTORCRAFT_FP 478 821 98877456 -10485 -36700 1307854464 -900 -592 24342 0 0 0 0 375 0
17.878 2 ATTITUDE -0.219886 5.943176 -0.144737
17.893 2 INS 824 478 -98903016 -15728 -26214 -1308014080 808 -4941 -7791
17.922 2 STATIC_CONTROL 0 0. 0 0. 0. 0. 0. 0. 0. 0. 0. 0. 0.
17.923 2 ATTITUDE -0.219767 5.943292 -0.144682
17.954 2 INS 824 478 -98934960 -15728 -26214 -1308213760 795 -4934 -7789
17.985 2 GPS_INT 0 0 0 404513461 -37290751 702877 652641 0 0 0 77 11 294170750 95 24 3 1
17.985 2 ATTITUDE -0.219693 5.943357 -0.144681
17.986 2 IMU_MAG_RAW 255 0 0 0
18.001 2 INS 824 478 -98966904 -15728 -26214 -1308413696 787 -4901 -7793
18.017 2 ATTITUDE -0.219677 5.943391 -0.144699
18.059 2 INS 824 478 -98998856 -15728 -26214 -1308613632 811 -4920 -7791
18.059 2 GPS 3 43817778 447810928 451 652641 4 3 2395 294170750 30 0
18.075 2 ATTITUDE -0.21977 5.9435 -0.144756
18.091 2 INS 824 478 -99030792 -15728 -26214 -1308813056 798 -4919 -7807
18.166 2 ROVER_CTRL 0. 0.044384 2518.039551 0. 1400. 600. 1000. -279.340118 62.138271 -64.492226 2.355616 -0.
18.167 2 ROTORCRAFT_FP 478 824 99037184 -26214 -15728 1308852992 -899 -592 24344 0 0 0 0 375 0
18.168 2 GPS_INT 0 0 0 404513461 -37290751 702877 652641 0 0 0 77 11 294170750 95 24 3 1
18.169 2 ATTITUDE -0.219641 5.943457 -0.144727
18.169 2 INS 824 478 -99062752 -15728 -26214 -1309012608 780 -4925 -7772
18.170 2 SERIAL_COM 309 -4930 810 -7808 0 0 0 14 210 80 76 0 0 0 0 0
18.171 2 ATTITUDE -0.219627 5.943554 -0.144731
18.220 2 GVF_PARAMETRIC 5 1 -8e-06 0.,0.1995,0.1995,0.546583,0.546583,0.05,61.347656,53.699219,0.,0.,0.,0.,0.,0.,0.,0. -1.353138,-1.491812
18.222 2 INS 824 478 -99094752 5242 15728 -1309212800 770 -4901 -7824
18.222 2 ATTITUDE -0.219703 5.943616 -0.144671
18.250 2 INS 824 478 -99126672 5242 15728 -1309412352 792 -4934 -7794
18.276 2 GPS_INT 0 0 0 404513462 -37290751 702886 652650 0 0 0 76 10 294171000 96 21 3 1
18.276 2 ATTITUDE -0.219862 5.943727 -0.144683
18.307 2 INS 824 478 -99158640 5242 15728 -1309611776 800 -4919 -7812
18.307 2 GPS 3 43817778 447810929 451 652650 5 -3 2395 294171000 30 0
18.323 2 ATTITUDE -0.219905 5.943864 -0.144718
18.339 2 INS 824 478 -99190616 5242 15728 -1309811456 801 -4930 -7813
18.371 2 ROTORCRAFT_FP 478 824 99197016 15728 5242 1309851264 -900 -592 24346 0 0 0 0 375 0
18.371 2 ATTITUDE -0.219966 5.943953 -0.14479
18.403 2 INS 824 481 -99222600 -5242 -10485 -1310010752 787 -4928 -7776
18.419 2 GPS_INT 0 0 0 404513462 -37290750 702871 652635 0 0 0 76 11 294171250 95 23 3 1
18.419 2 ATTITUDE -0.220016 5.944005 -0.144794
18.451 2 INS 824 481 -99254592 -10485 -10485 -1310210560 799 -4932 -7799
18.451 2 ROVER_STATUS 0 60 3 0 0 310 8.142113
18.467 2 ATTITUDE -0.220111 5.94419 -0.144802
18.499 2 INS 824 481 -99286576 -10485 -10485 -1310410240 781 -4917 -7814
18.515 2 ATTITUDE -0.219947 5.944061 -0.144736
18.557 2 INS 824 481 -99318560 -10485 -10485 -1310609664 761 -4923 -7794
18.557 2 GPS 3 43817778 447810929 451 652635 1 1 2395 294171250 30 0
18.573 2 GPS_INT 0 0 0 404513462 -37290750 702871 652635 0 0 0 76 11 294171250 95 23 3 1
18.573 2 ATTITUDE -0.219922 5.944103 -0.144688
18.673 2 GVF_PARAMETRIC 5 1 -4e-06 -6.,15.398438,4.558594,27.417969,28.609375,49.796875,50.96875,67.96875,0.,0.,0.,0.,0.,0.,0.,0. -1.351966,-1.491812
18.674 2 INS 824 481 -99350560 -10485 -10485 -1310809088 794 -4916 -7828
18.674 2 ROVER_CTRL 0. 0.044384 2518.039551 0. 1400. 600. 1000. -279.340118 62.138271 -64.492226 2.355616 -0.
18.674 2 ROTORCRAFT_FP 481 824 99356960 -10485 -10485 1310849024 -900 -592 24346 0 0 0 0 375 0
18.674 2 DL_VALUE 91 0.
18.674 2 ATTITUDE -0.219906 5.944067 -0.144744
18.675 2 INS 829 481 -99382568 5242 -5242 -1311008384 781 -4903 -7777
18.675 2 SERIAL_COM 310 -4951 810 -7768 0 0 0 14 211 80 76 0 0 0 0 0
18.675 2 ATTITUDE -0.219969 5.944274 -0.144735
18.704 2 WP_MOVED_ENU 17 51645 -50798 2557
18.705 2 WP_MOVED_ENU 17 51645 -50798 2557
18.752 2 INS 829 481 -99414608 5242 -5242 -1311207936 763 -4940 -7778
18.753 2 GPS_SOL 76 13 95 24
18.753 2 GPS_INT 0 0 0 404513463 -37290750 702879 652643 0 0 0 76 13 294171500 95 24 3 1
18.753 2 ATTITUDE -0.219899 5.944298 -0.144765
18.754 2 INS 829 481 -99446592 5242 -5242 -1311407488 812 -4946 -7799
18.768 2 ATTITUDE -0.219792 5.944258 -0.14479
18.800 2 ROTORCRAFT_NAV_STATUS 248 248 0. 0. 5 0 2
18.800 2 IMU_MAG_RAW 255 0 0 0
18.800 2 INS 829 481 -99478608 5242 -5242 -1311607168 816 -4965 -7805
18.800 2 GPS 3 43817778 447810930 451 652643 2 -4 2395 294171500 30 0
18.807 2 LINK_REPORT 2 -1 19 0 55501 1245 0 3253. 73. 3 30.52
18.815 2 ATTITUDE -0.219785 5.944377 -0.144877
18.847 2 INS 829 481 -99510624 5242 -5242 -1311807360 787 -4937 -7819
18.885 2 ROTORCRAFT_FP 481 829 99517040 -5242 5242 1311847296 -900 -593 24348 0 0 0 0 375 0
18.885 2 GPS_INT 0 0 0 404513463 -37290750 702879 652643 0 0 0 76 13 294171500 95 24 3 1
18.885 2 ATTITUDE -0.219893 5.944506 -0.144832
18.914 2 INS 829 483 -99542664 -10485 5242 -1312007168 814 -4939 -7831
18.915 2 STATIC_CONTROL 0 0. 0 0. 0. 0. 0. 0. 0. 0. 0. 0. 0.
18.915 2 ATTITUDE -0.21983 5.944501 -0.144816
18.946 2 INS 829 483 -99574696 -15728 10485 -1312206720 795 -4900 -7787
18.962 2 ATTITUDE -0.219642 5.944507 -0.144763
19.027 2 GVF_PARAMETRIC 5 1 -5e-06 6.,18.136719,41.308594,44.878906,19.75,29.046875,61.347656,53.699219,0.,0.,0.,0.,0.,0.,0.,0. -1.351185,-1.489859
19.027 2 INS 829 483 -99606736 -15728 10485 -1312406272 773 -4918 -7770
19.027 2 GPS_INT 0 0 0 404513463 -37290749 702866 652630 0 0 0 76 14 294171750 95 23 3 1
19.028 2 ATTITUDE -0.219753 5.944746 -0.144759
19.054 2 INS 829 483 -99638768 -15728 10485 -1312605824 797 -4913 -7820
19.055 2 GPS 3 43817779 447810930 451 652630 3 -11 2395 294171750 30 0
19.070 2 ATTITUDE -0.219684 5.94473 -0.144721
19.086 2 INS 829 483 -99670816 -15728 10485 -1312805504 791 -4933 -7823
19.102 2 ROVER_CTRL 0. 0.044384 2518.039551 0. 1400. 600. 1000. -279.340118 62.138271 -64.492226 2.355616 -0.
19.128 2 ROTORCRAFT_FP 483 829 99677224 10485 -15728 1312845568 -899 -592 24349 0 0 0 0 375 0
19.129 2 ATTITUDE -0.219542 5.944751 -0.144675
19.182 2 INS 832 483 -99702872 5242 -26214 -1313005312 776 -4920 -7793
19.183 2 SERIAL_COM 310 -4933 791 -7823 0 0 0 14 211 80 76 0 0 0 0 0
19.183 2 GPS_INT 0 0 0 404513464 -37290749 702890 652654 0 0 0 76 14 294172000 95 22 3 1
19.184 2 ALIVE 122,195,7,233,5,247,195,75,60,187,26,129,128,90,246,93
19.184 2 ATTITUDE -0.219467 5.944788 -0.144704
19.198 2 INS 832 483 -99734920 5242 -31457 -1313205248 780 -4919 -7782
19.214 2 ATTITUDE -0.219413 5.944831 -0.144668
19.246 2 INS 832 483 -99766984 5242 -31457 -1313404928 824 -4905 -7833
19.246 2 STATE_FILTER_STATUS 6 3 0
19.262 2 ATTITUDE -0.21918 5.944743 -0.144684
19.304 2 INS 832 483 -99799056 5242 -31457 -1313605120 829 -4950 -7832
19.304 2 GPS 3 43817779 447810931 451 652654 5 11 2395 294172000 30 0
19.330 2 GPS_INT 0 0 0 404513464 -37290749 702890 652654 0 0 0 76 14 294172000 95 22 3 1
19.331 2 ATTITUDE -0.21932 5.944823 -0.144672
19.346 2 INS 832 483 -99831128 5242 -31457 -1313804544 792 -4915 -7788
19.372 2 ROTORCRAFT_FP 483 832 99837536 -31457 5242 1313844352 -898 -592 24349 0 0 0 0 375 0
19.372 2 ATTITUDE -0.219329 5.944874 -0.144664
19.413 2 GVF_PARAMETRIC 5 1 -8e-06 0.,0.1995,0.1995,0.546583,0.546583,0.05,61.347656,53.699219,0.,0.,0.,0.,0.,0.,0.,0. -1.351185,-1.488687
19.414 2 INS 832 481 -99863200 -26214 -15728 -1314004352 810 -4919 -7805
19.414 2 ATTITUDE -0.219332 5.944938 -0.144611
19.445 2 INS 832 481 -99895280 -20971 -15728 -1314204032 823 -4885 -7779
19.471 2 GPS_INT 0 0 0 404513464 -37290750 702902 652666 0 0 0 76 10 294172250 95 24 3 1
19.472 2 ATTITUDE -0.219239 5.945064 -0.144589
19.487 2 INS 832 481 -99927368 -20971 -15728 -1314404096 809 -4938 -7836
19.519 2 ATTITUDE -0.219386 5.945329 -0.144602
19.535 2 INS 832 481 -99959456 -20971 -15728 -1314603776 829 -4917 -7815
19.551 2 GPS 3 43817778 447810931 451 652666 5 2 2395 294172250 30 0
19.567 2 ATTITUDE -0.219429 5.945442 -0.144723
19.567 2 IMU_MAG_RAW 255 0 0 0
19.658 2 INS 832 481 -99991576 -20971 -15728 -1314803712 806 -4923 -7811
19.658 2 ROVER_CTRL 0. 0.044384 2518.039551 0. 1400. 600. 1000. -279.340118 62.138271 -64.492226 2.355616 -0.
19.659 2 ROTORCRAFT_FP 481 832 99997976 -15728 -20971 1314843520 -899 -592 24352 0 0 0 0 375 0
19.659 2 GPS_INT 0 0 0 404513464 -37290750 702902 652666 0 0 0 76 10 294172250 95 24 3 1
19.659 2 ATTITUDE -0.219525 5.945501 -0.144759
19.660 2 INS 832 481 -100023664 0 -15728 -1315003008 843 -4942 -7780
19.660 2 SERIAL_COM 311 -4946 805 -7793 0 0 0 14 212 80 76 0 0 0 0 0
19.660 2 ATTITUDE -0.219547 5.945573 -0.144767
19.690 2 INS 832 481 -100055768 0 -15728 -1315202688 816 -4928 -7788
19.706 2 ATTITUDE -0.219242 5.945424 -0.144653
19.738 2 INS 832 481 -100087880 0 -15728 -1315401984 851 -4897 -7764
19.766 2 GPS_INT 0 0 0 404513464 -37290750 702922 652686 0 0 0 76 14 294172500 95 23 3 1
19.766 2 ATTITUDE -0.219295 5.945481 -0.144631
19.808 2 LINK_REPORT 2 -1 20 0 58358 1308 0 2857. 63. 3 30.52
19.819 2 GVF_PARAMETRIC 5 1 -4e-06 -6.,15.398438,4.558594,27.417969,28.609375,49.796875,50.96875,67.96875,0.,0.,0.,0.,0.,0.,0.,0. -1.351966,-1.488687
19.820 2 INS 832 481 -100120040 0 -15728 -1315601664 794 -4921 -7797
19.820 2 GPS 3 43817778 447810931 451 652686 2 8 2395 294172500 30 0
19.820 2 ATTITUDE -0.21942 5.94566 -0.144605
19.835 2 INS 832 481 -100152120 0 -15728 -1315801344 816 -4936 -7826
19.867 2 ROTORCRAFT_FP 481 832 100158536 -15728 0 1315841152 -899 -592 24353 0 0 0 0 375 0
19.867 2 ATTITUDE -0.219597 5.94574 -0.144679
19.899 2 INS 834 481 -100184248 -15728 -5242 -1316001152 843 -4926 -7808
19.899 2 STATIC_CONTROL 0 0. 0 0. 0. 0. 0. 0. 0. 0. 0. 0. 0.
19.926 2 GPS_INT 0 0 0 404513465 -37290750 702935 652699 0 0 0 76 12 294172750 95 23 3 1
19.926 2 ATTITUDE -0.219668 5.945847 -0.144786
19.952 2 INS 834 481 -100216368 -20971 -10485 -1316201088 823 -4908 -7839
19.952 2 ROVER_STATUS 0 60 3 0 0 311 8.150944
19.968 2 ATTITUDE -0.21951 5.945756 -0.144744
19.968 2 WP_MOVED_ENU 18 -50798 -51645 2557
19.983 2 WP_MOVED_ENU 18 -50798 -51645 2557
19.984 2 INS 834 481 -100248504 -20971 -10485 -1316400896 786 -4945 -7800
20.015 2 ATTITUDE -0.21961 5.945913 -0.144721
20.047 2 INS 834 481 -100280648 -20971 -10485 -1316600960 790 -4935 -7809
20.048 2 GPS 3 43817778 447810933 451 652699 3 -5 2395 294172750 30 0
20.074 2 GPS_INT 0 0 0 404513465 -37290750 702935 652699 0 0 0 76 12 294172750 95 23 3 1
20.074 2 ATTITUDE -0.219508 5.946063 -0.144714
20.129 2 INS 834 481 -100312784 -20971 -10485 -1316800640 795 -4914 -7794
20.129 2 ROVER_CTRL 0. 0.044384 2518.039551 0. 1400. 600. 1000. -279.340118 62.138271 -64.492226 2.355616 -0.
20.129 2 ROTORCRAFT_FP 481 834 100319216 -10485 -20971 1316840448 -899 -592 24355 0 0 0 0 375 0
20.130 2 ATTITUDE -0.219635 5.946257 -0.144749
20.156 2 INS 834 481 -100344944 -20971 -10485 -1317000448 833 -4941 -7790
20.156 2 SERIAL_COM 311 -4932 833 -7812 0 0 0 14 212 80 76 0 0 0 0 0
20.157 2 ATTITUDE -0.219611 5.946368 -0.144761
20.233 2 GVF_PARAMETRIC 5 1 -6e-06 6.,18.136719,41.308594,44.878906,19.75,29.046875,61.347656,53.699219,0.,0.,0.,0.,0.,0.,0.,0. -1.351966,-1.487906
20.233 2 INS 834 483 -100377152 -20971 0 -1317200512 801 -4890 -7806
20.234 2 GPS_INT 0 0 0 404513465 -37290749 702952 652716 0 0 0 75 12 294173000 96 22 3 1
20.234 2 DL_VALUE 92 1.
20.234 2 ATTITUDE -0.219601 5.946356 -0.144777
20.248 2 INS 834 483 -100409256 -20971 0 -1317400064 791 -4923 -7818
20.264 2 ATTITUDE -0.219416 5.946231 -0.144821
20.296 2 INS 834 483 -100441416 -20971 0 -1317599616 803 -4923 -7822
20.297 2 GPS 3 43817779 447810933 451 652716 3 3 2395 294173000 30 0
20.312 2 ATTITUDE -0.219385 5.94635 -0.144775
20.328 2 PONG 
20.344 2 INS 834 483 -100473584 -20971 0 -1317799296 813 -4887 -7774
20.392 2 ROTORCRAFT_FP 483 834 100480024 0 -20971 1317839232 -898 -592 24356 0 0 0 0 375 0
20.393 2 GPS_INT 0 0 0 404513465 -37290749 702952 652716 0 0 0 75 12 294173000 96 22 3 1
20.393 2 ATTITUDE -0.219611 5.946569 -0.144786
20.393 2 ROTORCRAFT_NAV_STATUS 250 250 0. 0. 5 0 2
20.394 2 IMU_MAG_RAW 255 0 0 0
20.394 2 INS 834 483 -100505792 36700 -5242 -1317998976 828 -4930 -7794
20.408 2 ATTITUDE -0.219485 5.946544 -0.144775
20.440 2 INS 834 483 -100537928 36700 -5242 -1318198528 826 -4879 -7806
20.456 2 ATTITUDE -0.219236 5.946487 -0.144738
20.488 2 INS 834 483 -100570104 36700 -5242 -1318398464 793 -4939 -7796
20.514 2 GPS_INT 0 0 0 404513465 -37290749 702970 652734 0 0 0 75 10 294173250 95 24 3 1
20.515 2 ATTITUDE -0.219276 5.9466 -0.144717
20.546 2 INS 834 483 -100602296 36700 -5242 -1318598144 826 -4918 -7786
20.547 2 GPS 3 43817779 447810933 451 652734 7 0 2395 294173250 30 0
20.562 2 ATTITUDE -0.219362 5.946728 -0.14477
20.673 2 GVF_PARAMETRIC 5 1 -9e-06 0.,0.1995,0.1995,0.546583,0.546583,0.05,61.347656,53.699219,0.,0.,0.,0.,0.,0.,0.,0. -1.351185,-1.487906
20.674 2 INS 834 483 -100634536 36700 -5242 -1318798080 806 -4913 -7823
20.674 2 ROVER_CTRL 0. 0.044384 2518.039551 0. 1400. 600. 1000. -279.340118 62.138271 -64.492226 2.355616 -0.
20.675 2 ROTORCRAFT_FP 483 834 100640936 -5242 36700 1318837760 -898 -592 24357 0 0 0 0 375 0
20.675 2 ATTITUDE -0.219237 5.946797 -0.144751
20.675 2 INS 832 486 -100666696 -31457 -5242 -1318997632 801 -4919 -7792
20.675 2 SERIAL_COM 312 -4898 824 -7796 0 0 0 14 213 80 76 0 0 0 0 0
20.676 2 GPS_INT 0 0 0 404513465 -37290748 702974 652738 0 0 0 75 10 294173500 95 24 3 1
20.676 2 ATTITUDE -0.21938 5.946992 -0.14479
20.699 2 INS 832 486 -100698896 -31457 -10485 -1319197312 818 -4905 -7800
20.700 2 GPS_SOL 75 10 95 24
20.715 2 ATTITUDE -0.219332 5.947022 -0.144744
20.731 2 INS 832 486 -100731104 -31457 -10485 -1319396992 816 -4903 -7815
20.763 2 ATTITUDE -0.219157 5.947038 -0.144679
20.795 2 INS 832 486 -100763320 -31457 -10485 -1319596544 812 -4920 -7800
20.795 2 GPS 3 43817780 447810933 451 652738 6 1 2395 294173500 30 0
20.809 2 LINK_REPORT 2 -1 21 0 61528 1380 0 3170. 72. 4 30.27
20.821 2 GPS_INT 0 0 0 404513465 -37290748 702974 652738 0 0 0 75 10 294173500 95 24 3 1
20.821 2 ATTITUDE -0.219125 5.947005 -0.144692
20.837 2 INS 832 486 -100795528 -31457 -10485 -1319796608 846 -4928 -7826
20.863 2 ROTORCRAFT_FP 486 832 100801976 -10485 -31457 1319836544 -897 -592 24359 0 0 0 0 375 0
20.863 2 ATTITUDE -0.2192 5.94714 -0.144764
20.909 2 INS 832 483 -100827760 -26214 0 -1319996288 811 -4897 -7803
20.910 2 STATIC_CONTROL 0 0. 0 0. 0. 0. 0. 0. 0. 0. 0. 0. 0.
20.911 2 ATTITUDE -0.21925 5.947176 -0.144747
20.941 2 INS 832 483 -100859992 -26214 5242 -1320196096 835 -4919 -7804
20.967 2 GPS_INT 0 0 0 404513464 -37290749 702979 652743 0 0 0 75 11 294173750 95 23 3 1
20.967 2 ATTITUDE -0.21918 5.947272 -0.144707
21.008 2 GVF_PARAMETRIC 5 1 -7e-06 -6.,15.398438,4.558594,27.417969,28.609375,49.796875,50.96875,67.96875,0.,0.,0.,0.,0.,0.,0.,0. -1.351185,-1.488687
21.009 2 INS 832 483 -100892224 -26214 5242 -1320395648 834 -4910 -7797
21.009 2 ATTITUDE -0.219201 5.947386 -0.144773
21.050 2 INS 832 483 -100924456 -26214 5242 -1320595200 790 -4931 -7799
21.050 2 GPS 3 43817779 447810931 451 652743 4 0 2395 294173750 30 0
21.066 2 ATTITUDE -0.219088 5.947393 -0.144674
21.082 2 INS 832 483 -100956704 -26214 5242 -1320794752 803 -4917 -7787
21.159 2 ROVER_CTRL 0. 0.044384 2518.039551 0. 1400. 600. 1000. -279.340118 62.138271 -64.492226 2.355616 -0.
21.160 2 ROTORCRAFT_FP 483 832 100963152 5242 -26214 1320834560 -897 -592 24360 0 0 0 0 375 0
21.160 2 GPS_INT 0 0 0 404513464 -37290749 702979 652743 0 0 0 75 11 294173750 95 23 3 1
21.161 2 ATTITUDE -0.219117 5.947484 -0.144648
21.161 2 INS 832 483 -100988952 -26214 5242 -1320994176 806 -4910 -7794
21.161 2 SERIAL_COM 312 -4892 807 -7789 0 0 0 14 213 80 76 0 0 0 0 0
21.162 2 ATTITUDE -0.219199 5.947582 -0.14466
21.175 2 IMU_MAG_RAW 255 0 0 0
21.191 2 INS 826 483 -101021192 -31457 -20971 -1321194240 802 -4915 -7798
21.207 2 ATTITUDE -0.219146 5.947645 -0.144615
21.239 2 INS 826 483 -101053448 -31457 -20971 -1321394304 821 -4934 -7831
21.280 2 GPS_INT 0 0 0 404513463 -37290749 702985 652749 0 0 0 75 11 294174000 96 24 3 1
21.281 2 ATTITUDE -0.219116 5.947734 -0.144598
21.285 2 WP_MOVED_ENU 19 -51645 50798 2557
21.286 2 WP_MOVED_ENU 19 -51645 50798 2557
21.286 2 INS 826 483 -101085696 -31457 -20971 -1321593728 830 -4919 -7820
21.296 2 GPS 3 43817779 447810930 451 652749 6 2 2395 294174000 30 0
21.312 2 ATTITUDE -0.219084 5.947701 -0.144612
21.343 2 SETTING 71 2 2.5
21.344 2 INS 826 483 -101117968 -31457 -20971 -1321793920 820 -4931 -7818
21.360 2 ROTORCRAFT_FP 483 826 101124424 -20971 -31457 1321833472 -897 -592 24361 0 0 0 0 375 0
21.360 2 ATTITUDE -0.219045 5.947711 -0.144723
21.424 2 GVF_PARAMETRIC 5 1 -9e-06 6.,18.136719,41.308594,44.878906,19.75,29.046875,61.347656,53.699219,0.,0.,0.,0.,0.,0.,0.,0. -1.351185,-1.491031
21.425 2 DL_VALUE 71 2.5
21.425 2 INS 832 483 -101150240 15728 10485 -1321993344 817 -4914 -7822
21.425 2 GPS_INT 0 0 0 404513464 -37290748 702987 652752 0 0 0 75 14 294174250 93 23 3 1
21.425 2 ATTITUDE -0.219072 5.947735 -0.144754
21.440 2 INS 832 483 -101182512 20971 10485 -1322193408 828 -4911 -7817
21.440 2 ROVER_STATUS 0 55 3 0 0 313 8.150944
21.456 2 ATTITUDE -0.219185 5.947945 -0.144721
21.488 2 INS 832 483 -101214784 20971 10485 -1322393088 791 -4913 -7778
21.503 2 ATTITUDE -0.219234 5.948053 -0.144721
21.547 2 INS 832 483 -101247072 20971 10485 -1322592256 805 -4915 -7782
21.547 2 GPS 3 43817780 447810931 451 652752 6 -10 2395 294174250 30 0
21.573 2 GPS_INT 0 0 0 404513464 -37290748 702987 652752 0 0 0 75 14 294174250 93 23 3 1
21.573 2 ATTITUDE -0.219205 5.948128 -0.144728
21.649 2 INS_REF 485058561 -31614701 411670235 404513171 -37290972 700771 650535 0.
21.649 2 INS 832 483 -101279360 20971 10485 -1322791936 811 -4932 -7847
21.649 2 ROVER_CTRL 0. 0.044384 2518.039551 0. 1400. 600. 1000. -279.340118 62.138271 -64.492226 2.355616 -0.
21.650 2 ROTORCRAFT_FP 483 832 101285824 10485 20971 1322831872 -898 -593 24363 0 0 0 0 375 0
21.650 2 ATTITUDE -0.219277 5.948231 -0.144794
21.650 2 INS 832 486 -101311656 -20971 10485 -1322991360 821 -4897 -7802
21.651 2 SERIAL_COM 313 -4913 791 -7778 0 0 0 14 214 80 76 0 0 0 0 0
21.664 2 ATTITUDE -0.219281 5.948301 -0.144827
21.680 2 INS 832 486 -101343944 -20971 15728 -1323191168 847 -4909 -7827
21.710 2 GPS_INT 0 0 0 404513464 -37290747 702983 652747 0 0 0 75 13 294174500 93 24 3 1
21.710 2 ATTITUDE -0.219285 5.948314 -0.144895
21.741 2 INS 832 486 -101376248 -20971 15728 -1323390976 830 -4919 -7810
21.757 2 ATTITUDE -0.21939 5.948512 -0.1449
21.810 2 LINK_REPORT 2 -1 22 0 64477 1446 0 2949. 66. 5 30.27
21.822 2 GVF_PARAMETRIC 5 1 -6e-06 0.,0.1995,0.1995,0.546583,0.546583,0.05,61.347656,53.699219,0.,0.,0.,0.,0.,0.,0.,0. -1.350013,-1.488687
21.822 2 INS 832 486 -101408552 -20971 15728 -1323590784 832 -4930 -7802
21.822 2 GPS 3 43817781 447810931 451 652747 5 -6 2395 294174500 30 0
21.823 2 DL_VALUE 93 129.
21.823 2 ATTITUDE -0.219554 5.948658 -0.144934
21.837 2 INS 832 486 -101440864 -20971 15728 -1323790336 819 -4939 -7787
21.900 2 ROTORCRAFT_FP 486 832 101447336 15728 -20971 1323830144 -899 -593 24366 0 0 0 0 375 0
21.901 2 GPS_INT 0 0 0 404513464 -37290747 702983 652747 0 0 0 75 13 294174500 93 24 3 1
21.901 2 ALIVE 122,195,7,233,5,247,195,75,60,187,26,129,128,90,246,93
21.901 2 ATTITUDE -0.219606 5.948868 -0.144903
21.902 2 INS 826 486 -101473184 -20971 -26214 -1323989504 830 -4894 -7759
21.902 2 STATIC_CONTROL 0 0. 0 0. 0. 0. 0. 0. 0. 0. 0. 0. 0.
21.902 2 ATTITUDE -0.219541 5.948919 -0.144908
21.932 2 INS 826 486 -101505512 -26214 -26214 -1324189184 826 -4905 -7790
21.948 2 ATTITUDE -0.219595 5.949094 -0.144875
21.964 2 ROTORCRAFT_NAV_STATUS 251 251 0. 0. 5 0 2
21.964 2 IMU_MAG_RAW 255 0 0 0
21.980 2 INS 826 486 -101537840 -26214 -26214 -1324388608 873 -4915 -7780
22.009 2 GPS_INT 0 0 0 404513463 -37290747 702999 652763 0 0 0 75 10 294174750 93 23 3 1
22.010 2 ATTITUDE -0.219487 5.949148 -0.14488
22.051 2 INS 826 486 -101570176 -26214 -26214 -1324588416 814 -4923 -7792
22.051 2 ENERGY 3 8.150944 0.2 1.630189 6.013183 0.072564 0.567892
22.052 2 GPS 3 43817781 447810930 451 652763 6 1 2395 294174750 30 0
22.052 2 ATTITUDE -0.219486 5.949249 -0.144893
22.122 2 INS 826 486 -101602512 -26214 -26214 -1324787840 816 -4926 -7805
22.123 2 ROVER_CTRL 0. 0.044384 2518.039551 0. 1400. 600. 1000. -279.340118 62.138271 -64.492226 2.355616 -0.
22.123 2 ROTORCRAFT_FP 486 826 101608984 -26214 -26214 1324827904 -899 -593 24369 0 0 0 0 375 0
22.123 2 ATTITUDE -0.219604 5.949479 -0.144891
22.165 2 INS 826 486 -101634856 -26214 -26214 -1324987520 812 -4929 -7805
22.165 2 SERIAL_COM 313 -4906 834 -7779 0 0 0 14 214 80 76 0 0 0 0 0
22.166 2 GPS_INT 0 0 0 404513463 -37290747 702999 652763 0 0 0 75 10 294174750 93 23 3 1
22.166 2 ATTITUDE -0.219564 5.949545 -0.144893
22.205 2 GVF_PARAMETRIC 5 1 -9e-06 -6.,15.398438,4.558594,27.417969,28.609375,49.796875,50.96875,67.96875,0.,0.,0.,0.,0.,0.,0.,0. -1.350013,-1.491031
22.205 2 INS 824 486 -101667208 -41943 0 -1325187328 819 -4928 -7833
22.206 2 ATTITUDE -0.219401 5.949288 -0.144965
22.239 2 INS 824 486 -101699560 -41943 0 -1325387008 845 -4913 -7796
22.252 2 ATTITUDE -0.219386 5.949395 -0.144958
22.294 2 INS 824 486 -101731920 -41943 0 -1325587200 846 -4903 -7843
22.294 2 GPS 3 43817781 447810929 451 652778 7 1 2395 294175000 30 0
22.321 2 GPS_INT 0 0 0 404513462 -37290747 703013 652778 0 0 0 74 11 294175000 93 24 3 1
22.321 2 ATTITUDE -0.219352 5.949433 -0.14494
22.336 2 INS 824 486 -101764296 -41943 0 -1325787008 842 -4934 -7820
22.362 2 ROTORCRAFT_FP 486 824 101770800 0 -41943 1325827200 -898 -593 24368 0 0 0 0 375 0
22.362 2 ATTITUDE -0.219405 5.949485 -0.144985
22.378 2 INS 829 486 -101796672 5242 -5242 -1325986688 838 -4904 -7789
22.410 2 ATTITUDE -0.219554 5.949697 -0.145007
22.426 2 INS 829 486 -101829048 10485 -10485 -1326186240 856 -4922 -7798
22.458 2 GPS_INT 0 0 0 404513463 -37290747 703025 652789 0 0 0 74 11 294175250 95 23 3 1
22.459 2 STATE_FILTER_STATUS 6 3 0
22.459 2 ATTITUDE -0.219579 5.949863 -0.144981
22.490 2 INS 829 486 -101861424 10485 -10485 -1326385920 818 -4932 -7814
22.506 2 ATTITUDE -0.21946 5.949804 -0.144923
22.538 2 INS 829 486 -101893800 10485 -10485 -1326585472 838 -4918 -7810
22.538 2 GPS 3 43817781 447810930 451 652789 3 -1 2395 294175250 30 0
22.554 2 ATTITUDE -0.219486 5.949911 -0.14487
22.570 2 WP_MOVED_ENU 0 0 0 2560
22.570 2 WP_MOVED_ENU 0 0 0 2560
22.667 2 GVF_PARAMETRIC 5 1 -4e-06 6.,18.136719,41.308594,44.878906,19.75,29.046875,61.347656,53.699219,0.,0.,0.,0.,0.,0.,0.,0. -1.350013,-1.489859
22.667 2 INS 829 486 -101926184 10485 -10485 -1326785152 825 -4897 -7812
22.668 2 ROVER_CTRL 0. 0.044384 2518.039551 0. 1400. 600. 1000. -279.340118 62.138271 -64.492226 2.355616 -0.
22.668 2 ROTORCRAFT_FP 486 829 101932656 -10485 10485 1326825216 -899 -593 24371 0 0 0 0 375 0
22.668 2 DATALINK_REPORT 1 69 21530 3087 0 4
22.668 2 ATTITUDE -0.219444 5.949982 -0.14486
22.669 2 INS 826 488 -101958576 -10485 -10485 -1326985344 829 -4924 -7829
22.669 2 SERIAL_COM 314 -4896 866 -7805 0 0 0 14 215 80 76 0 0 0 0 0
22.669 2 ATTITUDE -0.219481 5.950058 -0.144872
22.693 2 INS 826 488 -101990984 -15728 -10485 -1327185280 857 -4920 -7790
22.693 2 GPS_SOL 74 13 95 23
22.709 2 ATTITUDE -0.219454 5.950161 -0.144713
22.725 2 INS 826 488 -102023376 -15728 -10485 -1327385344 838 -4923 -7833
22.757 2 GPS_INT 0 0 0 404513463 -37290747 703047 652812 0 0 0 74 13 294175500 95 23 3 1
22.757 2 ATTITUDE -0.219469 5.950255 -0.144708
22.757 2 IMU_MAG_RAW 255 0 0 0
22.789 2 INS 826 488 -102055784 -15728 -10485 -1327584896 827 -4916 -7782
22.789 2 GPS 3 43817781 447810930 451 652812 2 3 2395 294175500 30 0
22.804 2 ATTITUDE -0.219438 5.950246 -0.144681
22.810 2 LINK_REPORT 2 -1 23 0 67770 1522 0 3293. 76. 5 30.27
22.837 2 INS 826 488 -102088200 -15728 -10485 -1327784576 836 -4917 -7815
22.853 2 ROTORCRAFT_FP 488 826 102094672 -10485 -15728 1327824512 -898 -592 24372 0 0 0 0 375 0
22.853 2 ATTITUDE -0.219389 5.950189 -0.144685
22.913 2 INS 826 488 -102120608 -47185 -15728 -1327984512 825 -4921 -7844
22.913 2 STATIC_CONTROL 0 0. 0 0. 0. 0. 0. 0. 0. 0. 0. 0. 0.
22.913 2 GPS_INT 0 0 0 404513462 -37290747 703078 652842 0 0 0 74 13 294175750 93 22 3 1
22.914 2 ATTITUDE -0.219481 5.950444 -0.144697
22.942 2 INS 826 488 -102153032 -47185 -15728 -1328184320 854 -4901 -7814
22.942 2 ROVER_STATUS 0 56 3 0 0 314 8.142113
22.957 2 ATTITUDE -0.219408 5.950515 -0.14473
23.000 2 GVF_PARAMETRIC 5 1 -1.2e-05 0.,0.1995,0.1995,0.546583,0.546583,0.05,61.347656,53.699219,0.,0.,0.,0.,0.,0.,0.,0. -1.349232,-1.491031
23.000 2 INS 826 488 -102185504 -47185 -15728 -1328384128 833 -4940 -7799
23.001 2 ATTITUDE -0.219309 5.950469 -0.144691
23.042 2 INS 826 488 -102217904 -47185 -15728 -1328583552 799 -4895 -7823
23.042 2 GPS 3 43817781 447810929 451 652842 9 8 2395 294175750 30 0
23.068 2 GPS_INT 0 0 0 404513462 -37290747 703078 652842 0 0 0 74 13 294175750 93 22 3 1
23.068 2 ATTITUDE -0.219176 5.950382 -0.144649
23.098 2 INS 826 488 -102250344 -47185 -15728 -1328783360 839 -4890 -7807
23.099 2 ROVER_CTRL 0. 0.044384 2518.039551 0. 1400. 600. 1000. -279.340118 62.138271 -64.492226 2.355616 -0.
23.125 2 ROTORCRAFT_FP 488 826 102256824 -15728 -47185 1328823168 -897 -592 24372 0 0 0 0 375 0
23.125 2 ATTITUDE -0.219245 5.950611 -0.144644
23.125 2 INS 826 488 -102282784 -47185 -15728 -1328983296 818 -4921 -7796
23.140 2 SERIAL_COM 314 -4895 836 -7792 0 0 0 14 215 80 76 0 0 0 0 0
23.156 2 ATTITUDE -0.219297 5.950638 -0.144622
23.188 2 INS 826 486 -102315224 -5242 -31457 -1329183104 830 -4911 -7822
23.205 2 GPS_INT 0 0 0 404513462 -37290748 703112 652876 0 0 0 74 15 294176000 93 23 3 1
23.205 2 ATTITUDE -0.219265 5.950541 -0.144689
23.236 2 INS 826 486 -102347672 -5242 -31457 -1329382400 797 -4923 -7766
23.252 2 ATTITUDE -0.219284 5.950495 -0.144695
23.294 2 INS 826 486 -102380152 -5242 -31457 -1329582336 806 -4920 -7786
23.295 2 GPS 3 43817780 447810929 451 652876 5 12 2395 294176000 30 0
23.295 2 ATTITUDE -0.219302 5.950613 -0.144661
23.326 2 INS 826 486 -102412608 -5242 -31457 -1329782400 801 -4914 -7813
23.366 2 ROTORCRAFT_FP 486 826 102419104 -31457 -5242 1329822208 -898 -592 24374 0 0 0 0 375 0
23.367 2 GPS_INT 0 0 0 404513462 -37290748 703112 652876 0 0 0 74 15 294176000 93 23 3 1
23.367 2 ATTITUDE -0.219364 5.950644 -0.14467
23.404 2 GVF_PARAMETRIC 5 1 -8e-06 -6.,15.398438,4.558594,27.417969,28.609375,49.796875,50.96875,67.96875,0.,0.,0.,0.,0.,0.,0.,0. -1.350013,-1.491031
23.404 2 INS 821 488 -102445072 -15728 20971 -1329981952 856 -4924 -7812
23.404 2 DL_VALUE 94 0.
23.405 2 ATTITUDE -0.219251 5.950665 -0.144626
23.435 2 INS 821 488 -102477560 -26214 20971 -1330181760 805 -4950 -7784
23.451 2 ATTITUDE -0.219174 5.95063 -0.144585
23.483 2 INS 821 488 -102510040 -26214 20971 -1330381952 837 -4929 -7802
23.509 2 GPS_INT 0 0 0 404513461 -37290747 703097 652861 0 0 0 74 13 294176250 93 23 3 1
23.510 2 ATTITUDE -0.219253 5.950645 -0.144608
23.540 2 INS 821 488 -102542512 -26214 20971 -1330581248 816 -4938 -7781
23.541 2 GPS 3 43817781 447810928 451 652861 7 -5 2395 294176250 30 0
23.556 2 ATTITUDE -0.219349 5.950854 -0.144576
23.556 2 ROTORCRAFT_NAV_STATUS 253 253 0. 0. 5 0 2
23.572 2 IMU_MAG_RAW 255 0 0 0
23.572 2 INS 821 488 -102575000 -26214 20971 -1330781440 820 -4921 -7800
23.588 2 ROVER_CTRL 0. 0.044384 2518.039551 0. 1400. 600. 1000. -279.340118 62.138271 -64.492226 2.355616 -0.
23.615 2 ROTORCRAFT_FP 488 821 102581496 20971 -26214 1330821376 -898 -592 24375 0 0 0 0 375 0
23.616 2 ATTITUDE -0.219375 5.951009 -0.144578
23.667 2 INS 821 488 -102607496 20971 0 -1330981120 826 -4884 -7789
23.667 2 SERIAL_COM 315 -4928 836 -7782 0 0 0 14 216 80 76 0 0 0 0 0
23.668 2 GPS_INT 0 0 0 404513461 -37290746 703114 652878 0 0 0 74 10 294176500 93 22 3 1
23.668 2 ATTITUDE -0.21928 5.951064 -0.144589
23.683 2 INS 821 488 -102639992 20971 5242 -1331180800 837 -4910 -7812
23.699 2 ATTITUDE -0.219294 5.951218 -0.144644
23.731 2 INS 821 488 -102672496 20971 5242 -1331379712 838 -4935 -7761
23.747 2 ATTITUDE -0.21922 5.951202 -0.144576
23.810 2 LINK_REPORT 2 -1 24 0 70555 1584 0 2785. 62. 5 30.27
23.834 2 GVF_PARAMETRIC 5 1 -5e-06 6.,18.136719,41.308594,44.878906,19.75,29.046875,61.347656,53.699219,0.,0.,0.,0.,0.,0.,0.,0. -1.349232,-1.492984
23.835 2 INS 821 488 -102705008 20971 5242 -1331579776 831 -4917 -7786
23.835 2 GPS 3 43817782 447810928 451 652878 4 -1 2395 294176500 30 0
23.835 2 GPS_INT 0 0 0 404513461 -37290746 703114 652878 0 0 0 74 10 294176500 93 22 3 1
23.836 2 ATTITUDE -0.2194 5.951473 -0.144555
23.836 2 INS 821 488 -102737520 20971 5242 -1331779456 824 -4897 -7787
23.864 2 ROTORCRAFT_FP 488 821 102744024 5242 20971 1331819264 -899 -592 24377 0 0 0 0 375 0
23.865 2 ATTITUDE -0.219527 5.951668 -0.144593
23.865 2 WP_MOVED_ENU 1 0 0 2560
23.865 2 WP_MOVED_ENU 1 0 0 2560
23.907 2 INS 824 488 -102770032 -5242 -10485 -1331978880 853 -4874 -7821
23.907 2 STATIC_CONTROL 0 0. 0 0. 0. 0. 0. 0. 0. 0. 0. 0. 0.
23.908 2 ATTITUDE -0.219138 5.951506 -0.144515
23.923 2 INS 824 488 -102802552 -15728 -15728 -1332178304 818 -4890 -7764
23.953 2 GPS_INT 0 0 0 404513462 -37290746 703100 652864 0 0 0 74 13 294176750 95 23 3 1
23.954 2 ATTITUDE -0.218896 5.951369 -0.144483
23.985 2 INS 824 488 -102835064 -15728 -15728 -1332377856 850 -4890 -7773
24.001 2 ATTITUDE -0.218804 5.951351 -0.144458
24.043 2 INS 824 488 -102867592 -15728 -15728 -1332577792 852 -4893 -7791
24.043 2 GPS 3 43817782 447810929 451 652864 2 -8 2395 294176750 30 0
24.043 2 ATTITUDE -0.218828 5.951521 -0.144434
24.075 2 INS 824 488 -102900128 -15728 -15728 -1332777472 852 -4915 -7805
24.157 2 ROVER_CTRL 0. 0.044384 2518.039551 0. 1400. 600. 1000. -279.340118 62.138271 -64.492226 2.355616 -0.
24.157 2 ROTORCRAFT_FP 488 824 102906640 -15728 -15728 1332817408 -896 -591 24377 0 0 0 0 375 0
24.158 2 GPS_INT 0 0 0 404513462 -37290746 703100 652864 0 0 0 74 13 294176750 95 23 3 1
24.158 2 AUTOPILOT_VERSION 60200 v6.2_unstable-650-g74eaf7c20-dirty
24.158 2 ATTITUDE -0.218911 5.951629 -0.144447
24.158 2 INS 824 488 -102932680 -15728 -15728 -1332977280 864 -4923 -7788
24.159 2 SERIAL_COM 315 -4894 830 -7782 0 0 0 14 216 80 76 0 0 0 0 0
24.159 2 ATTITUDE -0.218659 5.951512 -0.144456
24.199 2 GVF_PARAMETRIC 5 1 -6e-06 0.,0.1995,0.1995,0.546583,0.546583,0.05,61.347656,53.699219,0.,0.,0.,0.,0.,0.,0.,0. -1.349232,-1.491812
24.200 2 INS 824 488 -102965216 -5242 0 -1333176960 811 -4918 -7777
24.201 2 ATTITUDE -0.218593 5.951488 -0.144462
24.230 2 INS 824 488 -102997768 -5242 0 -1333376640 819 -4892 -7809
24.256 2 GPS_INT 0 0 0 404513462 -37290746 703104 652869 0 0 0 74 11 294177000 95 24 3 1
24.256 2 ATTITUDE -0.218701 5.951634 -0.144486
24.272 2 INS 824 488 -103030328 -5242 0 -1333576448 836 -4925 -7819
24.288 2 GPS 3 43817782 447810929 451 652869 2 0 2395 294177000 30 0
24.304 2 ATTITUDE -0.218649 5.951741 -0.144478
24.320 2 INS 824 488 -103062896 -5242 0 -1333776256 833 -4863 -7790
24.366 2 ROTORCRAFT_FP 488 824 103069408 0 -5242 1333816192 -895 -591 24378 0 0 0 0 375 0
24.366 2 ATTITUDE -0.218538 5.951818 -0.144437
24.367 2 IMU_MAG_RAW 255 0 0 0
24.382 2 INS 824 488 -103095456 0 -15728 -1333976064 839 -4897 -7806
24.398 2 GPS_INT 0 0 0 404513462 -37290747 703115 652879 0 0 0 74 8 294177250 95 24 3 1
24.399 2 ATTITUDE -0.21869 5.952034 -0.144373
24.430 2 INS 824 488 -103128024 0 -20971 -1334176000 875 -4881 -7798
24.430 2 ROVER_STATUS 0 57 3 0 0 316 8.150944
24.445 2 ATTITUDE -0.218733 5.952167 -0.144358
24.478 2 INS 824 488 -103160592 0 -20971 -1334375936 839 -4949 -7803
24.493 2 ATTITUDE -0.218746 5.952243 -0.144315
24.538 2 INS 824 488 -103193168 0 -20971 -1334575872 840 -4903 -7814
24.538 2 GPS 3 43817781 447810929 451 652879 3 0 2395 294177250 30 0
24.564 2 GPS_INT 0 0 0 404513462 -37290747 703115 652879 0 0 0 74 8 294177250 95 24 3 1
24.564 2 ALIVE 122,195,7,233,5,247,195,75,60,187,26,129,128,90,246,93
24.564 2 ATTITUDE -0.218619 5.952272 -0.144267
24.644 2 GVF_PARAMETRIC 5 1 -5e-06 -6.,15.398438,4.558594,27.417969,28.609375,49.796875,50.96875,67.96875,0.,0.,0.,0.,0.,0.,0.,0. -1.349232,-1.491812
24.644 2 INS 824 488 -103225752 0 -20971 -1334775552 810 -4928 -7805
24.645 2 ROVER_CTRL 0. 0.044384 2518.039551 0. 1400. 600. 1000. -279.340118 62.138271 -64.492226 2.355616 -0.
24.645 2 ROTORCRAFT_FP 488 824 103232272 -20971 0 1334815616 -895 -591 24380 0 0 0 0 375 0
24.646 2 ATTITUDE -0.218691 5.952385 -0.144333
24.646 2 INS 826 486 -103258352 0 -20971 -1334975872 863 -4891 -7792
24.647 2 SERIAL_COM 316 -4907 848 -7838 0 0 0 14 217 80 76 0 0 0 0 0
24.647 2 ATTITUDE -0.218612 5.952477 -0.144261
24.686 2 INS 826 486 -103290960 5242 -20971 -1335175808 810 -4886 -7811
24.687 2 GPS_SOL 73 9 95 24
24.703 2 GPS_INT 0 0 0 404513463 -37290748 703137 652901 0 0 0 73 9 294177500 95 24 3 1
24.703 2 ATTITUDE -0.218437 5.952484 -0.144248
24.735 2 INS 826 486 -103323552 5242 -20971 -1335375360 815 -4900 -7802
24.750 2 ATTITUDE -0.218622 5.952713 -0.144244
24.782 2 INS 826 486 -103356168 5242 -20971 -1335575552 838 -4891 -7792
24.783 2 GPS 3 43817780 447810930 451 652901 3 -1 2395 294177500 30 0
24.798 2 ATTITUDE -0.218691 5.952947 -0.144263
24.811 2 LINK_REPORT 2 -1 25 0 73843 1657 0 3288. 73. 5 30.27
24.830 2 INS 826 486 -103388768 5242 -20971 -1335775232 838 -4896 -7796
24.867 2 ROTORCRAFT_FP 486 826 103395288 -20971 5242 1335815296 -895 -591 24383 0 0 0 0 375 0
24.868 2 GPS_INT 0 0 0 404513463 -37290748 703137 652901 0 0 0 73 9 294177500 95 24 3 1
24.868 2 ATTITUDE -0.21877 5.953042 -0.144308
24.883 2 INS 832 486 -103421392 15728 -10485 -1335975296 826 -4909 -7808
24.884 2 STATIC_CONTROL 0 0. 0 0. 0. 0. 0. 0. 0. 0. 0. 0. 0.
24.899 2 ATTITUDE -0.218641 5.9531 -0.144232
24.931 2 INS 832 486 -103454016 10485 -10485 -1336174848 863 -4902 -7794
24.947 2 ATTITUDE -0.218553 5.95323 -0.144239
25.012 2 GVF_PARAMETRIC 5 1 -4e-06 6.,18.136719,41.308594,44.878906,19.75,29.046875,61.347656,53.699219,0.,0.,0.,0.,0.,0.,0.,0. -1.350013,-1.488687
25.012 2 INS 832 486 -103486632 10485 -10485 -1336374528 844 -4882 -7795
25.012 2 GPS_INT 0 0 0 404513464 -37290748 703157 652921 0 0 0 73 11 294177750 95 23 3 1
25.013 2 DL_VALUE 95 34.
25.013 2 ATTITUDE -0.218511 5.95326 -0.144184
25.037 2 INS 832 486 -103519264 10485 -10485 -1336574336 841 -4877 -7801
25.038 2 GPS 3 43817780 447810931 451 652921 4 1 2395 294177750 30 0
25.053 2 ATTITUDE -0.218416 5.953184 -0.144118
25.069 2 INS 832 486 -103551904 10485 -10485 -1336774272 849 -4913 -7825
25.111 2 ROVER_CTRL 0. 0.044384 2518.039551 0. 1400. 600. 1000. -279.340118 62.138271 -64.492226 2.355616 -0.
25.111 2 ROTORCRAFT_FP 486 832 103558432 -10485 10485 1336814208 -895 -590 24384 0 0 0 0 375 0
25.112 2 ATTITUDE -0.218697 5.953479 -0.144219
25.186 2 INS 832 486 -103584536 10485 -10485 -1336974208 853 -4900 -7814
25.187 2 SERIAL_COM 316 -4913 849 -7825 0 0 0 14 217 80 76 0 0 0 0 0
25.187 2 GPS_INT 0 0 0 404513464 -37290748 703157 652921 0 0 0 73 11 294177750 95 23 3 1
25.188 2 ATTITUDE -0.218784 5.953615 -0.144205
25.188 2 ROTORCRAFT_NAV_STATUS 254 254 0. 0. 5 0 2
25.188 2 WP_MOVED_ENU 2 -276 -3691 2560
25.188 2 WP_MOVED_ENU 2 -276 -3691 2560
25.188 2 IMU_MAG_RAW 255 0 0 0
25.189 2 INS 832 486 -103617176 -31457 0 -1337173504 858 -4923 -7818
25.202 2 ATTITUDE -0.218878 5.953712 -0.144255
25.218 2 INS 832 486 -103649840 -31457 0 -1337373696 823 -4909 -7833
25.250 2 ATTITUDE -0.21876 5.953746 -0.144183
25.282 2 INS 832 486 -103682488 -31457 0 -1337573376 857 -4906 -7812
25.283 2 GPS 3 43817780 447810931 451 652935 6 -3 2395 294178000 30 0
25.308 2 GPS_INT 0 0 0 404513464 -37290748 703170 652935 0 0 0 73 12 294178000 95 24 3 1
25.309 2 ATTITUDE -0.218582 5.953652 -0.144185
25.324 2 INS 832 486 -103715144 -31457 0 -1337773440 828 -4891 -7793
25.350 2 ROTORCRAFT_FP 486 832 103721680 0 -31457 1337813376 -895 -590 24386 0 0 0 0 375 0
25.351 2 PONG 
25.351 2 ATTITUDE -0.218566 5.953672 -0.144174
25.392 2 GVF_PARAMETRIC 5 1 -8e-06 0.,0.1995,0.1995,0.546583,0.546583,0.05,61.347656,53.699219,0.,0.,0.,0.,0.,0.,0.,0. -1.350013,-1.488687
25.393 2 INS 832 486 -103747808 -5242 10485 -1337972992 824 -4901 -7777
25.393 2 ATTITUDE -0.218479 5.953685 -0.14422
25.424 2 INS 832 486 -103780488 -5242 10485 -1338173056 867 -4872 -7791
25.451 2 GPS_INT 0 0 0 404513464 -37290747 703189 652953 0 0 0 73 11 294178250 95 24 3 1
25.451 2 ATTITUDE -0.218471 5.953752 -0.144183
25.482 2 INS 832 486 -103813152 -5242 10485 -1338373248 850 -4923 -7828
25.498 2 ATTITUDE -0.218378 5.953825 -0.144171
25.530 2 INS 832 486 -103845824 -5242 10485 -1338572928 826 -4918 -7797
25.530 2 GPS 3 43817781 447810931 451 652953 3 3 2395 294178250 30 0
25.546 2 ATTITUDE -0.218421 5.953942 -0.144224
25.650 2 INS 832 486 -103878512 -5242 10485 -1338772608 827 -4903 -7810
25.650 2 ROVER_CTRL 0. 0.044384 2518.039551 0. 1400. 600. 1000. -279.340118 62.138271 -64.492226 2.355616 -0.
25.651 2 ROTORCRAFT_FP 486 832 103885048 10485 -5242 1338812672 -895 -590 24387 0 0 0 0 375 0
25.652 2 GPS_INT 0 0 0 404513464 -37290747 703189 652953 0 0 0 73 11 294178250 95 24 3 1
25.652 2 ATTITUDE -0.218611 5.954053 -0.14429
25.652 2 INS 829 486 -103911208 -20971 -15728 -1338972288 819 -4918 -7818
25.653 2 SERIAL_COM 317 -4893 856 -7802 0 0 0 14 218 80 76 0 0 0 0 0
25.653 2 STATE_FILTER_STATUS 6 3 0
25.653 2 ATTITUDE -0.218551 5.954149 -0.144348
25.666 2 INS 829 486 -103943904 -26214 -15728 -1339172096 834 -4866 -7800
25.698 2 ATTITUDE -0.21873 5.954402 -0.144396
25.730 2 INS 829 486 -103976600 -26214 -15728 -1339372288 858 -4887 -7832
25.746 2 GPS_INT 0 0 0 404513464 -37290747 703203 652967 0 0 0 73 10 294178500 95 24 3 1
25.746 2 ATTITUDE -0.218591 5.954435 -0.14426
25.799 2 GVF_PARAMETRIC 5 1 -8e-06 -6.,15.398438,4.558594,27.417969,28.609375,49.796875,50.96875,67.96875,0.,0.,0.,0.,0.,0.,0.,0. -1.350013,-1.489859
25.800 2 INS 829 486 -104009296 -26214 -15728 -1339572096 834 -4920 -7786
25.800 2 GPS 3 43817781 447810931 451 652967 5 3 2395 294178500 30 0
25.800 2 ATTITUDE -0.21877 5.954553 -0.144312
25.812 2 LINK_REPORT 2 -1 26 0 76963 1727 0 3120. 70. 6 51.65
25.831 2 INS 829 486 -104042000 -26214 -15728 -1339771520 861 -4887 -7782
25.847 2 ROTORCRAFT_FP 486 829 104048544 -15728 -26214 1339811584 -896 -591 24390 0 0 0 0 375 0
25.847 2 ATTITUDE -0.218915 5.954648 -0.144457
25.906 2 INS 829 486 -104074720 -26214 -15728 -1339971584 840 -4865 -7794
25.907 2 STATIC_CONTROL 0 0. 0 0. 0. 0. 0. 0. 0. 0. 0. 0. 0.
25.907 2 GPS_INT 0 0 0 404513464 -37290748 703235 652999 0 0 0 73 13 294178750 95 24 3 1
25.907 2 ATTITUDE -0.218936 5.954682 -0.144443
25.932 2 INS 832 483 -104107424 -5242 -15728 -1340171008 861 -4872 -7811
25.932 2 ROVER_STATUS 0 58 3 0 0 317 8.150944
25.947 2 ATTITUDE -0.219011 5.954754 -0.144484
25.948 2 IMU_MAG_RAW 255 0 0 0
25.980 2 INS 832 483 -104140144 -5242 -15728 -1340370688 869 -4892 -7826
25.995 2 ATTITUDE -0.2192 5.954918 -0.144526
26.028 2 INS 832 483 -104172872 -5242 -15728 -1340570624 847 -4894 -7821
26.028 2 GPS 3 43817780 447810931 451 652999 2 6 2395 294178750 30 0
26.054 2 GPS_INT 0 0 0 404513464 -37290748 703235 652999 0 0 0 73 13 294178750 95 24 3 1
26.054 2 ATTITUDE -0.219314 5.955103 -0.144542
26.070 2 INS 832 483 -104205600 -5242 -15728 -1340770688 855 -4908 -7801
26.109 2 ROVER_CTRL 0. 0.044384 2518.039551 0. 1400. 600. 1000. -279.340118 62.138271 -64.492226 2.355616 -0.
26.109 2 ROTORCRAFT_FP 483 832 104212152 -15728 -5242 1340810752 -898 -591 24392 0 0 0 0 375 0
26.110 2 ATTITUDE -0.219324 5.95508 -0.144553
26.137 2 INS 832 483 -104238336 -5242 -15728 -1340970496 842 -4923 -7820
26.137 2 SERIAL_COM 317 -4908 837 -7852 0 0 0 14 218 80 76 0 0 0 0 0
26.138 2 ATTITUDE -0.219433 5.955148 -0.144577
26.204 2 GVF_PARAMETRIC 5 1 -4e-06 6.,18.136719,41.308594,44.878906,19.75,29.046875,61.347656,53.699219,0.,0.,0.,0.,0.,0.,0.,0. -1.351185,-1.488687
26.206 2 INS 832 488 -104271080 -5242 10485 -1341170048 856 -4881 -7779
26.207 2 GPS_INT 0 0 0 404513464 -37290747 703272 653037 0 0 0 73 12 294179000 95 24 3 1
26.208 2 ATTITUDE -0.219514 5.955312 -0.144631
26.218 2 INS 832 488 -104303832 0 10485 -1341370112 822 -4914 -7832
26.251 2 ATTITUDE -0.219353 5.955253 -0.144573
26.281 2 INS 832 488 -104336592 0 10485 -1341570048 848 -4915 -7840
26.282 2 GPS 3 43817781 447810931 451 653037 3 8 2395 294179000 30 0
26.297 2 ATTITUDE -0.219243 5.955278 -0.144561
26.313 2 INS 832 488 -104369352 0 10485 -1341769984 888 -4909 -7795
26.355 2 ROTORCRAFT_FP 488 832 104375904 10485 0 1341809792 -898 -592 24393 0 0 0 0 375 0
26.356 2 GPS_INT 0 0 0 404513464 -37290747 703272 653037 0 0 0 73 12 294179000 95 24 3 1
26.356 2 ATTITUDE -0.21935 5.955328 -0.144608
26.371 2 INS 832 488 -104402104 0 10485 -1341969536 862 -4935 -7790
26.387 2 ATTITUDE -0.219392 5.955423 -0.144604
26.419 2 INS 832 491 -104434864 0 0 -1342169344 897 -4905 -7810
26.435 2 ATTITUDE -0.219416 5.955499 -0.144615
26.451 2 WP_MOVED_ENU 3 3942 4643 2974
26.451 2 WP_MOVED_ENU 3 3942 4643 2974
26.467 2 INS 832 491 -104467640 0 0 -1342368384 833 -4948 -7759
26.495 2 GPS_INT 0 0 0 404513464 -37290746 703300 653064 0 0 0 73 9 294179250 95 23 3 1
26.496 2 ATTITUDE -0.219667 5.95567 -0.144701
26.537 2 INS 832 491 -104500424 0 0 -1342568192 855 -4890 -7778
26.537 2 ENERGY 3 8.150944 0.2 1.630189 5.94168 0.072808 0.569879
26.538 2 GPS 3 43817782 447810931 451 653064 1 0 2395 294179250 30 0
26.538 2 ATTITUDE -0.219515 5.955553 -0.144633
26.642 2 GVF_PARAMETRIC 5 1 0. 0.,0.1995,0.1995,0.546583,0.546583,0.05,61.347656,53.699219,0.,0.,0.,0.,0.,0.,0.,0. -1.34806,-1.488687
26.643 2 INS 832 491 -104533256 0 0 -1342768256 869 -4914 -7824
26.644 2 ROVER_CTRL 0. 0.044384 2518.039551 0. 1400. 600. 1000. -279.340118 62.138271 -64.492226 2.355616 -0.
26.645 2 ROTORCRAFT_FP 491 832 104539768 0 0 1342807808 -898 -592 24393 0 0 0 0 375 0
26.646 2 DL_VALUE 96 18.
26.646 2 ATTITUDE -0.219179 5.955325 -0.144654
26.646 2 INS 832 491 -104566008 0 0 -1342967808 846 -4876 -7831
26.647 2 SERIAL_COM 318 -4898 850 -7796 0 0 0 14 219 80 76 0 0 0 0 0
26.649 2 GPS_INT 0 0 0 404513465 -37290746 703343 653107 0 0 0 73 13 294179500 95 23 3 1
26.681 2 ATTITUDE -0.219039 5.955342 -0.144644
26.681 2 INS_REF 485058561 -31614701 411670235 404513171 -37290972 700771 650535 0.
26.682 2 INS 832 488 -104598824 -10485 -20971 -1343167872 838 -4880 -7821
26.682 2 GPS_SOL 73 13 95 23
26.697 2 ATTITUDE -0.218867 5.955394 -0.144596
26.713 2 INS 832 488 -104631600 -10485 -20971 -1343367296 851 -4889 -7793
26.745 2 ATTITUDE -0.219054 5.955579 -0.144656
26.745 2 ROTORCRAFT_NAV_STATUS 256 256 0. 0. 5 0 2
26.776 2 IMU_MAG_RAW 255 0 0 0
26.777 2 INS 832 488 -104664432 -10485 -20971 -1343567488 862 -4910 -7801
26.777 2 GPS 3 43817782 447810933 451 653107 3 10 2395 294179500 30 0
26.802 2 GPS_INT 0 0 0 404513465 -37290746 703343 653107 0 0 0 73 13 294179500 95 23 3 1
26.803 2 ATTITUDE -0.219095 5.955702 -0.144673
26.812 2 LINK_REPORT 2 -1 27 0 80117 1799 0 3154. 72. 6 51.65
26.818 2 INS 832 488 -104697208 -10485 -20971 -1343766912 863 -4874 -7761
26.844 2 ROTORCRAFT_FP 488 832 104703768 -20971 -10485 1343806848 -897 -592 24394 0 0 0 0 375 0
26.845 2 ATTITUDE -0.219259 5.955935 -0.144745
26.890 2 INS 832 488 -104730016 -10485 -20971 -1343966848 894 -4901 -7806
26.891 2 STATIC_CONTROL 0 0. 0 0. 0. 0. 0. 0. 0. 0. 0. 0. 0.
26.891 2 ATTITUDE -0.219493 5.95612 -0.144795
26.922 2 INS 834 486 -104762824 26214 -15728 -1344166784 878 -4918 -7813
26.949 2 GPS_INT 0 0 0 404513465 -37290747 703368 653132 0 0 0 73 11 294179750 95 23 3 1
26.949 2 ATTITUDE -0.21952 5.95621 -0.144804
26.990 2 GVF_PARAMETRIC 5 1 -8e-06 -6.,15.398438,4.558594,27.417969,28.609375,49.796875,50.96875,67.96875,0.,0.,0.,0.,0.,0.,0.,0. -1.350013,-1.487906
26.991 2 INS 834 486 -104795704 26214 -15728 -1344366976 869 -4904 -7754
26.991 2 ATTITUDE -0.219672 5.956431 -0.144766
27.032 2 INS 834 486 -104828480 26214 -15728 -1344566528 862 -4869 -7797
27.033 2 GPS 3 43817781 447810933 451 653132 5 2 2395 294179750 30 0
27.033 2 ATTITUDE -0.219735 5.956555 -0.144745
27.064 2 INS 834 486 -104861296 26214 -15728 -1344766336 859 -4918 -7780
27.137 2 ROVER_CTRL 0. 0.044384 2518.039551 0. 1400. 600. 1000. -279.340118 62.138271 -64.492226 2.355616 -0.
27.138 2 ROTORCRAFT_FP 486 834 104867896 -15728 26214 1344806400 -899 -592 24397 0 0 0 0 375 0
27.138 2 GPS_INT 0 0 0 404513465 -37290747 703368 653132 0 0 0 73 11 294179750 95 23 3 1
27.139 2 ATTITUDE -0.219513 5.956473 -0.144694
27.139 2 INS 834 486 -104894128 26214 -15728 -1344966016 859 -4926 -7797
27.139 2 SERIAL_COM 318 -4876 878 -7775 0 0 0 14 219 80 76 0 0 0 0 0
27.140 2 ATTITUDE -0.219563 5.956555 -0.144692
27.169 2 INS 834 486 -104926968 -36700 -10485 -1345165568 832 -4897 -7782
27.185 2 ATTITUDE -0.219349 5.956602 -0.144665
27.217 2 INS 834 486 -104959816 -36700 -10485 -1345365120 877 -4913 -7804
27.245 2 GPS_INT 0 0 0 404513465 -37290747 703391 653155 0 0 0 73 10 294180000 95 24 3 1
27.245 2 ALIVE 122,195,7,233,5,247,195,75,60,187,26,129,128,90,246,93
27.245 2 ATTITUDE -0.219421 5.956771 -0.144686
27.275 2 INS 834 486 -104992672 -36700 -10485 -1345565056 863 -4921 -7797
27.275 2 GPS 3 43817781 447810933 451 653155 7 7 2395 294180000 30 0
27.291 2 ATTITUDE -0.219485 5.956968 -0.144689
27.323 2 INS 834 486 -105025520 -36700 -10485 -1345764736 874 -4914 -7819
27.339 2 ROTORCRAFT_FP 486 834 105032088 -10485 -36700 1345804672 -898 -592 24400 0 0 0 0 375 0
27.339 2 ATTITUDE -0.219371 5.957119 -0.144597
27.341 2 GET_SETTING 53 2
27.429 2 GVF_PARAMETRIC 5 1 -9e-06 6.,18.136719,41.308594,44.878906,19.75,29.046875,61.347656,53.699219,0.,0.,0.,0.,0.,0.,0.,0. -1.350013,-1.487906
27.430 2 INS 834 486 -105058376 -36700 -10485 -1345964416 888 -4948 -7799
27.430 2 GPS_INT 0 0 0 404513465 -37290746 703413 653178 0 0 0 73 10 294180250 95 24 3 1
27.431 2 ATTITUDE -0.219232 5.957088 -0.144609
27.431 2 INS 834 488 -105091240 5242 10485 -1346164224 878 -4882 -7763
27.432 2 ROVER_STATUS 0 58 3 0 0 319 8.150944
27.432 2 DL_VALUE 53 0.1995
27.444 2 ATTITUDE -0.219204 5.957159 -0.144632
27.461 2 INS 834 488 -105124096 5242 10485 -1346364032 851 -4913 -7821
27.493 2 ATTITUDE -0.219019 5.957181 -0.144641
27.525 2 INS 834 488 -105156968 5242 10485 -1346563968 858 -4913 -7816
27.525 2 GPS 3 43817782 447810933 451 653178 4 -3 2395 294180250 30 0
27.551 2 GPS_INT 0 0 0 404513465 -37290746 703413 653178 0 0 0 73 10 294180250 95 24 3 1
27.551 2 ATTITUDE -0.218989 5.957324 -0.14466
27.552 2 IMU_MAG_RAW 255 0 0 0
27.606 2 INS 834 488 -105189872 5242 10485 -1346763904 881 -4933 -7823
27.606 2 ROVER_CTRL 0. 0.044384 2518.039551 0. 1400. 600. 1000. -279.340118 62.138271 -64.492226 2.355616 -0.
27.607 2 ROTORCRAFT_FP 488 834 105196424 10485 5242 1346803840 -896 -592 24401 0 0 0 0 375 0
27.607 2 ATTITUDE -0.218976 5.957439 -0.144703
27.633 2 INS 834 488 -105222728 5242 10485 -1346963328 864 -4911 -7805
27.633 2 SERIAL_COM 319 -4913 851 -7821 0 0 0 14 220 80 76 0 0 0 0 0
27.633 2 ATTITUDE -0.21902 5.957502 -0.144693
27.678 2 INS 832 494 -105255616 -20971 20971 -1347162496 879 -4933 -7804
27.678 2 DATALINK_REPORT 0 71 21880 3048 0 4
27.694 2 GPS_INT 0 0 0 404513464 -37290744 703417 653181 0 0 0 72 9 294180500 95 24 3 1
27.694 2 ATTITUDE -0.219057 5.957674 -0.144736
27.710 2 INS 832 494 -105288512 -20971 20971 -1347362432 869 -4900 -7838
27.745 2 ATTITUDE -0.21893 5.957735 -0.144737
27.745 2 WP_MOVED_ENU 4 1167 10575 2972
27.757 2 WP_MOVED_ENU 4 1167 10575 2972
27.807 2 GVF_PARAMETRIC 5 1 -7e-06 0.,0.1995,0.1995,0.546583,0.546583,0.05,61.347656,53.699219,0.,0.,0.,0.,0.,0.,0.,0. -1.346888,-1.488687
27.807 2 INS 832 494 -105321400 -20971 20971 -1347561856 868 -4873 -7796
27.808 2 GPS 3 43817784 447810931 451 653181 6 3 2395 294180500 30 0
27.808 2 ATTITUDE -0.219042 5.957971 -0.144733
27.813 2 LINK_REPORT 2 -1 28 0 83187 1868 0 3070. 69. 7 51.65
27.822 2 INS 832 494 -105354288 -20971 20971 -1347761664 854 -4888 -7793
27.860 2 ROTORCRAFT_FP 494 832 105360864 20971 -20971 1347801600 -896 -592 24404 0 0 0 0 375 0
27.860 2 GPS_INT 0 0 0 404513464 -37290744 703417 653181 0 0 0 72 9 294180500 95 24 3 1
27.861 2 ATTITUDE -0.218942 5.95807 -0.144694
27.861 2 INS 832 494 -105387200 -20971 20971 -1347961600 894 -4921 -7782
27.876 2 STATIC_CONTROL 0 0. 0 0. 0. 0. 0. 0. 0. 0. 0. 0. 0.
27.891 2 ATTITUDE -0.218917 5.958102 -0.144703
27.924 2 INS 832 494 -105420112 -5242 -10485 -1348161408 877 -4910 -7825
27.939 2 ATTITUDE -0.218906 5.95817 -0.144694
27.971 2 INS 832 494 -105453024 -5242 -10485 -1348361216 877 -4890 -7815
27.988 2 GPS_INT 0 0 0 404513464 -37290743 703442 653206 0 0 0 72 12 294180750 95 24 3 1
27.988 2 ATTITUDE -0.2189 5.95832 -0.144732
28.029 2 INS 832 494 -105485944 -5242 -10485 -1348560768 870 -4875 -7809
28.030 2 GPS 3 43817784 447810931 451 653206 1 3 2395 294180750 30 0
28.030 2 ATTITUDE -0.21901 5.958496 -0.144752
28.061 2 INS 832 494 -105518872 -5242 -10485 -1348761088 871 -4865 -7783
28.101 2 ROVER_CTRL 0. 0.044384 2518.039551 0. 1400. 600. 1000. -279.340118 62.138271 -64.492226 2.355616 -0.
28.102 2 ROTORCRAFT_FP 494 832 105525448 -10485 -5242 1348800896 -896 -592 24406 0 0 0 0 375 0
28.102 2 ATTITUDE -0.218986 5.958607 -0.144721
28.120 2 GET_SETTING 54 2
28.128 2 INS 832 494 -105551800 -5242 -10485 -1348961024 862 -4921 -7809
28.129 2 SERIAL_COM 319 -4888 908 -7800 0 0 0 14 220 80 76 0 0 0 0 0
28.155 2 GPS_INT 0 0 0 404513464 -37290743 703442 653206 0 0 0 72 12 294180750 95 24 3 1
28.155 2 ATTITUDE -0.218979 5.958736 -0.144621
28.192 2 GVF_PARAMETRIC 5 1 -3e-06 -6.,15.398438,4.558594,27.417969,28.609375,49.796875,50.96875,67.96875,0.,0.,0.,0.,0.,0.,0.,0. -1.346888,-1.488687
28.193 2 DL_VALUE 54 0.1995
28.193 2 INS 829 496 -105584728 -20971 -10485 -1349160576 898 -4935 -7753
28.193 2 DL_VALUE 97 17.
28.193 2 ATTITUDE -0.218949 5.958807 -0.144609
28.223 2 INS 829 496 -105617656 -15728 -15728 -1349360384 863 -4912 -7825
28.239 2 ATTITUDE -0.218861 5.958844 -0.144584
28.271 2 INS 829 496 -105650608 -15728 -15728 -1349560320 876 -4876 -7830
28.272 2 GPS 3 43817784 447810930 451 653223 4 1 2395 294181000 30 0
28.297 2 GPS_INT 0 0 0 404513463 -37290743 703459 653223 0 0 0 72 9 294181000 95 24 3 1
28.298 2 ATTITUDE -0.218827 5.958957 -0.144618
28.313 2 INS 829 496 -105683560 -15728 -15728 -1349760256 869 -4907 -7747
28.370 2 ROTORCRAFT_FP 496 829 105690152 -15728 -15728 1349800320 -896 -592 24408 0 0 0 0 375 0
28.371 2 ATTITUDE -0.218858 5.958993 -0.144691
28.371 2 ROTORCRAFT_NAV_STATUS 258 258 0. 0. 5 0 2
28.371 2 IMU_MAG_RAW 255 0 0 0
28.371 2 INS 829 496 -105716512 -15728 -15728 -1349960192 876 -4928 -7801
28.386 2 ATTITUDE -0.218918 5.959023 -0.144643
28.418 2 INS 826 494 -105749464 10485 -26214 -1350159744 872 -4882 -7773
28.444 2 GPS_INT 0 0 0 404513463 -37290744 703477 653241 0 0 0 72 12 294181250 95 23 3 1
28.445 2 ATTITUDE -0.218924 5.959041 -0.144645
28.460 2 INS 826 494 -105782416 10485 -26214 -1350359808 882 -4948 -7811
28.492 2 ATTITUDE -0.219018 5.95924 -0.14466
28.508 2 INS 826 494 -105815384 10485 -26214 -1350559744 874 -4891 -7805
28.524 2 GPS 3 43817784 447810930 451 653241 5 3 2395 294181250 30 0
28.540 2 ATTITUDE -0.218935 5.95916 -0.144673
28.649 2 GVF_PARAMETRIC 5 1 -7e-06 6.,18.136719,41.308594,44.878906,19.75,29.046875,61.347656,53.699219,0.,0.,0.,0.,0.,0.,0.,0. -1.346888,-1.491031
28.650 2 INS 826 494 -105848360 10485 -26214 -1350759296 856 -4892 -7792
28.651 2 ROVER_CTRL 0. 0.044384 2518.039551 0. 1400. 600. 1000. -279.340118 62.138271 -64.492226 2.355616 -0.
28.653 2 ROTORCRAFT_FP 494 826 105854960 -26214 10485 1350799488 -896 -592 24408 0 0 0 0 375 0
28.655 2 GPS_INT 0 0 0 404513463 -37290744 703477 653241 0 0 0 72 12 294181250 95 23 3 1
28.656 2 ATTITUDE -0.218868 5.959177 -0.144608
28.656 2 INS 826 494 -105881336 10485 -26214 -1350959360 872 -4909 -7797
28.658 2 SERIAL_COM 320 -4900 882 -7808 0 0 0 14 221 80 76 0 0 0 0 0
28.658 2 ATTITUDE -0.218876 5.959139 -0.144652
28.674 2 INS 829 494 -105914328 10485 5242 -1351159168 909 -4908 -7784
28.674 2 GPS_SOL 72 10 95 23
28.690 2 ATTITUDE -0.219082 5.959301 -0.144653
28.736 2 INS 829 494 -105947312 10485 5242 -1351358848 860 -4906 -7768
28.736 2 GPS_INT 0 0 0 404513464 -37290744 703496 653260 0 0 0 72 10 294181500 95 23 3 1
28.737 2 ATTITUDE -0.219099 5.959323 -0.144664
28.778 2 INS 829 494 -105980296 10485 5242 -1351558656 912 -4902 -7824
28.778 2 GPS 3 43817784 447810931 451 653260 3 1 2395 294181500 30 0
28.778 2 ATTITUDE -0.219068 5.959473 -0.144657
28.810 2 INS 829 494 -106013296 10485 5242 -1351758464 868 -4932 -7770
28.813 2 LINK_REPORT 2 -1 29 0 86223 1936 0 3036. 68. 8 51.65
28.839 2 ROTORCRAFT_FP 494 829 106019888 5242 10485 1351798272 -897 -592 24410 0 0 0 0 375 0
28.839 2 STATE_FILTER_STATUS 6 3 0
28.840 2 ATTITUDE -0.219125 5.959704 -0.144629
28.899 2 INS 829 494 -106046296 10485 5242 -1351958016 895 -4910 -7794
28.899 2 STATIC_CONTROL 0 0. 0 0. 0. 0. 0. 0. 0. 0. 0. 0. 0.
28.900 2 GPS_INT 0 0 0 404513464 -37290744 703513 653277 0 0 0 72 9 294181750 95 23 3 1
28.900 2 ATTITUDE -0.219184 5.959885 -0.144615
28.925 2 INS 832 494 -106079304 -20971 -15728 -1352157824 899 -4910 -7814
28.925 2 ROVER_STATUS 0 57 3 0 0 320 8.150944
28.941 2 ATTITUDE -0.219213 5.96001 -0.144624
28.983 2 GVF_PARAMETRIC 5 1 -6e-06 0.,0.1995,0.1995,0.546583,0.546583,0.05,61.347656,53.699219,0.,0.,0.,0.,0.,0.,0.,0. -1.346888,-1.488687
28.984 2 INS 832 494 -106112360 -20971 -15728 -1352358144 878 -4947 -7825
28.984 2 ATTITUDE -0.219193 5.960064 -0.144672
29.025 2 INS 832 494 -106145336 -20971 -15728 -1352557952 876 -4882 -7807
29.025 2 GPS 3 43817784 447810931 451 653277 5 2 2395 294181750 30 0
29.103 2 GPS_INT 0 0 0 404513464 -37290744 703513 653277 0 0 0 72 9 294181750 95 23 3 1
29.103 2 ATTITUDE -0.219167 5.960099 -0.144581
29.104 2 WP_MOVED_ENU 5 7019 11489 2974
29.104 2 WP_MOVED_ENU 5 7019 11489 2974
29.104 2 INS 832 494 -106178344 -20971 -15728 -1352757376 883 -4920 -7797
29.105 2 ROVER_CTRL 0. 0.044384 2518.039551 0. 1400. 600. 1000. -279.340118 62.138271 -64.492226 2.355616 -0.
29.105 2 ROTORCRAFT_FP 494 832 106184984 -15728 -20971 1352797568 -897 -591 24412 0 0 0 0 375 0
29.106 2 ATTITUDE -0.21902 5.960081 -0.144558
29.119 2 INS 832 494 -106211368 -20971 -15728 -1352957312 898 -4868 -7820
29.119 2 SERIAL_COM 320 -4920 904 -7801 0 0 0 14 221 80 76 0 0 0 0 0
29.134 2 ATTITUDE -0.218964 5.960274 -0.144519
29.150 2 IMU_MAG_RAW 255 0 0 0
29.167 2 INS 826 494 -106244408 0 -15728 -1353156992 839 -4883 -7771
29.183 2 GPS_INT 0 0 0 404513463 -37290744 703531 653295 0 0 0 72 13 294182000 95 24 3 1
29.183 2 ATTITUDE -0.218866 5.96026 -0.144548
29.214 2 INS 826 494 -106277448 5242 -20971 -1353357312 909 -4875 -7828
29.230 2 ATTITUDE -0.218839 5.960356 -0.144501
29.272 2 INS 826 494 -106310504 5242 -20971 -1353557760 891 -4913 -7815
29.273 2 GPS 3 43817784 447810930 451 653295 3 5 2395 294182000 30 0
29.288 2 ATTITUDE -0.218821 5.960353 -0.144515
29.321 2 INS 826 494 -106343552 5242 -20971 -1353757184 867 -4873 -7777
29.347 2 ROTORCRAFT_FP 494 826 106350168 -20971 5242 1353796992 -896 -591 24413 0 0 0 0 375 0
29.347 2 GPS_INT 0 0 0 404513463 -37290744 703531 653295 0 0 0 72 13 294182000 95 24 3 1
29.348 2 ATTITUDE -0.218757 5.960477 -0.144504
29.384 2 GVF_PARAMETRIC 5 1 -5e-06 -6.,15.398438,4.558594,27.417969,28.609375,49.796875,50.96875,67.96875,0.,0.,0.,0.,0.,0.,0.,0. -1.346888,-1.491031
29.385 2 INS 826 494 -106376608 5242 -20971 -1353956480 868 -4917 -7810
29.385 2 ATTITUDE -0.218706 5.960688 -0.144463
29.415 2 INS 829 494 -106409656 -10485 -10485 -1354156672 883 -4910 -7825
29.431 2 ATTITUDE -0.218652 5.96066 -0.144441
29.464 2 INS 829 494 -106442720 -10485 -10485 -1354356480 891 -4907 -7801
29.490 2 GPS_INT 0 0 0 404513463 -37290744 703545 653309 0 0 0 72 13 294182250 95 24 3 1
29.490 2 ATTITUDE -0.218715 5.960696 -0.144469
29.506 2 INS 829 494 -106475776 -10485 -10485 -1354556544 871 -4883 -7794
29.521 2 GPS 3 43817784 447810930 451 653309 2 -4 2395 294182250 30 0
29.537 2 ATTITUDE -0.218913 5.96079 -0.144496
29.553 2 INS 829 494 -106508856 -10485 -10485 -1354756352 877 -4891 -7801
29.570 2 ROVER_CTRL 0. 0.044384 2518.039551 0. 1400. 600. 1000. -279.340118 62.138271 -64.492226 2.355616 -0.
29.597 2 ROTORCRAFT_FP 494 829 106515464 -10485 -10485 1354796416 -896 -591 24415 0 0 0 0 375 0
29.597 2 ATTITUDE -0.218825 5.960814 -0.144432
29.623 2 INS 829 494 -106541928 -10485 -10485 -1354956416 903 -4901 -7822
29.623 2 SERIAL_COM 321 -4884 893 -7792 0 0 0 14 222 80 76 0 0 0 0 0
29.648 2 GPS_INT 0 0 0 404513463 -37290744 703545 653309 0 0 0 72 13 294182250 95 24 3 1
29.649 2 ATTITUDE -0.218542 5.960636 -0.144434
29.664 2 INS 826 494 -106575016 -10485 15728 -1355155840 847 -4894 -7792
29.680 2 ATTITUDE -0.218425 5.960766 -0.144431
29.712 2 INS 826 494 -106608112 -10485 15728 -1355355392 897 -4886 -7787
29.728 2 ATTITUDE -0.218524 5.960899 -0.144451
29.742 2 SETTING 53 2 0.199
29.814 2 LINK_REPORT 2 -1 30 0 88982 1998 0 2759. 62. 9 51.65
29.836 2 GVF_PARAMETRIC 5 1 -5e-06 6.,18.136719,41.308594,44.878906,19.75,29.046875,61.347656,53.699219,0.,0.,0.,0.,0.,0.,0.,0. -1.346888,-1.491031
29.836 2 INS 826 494 -106641240 -10485 15728 -1355555200 859 -4922 -7795
29.837 2 GPS 3 43817784 447810930 451 653289 5 -5 2395 294182500 30 0
29.837 2 GPS_INT 0 0 0 404513463 -37290744 703525 653289 0 0 0 72 13 294182500 101 24 3 1
29.838 2 DL_VALUE 98 0.
29.838 2 ATTITUDE -0.218638 5.961092 -0.144487
29.838 2 DL_VALUE 53 0.199
29.838 2 INS 826 494 -106674288 -10485 15728 -1355754496 900 -4861 -7778
29.839 2 ROTORCRAFT_FP 494 826 106680904 15728 -10485 1355794304 -895 -591 24416 0 0 0 0 375 0
29.839 2 ATTITUDE -0.218454 5.96101 -0.144476
29.881 2 INS 826 494 -106707392 -10485 15728 -1355954176 894 -4872 -7806
29.882 2 STATIC_CONTROL 0 0. 0 0. 0. 0. 0. 0. 0. 0. 0. 0. 0.
29.882 2 ATTITUDE -0.218423 5.961071 -0.144468
29.913 2 INS 832 496 -106740496 0 10485 -1356154368 854 -4925 -7824
29.965 2 GPS_INT 0 0 0 404513464 -37290743 703535 653299 0 0 0 72 8 294182750 102 23 3 1
29.966 2 ALIVE 122,195,7,233,5,247,195,75,60,187,26,129,128,90,246,93
29.967 2 ATTITUDE -0.218296 5.961128 -0.144384
29.967 2 ROTORCRAFT_NAV_STATUS 259 259 0. 0. 5 0 2
29.967 2 IMU_MAG_RAW 255 0 0 0
29.967 2 INS 832 496 -106773608 0 10485 -1356354176 873 -4903 -7799
29.981 2 ATTITUDE -0.218175 5.96128 -0.144389
30.023 2 INS 832 496 -106806720 0 10485 -1356553856 877 -4861 -7789
30.024 2 GPS 3 43817784 447810931 451 653299 4 0 2395 294182750 30 0
30.039 2 ATTITUDE -0.218215 5.961466 -0.144342
30.055 2 INS 832 496 -106839848 0 10485 -1356753920 884 -4860 -7799
30.127 2 ROVER_CTRL 0. 0.044384 2518.039551 0. 1400. 600. 1000. -279.340118 62.138271 -64.492226 2.355616 -0.
30.128 2 ROTORCRAFT_FP 496 832 106846464 10485 0 1356793984 -893 -591 24418 0 0 0 0 375 0
30.128 2 GPS_INT 0 0 0 404513464 -37290743 703535 653299 0 0 0 72 8 294182750 102 23 3 1
30.128 2 ATTITUDE -0.218339 5.961622 -0.144408
30.128 2 INS 832 496 -106872976 0 10485 -1356953728 915 -4867 -7830
30.129 2 SERIAL_COM 321 -4913 902 -7794 0 0 0 14 222 80 76 0 0 0 0 0
30.129 2 ATTITUDE -0.218274 5.961671 -0.144426
30.182 2 GVF_PARAMETRIC 5 1 -3e-06 0.,0.199,0.1995,0.546583,0.546583,0.05,61.347656,53.699219,0.,0.,0.,0.,0.,0.,0.,0. -1.346107,-1.488687
30.183 2 INS 837 501 -106906096 5242 20971 -1357153664 914 -4900 -7792
30.184 2 ATTITUDE -0.218535 5.962048 -0.144392
30.212 2 INS 837 501 -106939232 5242 20971 -1357353856 878 -4894 -7821
30.238 2 GPS_INT 0 0 0 404513466 -37290741 703538 653302 0 0 0 72 8 294183000 102 22 3 1
30.238 2 ATTITUDE -0.218489 5.962159 -0.144371
30.269 2 INS 837 501 -106972384 5242 20971 -1357554176 908 -4888 -7825
30.269 2 GPS 3 43817786 447810934 451 653302 6 -1 2395 294183000 30 0
30.285 2 ATTITUDE -0.21849 5.962224 -0.144428
30.301 2 INS 837 501 -107005520 5242 20971 -1357754240 870 -4922 -7823
30.345 2 ROTORCRAFT_FP 501 837 107012184 20971 5242 1357794432 -894 -591 24421 0 0 0 0 375 0
30.346 2 ATTITUDE -0.218572 5.962261 -0.144413
30.346 2 WP_MOVED_ENU 6 7324 5056 2974
30.346 2 WP_MOVED_ENU 6 7324 5056 2974
30.346 2 PONG 
30.387 2 INS 837 501 -107038672 5242 20971 -1357953920 878 -4878 -7780
30.387 2 GPS_INT 0 0 0 404513467 -37290741 703540 653304 0 0 0 72 11 294183250 101 23 3 1
30.388 2 ATTITUDE -0.218418 5.962266 -0.14438
30.403 2 INS 839 501 -107071824 5242 -26214 -1358153856 921 -4856 -7803
30.419 2 ROVER_STATUS 0 59 3 0 0 322 8.150944
30.435 2 ATTITUDE -0.218471 5.962332 -0.144339
30.451 2 INS 839 501 -107104984 5242 -26214 -1358353664 881 -4876 -7795
30.483 2 ATTITUDE -0.218368 5.962251 -0.144361
30.515 2 INS 839 501 -107138160 5242 -26214 -1358553472 875 -4912 -7797
30.515 2 GPS 3 43817786 447810935 451 653304 4 1 2395 294183250 30 0
30.541 2 GPS_INT 0 0 0 404513467 -37290741 703540 653304 0 0 0 72 11 294183250 101 23 3 1
30.541 2 ATTITUDE -0.218517 5.962345 -0.144481
30.628 2 GVF_PARAMETRIC 5 1 -7e-06 -6.,15.398438,4.558594,27.417969,28.609375,49.796875,50.96875,67.96875,0.,0.,0.,0.,0.,0.,0.,0. -1.344154,-1.485953
30.630 2 INS 839 501 -107171336 5242 -26214 -1358753280 892 -4876 -7799
30.631 2 ROVER_CTRL 0. 0.044384 2518.039551 0. 1400. 600. 1000. -279.340118 62.138271 -64.492226 2.355616 -0.
30.633 2 ROTORCRAFT_FP 501 839 107177976 -26214 5242 1358793472 -894 -591 24421 0 0 0 0 375 0
30.634 2 ATTITUDE -0.218399 5.962369 -0.144404
30.635 2 INS 839 501 -107204512 5242 -26214 -1358953216 895 -4900 -7823
30.636 2 SERIAL_COM 322 -4884 928 -7795 0 0 0 14 223 80 76 0 0 0 0 0
30.637 2 ATTITUDE -0.218406 5.962407 -0.144335
30.668 2 INS 842 496 -107237688 15728 -26214 -1359153152 908 -4878 -7803
30.668 2 GPS_SOL 72 13 101 24
30.684 2 GPS_INT 0 0 0 404513468 -37290743 703570 653334 0 0 0 72 13 294183500 101 24 3 1
30.684 2 ATTITUDE -0.218383 5.962371 -0.144368
30.716 2 INS 842 496 -107270880 15728 -26214 -1359353216 866 -4878 -7796
30.732 2 ATTITUDE -0.218392 5.962477 -0.144369
30.732 2 IMU_MAG_RAW 255 0 0 0
30.764 2 INS 842 496 -107304056 15728 -26214 -1359553024 914 -4865 -7806
30.764 2 GPS 3 43817784 447810936 451 653334 5 12 2395 294183500 30 0
30.780 2 ATTITUDE -0.218597 5.962768 -0.144441
30.812 2 INS 842 496 -107337248 15728 -26214 -1359753344 878 -4867 -7833
30.815 2 LINK_REPORT 2 -1 31 0 92370 2076 0 3388. 78. 10 46.76
30.849 2 ROTORCRAFT_FP 496 842 107343888 -26214 15728 1359793408 -896 -591 24424 0 0 0 0 375 0
30.849 2 GPS_INT 0 0 0 404513468 -37290743 703570 653334 0 0 0 72 13 294183500 101 24 3 1
30.850 2 ATTITUDE -0.218702 5.962811 -0.144477
30.879 2 INS 842 496 -107370440 15728 -26214 -1359953536 903 -4910 -7820
30.879 2 STATIC_CONTROL 0 0. 0 0. 0. 0. 0. 0. 0. 0. 0. 0. 0.
30.879 2 ATTITUDE -0.218887 5.962967 -0.144499
30.911 2 INS 842 494 -107403656 0 -10485 -1360153344 915 -4894 -7823
30.926 2 ATTITUDE -0.218948 5.963118 -0.144534
30.991 2 GVF_PARAMETRIC 5 1 -3e-06 6.,18.136719,41.308594,44.878906,19.75,29.046875,61.347656,53.699219,0.,0.,0.,0.,0.,0.,0.,0. -1.346888,-1.484781
30.991 2 INS 842 494 -107436856 0 -10485 -1360352768 892 -4886 -7801
30.992 2 GPS_INT 0 0 0 404513468 -37290744 703568 653332 0 0 0 72 11 294183750 101 23 3 1
30.992 2 ATTITUDE -0.219001 5.963171 -0.144679
31.028 2 INS 842 494 -107470064 0 -10485 -1360552704 882 -4908 -7801
31.028 2 ENERGY 3 8.150944 0.175 1.426415 5.872188 0.073053 0.571878
31.028 2 GPS 3 43817784 447810936 451 653332 1 0 2395 294183750 30 0
31.029 2 ATTITUDE -0.219229 5.963402 -0.144697
31.097 2 INS 842 494 -107503280 0 -10485 -1360752128 884 -4873 -7805
31.098 2 ROVER_CTRL 0. 0.044384 2518.039551 0. 1400. 600. 1000. -279.340118 62.138271 -64.492226 2.355616 -0.
31.098 2 ROTORCRAFT_FP 494 842 107509920 -10485 0 1360792192 -897 -592 24425 0 0 0 0 375 0
31.099 2 ATTITUDE -0.219003 5.9634 -0.144611
31.113 2 INS 842 494 -107536512 0 -10485 -1360952192 871 -4931 -7806
31.114 2 SERIAL_COM 322 -4873 884 -7805 0 0 0 14 223 80 76 0 0 0 0 0
31.140 2 GPS_INT 0 0 0 404513468 -37290744 703568 653332 0 0 0 72 11 294183750 101 23 3 1
31.140 2 ATTITUDE -0.219115 5.963523 -0.144619
31.155 2 INS 842 494 -107569720 -36700 -5242 -1361151744 926 -4884 -7794
31.171 2 ATTITUDE -0.219191 5.963665 -0.144669
31.203 2 INS 842 494 -107602960 -36700 -10485 -1361351680 898 -4910 -7799
31.219 2 ATTITUDE -0.218985 5.963527 -0.144661
31.266 2 INS 842 494 -107636184 -36700 -10485 -1361551232 881 -4900 -7774
31.267 2 GPS 3 43817784 447810936 451 653333 6 5 2395 294184000 30 0
31.292 2 GPS_INT 0 0 0 404513468 -37290744 703569 653333 0 0 0 72 11 294184000 102 24 3 1
31.293 2 ATTITUDE -0.218977 5.963544 -0.144685
31.308 2 INS 842 494 -107669440 -36700 -10485 -1361751040 904 -4921 -7831
31.317 2 SETTING 54 2 0.199
31.334 2 ROTORCRAFT_FP 494 842 107676080 -10485 -36700 1361790976 -897 -592 24427 0 0 0 0 375 0
31.335 2 ATTITUDE -0.218914 5.963605 -0.144622
31.388 2 GVF_PARAMETRIC 5 1 -9e-06 0.,0.199,0.1995,0.546583,0.546583,0.05,61.347656,53.699219,0.,0.,0.,0.,0.,0.,0.,0. -1.346888,-1.484781
31.388 2 INS 842 494 -107702680 -36700 -10485 -1361950464 897 -4914 -7794
31.388 2 DL_VALUE 54 0.199
31.389 2 DL_VALUE 99 38400.
31.389 2 ATTITUDE -0.219002 5.963815 -0.144635
31.403 2 INS 844 491 -107735944 47185 -26214 -1362150400 897 -4895 -7824
31.430 2 GPS_INT 0 0 0 404513469 -37290745 703560 653325 0 0 0 72 12 294184250 102 23 3 1
31.430 2 ATTITUDE -0.21907 5.963817 -0.144715
31.461 2 INS 844 491 -107769192 47185 -26214 -1362350080 894 -4922 -7762
31.477 2 ATTITUDE -0.218763 5.963694 -0.144673
31.519 2 INS 844 491 -107802448 47185 -26214 -1362550016 908 -4898 -7797
31.520 2 GPS 3 43817783 447810937 451 653325 9 -7 2395 294184250 30 0
31.520 2 ATTITUDE -0.218888 5.96389 -0.144689
31.535 2 ROTORCRAFT_NAV_STATUS 261 261 0. 0. 5 0 2
31.536 2 IMU_MAG_RAW 255 0 0 0
31.551 2 INS 844 491 -107835720 47185 -26214 -1362749952 896 -4885 -7826
31.623 2 ROVER_CTRL 0. 0.044384 2518.039551 0. 1400. 600. 1000. -279.340118 62.138271 -64.492226 2.355616 -0.
31.624 2 ROTORCRAFT_FP 491 844 107842408 -26214 47185 1362790144 -896 -592 24428 0 0 0 0 375 0
31.624 2 GPS_INT 0 0 0 404513469 -37290745 703560 653325 0 0 0 72 12 294184250 102 23 3 1
31.625 2 ATTITUDE -0.219032 5.964119 -0.144804
31.625 2 INS 844 491 -107868992 47185 -26214 -1362949888 897 -4898 -7789
31.625 2 SERIAL_COM 323 -4922 880 -7802 0 0 0 14 224 80 76 0 0 0 0 0
31.625 2 ATTITUDE -0.219086 5.964266 -0.14483
31.639 2 WP_MOVED_ENU 7 12748 7436 2972
31.639 2 WP_MOVED_ENU 7 12748 7436 2972
31.655 2 INS 849 491 -107902280 -5242 10485 -1363149440 900 -4863 -7783
31.671 2 ATTITUDE -0.219151 5.964404 -0.144816
31.703 2 INS 849 491 -107935560 -5242 10485 -1363349248 911 -4893 -7824
31.743 2 GPS_INT 0 0 0 404513471 -37290746 703553 653317 0 0 0 72 11 294184500 102 22 3 1
31.744 2 INS_REF 485058561 -31614701 411670235 404513171 -37290972 700771 650535 0.
31.744 2 ATTITUDE -0.219087 5.964475 -0.144804
31.792 2 GVF_PARAMETRIC 5 1 -3e-06 -6.,15.398438,4.558594,27.417969,28.609375,49.796875,50.96875,67.96875,0.,0.,0.,0.,0.,0.,0.,0. -1.34806,-1.482046
31.793 2 INS 849 491 -107968832 -5242 10485 -1363548928 895 -4914 -7804
31.793 2 GPS 3 43817782 447810939 451 653317 3 3 2395 294184500 30 0
31.793 2 ATTITUDE -0.218972 5.964458 -0.144823
31.807 2 INS 849 491 -108002120 -5242 10485 -1363748864 884 -4914 -7795
31.815 2 LINK_REPORT 2 -1 32 0 95561 2147 0 3191. 71. 11 46.76
31.833 2 ROTORCRAFT_FP 491 849 108008784 10485 -5242 1363788800 -896 -593 24430 0 0 0 0 375 0
31.834 2 ATTITUDE -0.218841 5.964493 -0.144842
31.849 2 INS 849 491 -108035424 -5242 10485 -1363948928 917 -4903 -7786
31.865 2 STATIC_CONTROL 0 0. 0 0. 0. 0. 0. 0. 0. 0. 0. 0. 0.
31.908 2 GPS_INT 0 0 0 404513471 -37290746 703553 653317 0 0 0 72 11 294184500 102 22 3 1
31.909 2 ATTITUDE -0.218987 5.964561 -0.144853
31.909 2 INS 852 488 -108068728 -20971 -31457 -1364148608 906 -4871 -7809
31.909 2 ROVER_STATUS 0 59 3 0 0 323 8.150944
31.924 2 ATTITUDE -0.219014 5.964641 -0.144773
31.956 2 INS 852 488 -108102040 -20971 -31457 -1364348032 914 -4879 -7777
31.972 2 ATTITUDE -0.219183 5.964766 -0.144837
32.042 2 INS 852 488 -108135360 -20971 -31457 -1364547968 861 -4896 -7802
32.043 2 GPS 3 43817781 447810939 451 653326 7 2 2395 294184750 30 0
32.043 2 GPS_INT 0 0 0 404513471 -37290747 703561 653326 0 0 0 72 9 294184750 102 24 3 1
32.043 2 STATE_FILTER_STATUS 6 3 0
32.044 2 ATTITUDE -0.219152 5.964894 -0.144867
32.085 2 INS 852 488 -108168680 -20971 -31457 -1364747904 917 -4885 -7805
32.086 2 ROVER_CTRL 0. 0.044384 2518.039551 0. 1400. 600. 1000. -279.340118 62.138271 -64.492226 2.355616 -0.
32.086 2 ROTORCRAFT_FP 488 852 108175344 -31457 -20971 1364787712 -897 -593 24432 0 0 0 0 375 0
32.087 2 ATTITUDE -0.21915 5.964873 -0.144831
32.114 2 INS 852 488 -108202008 -20971 -31457 -1364947584 905 -4878 -7818
32.114 2 SERIAL_COM 323 -4918 928 -7811 0 0 0 14 224 80 76 0 0 0 0 0
32.130 2 ATTITUDE -0.218995 5.964852 -0.144751
32.184 2 GVF_PARAMETRIC 5 1 -9e-06 6.,18.136719,41.308594,44.878906,19.75,29.046875,61.347656,53.699219,0.,0.,0.,0.,0.,0.,0.,0. -1.349232,-1.480875
32.185 2 INS 852 488 -108235384 -20971 -31457 -1365147904 906 -4910 -7815
32.185 2 GPS_INT 0 0 0 404513472 -37290748 703555 653319 0 0 0 71 11 294185000 99 24 3 1
32.186 2 ATTITUDE -0.218826 5.964877 -0.144727
32.199 2 INS 852 486 -108268672 20971 0 -1365347328 912 -4888 -7800
32.231 2 ATTITUDE -0.218994 5.965065 -0.144742
32.250 2 INS 852 486 -108301992 20971 0 -1365546880 914 -4876 -7793
32.263 2 GPS 3 43817780 447810940 451 653319 5 0 2395 294185000 30 0
32.279 2 ATTITUDE -0.219013 5.965151 -0.144847
32.295 2 INS 852 486 -108335336 20971 0 -1365746816 918 -4920 -7801
32.360 2 ROTORCRAFT_FP 486 852 108342008 0 20971 1365786624 -897 -593 24433 0 0 0 0 375 0
32.361 2 GPS_INT 0 0 0 404513472 -37290748 703555 653319 0 0 0 71 11 294185000 99 24 3 1
32.361 2 ATTITUDE -0.219249 5.965363 -0.144913
32.361 2 IMU_MAG_RAW 255 0 0 0
32.362 2 INS 852 486 -108368680 20971 0 -1365946752 883 -4886 -7827
32.375 2 ATTITUDE -0.219255 5.965375 -0.144837
32.408 2 INS 857 486 -108402032 5242 -20971 -1366146944 929 -4918 -7820
32.424 2 ATTITUDE -0.219592 5.965586 -0.144946
32.456 2 INS 857 486 -108435392 5242 -20971 -1366346880 898 -4890 -7796
32.482 2 GPS_INT 0 0 0 404513473 -37290748 703570 653334 0 0 0 71 12 294185250 99 24 3 1
32.482 2 ATTITUDE -0.2194 5.965496 -0.144959
32.513 2 INS 857 486 -108468760 5242 -20971 -1366546688 929 -4904 -7829
32.513 2 GPS 3 43817780 447810941 451 653334 2 1 2395 294185250 30 0
32.528 2 ATTITUDE -0.219359 5.965567 -0.144997
32.615 2 GVF_PARAMETRIC 5 1 -5e-06 0.,0.199,0.199,0.546583,0.546583,0.05,61.347656,53.699219,0.,0.,0.,0.,0.,0.,0.,0. -1.350013,-1.478922
32.617 2 INS 857 486 -108502128 5242 -20971 -1366746624 904 -4887 -7826
32.618 2 ROVER_CTRL 0. 0.044384 2518.039551 0. 1400. 600. 1000. -279.340118 62.138271 -64.492226 2.355616 -0.
32.619 2 ROTORCRAFT_FP 486 857 108508800 -20971 5242 1366786432 -898 -593 24435 0 0 0 0 375 0
32.620 2 ATTITUDE -0.219399 5.965668 -0.144975
32.621 2 INS 857 486 -108535496 5242 -20971 -1366946176 891 -4907 -7821
32.621 2 SERIAL_COM 324 -4935 859 -7777 0 0 0 14 225 80 76 0 0 0 0 0
32.640 2 GPS_INT 0 0 0 404513473 -37290748 703570 653334 0 0 0 71 12 294185250 99 24 3 1
32.641 2 ALIVE 122,195,7,233,5,247,195,75,60,187,26,129,128,90,246,93
32.641 2 ATTITUDE -0.219255 5.965701 -0.144981
32.656 2 INS 855 483 -108568872 -15728 -10485 -1367145600 920 -4897 -7822
32.656 2 GPS_SOL 71 10 99 24
32.671 2 ATTITUDE -0.219412 5.965821 -0.145046
32.704 2 INS 855 483 -108602256 -15728 -10485 -1367345536 928 -4906 -7819
32.719 2 ATTITUDE -0.21967 5.966026 -0.145081
32.735 2 DATALINK_REPORT 1 75 22232 3062 0 4
32.781 2 INS 855 483 -108635624 -15728 -10485 -1367544960 949 -4927 -7792
32.781 2 GPS 3 43817779 447810941 451 653325 4 1 2395 294185500 30 0
32.781 2 GPS_INT 0 0 0 404513473 -37290749 703561 653325 0 0 0 71 10 294185500 99 24 3 1
32.782 2 ATTITUDE -0.21977 5.966094 -0.145105
32.796 2 INS 855 483 -108669008 -15728 -10485 -1367745152 908 -4876 -7823
32.816 2 LINK_REPORT 2 -1 33 0 98579 2215 0 3018. 68. 11 46.76
32.826 2 ROTORCRAFT_FP 483 855 108675720 -10485 -15728 1367785344 -900 -594 24437 0 0 0 0 375 0
32.827 2 ATTITUDE -0.219751 5.966087 -0.145143
32.871 2 INS 855 483 -108702408 -15728 -10485 -1367944960 905 -4899 -7793
32.872 2 STATIC_CONTROL 0 0. 0 0. 0. 0. 0. 0. 0. 0. 0. 0. 0.
32.872 2 ATTITUDE -0.219919 5.966256 -0.145219
32.903 2 INS 852 483 -108735808 -20971 -15728 -1368144896 900 -4917 -7828
32.945 2 GPS_INT 0 0 0 404513472 -37290749 703573 653337 0 0 0 71 15 294185750 95 23 3 1
32.945 2 ATTITUDE -0.219724 5.966302 -0.145147
32.946 2 WP_MOVED_ENU 8 13048 15705 2974
32.946 2 WP_MOVED_ENU 8 13048 15705 2974
32.982 2 GVF_PARAMETRIC 5 1 -6e-06 -6.,15.398438,4.558594,27.417969,28.609375,49.796875,50.96875,67.96875,0.,0.,0.,0.,0.,0.,0.,0. -1.351185,-1.480875
32.982 2 INS 852 483 -108769208 -20971 -15728 -1368344448 918 -4901 -7801
32.983 2 DL_VALUE 100 38400.
32.983 2 ATTITUDE -0.219923 5.966557 -0.145172
33.011 2 INS 852 483 -108802616 -20971 -15728 -1368543744 943 -4927 -7778
33.012 2 GPS 3 43817779 447810940 451 653337 4 -5 2395 294185750 30 0
33.027 2 ATTITUDE -0.219985 5.966604 -0.1452
33.043 2 INS 852 483 -108836024 -20971 -15728 -1368743424 916 -4913 -7769
33.059 2 ROVER_CTRL 0. 0.044384 2518.039551 0. 1400. 600. 1000. -279.340118 62.138271 -64.492226 2.355616 -0.
33.118 2 ROTORCRAFT_FP 483 852 108842704 -15728 -20971 1368783360 -901 -594 24439 0 0 0 0 375 0
33.119 2 GPS_INT 0 0 0 404513472 -37290749 703573 653337 0 0 0 71 15 294185750 95 23 3 1
33.119 2 ATTITUDE -0.220194 5.966842 -0.145291
33.119 2 INS 852 483 -108869440 -20971 -15728 -1368942976 907 -4920 -7792
33.120 2 SERIAL_COM 324 -4877 920 -7832 0 0 0 14 225 80 76 0 0 0 0 0
33.120 2 ATTITUDE -0.220167 5.966864 -0.145202
33.134 2 ROTORCRAFT_NAV_STATUS 262 262 0. 0. 5 0 2
33.134 2 IMU_MAG_RAW 255 0 0 0
33.151 2 INS 852 483 -108902864 -20971 -15728 -1369142656 886 -4874 -7790
33.166 2 ATTITUDE -0.220194 5.96696 -0.145294
33.198 2 INS 849 483 -108936288 -36700 -10485 -1369342208 932 -4930 -7802
33.225 2 GPS_INT 0 0 0 404513471 -37290749 703569 653333 0 0 0 71 14 294186000 102 24 3 1
33.226 2 ATTITUDE -0.220148 5.966986 -0.145229
33.257 2 INS 849 483 -108969720 -36700 -10485 -1369542272 910 -4976 -7816
33.257 2 GPS 3 43817779 447810939 451 653333 6 -3 2395 294186000 30 0
33.273 2 ATTITUDE -0.22014 5.967053 -0.145295
33.305 2 INS 849 483 -109003160 -36700 -10485 -1369741568 943 -4893 -7791
33.321 2 ROTORCRAFT_FP 483 849 109009840 -10485 -36700 1369781504 -901 -595 24441 0 0 0 0 375 0
33.322 2 ATTITUDE -0.220142 5.967141 -0.145302
33.385 2 GVF_PARAMETRIC 5 1 -9e-06 6.,18.136719,41.308594,44.878906,19.75,29.046875,61.347656,53.699219,0.,0.,0.,0.,0.,0.,0.,0. -1.351185,-1.482046
33.386 2 INS 849 483 -109036592 -36700 -10485 -1369940992 907 -4878 -7758
33.386 2 GPS_INT 0 0 0 404513471 -37290749 703569 653333 0 0 0 71 14 294186000 102 24 3 1
33.387 2 ATTITUDE -0.220319 5.967389 -0.145251
33.411 2 INS 847 483 -109070040 10485 0 -1370140544 938 -4893 -7812
33.412 2 ROVER_STATUS 0 59 3 0 0 325 8.150944
33.427 2 ATTITUDE -0.220179 5.967407 -0.145198
33.443 2 INS 847 483 -109103488 10485 0 -1370340352 901 -4926 -7811
33.475 2 ATTITUDE -0.220329 5.967627 -0.145165
33.507 2 INS 847 483 -109136944 10485 0 -1370539648 898 -4927 -7786
33.507 2 GPS 3 43817779 447810938 451 653341 2 1 2395 294186250 30 0
33.534 2 GPS_INT 0 0 0 404513470 -37290749 703577 653341 0 0 0 71 14 294186250 102 23 3 1
33.534 2 ATTITUDE -0.220313 5.967734 -0.145176
33.587 2 INS 847 483 -109170400 10485 0 -1370739072 913 -4912 -7788
33.588 2 ROVER_CTRL 0. 0.044384 2518.039551 0. 1400. 600. 1000. -279.340118 62.138271 -64.492226 2.355616 -0.
33.588 2 ROTORCRAFT_FP 483 847 109177104 0 10485 1370779008 -902 -594 24444 0 0 0 0 375 0
33.589 2 ATTITUDE -0.220453 5.967881 -0.145255
33.614 2 INS 847 483 -109203872 10485 0 -1370938624 911 -4937 -7791
33.614 2 SERIAL_COM 325 -4926 901 -7811 0 0 0 14 226 80 76 0 0 0 0 0
33.615 2 ATTITUDE -0.220309 5.967903 -0.145276
33.646 2 INS 852 483 -109237344 -5242 -26214 -1371138304 936 -4936 -7811
33.677 2 GPS_INT 0 0 0 404513471 -37290749 703594 653358 0 0 0 71 12 294186500 95 24 3 1
33.678 2 ATTITUDE -0.220162 5.967804 -0.145201
33.693 2 INS 852 483 -109270824 -5242 -26214 -1371337856 900 -4936 -7783
33.725 2 ATTITUDE -0.220139 5.967822 -0.145181
33.779 2 GVF_PARAMETRIC 5 1 -6e-06 0.,0.199,0.199,0.546583,0.546583,0.05,61.347656,53.699219,0.,0.,0.,0.,0.,0.,0.,0. -1.351185,-1.480875
33.779 2 INS 852 483 -109304304 -5242 -26214 -1371537536 941 -4938 -7789
33.780 2 GPS 3 43817779 447810939 451 653358 4 3 2395 294186500 30 0
33.780 2 ATTITUDE -0.220027 5.96785 -0.145226
33.794 2 INS 852 483 -109337784 -5242 -26214 -1371737088 936 -4931 -7807
33.816 2 LINK_REPORT 2 -1 34 0 101623 2283 0 3044. 68. 11 46.76
33.833 2 ROTORCRAFT_FP 483 852 109344488 -26214 -5242 1371777024 -900 -594 24444 0 0 0 0 375 0
33.833 2 GPS_INT 0 0 0 404513471 -37290749 703594 653358 0 0 0 71 12 294186500 95 24 3 1
33.834 2 ATTITUDE -0.219931 5.967887 -0.145256
33.849 2 INS 852 483 -109371280 -5242 -26214 -1371936640 905 -4901 -7773
33.875 2 STATIC_CONTROL 0 0. 0 0. 0. 0. 0. 0. 0. 0. 0. 0. 0.
33.875 2 ATTITUDE -0.219971 5.967986 -0.145315
33.891 2 INS 847 483 -109404776 -41943 15728 -1372136320 912 -4897 -7773
33.923 2 ATTITUDE -0.219975 5.968119 -0.145379
33.923 2 IMU_MAG_RAW 255 0 0 0
33.955 2 INS 847 483 -109438280 -41943 15728 -1372336000 942 -4926 -7827
33.971 2 GPS_INT 0 0 0 404513470 -37290749 703618 653383 0 0 0 71 11 294186750 95 23 3 1
33.972 2 ATTITUDE -0.220063 5.968192 -0.145422
34.003 2 INS 847 483 -109471792 -41943 15728 -1372535296 944 -4923 -7784
34.003 2 GPS 3 43817779 447810938 451 653383 8 3 2395 294186750 30 0
34.019 2 ATTITUDE -0.220086 5.968358 -0.145443
34.089 2 INS 847 483 -109505296 -41943 15728 -1372734464 926 -4957 -7776
34.089 2 ROVER_CTRL 0. 0.044384 2518.039551 0. 1400. 600. 1000. -279.340118 62.138271 -64.492226 2.355616 -0.
34.090 2 ROTORCRAFT_FP 483 847 109512000 15728 -41943 1372774400 -901 -595 24446 0 0 0 0 375 0
34.090 2 ATTITUDE -0.219904 5.96834 -0.14542
34.105 2 INS 847 483 -109538808 -41943 15728 -1372934272 933 -4925 -7789
34.105 2 SERIAL_COM 325 -4922 916 -7825 0 0 0 14 226 80 76 0 0 0 0 0
34.131 2 GPS_INT 0 0 0 404513470 -37290749 703618 653383 0 0 0 71 11 294186750 95 23 3 1
34.131 2 ATTITUDE -0.219867 5.968429 -0.145437
34.168 2 GVF_PARAMETRIC 5 1 -1.1e-05 -6.,15.398438,4.558594,27.417969,28.609375,49.796875,50.96875,67.96875,0.,0.,0.,0.,0.,0.,0.,0. -1.351185,-1.482828
34.169 2 INS 847 483 -109572328 -41943 15728 -1373134208 894 -4918 -7823
34.169 2 ATTITUDE -0.219934 5.968582 -0.145406
34.200 2 INS 842 483 -109605848 -41943 -15728 -1373333888 902 -4919 -7772
34.216 2 ATTITUDE -0.220046 5.968753 -0.145404
34.232 2 WP_MOVED_ENU 9 17400 13747 2974
34.232 2 WP_MOVED_ENU 9 17400 13747 2974
34.258 2 INS 842 483 -109639376 -41943 -15728 -1373533824 928 -4927 -7814
34.258 2 GPS 3 43817779 447810936 451 653376 8 0 2395 294187000 30 0
34.284 2 GPS_INT 0 0 0 404513468 -37290749 703612 653376 0 0 0 71 11 294187000 95 24 3 1
34.284 2 ATTITUDE -0.219963 5.968761 -0.145441
34.300 2 INS 842 483 -109672904 -41943 -15728 -1373733632 920 -4909 -7819
34.326 2 ROTORCRAFT_FP 483 842 109679648 -15728 -41943 1373773568 -900 -595 24448 0 0 0 0 375 0
34.326 2 ATTITUDE -0.219818 5.968721 -0.145508
34.342 2 INS 842 483 -109706440 -41943 -15728 -1373933184 924 -4920 -7811
34.374 2 ATTITUDE -0.219805 5.968778 -0.145584
34.390 2 INS 837 483 -109739976 -15728 -20971 -1374132736 935 -4923 -7790
34.421 2 GPS_INT 0 0 0 404513467 -37290749 703624 653388 0 0 0 71 10 294187250 95 24 3 1
34.421 2 ATTITUDE -0.219709 5.968747 -0.145605
34.453 2 INS 837 483 -109773528 -15728 -20971 -1374332544 924 -4922 -7820
34.468 2 ATTITUDE -0.21975 5.968781 -0.145676
34.511 2 INS 837 483 -109807088 -15728 -20971 -1374532608 957 -4884 -7813
34.511 2 GPS 3 43817779 447810935 451 653388 4 1 2395 294187250 30 0
34.511 2 ATTITUDE -0.219704 5.968889 -0.1456
34.615 2 GVF_PARAMETRIC 5 1 -6e-06 6.,18.136719,41.308594,44.878906,19.75,29.046875,61.347656,53.699219,0.,0.,0.,0.,0.,0.,0.,0. -1.351185,-1.486734
34.616 2 INS 837 483 -109840640 -15728 -20971 -1374732800 927 -4922 -7840
34.616 2 ROVER_CTRL 0. 0.044384 2518.039551 0. 1400. 600. 1000. -279.340118 62.138271 -64.492226 2.355616 -0.
34.617 2 ROTORCRAFT_FP 483 837 109847352 -20971 -15728 1374772864 -899 -596 24448 0 0 0 0 375 0
34.617 2 GPS_INT 0 0 0 404513467 -37290749 703624 653388 0 0 0 71 10 294187250 95 24 3 1
34.618 2 DL_VALUE 0 0.
34.618 2 ATTITUDE -0.219565 5.968801 -0.145558
34.618 2 INS 837 483 -109874208 -15728 -20971 -1374932352 928 -4911 -7789
34.618 2 SERIAL_COM 326 -4918 918 -7772 0 0 0 14 227 80 76 0 0 0 0 0
34.630 2 ATTITUDE -0.219478 5.968823 -0.145524
34.657 2 INS 839 481 -109907784 -36700 -10485 -1375132416 955 -4907 -7817
34.657 2 GPS_SOL 71 11 95 24
34.672 2 ATTITUDE -0.219343 5.968827 -0.145507
34.688 2 INS 839 481 -109941360 -36700 -10485 -1375331840 938 -4895 -7816
34.754 2 GPS_INT 0 0 0 404513467 -37290749 703639 653403 0 0 0 71 11 294187500 95 24 3 1
34.754 2 ATTITUDE -0.219305 5.968844 -0.145539
34.755 2 ROTORCRAFT_NAV_STATUS 264 264 0. 0. 5 0 2
34.755 2 IMU_MAG_RAW 255 0 0 0
34.755 2 INS 839 481 -109974936 -36700 -10485 -1375531520 947 -4904 -7794
34.755 2 GPS 3 43817779 447810935 451 653403 6 2 2395 294187500 30 0
34.766 2 ATTITUDE -0.21925 5.968804 -0.145509
34.798 2 INS 839 481 -110008512 -36700 -10485 -1375731456 962 -4910 -7820
34.817 2 LINK_REPORT 2 -1 35 0 104670 2352 0 3047. 69. 11 46.76
34.824 2 ROTORCRAFT_FP 481 839 110015232 -10485 -36700 1375771392 -897 -595 24448 0 0 0 0 375 0
34.825 2 ATTITUDE -0.219296 5.968892 -0.145461
34.841 2 INS 839 481 -110042112 -36700 -10485 -1375931136 931 -4944 -7833
34.880 2 STATIC_CONTROL 0 0. 0 0. 0. 0. 0. 0. 0. 0. 0. 0. 0.
34.881 2 GPS_INT 0 0 0 404513467 -37290749 703639 653403 0 0 0 71 11 294187500 95 24 3 1
34.881 2 ATTITUDE -0.219245 5.968871 -0.145471
34.906 2 INS 839 483 -110075696 31457 10485 -1376130944 939 -4912 -7792
34.907 2 ROVER_STATUS 0 56 3 0 0 326 8.159775
34.922 2 ATTITUDE -0.21925 5.968963 -0.145487
34.965 2 GVF_PARAMETRIC 5 1 -7e-06 0.,0.199,0.199,0.546583,0.546583,0.05,61.347656,53.699219,0.,0.,0.,0.,0.,0.,0.,0. -1.351185,-1.485953
34.965 2 INS 839 483 -110109296 31457 10485 -1376330496 925 -4896 -7792
34.965 2 ATTITUDE -0.219287 5.96904 -0.145408
35.006 2 INS 839 483 -110142896 31457 10485 -1376530176 924 -4918 -7805
35.007 2 GPS 3 43817780 447810935 451 653428 6 4 2395 294187750 30 0
35.022 2 GPS_INT 0 0 0 404513467 -37290748 703664 653428 0 0 0 71 14 294187750 95 23 3 1
35.023 2 ATTITUDE -0.219418 5.969277 -0.145347
35.038 2 INS 839 483 -110176512 31457 10485 -1376729984 963 -4869 -7780
35.080 2 ROVER_CTRL 0. 0.044384 2518.039551 0. 1400. 600. 1000. -279.340118 62.138271 -64.492226 2.355616 -0.
35.080 2 ROTORCRAFT_FP 483 839 110183232 10485 31457 1376769920 -898 -595 24449 0 0 0 0 375 0
35.080 2 ATTITUDE -0.21923 5.969203 -0.145324
35.106 2 INS 839 483 -110210120 31457 10485 -1376929536 943 -4905 -7788
35.107 2 SERIAL_COM 326 -4951 934 -7807 0 0 0 14 227 80 76 0 0 0 0 0
35.122 2 ATTITUDE -0.219148 5.969269 -0.145293
35.138 2 INS 839 483 -110243744 31457 10485 -1377128960 945 -4930 -7776
35.183 2 GPS_INT 0 0 0 404513467 -37290748 703664 653428 0 0 0 71 14 294187750 95 23 3 1
35.184 2 AUTOPILOT_VERSION 60200 v6.2_unstable-650-g74eaf7c20-dirty
35.184 2 ATTITUDE -0.219134 5.969375 -0.145339
35.199 2 INS 842 486 -110277368 -15728 10485 -1377328896 938 -4874 -7821
35.200 2 STATE_FILTER_STATUS 6 3 0
35.215 2 ATTITUDE -0.219225 5.96959 -0.145327
35.257 2 INS 842 486 -110310984 -15728 10485 -1377528576 933 -4881 -7864
35.258 2 GPS 3 43817781 447810936 451 653449 4 6 2395 294188000 30 0
35.258 2 ATTITUDE -0.219201 5.9697 -0.145382
35.289 2 INS 842 486 -110344624 -15728 10485 -1377728512 931 -4879 -7810
35.375 2 ROTORCRAFT_FP 486 842 110351352 10485 -15728 1377768448 -897 -595 24451 0 0 0 0 375 0
35.376 2 GPS_INT 0 0 0 404513468 -37290747 703685 653449 0 0 0 71 13 294188000 95 23 3 1
35.376 2 ALIVE 122,195,7,233,5,247,195,75,60,187,26,129,128,90,246,93
35.376 2 ATTITUDE -0.219207 5.969819 -0.145326
35.377 2 GVF_PARAMETRIC 5 1 -5e-06 -6.,15.398438,4.558594,27.417969,28.609375,49.796875,50.96875,67.96875,0.,0.,0.,0.,0.,0.,0.,0. -1.350013,-1.484781
35.377 2 PONG 
35.377 2 INS 842 486 -110378304 -15728 10485 -1377928704 959 -4901 -7818
35.377 2 ATTITUDE -0.219311 5.969932 -0.14536
35.391 2 INS 839 488 -110411896 -26214 5242 -1378128384 951 -4921 -7788
35.407 2 ATTITUDE -0.219337 5.970022 -0.145344
35.439 2 INS 839 488 -110445544 -26214 5242 -1378327808 931 -4902 -7779
35.468 2 GPS_INT 0 0 0 404513467 -37290747 703698 653462 0 0 0 71 11 294188250 93 24 3 1
35.468 2 ATTITUDE -0.21931 5.970115 -0.145332
35.513 2 INS 839 488 -110479192 -26214 5242 -1378527872 934 -4895 -7816
35.513 2 ENERGY 3 8.150944 0.2 1.630189 5.804623 0.073302 0.573905
35.514 2 GPS 3 43817781 447810935 451 653462 5 3 2395 294188250 30 0
35.514 2 ATTITUDE -0.219314 5.970264 -0.145325
35.540 2 WP_MOVED_ENU 10 12180 6215 2974
35.540 2 WP_MOVED_ENU 10 12180 6215 2974
35.540 2 IMU_MAG_RAW 255 0 0 0
35.541 2 INS 839 488 -110512848 -26214 5242 -1378727680 951 -4895 -7795
35.581 2 ROVER_CTRL 0. 0.044384 2518.039551 0. 1400. 600. 1000. -279.340118 62.138271 -64.492226 2.355616 -0.
35.582 2 ROTORCRAFT_FP 488 839 110519584 5242 -26214 1378767616 -898 -595 24454 0 0 0 0 375 0
35.582 2 ATTITUDE -0.219301 5.970301 -0.145353
35.609 2 INS 839 488 -110546520 -26214 5242 -1378927616 913 -4857 -7802
35.610 2 SERIAL_COM 327 -4934 951 -7804 0 0 0 14 228 80 76 0 0 0 0 0
35.626 2 GPS_INT 0 0 0 404513467 -37290747 703698 653462 0 0 0 71 11 294188250 93 24 3 1
35.626 2 ATTITUDE -0.219254 5.970319 -0.145355
35.641 2 INS 837 488 -110580184 -5242 -5242 -1379127808 940 -4903 -7842
35.657 2 ATTITUDE -0.219287 5.97036 -0.145347
35.689 2 INS 837 488 -110613856 -10485 -10485 -1379327360 926 -4888 -7778
35.721 2 ATTITUDE -0.219252 5.970397 -0.145332
35.797 2 GVF_PARAMETRIC 5 1 -4e-06 6.,18.136719,41.308594,44.878906,19.75,29.046875,61.347656,53.699219,0.,0.,0.,0.,0.,0.,0.,0. -1.349232,-1.486734
35.798 2 INS 837 488 -110647528 -10485 -10485 -1379527040 976 -4909 -7814
35.798 2 GPS 3 43817781 447810934 451 653458 2 6 2395 294188500 30 0
35.798 2 GPS_INT 0 0 0 404513466 -37290747 703694 653458 0 0 0 71 14 294188500 93 23 3 1
35.799 2 ATTITUDE -0.219305 5.97045 -0.145336
35.799 2 INS 837 488 -110681200 -10485 -10485 -1379726592 931 -4906 -7778
35.813 2 ROTORCRAFT_FP 488 837 110687944 -10485 -10485 1379766656 -898 -595 24455 0 0 0 0 375 0
35.813 2 ATTITUDE -0.219333 5.970478 -0.145314
35.817 2 LINK_REPORT 2 -1 36 0 107984 2426 0 3314. 74. 12 77.46
35.859 2 INS 837 488 -110714888 -10485 -10485 -1379926528 931 -4891 -7782
35.859 2 STATIC_CONTROL 0 0. 0 0. 0. 0. 0. 0. 0. 0. 0. 0. 0.
35.859 2 ATTITUDE -0.219221 5.970551 -0.145314
35.891 2 INS 837 486 -110748600 0 -15728 -1380125952 947 -4872 -7811
35.917 2 GPS_INT 0 0 0 404513466 -37290748 703722 653487 0 0 0 71 9 294188750 93 24 3 1
35.917 2 ATTITUDE -0.219299 5.970629 -0.145278
35.949 2 INS 837 486 -110782288 0 -15728 -1380325376 944 -4900 -7774
35.965 2 ATTITUDE -0.219383 5.970755 -0.145253
35.997 2 INS 837 486 -110815976 0 -15728 -1380524800 938 -4907 -7803
35.997 2 GPS 3 43817780 447810934 451 653487 3 0 2395 294188750 30 0
36.012 2 ATTITUDE -0.219265 5.970763 -0.145268
36.119 2 INS 837 486 -110849680 0 -15728 -1380724480 937 -4901 -7795
36.119 2 ROVER_CTRL 0. 0.044384 2518.039551 0. 1400. 600. 1000. -279.340118 62.138271 -64.492226 2.355616 -0.
36.119 2 ROTORCRAFT_FP 486 837 110856424 -15728 0 1380764544 -897 -595 24456 0 0 0 0 375 0
36.120 2 GPS_INT 0 0 0 404513466 -37290748 703722 653487 0 0 0 71 9 294188750 93 24 3 1
36.120 2 ATTITUDE -0.219265 5.970835 -0.145298
36.120 2 INS 837 486 -110883392 0 -15728 -1380924416 924 -4889 -7788
36.120 2 SERIAL_COM 327 -4892 914 -7789 0 0 0 14 228 80 76 0 0 0 0 0
36.121 2 ATTITUDE -0.219309 5.970893 -0.145289
36.175 2 GVF_PARAMETRIC 5 1 -4e-06 0.,0.199,0.199,0.546583,0.546583,0.05,61.347656,53.699219,0.,0.,0.,0.,0.,0.,0.,0. -1.350013,-1.486734
36.176 2 INS 837 486 -110917112 0 -15728 -1381124224 933 -4914 -7821
36.176 2 DL_VALUE 1 5.
36.176 2 ATTITUDE -0.219432 5.970994 -0.145313
36.191 2 INS 837 481 -110950832 26214 -57671 -1381324160 965 -4890 -7805
36.217 2 GPS_INT 0 0 0 404513466 -37290750 703722 653486 0 0 0 71 11 294189000 98 24 3 1
36.217 2 ATTITUDE -0.219415 5.971067 -0.14531
36.249 2 INS 837 481 -110984560 26214 -57671 -1381523584 944 -4893 -7781
36.249 2 GPS 3 43817778 447810934 451 653486 12 2 2395 294189000 30 0
36.264 2 ATTITUDE -0.219285 5.971104 -0.145296
36.297 2 INS 837 481 -111018288 26214 -57671 -1381722880 959 -4891 -7771
36.323 2 ROTORCRAFT_FP 481 837 111025032 -57671 26214 1381762688 -898 -595 24457 0 0 0 0 375 0
36.323 2 ATTITUDE -0.219367 5.971203 -0.14531
36.323 2 ROTORCRAFT_NAV_STATUS 266 266 0. 0. 5 0 2
36.324 2 IMU_MAG_RAW 255 0 0 0
36.339 2 INS 837 481 -111052016 26214 -57671 -1381922176 948 -4910 -7807
36.365 2 GPS_INT 0 0 0 404513466 -37290750 703722 653486 0 0 0 71 11 294189000 98 24 3 1
36.365 2 ATTITUDE -0.219639 5.971384 -0.145296
36.396 2 INS 837 476 -111085760 -31457 10485 -1382121728 937 -4884 -7775
36.397 2 ROVER_STATUS 0 55 3 0 0 328 8.159775
36.412 2 ATTITUDE -0.219869 5.971634 -0.145397
36.445 2 INS 837 476 -111119504 -41943 10485 -1382321664 940 -4926 -7803
36.461 2 ATTITUDE -0.219846 5.97175 -0.145364
36.519 2 INS 837 476 -111153256 -41943 10485 -1382521088 936 -4883 -7785
36.520 2 GPS 3 43817777 447810934 451 653483 7 2 2395 294189250 30 0
36.520 2 GPS_INT 0 0 0 404513466 -37290752 703719 653483 0 0 0 71 10 294189250 98 24 3 1
36.521 2 ATTITUDE -0.219741 5.971743 -0.145445
36.606 2 GVF_PARAMETRIC 5 1 -1.1e-05 -6.,15.398438,4.558594,27.417969,28.609375,49.796875,50.96875,67.96875,0.,0.,0.,0.,0.,0.,0.,0. -1.353919,-1.486734
36.607 2 INS 837 476 -111187008 -41943 10485 -1382720896 934 -4894 -7832
36.608 2 ROVER_CTRL 0. 0.044384 2518.039551 0. 1400. 600. 1000. -279.340118 62.138271 -64.492226 2.355616 -0.
36.609 2 ROTORCRAFT_FP 476 837 111193784 10485 -41943 1382760960 -900 -595 24460 0 0 0 0 375 0
36.609 2 ATTITUDE -0.21988 5.97195 -0.145402
36.610 2 INS 837 476 -111220768 -41943 10485 -1382920576 929 -4915 -7772
36.610 2 SERIAL_COM 328 -4943 952 -7812 0 0 0 14 229 80 76 0 0 0 0 0
36.611 2 ATTITUDE -0.219871 5.972015 -0.145456
36.650 2 INS 832 476 -111254536 0 -31457 -1383120512 975 -4917 -7798
36.650 2 GPS_SOL 71 11 98 24
36.666 2 GPS_INT 0 0 0 404513464 -37290753 703713 653478 0 0 0 71 11 294189500 98 24 3 1
36.667 2 ATTITUDE -0.219888 5.972017 -0.145419
36.697 2 INS 832 476 -111288304 0 -31457 -1383319936 938 -4896 -7792
36.713 2 ATTITUDE -0.219668 5.972003 -0.145418
36.746 2 INS 832 476 -111322064 0 -31457 -1383519616 953 -4900 -7760
36.746 2 GPS 3 43817776 447810931 451 653478 5 -3 2395 294189500 30 0
36.761 2 ATTITUDE -0.219623 5.971992 -0.145427
36.794 2 INS 832 476 -111355848 0 -31457 -1383719296 982 -4922 -7787
36.818 2 LINK_REPORT 2 -1 37 0 110811 2490 0 2827. 64. 12 77.46
36.862 2 ROTORCRAFT_FP 476 832 111362632 -31457 0 1383759360 -899 -595 24461 0 0 0 0 375 0
36.863 2 GPS_INT 0 0 0 404513464 -37290753 703713 653478 0 0 0 71 11 294189500 98 24 3 1
36.863 2 INS_REF 485058561 -31614701 411670235 404513171 -37290972 700771 650535 0.
36.864 2 ATTITUDE -0.219467 5.971984 -0.145301
36.864 2 WP_MOVED_ENU 11 2337 14133 2974
36.864 2 WP_MOVED_ENU 11 2337 14133 2974
36.864 2 INS 832 476 -111389640 0 -31457 -1383918976 940 -4889 -7822
36.864 2 STATIC_CONTROL 0 0. 0 0. 0. 0. 0. 0. 0. 0. 0. 0. 0.
36.865 2 ATTITUDE -0.219405 5.972014 -0.145233
36.894 2 INS 829 473 -111423432 0 -10485 -1384118528 939 -4871 -7799
36.910 2 ATTITUDE -0.21966 5.972219 -0.145279
36.975 2 GVF_PARAMETRIC 5 1 -3e-06 6.,18.136719,41.308594,44.878906,19.75,29.046875,61.347656,53.699219,0.,0.,0.,0.,0.,0.,0.,0. -1.355091,-1.489859
36.975 2 INS 829 473 -111457224 0 -10485 -1384318208 943 -4887 -7794
36.976 2 GPS_INT 0 0 0 404513464 -37290754 703697 653461 0 0 0 71 10 294189750 98 24 3 1
36.976 2 ATTITUDE -0.219748 5.972361 -0.145286
37.000 2 INS 829 473 -111491024 0 -10485 -1384518144 962 -4930 -7771
37.000 2 GPS 3 43817775 447810931 451 653461 1 0 2395 294189750 30 0
37.016 2 ATTITUDE -0.219683 5.972408 -0.145269
37.032 2 INS 829 473 -111524832 0 -10485 -1384717696 936 -4895 -7822
37.074 2 ROVER_CTRL 0. 0.044384 2518.039551 0. 1400. 600. 1000. -279.340118 62.138271 -64.492226 2.355616 -0.
37.075 2 ROTORCRAFT_FP 473 829 111531592 -10485 0 1384757632 -900 -595 24463 0 0 0 0 375 0
37.075 2 ATTITUDE -0.219787 5.972507 -0.145296
37.128 2 INS 829 473 -111558640 0 -10485 -1384917376 945 -4912 -7787
37.129 2 SERIAL_COM 328 -4895 936 -7822 0 0 0 14 229 80 76 0 0 0 0 0
37.129 2 GPS_INT 0 0 0 404513464 -37290754 703697 653461 0 0 0 71 10 294189750 98 24 3 1
37.129 2 ATTITUDE -0.219788 5.972575 -0.145317
37.130 2 IMU_MAG_RAW 255 0 0 0
37.144 2 INS 829 473 -111592456 0 -10485 -1385116800 936 -4920 -7815
37.160 2 ATTITUDE -0.219743 5.972607 -0.145283
37.192 2 INS 834 471 -111626272 31457 -10485 -1385316480 923 -4919 -7782
37.208 2 ATTITUDE -0.219711 5.972663 -0.145254
37.250 2 INS 834 471 -111660088 31457 -10485 -1385515904 926 -4895 -7769
37.250 2 GPS 3 43817774 447810933 451 653482 7 4 2395 294190000 30 0
37.266 2 GPS_INT 0 0 0 404513465 -37290755 703718 653482 0 0 0 71 15 294190000 98 24 3 1
37.266 2 ATTITUDE -0.219643 5.972683 -0.145203
37.282 2 INS 834 471 -111693928 31457 -10485 -1385716096 962 -4884 -7783
37.312 2 ROTORCRAFT_FP 471 834 111700688 -10485 31457 1385755904 -899 -594 24464 0 0 0 0 375 0
37.313 2 ATTITUDE -0.219637 5.972698 -0.145138
37.367 2 GVF_PARAMETRIC 5 1 -8e-06 0.,0.199,0.199,0.546583,0.546583,0.05,61.347656,53.699219,0.,0.,0.,0.,0.,0.,0.,0. -1.355872,-1.487906
37.368 2 INS 834 471 -111727760 31457 -10485 -1385915392 942 -4932 -7788
37.368 2 ATTITUDE -0.219604 5.972749 -0.14513
37.383 2 INS 829 471 -111761600 -10485 0 -1386114688 920 -4909 -7795
37.412 2 GPS_INT 0 0 0 404513464 -37290755 703718 653482 0 0 0 71 12 294190250 98 23 3 1
37.412 2 ATTITUDE -0.219514 5.972779 -0.145182
37.444 2 INS 829 471 -111795440 -10485 0 -1386314496 931 -4893 -7799
37.460 2 ATTITUDE -0.219506 5.972919 -0.145177
37.492 2 INS 829 471 -111829280 -10485 0 -1386514304 945 -4901 -7815
37.493 2 GPS 3 43817774 447810931 451 653482 2 2 2395 294190250 30 0
37.508 2 ATTITUDE -0.219537 5.973034 -0.145115
37.614 2 INS 829 471 -111863136 -10485 0 -1386713984 953 -4886 -7764
37.614 2 ROVER_CTRL 0. 0.044384 2518.039551 0. 1400. 600. 1000. -279.340118 62.138271 -64.492226 2.355616 -0.
37.615 2 ROTORCRAFT_FP 471 829 111869912 0 -10485 1386754048 -899 -594 24465 0 0 0 0 375 0
37.615 2 GPS_INT 0 0 0 404513464 -37290755 703718 653482 0 0 0 71 12 294190250 98 23 3 1
37.615 2 ATTITUDE -0.219499 5.973116 -0.14511
37.616 2 INS 829 471 -111896992 -10485 0 -1386913408 957 -4890 -7797
37.616 2 SERIAL_COM 329 -4913 921 -7814 0 0 0 14 230 80 76 0 0 0 0 0
37.616 2 ATTITUDE -0.219492 5.973261 -0.145137
37.630 2 INS 832 468 -111930848 47185 -15728 -1387113088 963 -4888 -7826
37.662 2 ATTITUDE -0.219487 5.973286 -0.145155
37.694 2 INS 832 468 -111964712 47185 -20971 -1387312896 967 -4905 -7821
37.710 2 GPS_INT 0 0 0 404513465 -37290756 703714 653478 0 0 0 71 12 294190500 98 23 3 1
37.710 2 ATTITUDE -0.219428 5.973289 -0.145093
37.774 2 GVF_PARAMETRIC 5 1 -1.3e-05 -6.,15.398438,4.558594,27.417969,28.609375,49.796875,50.96875,67.96875,0.,0.,0.,0.,0.,0.,0.,0. -1.357044,-1.488687
37.775 2 INS 832 468 -111998592 47185 -20971 -1387513088 963 -4909 -7801
37.775 2 GPS 3 43817773 447810933 451 653478 11 1 2395 294190500 30 0
37.775 2 DL_VALUE 2 5.
37.775 2 ATTITUDE -0.219393 5.97332 -0.14505
37.790 2 INS 832 468 -112032464 47185 -20971 -1387712640 944 -4903 -7803
37.816 2 ROTORCRAFT_FP 468 832 112039272 -20971 47185 1387752832 -898 -594 24467 0 0 0 0 375 0
37.816 2 ATTITUDE -0.219455 5.973449 -0.145055
37.816 2 DATALINK_REPORT 2 76 22583 3082 0 4
37.818 2 LINK_REPORT 2 -1 38 0 114038 2561 0 3227. 71. 12 77.46
37.832 2 INS 832 468 -112066344 47185 -20971 -1387912192 947 -4889 -7787
37.871 2 STATIC_CONTROL 0 0. 0 0. 0. 0. 0. 0. 0. 0. 0. 0. 0.
37.871 2 GPS_INT 0 0 0 404513465 -37290756 703714 653478 0 0 0 71 12 294190500 98 23 3 1
37.872 2 ATTITUDE -0.219478 5.973513 -0.145002
37.897 2 INS 834 465 -112100240 -5242 -15728 -1388112000 932 -4875 -7779
37.897 2 ROVER_STATUS 0 56 3 0 0 329 8.150944
37.913 2 ATTITUDE -0.219572 5.973629 -0.144957
37.913 2 ROTORCRAFT_NAV_STATUS 267 267 0. 0. 5 0 2
37.943 2 IMU_MAG_RAW 255 0 0 0
37.944 2 INS 834 465 -112134168 5242 -20971 -1388312064 960 -4892 -7827
37.960 2 ATTITUDE -0.219496 5.973683 -0.144964
37.992 2 INS 834 465 -112168016 5242 -20971 -1388511488 967 -4894 -7806
37.992 2 GPS 3 43817773 447810933 451 653474 3 -2 2395 294190750 30 0
38.018 2 GPS_INT 0 0 0 404513465 -37290757 703709 653474 0 0 0 71 10 294190750 98 24 3 1
38.019 2 ALIVE 122,195,7,233,5,247,195,75,60,187,26,129,128,90,246,93
38.019 2 ATTITUDE -0.219398 5.973758 -0.144916
38.033 2 INS 834 465 -112201928 5242 -20971 -1388711808 948 -4888 -7808
38.072 2 ROVER_CTRL 0. 0.044384 2518.039551 0. 1400. 600. 1000. -279.340118 62.138271 -64.492226 2.355616 -0.
38.072 2 ROTORCRAFT_FP 465 834 112208704 -20971 5242 1388751616 -898 -593 24468 0 0 0 0 375 0
38.073 2 ATTITUDE -0.219498 5.973904 -0.144945
38.099 2 INS 834 465 -112235816 5242 -20971 -1388911616 969 -4898 -7824
38.099 2 SERIAL_COM 329 -4895 946 -7842 0 0 0 14 230 80 76 0 0 0 0 0
38.099 2 ATTITUDE -0.219627 5.974021 -0.144997
38.114 2 WP_MOVED_ENU 12 760 1031 2560
38.115 2 WP_MOVED_ENU 12 760 1031 2560
38.190 2 GVF_PARAMETRIC 5 1 -5e-06 6.,18.136719,41.308594,44.878906,19.75,29.046875,61.347656,53.699219,0.,0.,0.,0.,0.,0.,0.,0. -1.358216,-1.487906
38.191 2 INS 834 465 -112269728 5242 -20971 -1389111552 937 -4906 -7795
38.191 2 GPS_INT 0 0 0 404513465 -37290757 703709 653474 0 0 0 71 10 294190750 98 24 3 1
38.192 2 ATTITUDE -0.219757 5.974103 -0.145038
38.192 2 INS 834 460 -112303648 -10485 -47185 -1389311104 995 -4938 -7798
38.206 2 ATTITUDE -0.219789 5.974229 -0.145079
38.248 2 INS 834 460 -112337576 -10485 -47185 -1389511040 958 -4911 -7786
38.248 2 GPS 3 43817771 447810933 451 653495 8 7 2395 294191000 30 0
38.263 2 ATTITUDE -0.2199 5.974376 -0.14516
38.279 2 INS 834 460 -112371488 -10485 -47185 -1389710976 942 -4890 -7793
38.321 2 ROTORCRAFT_FP 460 834 112378312 -47185 -10485 1389751168 -900 -594 24471 0 0 0 0 375 0
38.321 2 GPS_INT 0 0 0 404513465 -37290759 703731 653495 0 0 0 71 11 294191000 100 24 3 1
38.322 2 ATTITUDE -0.219856 5.974465 -0.145176
38.336 2 INS 834 460 -112405416 -10485 -47185 -1389910656 948 -4899 -7821
38.352 2 ATTITUDE -0.219905 5.974625 -0.145167
38.400 2 INS 829 460 -112439360 -10485 -20971 -1390110848 967 -4915 -7835
38.400 2 STATE_FILTER_STATUS 6 3 0
38.400 2 ATTITUDE -0.219993 5.974782 -0.145138
38.431 2 INS 829 460 -112473296 -15728 -26214 -1390310400 943 -4893 -7798
38.459 2 GPS_INT 0 0 0 404513464 -37290760 703738 653502 0 0 0 71 12 294191250 100 23 3 1
38.459 2 ATTITUDE -0.219974 5.97486 -0.1451
38.490 2 INS 829 460 -112507248 -15728 -26214 -1390510208 939 -4920 -7816
38.491 2 GPS 3 43817770 447810932 451 653502 5 7 2395 294191250 30 0
38.506 2 ATTITUDE -0.220008 5.974952 -0.145128
38.592 2 GVF_PARAMETRIC 5 1 -7e-06 0.,0.199,0.199,0.546583,0.546583,0.05,61.347656,53.699219,0.,0.,0.,0.,0.,0.,0.,0. -1.360169,-1.489859
38.593 2 INS 829 460 -112541200 -15728 -26214 -1390709760 980 -4948 -7806
38.593 2 ROVER_CTRL 0. 0.044384 2518.039551 0. 1400. 600. 1000. -279.340118 62.138271 -64.492226 2.355616 -0.
38.594 2 ROTORCRAFT_FP 460 829 112547992 -26214 -15728 1390749696 -901 -594 24473 0 0 0 0 375 0
38.594 2 ATTITUDE -0.220012 5.975022 -0.145161
38.594 2 INS 829 460 -112575152 -15728 -26214 -1390909056 957 -4914 -7786
38.595 2 SERIAL_COM 330 -4941 964 -7823 0 0 0 14 231 80 76 0 0 0 0 0
38.617 2 GPS_INT 0 0 0 404513464 -37290760 703738 653502 0 0 0 71 12 294191250 100 23 3 1
38.618 2 ATTITUDE -0.219885 5.974985 -0.145153
38.643 2 INS 824 458 -112609112 -15728 0 -1391108992 934 -4904 -7780
38.644 2 GPS_SOL 71 10 100 24
38.659 2 ATTITUDE -0.219906 5.975058 -0.145153
38.691 2 INS 824 458 -112643080 -15728 5242 -1391308544 948 -4903 -7804
38.707 2 ATTITUDE -0.219873 5.975188 -0.14516
38.707 2 IMU_MAG_RAW 255 0 0 0
38.739 2 INS 824 458 -112677072 -15728 5242 -1391508352 950 -4918 -7775
38.740 2 GPS 3 43817769 447810929 451 653507 4 2 2395 294191500 30 0
38.765 2 GPS_INT 0 0 0 404513462 -37290761 703743 653507 0 0 0 71 10 294191500 100 24 3 1
38.766 2 ATTITUDE -0.219975 5.975336 -0.145197
38.781 2 INS 824 458 -112711024 -15728 5242 -1391708032 968 -4901 -7788
38.808 2 ROTORCRAFT_FP 458 824 112717824 5242 -15728 1391747968 -901 -594 24475 0 0 0 0 375 0
38.809 2 ATTITUDE -0.219977 5.975339 -0.14518
38.819 2 LINK_REPORT 2 -1 39 0 117138 2632 0 3100. 71. 12 77.46
38.854 2 INS 824 458 -112745000 -15728 5242 -1391907840 931 -4888 -7834
38.855 2 STATIC_CONTROL 0 0. 0 0. 0. 0. 0. 0. 0. 0. 0. 0. 0.
38.855 2 ATTITUDE -0.220056 5.975431 -0.145218
38.886 2 INS 824 458 -112779000 26214 -10485 -1392107520 962 -4906 -7793
38.912 2 GPS_INT 0 0 0 404513462 -37290761 703751 653515 0 0 0 71 11 294191750 98 25 3 1
38.913 2 ATTITUDE -0.220137 5.975475 -0.145169
38.954 2 GVF_PARAMETRIC 5 1 -7e-06 -6.,15.398438,4.558594,27.417969,28.609375,49.796875,50.96875,67.96875,0.,0.,0.,0.,0.,0.,0.,0. -1.36095,-1.491812
38.954 2 INS 824 458 -112812976 31457 -10485 -1392306944 971 -4920 -7778
38.955 2 ATTITUDE -0.220133 5.975577 -0.145195
38.995 2 INS 824 458 -112846968 31457 -10485 -1392506240 961 -4917 -7804
38.996 2 GPS 3 43817769 447810929 451 653515 7 -1 2395 294191750 30 0
39.011 2 ATTITUDE -0.220236 5.975669 -0.145224
39.027 2 INS 824 458 -112880968 31457 -10485 -1392705920 978 -4923 -7826
39.100 2 ROVER_CTRL 0. 0.044384 2518.039551 0. 1400. 600. 1000. -279.340118 62.138271 -64.492226 2.355616 -0.
39.101 2 ROTORCRAFT_FP 458 824 112887776 -10485 31457 1392746112 -901 -594 24476 0 0 0 0 375 0
39.101 2 GPS_INT 0 0 0 404513462 -37290761 703751 653515 0 0 0 71 11 294191750 98 25 3 1
39.101 2 ATTITUDE -0.220224 5.975712 -0.145182
39.102 2 INS 824 458 -112914968 31457 -10485 -1392905728 959 -4918 -7793
39.102 2 SERIAL_COM 330 -4898 971 -7769 0 0 0 14 231 80 76 0 0 0 0 0
39.102 2 ATTITUDE -0.220263 5.97582 -0.145187
39.132 2 INS 824 458 -112948968 31457 -10485 -1393105536 953 -4890 -7797
39.148 2 ATTITUDE -0.220287 5.975824 -0.145267
39.180 2 INS 826 458 -112982984 10485 5242 -1393304704 970 -4896 -7774
39.206 2 GPS_INT 0 0 0 404513463 -37290761 703756 653521 0 0 0 71 15 294192000 100 23 3 1
39.206 2 ATTITUDE -0.220286 5.97587 -0.145293
39.238 2 INS 826 458 -113017008 10485 5242 -1393504384 972 -4914 -7754
39.238 2 GPS 3 43817769 447810930 451 653521 4 4 2395 294192000 30 0
39.254 2 ATTITUDE -0.220343 5.975934 -0.145298
39.286 2 INS 826 458 -113051032 10485 5242 -1393704064 938 -4955 -7821
39.312 2 ROTORCRAFT_FP 458 826 113057864 5242 10485 1393744128 -902 -595 24477 0 0 0 0 375 0
39.313 2 ATTITUDE -0.220395 5.976046 -0.145321
39.374 2 GVF_PARAMETRIC 5 1 -3e-06 6.,18.136719,41.308594,44.878906,19.75,29.046875,61.347656,53.699219,0.,0.,0.,0.,0.,0.,0.,0. -1.36095,-1.491031
39.375 2 INS 826 458 -113085048 10485 5242 -1393903360 956 -4898 -7784
39.376 2 GPS_INT 0 0 0 404513463 -37290761 703756 653521 0 0 0 71 15 294192000 100 23 3 1
39.376 2 DL_VALUE 3 1.
39.376 2 ATTITUDE -0.220409 5.976132 -0.145338
39.376 2 INS 824 455 -113119080 0 -15728 -1394103168 956 -4909 -7811
39.390 2 ROVER_STATUS 0 58 3 0 0 331 8.150944
39.406 2 ATTITUDE -0.220363 5.976162 -0.145393
39.406 2 WP_MOVED_ENU 13 775 -1018 2560
39.437 2 WP_MOVED_ENU 13 775 -1018 2560
39.437 2 INS 824 455 -113153120 0 -20971 -1394302976 933 -4910 -7827
39.453 2 ATTITUDE -0.220368 5.976252 -0.145409
39.495 2 INS 824 455 -113187160 0 -20971 -1394502656 1005 -4908 -7778
39.495 2 GPS 3 43817768 447810929 451 653542 3 8 2395 294192250 30 0
39.573 2 GPS_INT 0 0 0 404513462 -37290762 703777 653542 0 0 0 71 15 294192250 98 25 3 1
39.574 2 ATTITUDE -0.22034 5.976337 -0.145456
39.574 2 ROTORCRAFT_NAV_STATUS 269 269 0. 0. 5 0 2
39.574 2 IMU_MAG_RAW 255 0 0 0
39.574 2 INS 824 455 -113221208 0 -20971 -1394702080 971 -4935 -7813
39.575 2 ROVER_CTRL 0. 0.044384 2518.039551 0. 1400. 600. 1000. -279.340118 62.138271 -64.492226 2.355616 -0.
39.575 2 ROTORCRAFT_FP 455 824 113228016 -20971 0 1394742144 -902 -595 24479 0 0 0 0 375 0
39.576 2 ATTITUDE -0.220338 5.976359 -0.145464
39.589 2 INS 824 455 -113255272 0 -20971 -1394901760 967 -4907 -7762
39.589 2 SERIAL_COM 331 -4910 933 -7827 0 0 0 14 232 80 76 0 0 0 0 0
39.605 2 ATTITUDE -0.220319 5.976353 -0.145449
39.637 2 INS 821 453 -113289328 -36700 -5242 -1395101312 958 -4911 -7816
39.653 2 GPS_INT 0 0 0 404513461 -37290762 703791 653555 0 0 0 71 12 294192500 100 24 3 1
39.653 2 ATTITUDE -0.220328 5.976407 -0.145453
39.685 2 INS 821 453 -113323400 -36700 0 -1395301248 954 -4911 -7820
39.701 2 ATTITUDE -0.220359 5.97648 -0.145398
39.765 2 GVF_PARAMETRIC 5 1 -9e-06 0.,0.199,0.199,0.546583,0.546583,0.05,61.347656,53.699219,0.,0.,0.,0.,0.,0.,0.,0. -1.362903,-1.492984
39.766 2 INS 821 453 -113357464 -36700 0 -1395500800 984 -4913 -7784
39.766 2 GPS 3 43817768 447810928 451 653555 6 -1 2395 294192500 30 0
39.766 2 ATTITUDE -0.22033 5.976536 -0.145424
39.781 2 INS 821 453 -113391552 -36700 0 -1395700608 970 -4933 -7809
39.818 2 ROTORCRAFT_FP 453 821 113398360 0 -36700 1395740544 -902 -595 24480 0 0 0 0 375 0
39.818 2 GPS_INT 0 0 0 404513461 -37290762 703791 653555 0 0 0 71 12 294192500 100 24 3 1
39.819 2 ATTITUDE -0.220272 5.976611 -0.145378
39.820 2 LINK_REPORT 2 -1 40 0 120252 2701 0 3114. 69. 12 77.46
39.848 2 INS 821 453 -113425632 -36700 0 -1395900672 969 -4928 -7790
39.849 2 STATIC_CONTROL 0 0. 0 0. 0. 0. 0. 0. 0. 0. 0. 0. 0.
39.849 2 ATTITUDE -0.220314 5.976675 -0.145393
39.880 2 INS 819 453 -113459712 -10485 -15728 -1396100736 946 -4916 -7815
39.896 2 ATTITUDE -0.220396 5.976779 -0.145328
39.928 2 INS 819 453 -113493800 -10485 -15728 -1396300416 950 -4886 -7793
39.954 2 GPS_INT 0 0 0 404513460 -37290763 703791 653555 0 0 0 71 13 294192750 100 24 3 1
39.954 2 ATTITUDE -0.220495 5.976846 -0.145347
39.996 2 INS 819 453 -113527896 -10485 -15728 -1396500608 974 -4900 -7818
39.996 2 ENERGY 3 8.159775 0.2 1.631955 5.738906 0.073548 0.575911
39.997 2 GPS 3 43817767 447810927 451 653555 3 5 2395 294192750 30 0
39.997 2 ATTITUDE -0.220376 5.976873 -0.14539
40.028 2 INS 819 453 -113561992 -10485 -15728 -1396700160 938 -4889 -7754
40.067 2 ROVER_CTRL 0. 0.044384 2518.039551 0. 1400. 600. 1000. -279.340118 62.138271 -64.492226 2.355616 -0.
40.067 2 ROTORCRAFT_FP 453 819 113568816 -15728 -10485 1396740096 -902 -595 24481 0 0 0 0 375 0
40.068 2 ATTITUDE -0.220362 5.976913 -0.145345
40.094 2 INS 819 453 -113596088 -10485 -15728 -1396900096 963 -4899 -7809
40.094 2 SERIAL_COM 331 -4902 982 -7816 0 0 0 14 232 80 76 0 0 0 0 0
40.110 2 GPS_INT 0 0 0 404513460 -37290763 703791 653555 0 0 0 71 13 294192750 100 24 3 1
40.110 2 ATTITUDE -0.220242 5.976868 -0.145346
40.152 2 GVF_PARAMETRIC 5 1 -5e-06 -6.,15.398438,4.558594,27.417969,28.609375,49.796875,50.96875,67.96875,0.,0.,0.,0.,0.,0.,0.,0. -1.362903,-1.493765
40.153 2 INS 819 453 -113630240 -10485 -15728 -1397100288 987 -4914 -7788
40.153 2 ATTITUDE -0.220214 5.976969 -0.145327
40.184 2 INS 819 450 -113664296 10485 -15728 -1397299840 955 -4918 -7824
40.200 2 ATTITUDE -0.220269 5.977055 -0.145311
40.242 2 INS 819 450 -113698416 10485 -15728 -1397499392 946 -4912 -7781
40.242 2 GPS 3 43817767 447810927 451 653584 3 12 2395 294193000 30 0
40.261 2 GPS_INT 0 0 0 404513460 -37290763 703820 653584 0 0 0 71 15 294193000 100 23 3 1
40.261 2 ATTITUDE -0.220233 5.977147 -0.145295
40.274 2 INS 819 450 -113732536 10485 -15728 -1397699328 994 -4897 -7797
40.304 2 ROTORCRAFT_FP 450 819 113739360 -15728 10485 1397739264 -901 -594 24482 0 0 0 0 375 0
40.304 2 ATTITUDE -0.220175 5.977245 -0.145264
40.305 2 IMU_MAG_RAW 255 0 0 0
40.335 2 INS 819 450 -113766664 10485 -15728 -1397898752 976 -4873 -7790
40.336 2 PONG 
40.351 2 ATTITUDE -0.220104 5.977315 -0.145242
40.384 2 INS 816 450 -113800792 -5242 0 -1398098432 959 -4911 -7796
40.400 2 GPS_INT 0 0 0 404513459 -37290764 703840 653604 0 0 0 71 12 294193250 100 25 3 1
40.400 2 ATTITUDE -0.220118 5.977403 -0.145303
40.431 2 INS 816 450 -113834920 -5242 0 -1398298496 953 -4920 -7804
40.447 2 ATTITUDE -0.220193 5.977603 -0.14522
40.490 2 INS 816 450 -113869072 -5242 0 -1398498176 949 -4912 -7782
40.490 2 GPS 3 43817767 447810926 451 653604 1 -1 2395 294193250 30 0
40.506 2 ATTITUDE -0.220238 5.977603 -0.145233
40.602 2 GVF_PARAMETRIC 5 1 -1e-06 6.,18.136719,41.308594,44.878906,19.75,29.046875,61.347656,53.699219,0.,0.,0.,0.,0.,0.,0.,0. -1.364075,-1.494937
40.602 2 INS 816 450 -113903216 -5242 0 -1398697600 937 -4910 -7808
40.603 2 ROVER_CTRL 0. 0.044384 2518.039551 0. 1400. 600. 1000. -279.340118 62.138271 -64.492226 2.355616 -0.
40.603 2 ROTORCRAFT_FP 450 816 113910040 0 -5242 1398737536 -901 -594 24484 0 0 0 0 375 0
40.604 2 GPS_INT 0 0 0 404513459 -37290764 703840 653604 0 0 0 71 12 294193250 100 25 3 1
40.604 2 ATTITUDE -0.220212 5.977698 -0.145183
40.604 2 INS 816 450 -113937360 -5242 0 -1398897408 951 -4906 -7818
40.604 2 SERIAL_COM 332 -4928 998 -7809 0 0 0 14 233 80 76 0 0 0 0 0
40.605 2 ATTITUDE -0.220256 5.977841 -0.145103
40.633 2 INS 816 450 -113971520 -5242 -20971 -1399097344 983 -4945 -7830
40.634 2 GPS_SOL 71 13 98 25
40.649 2 ATTITUDE -0.220294 5.977926 -0.145055
40.681 2 INS 816 450 -114005688 0 -20971 -1399297280 961 -4890 -7812
40.718 2 GPS_INT 0 0 0 404513459 -37290765 703842 653606 0 0 0 71 13 294193500 98 25 3 1
40.719 2 ALIVE 122,195,7,233,5,247,195,75,60,187,26,129,128,90,246,93
40.719 2 ATTITUDE -0.220337 5.977994 -0.145033
40.719 2 WP_MOVED_ENU 14 -760 -1031 2560
40.719 2 WP_MOVED_ENU 14 -760 -1031 2560
40.734 2 INS 816 450 -114039848 0 -20971 -1399496832 987 -4894 -7789
40.735 2 GPS 3 43817766 447810926 451 653606 3 4 2395 294193500 30 0
40.750 2 ATTITUDE -0.220341 5.978067 -0.145047
40.782 2 INS 816 450 -114074008 0 -20971 -1399696512 977 -4921 -7802
40.798 2 ROTORCRAFT_FP 450 816 114080848 -20971 0 1399736576 -902 -594 24486 0 0 0 0 375 0
40.799 2 ATTITUDE -0.220303 5.978167 -0.145061
40.820 2 LINK_REPORT 2 -1 41 0 123238 2769 0 2986. 68. 13 35.79
40.858 2 INS 816 450 -114108192 0 -20971 -1399896320 994 -4905 -7780
40.859 2 STATIC_CONTROL 0 0. 0 0. 0. 0. 0. 0. 0. 0. 0. 0. 0.
40.859 2 GPS_INT 0 0 0 404513459 -37290765 703842 653606 0 0 0 71 13 294193500 98 25 3 1
40.860 2 ATTITUDE -0.220233 5.978181 -0.145038
40.887 2 INS 816 448 -114142368 26214 -15728 -1400096128 939 -4906 -7795
40.887 2 ROVER_STATUS 0 57 3 0 0 332 8.159775
40.903 2 ATTITUDE -0.220215 5.978262 -0.144984
40.956 2 GVF_PARAMETRIC 5 1 -5e-06 0.,0.199,0.199,0.546583,0.546583,0.05,61.347656,53.699219,0.,0.,0.,0.,0.,0.,0.,0. -1.364075,-1.494937
40.957 2 INS 816 448 -114176552 26214 -20971 -1400296064 956 -4901 -7824
40.957 2 DL_VALUE 4 1.
40.957 2 ATTITUDE -0.22022 5.978354 -0.144957
40.987 2 INS 816 448 -114210736 26214 -20971 -1400495616 961 -4874 -7796
40.988 2 GPS 3 43817766 447810926 451 653639 6 5 2395 294193750 30 0
41.013 2 GPS_INT 0 0 0 404513459 -37290765 703875 653639 0 0 0 71 15 294193750 94 25 3 1
41.014 2 ATTITUDE -0.220237 5.978362 -0.144949
41.067 2 INS 816 448 -114244936 26214 -20971 -1400695424 990 -4891 -7824
41.067 2 ROVER_CTRL 0. 0.044384 2518.039551 0. 1400. 600. 1000. -279.340118 62.138271 -64.492226 2.355616 -0.
41.068 2 ROTORCRAFT_FP 448 816 114251784 -20971 26214 1400735360 -902 -593 24487 0 0 0 0 375 0
41.068 2 ATTITUDE -0.220268 5.978414 -0.144899
41.083 2 INS 816 448 -114279136 26214 -20971 -1400894976 966 -4904 -7797
41.083 2 SERIAL_COM 332 -4902 963 -7813 0 0 0 14 233 80 76 0 0 0 0 0
41.099 2 ATTITUDE -0.220282 5.978412 -0.14489
41.130 2 ROTORCRAFT_NAV_STATUS 270 270 0. 0. 5 0 2
41.130 2 IMU_MAG_RAW 255 0 0 0
41.130 2 INS 816 448 -114313336 26214 -20971 -1401094528 967 -4897 -7790
41.156 2 GPS_INT 0 0 0 404513459 -37290765 703875 653639 0 0 0 71 15 294193750 94 25 3 1
41.156 2 ATTITUDE -0.220298 5.978516 -0.14487
41.172 2 INS 819 445 -114347544 0 -20971 -1401294080 966 -4879 -7804
41.204 2 ATTITUDE -0.220251 5.978619 -0.144906
41.220 2 INS 819 445 -114381752 0 -26214 -1401494016 956 -4908 -7827
41.236 2 GPS 3 43817765 447810926 451 653652 4 0 2395 294194000 30 0
41.252 2 ATTITUDE -0.220258 5.978726 -0.144898
41.284 2 INS 819 445 -114415976 0 -26214 -1401693952 948 -4937 -7831
41.310 2 ROTORCRAFT_FP 445 819 114422848 -26214 0 1401734144 -902 -593 24488 0 0 0 0 375 0
41.311 2 GPS_INT 0 0 0 404513459 -37290766 703888 653652 0 0 0 71 9 294194000 94 25 3 1
41.311 2 ATTITUDE -0.220246 5.9787 -0.144928
41.347 2 GVF_PARAMETRIC 5 1 -6e-06 -6.,15.398438,4.558594,27.417969,28.609375,49.796875,50.96875,67.96875,0.,0.,0.,0.,0.,0.,0.,0. -1.366029,-1.493765
41.348 2 INS 819 445 -114450184 0 -26214 -1401893376 975 -4915 -7800
41.348 2 ATTITUDE -0.220149 5.978808 -0.14494
41.379 2 INS 816 445 -114484416 26214 -10485 -1402093312 937 -4933 -7783
41.395 2 ATTITUDE -0.220134 5.978918 -0.144954
41.427 2 INS 816 445 -114518640 26214 -15728 -1402293376 980 -4892 -7816
41.453 2 GPS_INT 0 0 0 404513459 -37290767 703890 653654 0 0 0 71 14 294194250 100 24 3 1
41.453 2 ATTITUDE -0.220144 5.978978 -0.145002
41.469 2 INS 816 445 -114552880 26214 -15728 -1402492928 972 -4914 -7791
41.485 2 GPS 3 43817764 447810926 451 653654 6 3 2395 294194250 30 0
41.501 2 ATTITUDE -0.220043 5.979042 -0.145004
41.560 2 INS 816 445 -114587120 26214 -15728 -1402692608 972 -4902 -7803
41.560 2 ROVER_CTRL 0. 0.044384 2518.039551 0. 1400. 600. 1000. -279.340118 62.138271 -64.492226 2.355616 -0.
41.561 2 ROTORCRAFT_FP 445 816 114593968 -15728 26214 1402732544 -901 -593 24490 0 0 0 0 375 0
41.561 2 ATTITUDE -0.219984 5.979047 -0.144971
41.614 2 INS 816 445 -114621368 26214 -15728 -1402892160 994 -4880 -7793
41.614 2 SERIAL_COM 333 -4906 962 -7813 0 0 0 14 234 80 76 0 0 0 0 0
41.615 2 GPS_INT 0 0 0 404513459 -37290767 703890 653654 0 0 0 71 14 294194250 100 24 3 1
41.615 2 STATE_FILTER_STATUS 6 3 0
41.615 2 ATTITUDE -0.220026 5.979111 -0.14493
41.629 2 INS 819 445 -114655624 20971 0 -1403091840 979 -4889 -7787
41.645 2 ATTITUDE -0.219902 5.97912 -0.144974
41.677 2 INS 819 445 -114689880 26214 0 -1403291392 957 -4886 -7804
41.693 2 ATTITUDE -0.219854 5.979185 -0.145026
41.781 2 GVF_PARAMETRIC 5 1 -6e-06 6.,18.136719,41.308594,44.878906,19.75,29.046875,61.347656,53.699219,0.,0.,0.,0.,0.,0.,0.,0. -1.366029,-1.493765
41.782 2 INS 819 445 -114724144 26214 0 -1403490688 985 -4875 -7809
41.782 2 GPS 3 43817764 447810927 451 653681 5 10 2395 294194500 30 0
41.783 2 GPS_INT 0 0 0 404513460 -37290767 703917 653681 0 0 0 71 16 294194500 93 25 3 1
41.783 2 ATTITUDE -0.219915 5.979238 -0.145083
41.783 2 INS 819 445 -114758416 26214 0 -1403690496 973 -4890 -7822
41.797 2 ROTORCRAFT_FP 445 819 114765264 0 26214 1403730304 -900 -594 24491 0 0 0 0 375 0
41.797 2 ATTITUDE -0.219902 5.979309 -0.145063
41.821 2 LINK_REPORT 2 -1 42 0 126317 2837 0 3079. 68. 13 35.79
41.843 2 INS 819 445 -114792688 26214 0 -1403889920 940 -4888 -7770
41.844 2 STATIC_CONTROL 0 0. 0 0. 0. 0. 0. 0. 0. 0. 0. 0. 0.
41.844 2 ATTITUDE -0.219911 5.97943 -0.14503
41.885 2 INS 824 442 -114826960 47185 0 -1404089856 964 -4909 -7802
41.885 2 INS_REF 485058561 -31614701 411670235 404513171 -37290972 700771 650535 0.
41.911 2 GPS_INT 0 0 0 404513462 -37290767 703951 653716 0 0 0 71 15 294194750 97 25 3 1
41.912 2 ATTITUDE -0.219955 5.979561 -0.145095
41.912 2 IMU_MAG_RAW 255 0 0 0
41.927 2 INS 824 442 -114861248 52428 0 -1404289792 997 -4907 -7791
41.943 2 ATTITUDE -0.219975 5.979585 -0.145116
41.985 2 INS 824 442 -114895536 52428 0 -1404489472 994 -4914 -7759
41.985 2 GPS 3 43817764 447810929 451 653716 10 7 2395 294194750 30 0
42.001 2 ATTITUDE -0.220006 5.979703 -0.145158
42.001 2 WP_MOVED_ENU 15 -775 1018 2560
42.017 2 WP_MOVED_ENU 15 -775 1018 2560
42.017 2 INS 824 442 -114929816 52428 0 -1404688896 988 -4912 -7780
42.033 2 ROVER_CTRL 0. 0.044384 2518.039551 0. 1400. 600. 1000. -279.340118 62.138271 -64.492226 2.355616 -0.
42.092 2 ROTORCRAFT_FP 442 824 114936672 0 52428 1404728960 -901 -594 24492 0 0 0 0 375 0
42.092 2 GPS_INT 0 0 0 404513462 -37290767 703951 653716 0 0 0 71 15 294194750 97 25 3 1
42.093 2 ATTITUDE -0.22008 5.979762 -0.145182
42.093 2 INS 824 442 -114964112 52428 0 -1404888704 975 -4914 -7795
42.093 2 SERIAL_COM 333 -4899 959 -7795 0 0 0 14 234 80 76 0 0 0 0 0
42.093 2 ATTITUDE -0.220076 5.979729 -0.145205
42.146 2 GVF_PARAMETRIC 5 1 -1.3e-05 0.,0.199,0.199,0.546583,0.546583,0.05,61.347656,53.699219,0.,0.,0.,0.,0.,0.,0.,0. -1.3672,-1.491812
42.147 2 INS 824 442 -114998416 52428 0 -1405088384 995 -4885 -7800
42.147 2 ATTITUDE -0.220108 5.979787 -0.145186
42.177 2 INS 826 445 -115032712 -5242 -10485 -1405287808 973 -4889 -7801
42.203 2 GPS_INT 0 0 0 404513463 -37290766 703981 653745 0 0 0 71 14 294195000 98 25 3 1
42.203 2 ATTITUDE -0.220152 5.97993 -0.145148
42.233 2 INS 826 445 -115067016 -5242 -10485 -1405487616 993 -4920 -7792
42.233 2 GPS 3 43817765 447810930 451 653745 1 9 2395 294195000 30 0
42.248 2 ATTITUDE -0.2202 5.980029 -0.145162
42.281 2 INS 826 445 -115101344 -5242 -10485 -1405687296 951 -4909 -7788
42.297 2 ROTORCRAFT_FP 445 826 115108208 -10485 -5242 1405727360 -902 -594 24494 0 0 0 0 375 0
42.297 2 ATTITUDE -0.220235 5.980128 -0.145233
42.329 2 INS 826 445 -115135656 -5242 -10485 -1405887232 992 -4925 -7820
42.345 2 GPS_INT 0 0 0 404513463 -37290766 703981 653745 0 0 0 71 14 294195000 98 25 3 1
42.345 2 ATTITUDE -0.220205 5.980194 -0.145202
42.377 2 INS 826 445 -115169984 -5242 -10485 -1406086784 993 -4905 -7776
42.377 2 ROVER_STATUS 0 57 3 0 0 334 8.159775
42.392 2 ATTITUDE -0.220214 5.980301 -0.145149
42.425 2 INS 824 440 -115204304 -10485 -36700 -1406286464 1009 -4928 -7793
42.441 2 ATTITUDE -0.220253 5.980477 -0.145114
42.483 2 INS 824 440 -115238648 -10485 -36700 -1406486144 969 -4864 -7798
42.483 2 GPS 3 43817763 447810929 451 653747 6 -5 2395 294195250 30 0
42.509 2 GPS_INT 0 0 0 404513462 -37290768 703983 653747 0 0 0 71 11 294195250 103 25 3 1
42.509 2 ATTITUDE -0.220307 5.980622 -0.145085
42.591 2 GVF_PARAMETRIC 5 1 -9e-06 -6.,15.398438,4.558594,27.417969,28.609375,49.796875,50.96875,67.96875,0.,0.,0.,0.,0.,0.,0.,0. -1.367982,-1.491812
42.592 2 INS 824 440 -115272984 -10485 -36700 -1406685952 954 -4916 -7840
42.593 2 ROVER_CTRL 0. 0.044384 2518.039551 0. 1400. 600. 1000. -279.340118 62.138271 -64.492226 2.355616 -0.
42.594 2 ROTORCRAFT_FP 440 824 115279848 -36700 -10485 1406725888 -902 -594 24496 0 0 0 0 375 0
42.595 2 DL_VALUE 5 1.
42.595 2 ATTITUDE -0.22033 5.980697 -0.145082
42.595 2 INS 824 440 -115307328 -10485 -36700 -1406885632 970 -4905 -7777
42.596 2 SERIAL_COM 334 -4898 980 -7828 0 0 0 14 235 80 76 0 0 0 0 0
42.597 2 ATTITUDE -0.220348 5.980886 -0.145034
42.633 2 INS 824 440 -115341688 -26214 15728 -1407085440 963 -4915 -7811
42.633 2 GPS_SOL 71 11 101 25
42.649 2 GPS_INT 0 0 0 404513461 -37290769 703983 653748 0 0 0 71 11 294195500 101 25 3 1
42.650 2 ATTITUDE -0.22038 5.980957 -0.145069
42.665 2 INS 824 440 -115376032 -26214 20971 -1407284864 979 -4908 -7776
42.697 2 ATTITUDE -0.22033 5.980955 -0.145118
42.697 2 ROTORCRAFT_NAV_STATUS 272 272 0. 0. 5 0 2
42.728 2 IMU_MAG_RAW 255 0 0 0
42.728 2 INS 824 440 -115410392 -26214 20971 -1407484416 975 -4916 -7799
42.728 2 GPS 3 43817762 447810928 451 653748 7 0 2395 294195500 30 0
42.744 2 ATTITUDE -0.220406 5.981084 -0.145103
42.776 2 INS 824 440 -115444752 -26214 20971 -1407683840 993 -4890 -7795
42.813 2 ROTORCRAFT_FP 440 824 115451624 20971 -26214 1407723648 -902 -594 24498 0 0 0 0 375 0
42.814 2 GPS_INT 0 0 0 404513461 -37290769 703983 653748 0 0 0 71 11 294195500 101 25 3 1
42.814 2 ATTITUDE -0.220313 5.981094 -0.14516
42.821 2 LINK_REPORT 2 -1 43 0 129433 2908 0 3116. 71. 13 35.79
42.843 2 INS 824 440 -115479120 -26214 20971 -1407883520 967 -4900 -7809
42.843 2 STATIC_CONTROL 0 0. 0 0. 0. 0. 0. 0. 0. 0. 0. 0. 0.
42.844 2 ATTITUDE -0.220276 5.981182 -0.145079
42.875 2 INS 829 437 -115513496 57671 -5242 -1408083072 979 -4901 -7822
42.891 2 DATALINK_REPORT 2 77 22935 3065 0 4
42.891 2 ATTITUDE -0.220267 5.981315 -0.145098
42.955 2 GVF_PARAMETRIC 5 1 -8e-06 6.,18.136719,41.308594,44.878906,19.75,29.046875,61.347656,53.699219,0.,0.,0.,0.,0.,0.,0.,0. -1.367982,-1.491812
42.956 2 INS 829 437 -115547880 57671 -5242 -1408283136 963 -4887 -7787
42.956 2 GPS_INT 0 0 0 404513463 -37290770 703988 653752 0 0 0 71 14 294195750 106 23 3 1
42.957 2 ATTITUDE -0.22029 5.981308 -0.145123
42.982 2 INS 829 437 -115582264 57671 -5242 -1408482432 989 -4900 -7782
42.982 2 GPS 3 43817761 447810930 451 653752 11 6 2395 294195750 30 0
42.998 2 ATTITUDE -0.220325 5.981386 -0.145132
43.014 2 INS 829 437 -115616648 57671 -5242 -1408681984 979 -4895 -7799
43.030 2 ROVER_CTRL 0. 0.044384 2518.039551 0. 1400. 600. 1000. -279.340118 62.138271 -64.492226 2.355616 -0.
43.057 2 ROTORCRAFT_FP 437 829 115623560 -5242 57671 1408722176 -902 -594 24500 0 0 0 0 375 0
43.058 2 ATTITUDE -0.220336 5.98152 -0.145103
43.084 2 INS 829 437 -115651048 57671 -5242 -1408881792 975 -4923 -7836
43.084 2 SERIAL_COM 334 -4895 979 -7799 0 0 0 14 235 80 76 0 0 0 0 0
43.100 2 GPS_INT 0 0 0 404513463 -37290770 703988 653752 0 0 0 71 14 294195750 106 23 3 1
43.101 2 ATTITUDE -0.220468 5.981613 -0.145089
43.116 2 INS 829 437 -115685440 57671 -5242 -1409081344 998 -4870 -7804
43.148 2 ATTITUDE -0.220563 5.981722 -0.145091
43.164 2 INS 829 435 -115719840 0 -5242 -1409280512 994 -4889 -7774
43.196 2 ATTITUDE -0.220461 5.981732 -0.145092
43.228 2 INS 829 435 -115754248 0 0 -1409480192 1027 -4893 -7792
43.228 2 GPS 3 43817761 447810932 451 653745 1 5 2395 294196000 30 0
43.254 2 GPS_INT 0 0 0 404513464 -37290771 703981 653745 0 0 0 71 16 294196000 98 24 3 1
43.254 2 ATTITUDE -0.220433 5.981748 -0.145039
43.270 2 INS 829 435 -115788664 0 0 -1409679616 987 -4873 -7765
43.311 2 ROTORCRAFT_FP 435 829 115795576 0 0 1409719808 -902 -594 24501 0 0 0 0 375 0
43.311 2 ATTITUDE -0.220372 5.981902 -0.145064
43.312 2 WP_MOVED_ENU 16 50798 51645 2557
43.312 2 WP_MOVED_ENU 16 50798 51645 2557
43.351 2 GVF_PARAMETRIC 5 1 0. 0.,0.199,0.199,0.546583,0.546583,0.05,61.347656,53.699219,0.,0.,0.,0.,0.,0.,0.,0. -1.369935,-1.489859
43.351 2 INS 829 435 -115823080 0 0 -1409879040 977 -4909 -7776
43.351 2 ATTITUDE -0.220313 5.981913 -0.145077
43.366 2 INS 829 435 -115857496 0 0 -1410078592 983 -4941 -7811
43.406 2 GPS_INT 0 0 0 404513464 -37290772 703955 653719 0 0 0 71 11 294196250 106 25 3 1
43.407 2 ALIVE 122,195,7,233,5,247,195,75,60,187,26,129,128,90,246,93
43.407 2 ATTITUDE -0.220421 5.981958 -0.145103
43.422 2 INS 829 432 -115891928 20971 0 -1410278272 1010 -4929 -7818
43.438 2 ATTITUDE -0.22045 5.981928 -0.145126
43.480 2 INS 829 432 -115926376 20971 0 -1410478080 1000 -4910 -7818
43.480 2 GPS 3 43817760 447810932 451 653719 4 -1 2395 294196250 30 0
43.496 2 ATTITUDE -0.220499 5.982101 -0.145124
43.496 2 IMU_MAG_RAW 255 0 0 0
43.588 2 INS 829 432 -115960832 20971 0 -1410678016 980 -4907 -7811
43.588 2 ROVER_CTRL 0. 0.044384 2518.039551 0. 1400. 600. 1000. -279.340118 62.138271 -64.492226 2.355616 -0.
43.589 2 ROTORCRAFT_FP 432 829 115967688 0 20971 1410717824 -903 -594 24503 0 0 0 0 375 0
43.589 2 GPS_INT 0 0 0 404513464 -37290772 703955 653719 0 0 0 71 11 294196250 106 25 3 1
43.590 2 ATTITUDE -0.220528 5.982206 -0.145104
43.590 2 INS 829 432 -115995240 20971 0 -1410877568 999 -4908 -7834
43.590 2 SERIAL_COM 335 -4915 970 -7794 0 0 0 14 236 80 76 0 0 0 0 0
43.590 2 ATTITUDE -0.220465 5.982187 -0.145167
43.620 2 INS 837 430 -116029680 15728 -20971 -1411077248 987 -4891 -7820
43.636 2 ATTITUDE -0.220469 5.982267 -0.145188
43.668 2 INS 837 430 -116064136 26214 -20971 -1411277056 983 -4915 -7814
43.695 2 GPS_INT 0 0 0 404513466 -37290774 703932 653697 0 0 0 71 12 294196500 106 25 3 1
43.697 2 ATTITUDE -0.22049 5.982385 -0.145188
43.749 2 GVF_PARAMETRIC 5 1 -8e-06 -6.,15.398438,4.558594,27.417969,28.609375,49.796875,50.96875,67.96875,0.,0.,0.,0.,0.,0.,0.,0. -1.371888,-1.486734
43.750 2 INS 837 430 -116098576 26214 -20971 -1411476608 1011 -4900 -7786
43.751 2 GPS 3 43817758 447810934 451 653697 6 -4 2395 294196500 30 0
43.752 2 ATTITUDE -0.220451 5.982461 -0.145154
43.773 2 INS 837 430 -116133048 26214 -20971 -1411676416 1009 -4881 -7800
43.795 2 ROTORCRAFT_FP 430 837 116139928 -20971 26214 1411716224 -902 -594 24504 0 0 0 0 375 0
43.796 2 ATTITUDE -0.220455 5.982549 -0.145173
43.822 2 LINK_REPORT 2 -1 44 0 132461 2975 0 3028. 67. 13 35.79
43.855 2 INS 837 430 -116167512 26214 -20971 -1411876096 981 -4908 -7816
43.856 2 STATIC_CONTROL 0 0. 0 0. 0. 0. 0. 0. 0. 0. 0. 0. 0.
43.856 2 GPS_INT 0 0 0 404513466 -37290774 703932 653697 0 0 0 71 12 294196500 106 25 3 1
43.857 2 ATTITUDE -0.220467 5.982671 -0.145192
43.881 2 INS 837 430 -116201992 26214 -20971 -1412075520 981 -4901 -7788
43.881 2 ROVER_STATUS 0 58 3 0 0 335 8.159775
43.897 2 ATTITUDE -0.220481 5.982708 -0.14522
43.913 2 INS 834 427 -116236464 -47185 0 -1412274944 957 -4904 -7769
43.945 2 ATTITUDE -0.220576 5.982827 -0.145177
43.977 2 INS 834 427 -116270952 -47185 0 -1412474624 992 -4931 -7813
43.978 2 GPS 3 43817757 447810933 451 653671 9 -3 2395 294196750 30 0
44.003 2 GPS_INT 0 0 0 404513465 -37290775 703907 653671 0 0 0 71 13 294196750 110 25 3 1
44.004 2 ATTITUDE -0.220642 5.982986 -0.145158
44.057 2 INS 834 427 -116305440 -47185 0 -1412674304 983 -4912 -7815
44.058 2 ROVER_CTRL 0. 0.044384 2518.039551 0. 1400. 600. 1000. -279.340118 62.138271 -64.492226 2.355616 -0.
44.058 2 ROTORCRAFT_FP 427 834 116312328 0 -47185 1412714240 -903 -594 24506 0 0 0 0 375 0
44.058 2 ATTITUDE -0.220638 5.98315 -0.14506
44.085 2 INS 834 427 -116339920 -47185 0 -1412874112 997 -4908 -7799
44.086 2 SERIAL_COM 335 -4868 976 -7777 0 0 0 14 236 80 76 0 0 0 0 0
44.086 2 ATTITUDE -0.220566 5.983013 -0.145049
44.160 2 GVF_PARAMETRIC 5 1 -1.1e-05 6.,18.136719,41.308594,44.878906,19.75,29.046875,61.347656,53.699219,0.,0.,0.,0.,0.,0.,0.,0. -1.37306,-1.487906
44.161 2 INS 834 427 -116374464 -47185 0 -1413073920 1014 -4881 -7816
44.161 2 GPS_INT 0 0 0 404513465 -37290775 703907 653671 0 0 0 71 13 294196750 110 25 3 1
44.161 2 DL_VALUE 6 1.
44.162 2 ATTITUDE -0.22054 5.983047 -0.145013
44.176 2 INS 832 427 -116408920 20971 5242 -1413273088 986 -4947 -7801
44.192 2 ATTITUDE -0.220542 5.983111 -0.144973
44.224 2 INS 832 427 -116443432 26214 10485 -1413472512 1015 -4919 -7825
44.225 2 GPS 3 43817757 447810933 451 653694 6 10 2395 294197000 30 0
44.240 2 ATTITUDE -0.220592 5.983246 -0.144946
44.272 2 INS 832 427 -116477936 26214 10485 -1413672576 951 -4910 -7793
44.320 2 ROTORCRAFT_FP 427 832 116484848 10485 26214 1413712768 -903 -593 24507 0 0 0 0 375 0
44.321 2 GPS_INT 0 0 0 404513465 -37290775 703930 653694 0 0 0 71 15 294197000 110 25 3 1
44.321 2 ATTITUDE -0.220487 5.983387 -0.144896
44.321 2 ROTORCRAFT_NAV_STATUS 274 274 0. 0. 5 0 2
44.321 2 IMU_MAG_RAW 255 0 0 0
44.322 2 INS 832 427 -116512496 26214 10485 -1413872256 963 -4897 -7746
44.336 2 ATTITUDE -0.220527 5.983401 -0.144886
44.368 2 INS 832 427 -116546984 26214 10485 -1414071552 984 -4887 -7781
44.384 2 ATTITUDE -0.220522 5.98351 -0.144886
44.416 2 INS 837 424 -116581512 5242 -10485 -1414271232 977 -4923 -7808
44.442 2 GPS_INT 0 0 0 404513466 -37290776 703944 653709 0 0 0 71 15 294197250 110 25 3 1
44.443 2 ATTITUDE -0.220466 5.983601 -0.144957
44.484 2 INS 837 424 -116616040 5242 -10485 -1414470656 989 -4882 -7773
44.485 2 ENERGY 3 8.159775 0.2 1.631955 5.674963 0.073796 0.577934
44.485 2 GPS 3 43817756 447810934 451 653709 2 8 2395 294197250 30 0
44.485 2 ATTITUDE -0.22047 5.983601 -0.145003
44.592 2 GVF_PARAMETRIC 5 1 -3e-06 0.,0.199,0.199,0.546583,0.546583,0.05,61.347656,53.699219,0.,0.,0.,0.,0.,0.,0.,0. -1.374232,-1.486734
44.593 2 INS 837 424 -116650632 5242 -10485 -1414670592 985 -4905 -7832
44.593 2 ROVER_CTRL 0. 0.044384 2518.039551 0. 1400. 600. 1000. -279.340118 62.138271 -64.492226 2.355616 -0.
44.594 2 ROTORCRAFT_FP 424 837 116657488 -10485 5242 1414710144 -902 -594 24508 0 0 0 0 375 0
44.594 2 ATTITUDE -0.220444 5.983619 -0.145047
44.594 2 INS 837 424 -116685128 5242 -10485 -1414870016 1004 -4922 -7786
44.594 2 SERIAL_COM 336 -4920 976 -7798 0 0 0 14 237 80 76 0 0 0 0 0
44.595 2 GPS_INT 0 0 0 404513466 -37290776 703944 653709 0 0 0 71 15 294197250 110 25 3 1
44.595 2 ATTITUDE -0.220255 5.983533 -0.145017
44.620 2 WP_MOVED_ENU 17 51645 -50798 2557
44.621 2 WP_MOVED_ENU 17 51645 -50798 2557
44.621 2 INS 837 424 -116719704 5242 -10485 -1415069696 990 -4943 -7806
44.621 2 GPS_SOL 71 14 112 25
44.636 2 ATTITUDE -0.220236 5.983674 -0.145012
44.668 2 INS 837 427 -116754216 -15728 15728 -1415268608 932 -4901 -7777
44.684 2 ATTITUDE -0.220087 5.983562 -0.144968
44.728 2 INS 837 427 -116788768 -15728 15728 -1415468032 984 -4923 -7792
44.729 2 GPS 3 43817757 447810935 451 653697 4 -4 2395 294197500 30 0
44.755 2 GPS_INT 0 0 0 404513467 -37290775 703933 653697 0 0 0 71 14 294197500 112 25 3 1
44.755 2 ATTITUDE -0.220045 5.983484 -0.144959
44.770 2 INS 837 427 -116823328 -15728 15728 -1415667840 1003 -4898 -7793
44.797 2 ROTORCRAFT_FP 427 837 116830240 15728 -15728 1415707904 -901 -593 24508 0 0 0 0 375 0
44.797 2 STATE_FILTER_STATUS 6 3 0
44.797 2 ATTITUDE -0.220135 5.983573 -0.144887
44.813 2 INS 837 427 -116857896 -15728 15728 -1415867520 999 -4892 -7755
44.823 2 LINK_REPORT 2 -1 45 0 135610 3047 0 3149. 72. 13 35.79
44.842 2 STATIC_CONTROL 0 0. 0 0. 0. 0. 0. 0. 0. 0. 0. 0. 0.
44.843 2 ATTITUDE -0.220192 5.983721 -0.144913
44.875 2 INS 837 427 -116892472 -15728 15728 -1416067200 975 -4907 -7796
44.891 2 GPS_INT 0 0 0 404513467 -37290775 703933 653697 0 0 0 71 14 294197500 112 25 3 1
44.891 2 ATTITUDE -0.220432 5.984107 -0.144926
44.945 2 GVF_PARAMETRIC 5 1 -5e-06 -6.,15.398438,4.558594,27.417969,28.609375,49.796875,50.96875,67.96875,0.,0.,0.,0.,0.,0.,0.,0. -1.37306,-1.486734
44.946 2 INS 834 422 -116927040 -5242 -10485 -1416267392 988 -4901 -7822
44.946 2 ATTITUDE -0.22035 5.984037 -0.144945
44.960 2 INS 834 422 -116961624 -5242 -10485 -1416466944 1005 -4902 -7771
44.976 2 GPS 3 43817756 447810933 451 653650 1 0 2395 294197750 30 0
44.992 2 ATTITUDE -0.220198 5.984002 -0.144946
45.085 2 INS 834 422 -116996216 -5242 -10485 -1416667008 992 -4882 -7822
45.085 2 ROVER_CTRL 0. 0.044384 2518.039551 0. 1400. 600. 1000. -279.340118 62.138271 -64.492226 2.355616 -0.
45.086 2 ROTORCRAFT_FP 422 834 117003128 -10485 -5242 1416706944 -902 -593 24510 0 0 0 0 375 0
45.086 2 GPS_INT 0 0 0 404513465 -37290776 703886 653650 0 0 0 71 11 294197750 110 24 3 1
45.087 2 ATTITUDE -0.220173 5.984025 -0.144935
45.087 2 INS 834 422 -117030800 -5242 -10485 -1416866432 1000 -4858 -7788
45.087 2 SERIAL_COM 336 -4931 993 -7824 0 0 0 14 237 80 76 0 0 0 0 0
45.087 2 ATTITUDE -0.220299 5.984278 -0.14495
45.100 2 IMU_MAG_RAW 255 0 0 0
45.117 2 INS 834 422 -117065408 -5242 -10485 -1417066240 993 -4872 -7800
45.132 2 ATTITUDE -0.220357 5.984435 -0.144929
45.165 2 INS 837 424 -117099984 -5242 36700 -1417265664 985 -4910 -7816
45.191 2 GPS_INT 0 0 0 404513466 -37290775 703887 653651 0 0 0 71 11 294198000 113 24 3 1
45.191 2 ATTITUDE -0.220332 5.984399 -0.144897
45.233 2 INS 837 424 -117134608 -15728 36700 -1417465344 990 -4913 -7819
45.233 2 GPS 3 43817757 447810934 451 653651 8 -3 2395 294198000 30 0
45.233 2 ATTITUDE -0.220327 5.984561 -0.144854
45.267 2 INS 837 424 -117169208 -15728 36700 -1417664896 991 -4925 -7782
45.292 2 ROTORCRAFT_FP 424 837 117176144 36700 -15728 1417704960 -902 -593 24512 0 0 0 0 375 0
45.292 2 ATTITUDE -0.220204 5.984509 -0.144835
45.356 2 GVF_PARAMETRIC 5 1 -1e-05 6.,18.136719,41.308594,44.878906,19.75,29.046875,61.347656,53.699219,0.,0.,0.,0.,0.,0.,0.,0. -1.374232,-1.486734
45.356 2 INS 837 424 -117203824 -15728 36700 -1417864576 979 -4882 -7778
45.357 2 GPS_INT 0 0 0 404513466 -37290775 703887 653651 0 0 0 71 11 294198000 113 24 3 1
45.357 2 ATTITUDE -0.220453 5.984788 -0.144864
45.357 2 PONG 
45.372 2 INS 837 424 -117238440 -15728 36700 -1418064640 1001 -4909 -7775
45.372 2 ROVER_STATUS 0 60 3 0 0 337 8.159775
45.387 2 ATTITUDE -0.220273 5.98463 -0.144937
45.420 2 INS 834 427 -117273056 0 5242 -1418264192 993 -4899 -7808
45.436 2 ATTITUDE -0.220319 5.984703 -0.144937
45.478 2 INS 834 427 -117307688 0 5242 -1418463872 975 -4909 -7742
45.478 2 GPS 3 43817758 447810934 451 653650 2 10 2395 294198250 30 0
45.504 2 GPS_INT 0 0 0 404513466 -37290774 703886 653650 0 0 0 71 16 294198250 113 24 3 1
45.504 2 ATTITUDE -0.220308 5.984818 -0.144968
45.547 2 INS 834 427 -117342328 0 5242 -1418663808 988 -4901 -7778
45.548 2 ROVER_CTRL 0. 0.044384 2518.039551 0. 1400. 600. 1000. -279.340118 62.138271 -64.492226 2.355616 -0.
45.549 2 ROTORCRAFT_FP 427 834 117349256 5242 0 1418703744 -902 -593 24513 0 0 0 0 375 0
45.550 2 ATTITUDE -0.220379 5.98493 -0.145037
45.577 2 INS 834 427 -117376960 0 5242 -1418863360 969 -4902 -7798
45.577 2 SERIAL_COM 337 -4899 993 -7808 0 0 0 14 238 80 76 0 0 0 0 0
45.593 2 ATTITUDE -0.220368 5.98513 -0.145018
45.609 2 INS 834 427 -117411600 0 5242 -1419062912 1033 -4891 -7767
45.640 2 GPS_INT 0 0 0 404513466 -37290774 703892 653657 0 0 0 71 15 294198500 110 23 3 1
45.640 2 ATTITUDE -0.220266 5.985051 -0.145039
45.672 2 INS 837 427 -117446256 -10485 5242 -1419262464 989 -4874 -7804
45.688 2 ATTITUDE -0.220392 5.985327 -0.144997
45.752 2 GVF_PARAMETRIC 5 1 -3e-06 0.,0.199,0.199,0.546583,0.546583,0.05,61.347656,53.699219,0.,0.,0.,0.,0.,0.,0.,0. -1.37306,-1.486734
45.752 2 INS 837 427 -117480896 -10485 5242 -1419461888 981 -4896 -7795
45.753 2 GPS 3 43817758 447810934 451 653657 3 7 2395 294198500 30 0
45.753 2 DL_VALUE 7 0.
45.753 2 ATTITUDE -0.220267 5.985328 -0.144968
45.768 2 INS 837 427 -117515552 -10485 5242 -1419661696 986 -4915 -7829
45.805 2 ROTORCRAFT_FP 427 837 117522480 5242 -10485 1419701504 -902 -593 24515 0 0 0 0 375 0
45.806 2 GPS_INT 0 0 0 404513466 -37290774 703892 653657 0 0 0 71 15 294198500 110 23 3 1
45.806 2 ATTITUDE -0.22028 5.985448 -0.145013
45.824 2 LINK_REPORT 2 -1 46 0 138608 3113 0 2998. 66. 14 56.6
45.835 2 INS 837 427 -117550208 -10485 5242 -1419861632 986 -4900 -7803
45.835 2 STATIC_CONTROL 0 0. 0 0. 0. 0. 0. 0. 0. 0. 0. 0. 0.
45.836 2 ATTITUDE -0.22016 5.985552 -0.144993
45.867 2 INS 837 427 -117584872 -10485 5242 -1420061184 1037 -4881 -7824
45.883 2 ATTITUDE -0.220108 5.985491 -0.14498
45.952 2 ROTORCRAFT_NAV_STATUS 275 275 0. 0. 5 0 2
45.952 2 WP_MOVED_ENU 18 -50798 -51645 2557
45.952 2 WP_MOVED_ENU 18 -50798 -51645 2557
45.953 2 IMU_MAG_RAW 255 0 0 0
45.953 2 INS 834 424 -117619552 -20971 -36700 -1420260608 984 -4902 -7794
45.953 2 GPS_INT 0 0 0 404513466 -37290775 703884 653648 0 0 0 71 11 294198750 99 25 3 1
45.954 2 ATTITUDE -0.220237 5.985782 -0.145007
45.978 2 INS 834 424 -117654216 -20971 -36700 -1420460416 991 -4885 -7831
45.978 2 GPS 3 43817757 447810934 451 653648 7 -2 2395 294198750 30 0
45.994 2 ATTITUDE -0.220262 5.985947 -0.144966
46.010 2 INS 834 424 -117688896 -20971 -36700 -1420659840 989 -4894 -7785
46.051 2 ROVER_CTRL 0. 0.044384 2518.039551 0. 1400. 600. 1000. -279.340118 62.138271 -64.492226 2.355616 -0.
46.052 2 ROTORCRAFT_FP 424 834 117695832 -36700 -20971 1420699776 -902 -593 24519 0 0 0 0 375 0
46.052 2 ATTITUDE -0.220551 5.986431 -0.144928
46.079 2 INS 834 424 -117723592 -20971 -36700 -1420859520 999 -4909 -7810
46.080 2 SERIAL_COM 337 -4886 1018 -7785 0 0 0 14 238 80 76 0 0 0 0 0
46.105 2 GPS_INT 0 0 0 404513466 -37290775 703884 653648 0 0 0 71 11 294198750 99 25 3 1
46.105 2 ALIVE 122,195,7,233,5,247,195,75,60,187,26,129,128,90,246,93
46.106 2 ATTITUDE -0.220328 5.986181 -0.144921
46.144 2 GVF_PARAMETRIC 5 1 -1e-05 -6.,15.398438,4.558594,27.417969,28.609375,49.796875,50.96875,67.96875,0.,0.,0.,0.,0.,0.,0.,0. -1.374232,-1.487906
46.145 2 INS 834 424 -117758264 -20971 -36700 -1421059072 989 -4915 -7829
46.145 2 ATTITUDE -0.220368 5.986291 -0.144926
46.159 2 INS 839 422 -117793088 0 0 -1421259264 1004 -4917 -7797
46.191 2 ATTITUDE -0.22031 5.986232 -0.144923
46.223 2 INS 839 422 -117827688 0 0 -1421458304 1023 -4896 -7812
46.223 2 GPS 3 43817756 447810935 451 653662 2 9 2395 294199000 30 0
46.260 2 GPS_INT 0 0 0 404513467 -37290776 703897 653662 0 0 0 71 17 294199000 99 24 3 1
46.260 2 AUTOPILOT_VERSION 60200 v6.2_unstable-650-g74eaf7c20-dirty
46.260 2 ATTITUDE -0.220378 5.986393 -0.14491
46.261 2 INS 839 422 -117862392 0 0 -1421658112 1014 -4910 -7814
46.290 2 ROTORCRAFT_FP 422 839 117869328 0 0 1421698176 -902 -593 24520 0 0 0 0 375 0
46.290 2 ATTITUDE -0.22024 5.986304 -0.144888
46.322 2 INS 839 422 -117897112 0 0 -1421858048 1007 -4912 -7809
46.338 2 ATTITUDE -0.220229 5.986418 -0.144869
46.370 2 INS 839 422 -117931816 0 0 -1422057472 1008 -4913 -7798
46.387 2 GPS_INT 0 0 0 404513467 -37290776 703897 653662 0 0 0 71 17 294199000 99 24 3 1
46.387 2 ATTITUDE -0.220304 5.986645 -0.144855
46.418 2 INS 839 424 -117966536 5242 0 -1422257024 999 -4894 -7804
46.434 2 ATTITUDE -0.220172 5.986448 -0.14486
46.476 2 INS 839 424 -118001264 5242 0 -1422456192 1013 -4901 -7777
46.476 2 GPS 3 43817757 447810935 451 653644 3 -6 2395 294199250 30 0
46.492 2 ATTITUDE -0.220084 5.986308 -0.14486
46.588 2 GVF_PARAMETRIC 5 1 -1e-06 6.,18.136719,41.308594,44.878906,19.75,29.046875,61.347656,53.699219,0.,0.,0.,0.,0.,0.,0.,0. -1.374232,-1.485953
46.589 2 INS 839 424 -118035984 5242 0 -1422655744 1011 -4886 -7806
46.589 2 ROVER_CTRL 0. 0.044384 2518.039551 0. 1400. 600. 1000. -279.340118 62.138271 -64.492226 2.355616 -0.
46.590 2 ROTORCRAFT_FP 424 839 118042928 0 5242 1422695552 -901 -593 24520 0 0 0 0 375 0
46.590 2 GPS_INT 0 0 0 404513467 -37290775 703880 653644 0 0 0 71 14 294199250 99 24 3 1
46.591 2 ATTITUDE -0.220029 5.986253 -0.144846
46.591 2 INS 839 424 -118070736 5242 0 -1422855296 1015 -4898 -7802
46.591 2 SERIAL_COM 338 -4896 1016 -7782 0 0 0 14 239 80 76 0 0 0 0 0
46.591 2 ATTITUDE -0.220062 5.986302 -0.144826
46.620 2 INS 839 424 -118105456 5242 0 -1423054464 1018 -4892 -7773
46.620 2 GPS_SOL 71 14 99 24
46.636 2 ATTITUDE -0.220078 5.986399 -0.144833
46.668 2 INS 839 424 -118140208 -57671 -20971 -1423254016 1022 -4881 -7792
46.698 2 GPS_INT 0 0 0 404513467 -37290776 703860 653624 0 0 0 71 11 294199500 99 25 3 1
46.699 2 ATTITUDE -0.220224 5.986741 -0.144871
46.699 2 IMU_MAG_RAW 255 0 0 0
46.724 2 INS 839 424 -118174976 -57671 -20971 -1423453696 1011 -4877 -7818
46.724 2 GPS 3 43817756 447810935 451 653624 11 1 2395 294199500 30 0
46.740 2 ATTITUDE -0.220063 5.986514 -0.14486
46.756 2 INS 839 424 -118209712 -57671 -20971 -1423652992 1003 -4905 -7792
46.788 2 ROTORCRAFT_FP 424 839 118216664 -20971 -57671 1423693056 -901 -593 24521 0 0 0 0 375 0
46.789 2 ATTITUDE -0.220151 5.98674 -0.144855
46.825 2 LINK_REPORT 2 -1 47 0 141649 3182 0 3041. 69. 14 56.6
46.848 2 INS 839 424 -118244472 -57671 -20971 -1423852672 998 -4889 -7796
46.848 2 STATIC_CONTROL 0 0. 0 0. 0. 0. 0. 0. 0. 0. 0. 0. 0.
46.849 2 GPS_INT 0 0 0 404513467 -37290776 703860 653624 0 0 0 71 11 294199500 99 25 3 1
46.849 2 ATTITUDE -0.220185 5.986884 -0.144824
46.873 2 INS 839 424 -118279248 -57671 -20971 -1424052608 987 -4900 -7803
46.873 2 ROVER_STATUS 0 60 3 0 0 338 8.159775
46.889 2 ATTITUDE -0.220124 5.986785 -0.14485
46.931 2 GVF_PARAMETRIC 5 1 -1.5e-05 0.,0.199,0.199,0.546583,0.546583,0.05,61.347656,53.699219,0.,0.,0.,0.,0.,0.,0.,0. -1.374232,-1.485953
46.932 2 INS 839 424 -118314000 31457 -10485 -1424252032 999 -4871 -7790
46.932 2 ATTITUDE -0.22014 5.986733 -0.14492
46.999 2 INS_REF 485058561 -31614701 411670235 404513171 -37290972 700771 650535 0.
46.999 2 INS 839 424 -118348776 31457 -10485 -1424451840 992 -4930 -7801
47.000 2 GPS 3 43817756 447810935 451 653610 7 -4 2395 294199750 30 0
47.001 2 GPS_INT 0 0 0 404513467 -37290776 703846 653610 0 0 0 71 11 294199750 99 24 3 1
47.001 2 ATTITUDE -0.220297 5.986914 -0.144863
47.053 2 INS 839 424 -118383568 31457 -10485 -1424651648 985 -4867 -7778
47.053 2 ROVER_CTRL 0. 0.044384 2518.039551 0. 1400. 600. 1000. -279.340118 62.138271 -64.492226 2.355616 -0.
47.054 2 ROTORCRAFT_FP 424 839 118390512 -10485 31457 1424691456 -902 -593 24523 0 0 0 0 375 0
47.054 2 ATTITUDE -0.220494 5.987158 -0.144913
47.079 2 INS 839 424 -118418344 31457 -10485 -1424851456 1010 -4892 -7828
47.080 2 SERIAL_COM 338 -4904 993 -7812 0 0 0 14 239 80 76 0 0 0 0 0
47.080 2 ATTITUDE -0.220627 5.987409 -0.144906
47.111 2 INS 839 424 -118453136 31457 -10485 -1425051136 976 -4870 -7787
47.137 2 GPS_INT 0 0 0 404513467 -37290776 703846 653610 0 0 0 71 11 294199750 99 24 3 1
47.138 2 ATTITUDE -0.220539 5.987355 -0.144921
47.169 2 INS 844 422 -118487936 31457 -15728 -1425250816 1009 -4907 -7805
47.185 2 ATTITUDE -0.220645 5.987628 -0.144917
47.227 2 WP_MOVED_ENU 19 -51645 50798 2557
47.227 2 WP_MOVED_ENU 19 -51645 50798 2557
47.227 2 INS 844 422 -118522760 26214 -20971 -1425451008 999 -4892 -7804
47.228 2 GPS 3 43817756 447810937 451 653612 7 2 2395 294200000 30 0
47.228 2 ATTITUDE -0.220809 5.988006 -0.144904
47.259 2 INS 844 422 -118557528 26214 -20971 -1425650048 1017 -4918 -7787
47.298 2 ROTORCRAFT_FP 422 844 118564528 -20971 26214 1425690240 -904 -593 24527 0 0 0 0 375 0
47.299 2 GPS_INT 0 0 0 404513469 -37290777 703848 653612 0 0 0 71 14 294200000 99 25 3 1
47.299 2 ATTITUDE -0.220927 5.98828 -0.144954
47.335 2 GVF_PARAMETRIC 5 1 -8e-06 -6.,15.398438,4.558594,27.417969,28.609375,49.796875,50.96875,67.96875,0.,0.,0.,0.,0.,0.,0.,0. -1.375013,-1.484
47.336 2 INS 844 422 -118592336 26214 -20971 -1425850240 1001 -4916 -7817
47.336 2 DL_VALUE 8 0.
47.336 2 ATTITUDE -0.220846 5.988213 -0.144908
47.367 2 INS 844 422 -118627152 26214 -20971 -1426049536 1008 -4910 -7809
47.383 2 ATTITUDE -0.220837 5.988409 -0.144893
47.415 2 INS 847 419 -118661960 -5242 -26214 -1426248832 1003 -4928 -7810
47.441 2 GPS_INT 0 0 0 404513470 -37290778 703823 653587 0 0 0 71 13 294200250 99 25 3 1
47.442 2 ATTITUDE -0.220842 5.988385 -0.144921
47.472 2 INS 847 419 -118696784 -5242 -26214 -1426447872 1029 -4910 -7777
47.472 2 GPS 3 43817755 447810938 451 653587 4 3 2395 294200250 30 0
47.488 2 ATTITUDE -0.220592 5.988116 -0.144864
47.488 2 ROTORCRAFT_NAV_STATUS 277 277 0. 0. 5 0 2
47.549 2 IMU_MAG_RAW 255 0 0 0
47.549 2 INS 847 419 -118731616 -5242 -26214 -1426647680 1006 -4874 -7769
47.550 2 ROVER_CTRL 0. 0.044384 2518.039551 0. 1400. 600. 1000. -279.340118 62.138271 -64.492226 2.355616 -0.
47.550 2 ROTORCRAFT_FP 419 847 118738576 -26214 -5242 1426687488 -903 -593 24527 0 0 0 0 375 0
47.551 2 ATTITUDE -0.220545 5.988151 -0.144805
47.573 2 INS 847 419 -118766448 -5242 -26214 -1426847360 1011 -4895 -7808
47.574 2 SERIAL_COM 339 -4856 1018 -7803 0 0 0 14 240 80 76 0 0 0 0 0
47.599 2 GPS_INT 0 0 0 404513470 -37290778 703823 653587 0 0 0 71 13 294200250 99 25 3 1
47.600 2 ATTITUDE -0.220363 5.987962 -0.144788
47.615 2 INS 847 419 -118801280 -5242 -26214 -1427046912 998 -4890 -7780
47.631 2 ATTITUDE -0.22042 5.988041 -0.144837
47.663 2 INS 849 419 -118836120 0 5242 -1427246464 992 -4880 -7793
47.679 2 ATTITUDE -0.220472 5.988157 -0.144849
47.770 2 GVF_PARAMETRIC 5 1 -1e-06 6.,18.136719,41.308594,44.878906,19.75,29.046875,61.347656,53.699219,0.,0.,0.,0.,0.,0.,0.,0. -1.376185,-1.482046
47.770 2 INS 849 419 -118870968 0 5242 -1427445376 1012 -4895 -7783
47.770 2 GPS 3 43817755 447810939 451 653614 2 10 2395 294200500 30 0
47.771 2 GPS_INT 0 0 0 404513471 -37290778 703850 653614 0 0 0 71 17 294200500 99 25 3 1
47.771 2 ATTITUDE -0.22053 5.988228 -0.144872
47.771 2 INS 849 419 -118905832 0 5242 -1427645184 1014 -4885 -7805
47.783 2 ROTORCRAFT_FP 419 849 118912800 5242 0 1427685120 -903 -593 24528 0 0 0 0 375 0
47.784 2 ATTITUDE -0.220653 5.988438 -0.144872
47.825 2 LINK_REPORT 2 -1 48 0 144808 3252 0 3159. 70. 14 56.6
47.829 2 INS 849 419 -118940680 0 5242 -1427844864 1003 -4901 -7797
47.830 2 STATIC_CONTROL 0 0. 0 0. 0. 0. 0. 0. 0. 0. 0. 0. 0.
47.830 2 ATTITUDE -0.220465 5.988295 -0.144832
47.861 2 INS 849 419 -118975544 0 5242 -1428044032 1021 -4921 -7815
47.887 2 GPS_INT 0 0 0 404513471 -37290778 703850 653614 0 0 0 71 17 294200500 99 25 3 1
47.888 2 ATTITUDE -0.220629 5.98844 -0.144793
47.903 2 INS 849 422 -119010424 -26214 0 -1428244352 1004 -4866 -7786
47.935 2 ATTITUDE -0.220448 5.988306 -0.144784
47.977 2 INS 849 422 -119045296 -26214 0 -1428444160 999 -4920 -7772
47.978 2 GPS 3 43817756 447810939 451 653628 5 11 2395 294200750 30 0
47.978 2 DATALINK_REPORT 2 78 23285 3071 0 4
47.978 2 STATE_FILTER_STATUS 6 3 0
47.978 2 ATTITUDE -0.220625 5.988545 -0.144735
48.084 2 INS 849 422 -119080168 -26214 0 -1428643840 1014 -4910 -7803
48.084 2 ROVER_CTRL 0. 0.044384 2518.039551 0. 1400. 600. 1000. -279.340118 62.138271 -64.492226 2.355616 -0.
48.085 2 ROTORCRAFT_FP 422 849 119087144 0 -26214 1428683776 -903 -592 24529 0 0 0 0 375 0
48.085 2 GPS_INT 0 0 0 404513471 -37290777 703864 653628 0 0 0 71 15 294200750 99 24 3 1
48.086 2 ATTITUDE -0.220531 5.988472 -0.144722
48.086 2 INS 849 422 -119115064 -26214 0 -1428843264 1001 -4896 -7802
48.086 2 SERIAL_COM 339 -4864 1040 -7749 0 0 0 14 240 80 76 0 0 0 0 0
48.087 2 ATTITUDE -0.220436 5.988331 -0.144767
48.139 2 GVF_PARAMETRIC 5 1 -6e-06 0.,0.199,0.199,0.546583,0.546583,0.05,61.347656,53.699219,0.,0.,0.,0.,0.,0.,0.,0. -1.375013,-1.482046
48.139 2 INS 849 422 -119149936 -26214 0 -1429042944 1004 -4902 -7801
48.139 2 ATTITUDE -0.220396 5.988396 -0.144723
48.154 2 INS 852 422 -119184832 10485 -5242 -1429242752 1022 -4908 -7798
48.184 2 GPS_INT 0 0 0 404513472 -37290777 703892 653656 0 0 0 71 18 294201000 99 25 3 1
48.185 2 ATTITUDE -0.220481 5.988587 -0.144694
48.216 2 INS 852 422 -119219720 10485 -10485 -1429442560 1006 -4864 -7796
48.217 2 GPS 3 43817756 447810941 451 653656 3 11 2395 294201000 30 0
48.232 2 ATTITUDE -0.220534 5.988779 -0.144753
48.264 2 INS 852 422 -119254632 10485 -10485 -1429642240 1001 -4917 -7807
48.295 2 ROTORCRAFT_FP 422 852 119261608 -10485 10485 1429682176 -903 -592 24529 0 0 0 0 375 0
48.296 2 ATTITUDE -0.220458 5.988729 -0.144725
48.296 2 IMU_MAG_RAW 255 0 0 0
48.311 2 INS 852 422 -119289528 10485 -10485 -1429841536 990 -4884 -7772
48.337 2 GPS_INT 0 0 0 404513472 -37290777 703892 653656 0 0 0 71 18 294201000 99 25 3 1
48.338 2 ATTITUDE -0.220373 5.988771 -0.144686
48.353 2 INS 852 422 -119324432 10485 -10485 -1430041216 976 -4898 -7809
48.369 2 ROVER_STATUS 0 56 3 0 0 340 8.159775
48.385 2 ATTITUDE -0.22034 5.988888 -0.144632
48.417 2 INS 857 419 -119359352 31457 -20971 -1430241024 1037 -4895 -7820
48.433 2 ATTITUDE -0.220248 5.988902 -0.144664
48.465 2 INS 857 419 -119394272 31457 -20971 -1430440832 1006 -4886 -7805
48.465 2 GPS 3 43817755 447810942 451 653653 8 7 2395 294201250 30 0
48.503 2 GPS_INT 0 0 0 404513473 -37290778 703889 653653 0 0 0 71 17 294201250 99 25 3 1
48.503 2 ATTITUDE -0.220317 5.989134 -0.144672
48.503 2 WP_MOVED_ENU 0 0 0 2560
48.503 2 WP_MOVED_ENU 0 0 0 2560
48.586 2 GVF_PARAMETRIC 5 1 -9e-06 -6.,15.398438,4.558594,27.417969,28.609375,49.796875,50.96875,67.96875,0.,0.,0.,0.,0.,0.,0.,0. -1.376185,-1.478922
48.587 2 INS 857 419 -119429200 31457 -20971 -1430640640 1013 -4864 -7815
48.587 2 ROVER_CTRL 0. 0.044384 2518.039551 0. 1400. 600. 1000. -279.340118 62.138271 -64.492226 2.355616 -0.
48.588 2 ROTORCRAFT_FP 419 857 119436184 -20971 31457 1430680576 -902 -592 24532 0 0 0 0 375 0
48.588 2 ATTITUDE -0.220408 5.989386 -0.144727
48.588 2 INS 857 419 -119464120 31457 -20971 -1430840064 1036 -4912 -7762
48.588 2 SERIAL_COM 340 -4906 1019 -7804 0 0 0 14 241 80 76 0 0 0 0 0
48.589 2 ATTITUDE -0.22028 5.989295 -0.144753
48.602 2 INS 857 419 -119499056 31457 -20971 -1431039488 1039 -4889 -7797
48.618 2 GPS_SOL 71 17 99 25
48.634 2 GPS_INT 0 0 0 404513473 -37290778 703889 653653 0 0 0 71 17 294201250 99 25 3 1
48.635 2 ATTITUDE -0.220479 5.989464 -0.144774
48.666 2 INS 860 419 -119534000 -5242 -5242 -1431238784 1004 -4906 -7806
48.682 2 ATTITUDE -0.220637 5.989789 -0.144813
48.714 2 INS 860 419 -119568944 -5242 -5242 -1431438336 1020 -4897 -7781
48.715 2 GPS 3 43817755 447810944 451 653656 0 7 2395 294201500 30 0
48.730 2 ATTITUDE -0.22084 5.990205 -0.144812
48.762 2 INS 860 419 -119603896 -5242 -5242 -1431637760 1014 -4891 -7784
48.825 2 ROTORCRAFT_FP 419 860 119610888 -5242 -5242 1431677568 -905 -593 24536 0 0 0 0 375 0
48.826 2 GPS_INT 0 0 0 404513475 -37290778 703892 653656 0 0 0 71 16 294201500 99 24 3 1
48.827 2 ALIVE 122,195,7,233,5,247,195,75,60,187,26,129,128,90,246,93
48.827 2 ATTITUDE -0.220999 5.990571 -0.144786
48.827 2 INS 860 419 -119638848 -5242 -5242 -1431837312 982 -4919 -7778
48.827 2 STATIC_CONTROL 0 0. 0 0. 0. 0. 0. 0. 0. 0. 0. 0. 0.
48.828 2 ATTITUDE -0.220886 5.990572 -0.144747
48.828 2 LINK_REPORT 2 -1 49 0 148011 3325 0 3203. 73. 14 56.6
48.857 2 INS 860 419 -119673816 -5242 -5242 -1432036992 1018 -4940 -7790
48.873 2 ATTITUDE -0.220947 5.990684 -0.144725
48.951 2 GVF_PARAMETRIC 5 1 -2e-06 6.,18.136719,41.308594,44.878906,19.75,29.046875,61.347656,53.699219,0.,0.,0.,0.,0.,0.,0.,0. -1.376185,-1.47775
48.952 2 INS 862 417 -119708784 5242 -26214 -1432236800 1008 -4878 -7767
48.952 2 GPS_INT 0 0 0 404513475 -37290779 703870 653634 0 0 0 71 12 294201750 101 24 3 1
48.953 2 DL_VALUE 9 1.
48.953 2 ATTITUDE -0.220882 5.990643 -0.144693
48.976 2 INS 862 417 -119743760 5242 -26214 -1432436224 1032 -4896 -7761
48.977 2 ENERGY 3 8.159775 0.2 1.631955 5.612722 0.074043 0.579946
48.977 2 GPS 3 43817754 447810944 451 653634 3 1 2395 294201750 30 0
48.977 2 ATTITUDE -0.22068 5.990492 -0.144676
49.047 2 INS 862 417 -119778736 5242 -26214 -1432635904 1008 -4916 -7817
49.047 2 ROVER_CTRL 0. 0.044384 2518.039551 0. 1400. 600. 1000. -279.340118 62.138271 -64.492226 2.355616 -0.
49.048 2 ROTORCRAFT_FP 417 862 119785760 -26214 5242 1432675968 -903 -592 24536 0 0 0 0 375 0
49.048 2 ATTITUDE -0.220596 5.990338 -0.144659
49.073 2 INS 862 417 -119813704 5242 -26214 -1432835584 993 -4921 -7807
49.074 2 SERIAL_COM 340 -4916 1008 -7817 0 0 0 14 241 80 76 0 0 0 0 0
49.112 2 GPS_INT 0 0 0 404513475 -37290779 703870 653634 0 0 0 71 12 294201750 101 24 3 1
49.112 2 ATTITUDE -0.220604 5.990379 -0.144676
49.112 2 ROTORCRAFT_NAV_STATUS 278 278 0. 0. 5 0 2
49.113 2 IMU_MAG_RAW 255 0 0 0
49.113 2 INS 862 417 -119848688 5242 -26214 -1433034880 1055 -4922 -7808
49.127 2 ATTITUDE -0.220575 5.990387 -0.144658
49.159 2 INS 862 417 -119883680 5242 -26214 -1433234688 1025 -4900 -7805
49.175 2 ATTITUDE -0.220691 5.990657 -0.144646
49.218 2 INS 862 417 -119918680 -5242 -10485 -1433434240 1023 -4938 -7820
49.219 2 GPS 3 43817754 447810945 451 653643 1 1 2395 294202000 30 0
49.245 2 GPS_INT 0 0 0 404513476 -37290779 703879 653643 0 0 0 71 13 294202000 99 24 3 1
49.245 2 ATTITUDE -0.220623 5.990602 -0.144685
49.260 2 INS 862 417 -119953696 -5242 -10485 -1433634304 1035 -4908 -7807
49.287 2 ROTORCRAFT_FP 417 862 119960688 -10485 -5242 1433674368 -903 -592 24537 0 0 0 0 375 0
49.287 2 ATTITUDE -0.220607 5.990596 -0.144647
49.328 2 GVF_PARAMETRIC 5 1 -3e-06 0.,0.199,0.199,0.546583,0.546583,0.05,61.347656,53.699219,0.,0.,0.,0.,0.,0.,0.,0. -1.376966,-1.476968
49.329 2 INS 862 417 -119988680 -5242 -10485 -1433833856 1019 -4896 -7782
49.329 2 ATTITUDE -0.22051 5.990556 -0.144629
49.359 2 INS 862 417 -120023680 -5242 -10485 -1434033280 1008 -4915 -7813
49.385 2 GPS_INT 0 0 0 404513476 -37290779 703879 653643 0 0 0 71 13 294202000 99 24 3 1
49.386 2 ATTITUDE -0.220525 5.990637 -0.144612
49.401 2 INS 867 417 -120058688 5242 5242 -1434232576 1018 -4898 -7771
49.433 2 ATTITUDE -0.220563 5.990734 -0.144647
49.465 2 INS 867 417 -120093704 5242 5242 -1434432256 1043 -4910 -7787
49.466 2 GPS 3 43817754 447810946 451 653626 3 5 2395 294202250 30 0
49.481 2 ATTITUDE -0.220711 5.990939 -0.144662
49.572 2 INS 867 417 -120128720 5242 5242 -1434631808 1033 -4916 -7765
49.573 2 ROVER_CTRL 0. 0.044384 2518.039551 0. 1400. 600. 1000. -279.340118 62.138271 -64.492226 2.355616 -0.
49.573 2 ROTORCRAFT_FP 417 867 120135728 5242 5242 1434671744 -904 -592 24539 0 0 0 0 375 0
49.574 2 GPS_INT 0 0 0 404513477 -37290779 703862 653626 0 0 0 71 16 294202250 101 23 3 1
49.575 2 ATTITUDE -0.220763 5.991037 -0.144711
49.575 2 INS 867 417 -120163752 5242 5242 -1434831488 1045 -4878 -7804
49.575 2 SERIAL_COM 341 -4935 1000 -7798 0 0 0 14 242 80 76 0 0 0 0 0
49.575 2 ATTITUDE -0.220662 5.991055 -0.144746
49.604 2 INS 867 417 -120198792 5242 5242 -1435031296 1007 -4872 -7814
49.620 2 ATTITUDE -0.220642 5.991107 -0.144726
49.652 2 INS 870 419 -120233832 0 10485 -1435231104 1016 -4883 -7800
49.681 2 GPS_INT 0 0 0 404513478 -37290778 703843 653607 0 0 0 71 11 294202500 101 24 3 1
49.681 2 ATTITUDE -0.220763 5.991336 -0.14472
49.745 2 GVF_PARAMETRIC 5 1 -2e-06 -6.,15.398438,4.558594,27.417969,28.609375,49.796875,50.96875,67.96875,0.,0.,0.,0.,0.,0.,0.,0. -1.376185,-1.473843
49.746 2 INS 870 419 -120268872 0 10485 -1435430400 999 -4888 -7780
49.746 2 GPS 3 43817755 447810947 451 653607 3 -1 2395 294202500 30 0
49.746 2 ATTITUDE -0.220693 5.991333 -0.144704
49.760 2 INS 870 419 -120303912 0 10485 -1435629696 1032 -4875 -7811
49.786 2 ROTORCRAFT_FP 419 870 120310920 10485 0 1435669760 -903 -592 24540 0 0 0 0 375 0
49.787 2 ATTITUDE -0.220593 5.991268 -0.144712
49.787 2 WP_MOVED_ENU 1 0 0 2560
49.787 2 WP_MOVED_ENU 1 0 0 2560
49.802 2 INS 870 419 -120338968 0 10485 -1435829504 1009 -4923 -7825
49.826 2 LINK_REPORT 2 -1 50 0 150985 3391 0 2974. 66. 14 56.6
49.842 2 STATIC_CONTROL 0 0. 0 0. 0. 0. 0. 0. 0. 0. 0. 0. 0.
49.842 2 GPS_INT 0 0 0 404513478 -37290778 703843 653607 0 0 0 71 11 294202500 101 24 3 1
49.842 2 ATTITUDE -0.220565 5.991349 -0.144645
49.867 2 INS 870 419 -120374016 0 10485 -1436029056 1010 -4903 -7786
49.868 2 ROVER_STATUS 0 56 3 0 0 341 8.159775
49.883 2 ATTITUDE -0.220516 5.991356 -0.144624
49.883 2 IMU_MAG_RAW 255 0 0 0
49.899 2 INS 870 422 -120409088 -15728 15728 -1436228736 1007 -4907 -7805
49.931 2 ATTITUDE -0.220397 5.991317 -0.144627
49.964 2 INS 870 422 -120444160 -15728 15728 -1436428544 1022 -4921 -7800
49.964 2 GPS 3 43817756 447810947 451 653597 5 2 2395 294202750 30 0
49.990 2 GPS_INT 0 0 0 404513478 -37290777 703833 653597 0 0 0 71 11 294202750 101 23 3 1
49.990 2 ATTITUDE -0.220466 5.991519 -0.144669
50.044 2 INS 870 422 -120479216 -15728 15728 -1436628608 1033 -4882 -7824
50.044 2 ROVER_CTRL 0. 0.044384 2518.039551 0. 1400. 600. 1000. -279.340118 62.138271 -64.492226 2.355616 -0.
50.044 2 ROTORCRAFT_FP 422 870 120486232 15728 -15728 1436668544 -903 -592 24541 0 0 0 0 375 0
50.045 2 ATTITUDE -0.220399 5.991619 -0.144683
50.070 2 INS 870 422 -120514296 -15728 15728 -1436827904 1024 -4886 -7769
50.071 2 SERIAL_COM 341 -4882 1012 -7825 0 0 0 14 242 80 76 0 0 0 0 0
50.071 2 ATTITUDE -0.220382 5.991695 -0.14463
50.137 2 GVF_PARAMETRIC 5 1 -5e-06 6.,18.136719,41.308594,44.878906,19.75,29.046875,61.347656,53.699219,0.,0.,0.,0.,0.,0.,0.,0. -1.375013,-1.473843
50.137 2 INS 870 422 -120549376 -15728 15728 -1437027072 1018 -4892 -7778
50.138 2 GPS_INT 0 0 0 404513478 -37290777 703833 653597 0 0 0 71 11 294202750 101 23 3 1
50.138 2 ATTITUDE -0.220372 5.9919 -0.14462
50.152 2 INS 870 422 -120584472 -15728 15728 -1437227264 1034 -4882 -7829
50.168 2 ATTITUDE -0.220258 5.991828 -0.144595
50.216 2 INS 870 422 -120619568 -31457 -5242 -1437426560 1046 -4924 -7778
50.216 2 GPS 3 43817756 447810947 451 653567 6 -11 2395 294203000 30 0
50.231 2 ATTITUDE -0.220172 5.991766 -0.144582
50.264 2 INS 870 422 -120654664 -31457 -5242 -1437626240 1051 -4906 -7816
50.290 2 ROTORCRAFT_FP 422 870 120661688 -5242 -31457 1437666304 -902 -592 24542 0 0 0 0 375 0
50.290 2 GPS_INT 0 0 0 404513478 -37290777 703803 653567 0 0 0 71 16 294203000 101 23 3 1
50.290 2 ATTITUDE -0.220288 5.991885 -0.144582
50.305 2 INS 870 422 -120689768 -31457 -5242 -1437826304 1018 -4899 -7821
50.321 2 ATTITUDE -0.220347 5.991975 -0.144545
50.322 2 PONG 
50.353 2 INS 870 422 -120724880 -31457 -5242 -1438025984 1042 -4927 -7786
50.369 2 ATTITUDE -0.220391 5.992038 -0.144547
50.402 2 INS 867 424 -120760000 -68157 31457 -1438225664 1043 -4898 -7835
50.430 2 GPS_INT 0 0 0 404513477 -37290775 703768 653532 0 0 0 71 15 294203250 101 23 3 1
50.430 2 ATTITUDE -0.220271 5.991935 -0.144564
50.462 2 INS 867 424 -120795112 -68157 31457 -1438425088 1019 -4885 -7790
50.462 2 GPS 3 43817757 447810946 1039 653532 14 -6 2395 294203250 30 0
50.477 2 ATTITUDE -0.220359 5.992167 -0.144538
50.585 2 GVF_PARAMETRIC 5 1 -1.8e-05 0.,0.199,0.199,0.546583,0.546583,0.05,61.347656,53.699219,0.,0.,0.,0.,0.,0.,0.,0. -1.374232,-1.475015
50.585 2 INS 867 424 -120830232 -68157 31457 -1438625024 1011 -4866 -7791
50.586 2 ROVER_CTRL 0. 0.044384 2518.039551 0. 1400. 600. 1000. -279.340118 62.138271 -64.492226 2.355616 -0.
50.586 2 ROTORCRAFT_FP 424 867 120837256 31457 -68157 1438664832 -902 -591 24543 0 0 0 0 375 0
50.586 2 DL_VALUE 10 6.
50.586 2 ATTITUDE -0.220439 5.992187 -0.14445
50.586 2 INS 867 424 -120865360 -68157 31457 -1438824448 997 -4891 -7810
50.587 2 SERIAL_COM 342 -4910 1050 -7806 0 0 0 14 243 80 76 0 0 0 0 0
50.587 2 GPS_INT 0 0 0 404513477 -37290775 703768 653532 0 0 0 71 15 294203250 101 23 3 1
50.587 2 ATTITUDE -0.220287 5.992074 -0.144425
50.615 2 INS 867 424 -120900496 -68157 31457 -1439024128 1044 -4903 -7804
50.615 2 GPS_SOL 71 15 101 23
50.630 2 ATTITUDE -0.220288 5.992139 -0.144402
50.663 2 INS 867 430 -120935624 -5242 36700 -1439224192 1022 -4903 -7796
50.679 2 ATTITUDE -0.22024 5.992149 -0.144401
50.710 2 ROTORCRAFT_NAV_STATUS 280 280 0. 0. 5 0 2
50.710 2 IMU_MAG_RAW 255 0 0 0
50.710 2 INS 867 430 -120970768 -5242 36700 -1439424384 1000 -4923 -7822
50.711 2 GPS 3 43817759 447810946 1039 653520 8 2 2395 294203500 30 0
50.737 2 GPS_INT 0 0 0 404513477 -37290773 703755 653520 0 0 0 71 10 294203500 101 23 3 1
50.737 2 ATTITUDE -0.220266 5.992252 -0.144407
50.752 2 INS 867 430 -121005920 -5242 36700 -1439623936 1022 -4907 -7774
50.779 2 ROTORCRAFT_FP 430 867 121012952 36700 -5242 1439663872 -902 -591 24544 0 0 0 0 0 0
50.779 2 ATTITUDE -0.22038 5.99244 -0.144381
50.824 2 INS 867 430 -121041056 -5242 36700 -1439823104 1030 -4890 -7783
50.825 2 STATIC_CONTROL 0 0. 0 0. 0. 0. 0. 0. 0. 0. 0. 0. 0.
50.825 2 ATTITUDE -0.220373 5.992588 -0.144407
50.826 2 LINK_REPORT 2 -1 51 0 154101 3462 0 3116. 71. 15 21.13
50.856 2 INS 867 430 -121076208 -5242 36700 -1440023552 788 -4927 -7866
50.883 2 GPS_INT 0 0 0 404513477 -37290773 703755 653520 0 0 0 71 10 294203500 101 23 3 1
50.883 2 ATTITUDE -0.220908 5.994258 -0.143763
50.925 2 GVF_PARAMETRIC 5 1 -9e-06 -6.,15.398438,4.558594,27.417969,28.609375,49.796875,50.96875,67.96875,0.,0.,0.,0.,0.,0.,0.,0. -1.371888,-1.475015
50.925 2 INS 867 435 -121111416 -5242 20971 -1440222592 672 -4982 -8667
50.926 2 ATTITUDE -0.221243 5.994485 -0.144023
50.967 2 INS 867 435 -121146528 -5242 20971 -1440419584 1008 -4979 -7835
50.967 2 GPS 3 43817761 447810946 1039 653483 5 -3 2395 294203750 30 0
50.982 2 ATTITUDE -0.221671 5.994396 -0.144066
50.998 2 INS 867 435 -121181704 -5242 20971 -1440618368 913 -4824 -7789
51.072 2 ROVER_CTRL 2.5 0.612807 4890.132812 -6.789588 1400. 600. 1000. 100.673103 857.929993 1135.206299 1.887193 -0.
51.072 2 ROTORCRAFT_FP 435 867 121188728 20971 -5242 1440657664 -907 -589 24555 0 0 0 0 0 0
51.073 2 GPS_INT 0 0 0 404513477 -37290771 703719 653483 0 0 0 71 12 294203750 102 24 3 1
51.074 2 ATTITUDE -0.221662 5.994823 -0.14403
51.074 2 INS 867 435 -121216880 -5242 20971 -1440818560 756 -5048 -7781
51.074 2 SERIAL_COM 342 -4982 672 -8667 0 0 0 14 243 80 76 0 0 0 0 0
51.075 2 ATTITUDE -0.221805 5.994974 -0.144074
51.088 2 WP_MOVED_ENU 2 -276 -3691 2560
51.088 2 WP_MOVED_ENU 2 -276 -3691 2560
51.104 2 INS 867 435 -121252056 -5242 20971 -1441019136 951 -4956 -7851
51.119 2 ATTITUDE -0.221759 5.994864 -0.144168
51.152 2 INS 867 435 -121287240 -5242 20971 -1441218816 1005 -4838 -7787
51.178 2 GPS_INT 0 0 0 404513477 -37290769 703697 653461 0 0 0 71 12 294204000 102 22 3 1
51.178 2 STATE_FILTER_STATUS 6 3 0
51.178 2 ATTITUDE -0.221688 5.994934 -0.144211
51.210 2 INS 867 440 -121322424 -26214 36700 -1441418240 968 -4901 -7859
51.210 2 GPS 3 43817762 447810946 1039 653461 9 -2 2395 294204000 30 0
51.225 2 ATTITUDE -0.221605 5.994928 -0.144185
51.258 2 INS 867 440 -121357616 -26214 36700 -1441618304 944 -4838 -7852
51.274 2 ROTORCRAFT_FP 440 867 121364656 36700 -26214 1441658240 -908 -590 24555 0 0 0 0 0 0
51.274 2 ATTITUDE -0.221844 5.995236 -0.144195
51.338 2 GVF_PARAMETRIC 5 1 -1.1e-05 6.,18.136719,41.308594,44.878906,19.75,29.046875,61.347656,53.699219,0.,0.,0.,0.,0.,0.,0.,0. -1.367982,-1.475015
51.339 2 INS 867 440 -121392816 -26214 36700 -1441818240 929 -4932 -7824
51.339 2 GPS_INT 0 0 0 404513477 -37290769 703697 653461 0 0 0 71 12 294204000 102 22 3 1
51.340 2 ATTITUDE -0.221966 5.995241 -0.144373
51.364 2 INS 867 440 -121428016 -26214 36700 -1442017920 1041 -4863 -7825
51.364 2 ROVER_STATUS 0 56 3 2 0 343 8.142113
51.380 2 ATTITUDE -0.221876 5.995354 -0.144449
51.396 2 INS 870 445 -121463240 5242 10485 -1442217600 995 -4867 -7757
51.428 2 ATTITUDE -0.221772 5.995401 -0.144659
51.460 2 INS 870 445 -121498440 5242 10485 -1442417408 949 -4879 -7822
51.460 2 GPS 3 43817765 447810947 1039 653463 4 5 2395 294204250 30 0
51.538 2 GPS_INT 0 0 0 404513478 -37290766 703699 653463 0 0 0 71 15 294204250 100 23 3 1
51.538 2 ALIVE 122,195,7,233,5,247,195,75,60,187,26,129,128,90,246,93
51.539 2 ATTITUDE -0.221775 5.995397 -0.144794
51.539 2 IMU_MAG_RAW 255 0 0 0
51.539 2 INS 870 445 -121533664 5242 10485 -1442616448 1206 -4916 -7724
51.539 2 ROVER_CTRL 2.5 1.190105 5993.699707 -4.308938 1400. 600. 1000. 375.44281 1666.146606 1159.250732 1.309895 -0.
51.540 2 ROTORCRAFT_FP 445 870 121540712 10485 5242 1442656000 -908 -593 24554 0 0 0 0 0 0
51.540 2 ATTITUDE -0.221203 5.993771 -0.144699
51.565 2 INS 870 445 -121568888 5242 10485 -1442815232 403 -5167 -8351
51.565 2 SERIAL_COM 343 -4812 1036 -7818 0 0 0 14 244 80 76 0 0 0 0 0
51.580 2 ATTITUDE -0.221131 5.995899 -0.143872
51.597 2 INS 870 445 -121604112 5242 10485 -1443015936 1363 -5018 -7597
51.627 2 GPS_INT 0 0 0 404513478 -37290766 703699 653463 0 0 0 71 15 294204250 100 23 3 1
51.627 2 ATTITUDE -0.221118 5.994464 -0.143966
51.659 2 INS 875 445 -121639344 26214 -5242 -1443214848 1302 -4678 -8055
51.674 2 ATTITUDE -0.220993 5.995258 -0.143793
51.728 2 GVF_PARAMETRIC 5 1 -6e-06 0.,0.199,0.199,0.546583,0.546583,0.05,61.347656,53.699219,0.,0.,0.,0.,0.,0.,0.,0. -1.366029,-1.47189
51.729 2 INS 875 445 -121674584 26214 -5242 -1443414144 750 -5101 -7760
51.729 2 GPS 3 43817765 447810949 1039 653465 5 4 2395 294204500 30 0
51.729 2 ATTITUDE -0.221156 5.995545 -0.143732
51.760 2 INS 875 445 -121709824 26214 -5242 -1443612544 1168 -4865 -7604
51.786 2 ROTORCRAFT_FP 445 875 121716896 -5242 26214 1443651200 -905 -587 24554 0 0 0 0 0 0
51.786 2 GPS_INT 0 0 0 404513480 -37290766 703700 653465 0 0 0 71 16 294204500 100 24 3 1
51.787 2 ATTITUDE -0.221141 5.993731 -0.143327
51.827 2 LINK_REPORT 2 -1 52 0 157083 3528 0 2982. 66. 15 21.13
51.828 2 INS 875 445 -121745056 26214 -5242 -1443812864 899 -5325 -7319
51.829 2 STATIC_CONTROL 0 0. 0 0. 0. 0. 0. 0. 0. 0. 0. 0. 0.
51.829 2 ATTITUDE -0.220467 5.992969 -0.143151
51.844 2 INS 875 445 -121780304 26214 -5242 -1444008064 602 -4806 -7356
51.876 2 ATTITUDE -0.21991 5.994974 -0.143179
51.909 2 INS 880 448 -121815576 5242 -15728 -1444208512 1009 -5398 -7699
51.925 2 GPS_INT 0 0 0 404513482 -37290765 703685 653450 0 0 0 72 12 294204750 100 25 3 1
51.925 2 ATTITUDE -0.220061 5.995454 -0.143752
51.957 2 INS 880 448 -121850832 5242 -15728 -1444405248 1605 -4773 -7781
51.957 2 GPS 3 43817766 447810952 1039 653450 3 0 2395 294204750 30 0
51.973 2 ATTITUDE -0.219803 5.995845 -0.144127
52.080 2 INS 880 448 -121886088 5242 -15728 -1444603776 762 -4962 -7691
52.080 2 ROVER_CTRL 2.5 1.766135 7265.279785 15. 1400. 600. 1000. 824.033508 2472.589355 1179.254028 0.733865 -0.
52.081 2 ROTORCRAFT_FP 448 880 121893144 -15728 5242 1444644480 -900 -591 24559 0 0 0 0 0 0
52.081 2 ATTITUDE -0.21984 5.995905 -0.144432
52.082 2 INS_REF 485058561 -31614701 411670235 404513171 -37290972 700771 650535 0.
52.082 2 INS 880 448 -121921392 5242 -15728 -1444805120 731 -4759 -7741
52.082 2 SERIAL_COM 343 -5481 616 -7731 0 0 0 14 244 80 76 0 0 0 0 0
52.083 2 GPS_INT 0 0 0 404513482 -37290765 703685 653450 0 0 0 72 12 294204750 100 25 3 1
52.084 2 ATTITUDE -0.219738 5.995811 -0.144869
52.122 2 GVF_PARAMETRIC 5 1 -4e-06 -6.,15.398438,4.558594,27.417969,28.609375,49.796875,50.96875,67.96875,0.,0.,0.,0.,0.,0.,0.,0. -1.364857,-1.469937
52.123 2 INS 880 448 -121956640 5242 -15728 -1445005696 384 -5342 -7875
52.123 2 DL_VALUE 11 0.
52.123 2 ATTITUDE -0.219933 5.996619 -0.144496
52.154 2 INS 880 448 -121991920 5242 -15728 -1445208320 778 -4689 -7771
52.170 2 ATTITUDE -0.21993 5.99662 -0.144544
52.212 2 INS 883 448 -122027208 -26214 -10485 -1445407744 1121 -4920 -7661
52.213 2 GPS 3 43817765 447810952 1039 653414 5 -3 2395 294205000 30 0
52.238 2 GPS_INT 0 0 0 404513482 -37290766 703650 653414 0 0 0 72 16 294205000 100 24 3 1
52.238 2 ATTITUDE -0.220011 5.997123 -0.144449
52.254 2 INS 883 448 -122062496 -26214 -10485 -1445606656 997 -4586 -7587
52.295 2 ROTORCRAFT_FP 448 883 122069560 -10485 -26214 1445646848 -901 -592 24563 0 0 0 0 0 0
52.295 2 ATTITUDE -0.220288 5.997668 -0.144268
52.295 2 ROTORCRAFT_NAV_STATUS 282 282 0. 0. 5 0 2
52.296 2 IMU_MAG_RAW 255 0 0 0
52.296 2 INS 883 448 -122097792 -26214 -10485 -1445806592 1042 -4865 -8052
52.327 2 ATTITUDE -0.221157 5.998224 -0.143995
52.359 2 INS 883 448 -122133104 -26214 -10485 -1446009472 912 -5202 -7686
52.390 2 GPS_INT 0 0 0 404513482 -37290766 703650 653414 0 0 0 72 16 294205000 100 24 3 1
52.390 2 ATTITUDE -0.221965 6.000968 -0.144249
52.390 2 WP_MOVED_ENU 3 3942 4643 2974
52.391 2 WP_MOVED_ENU 3 3942 4643 2974
52.406 2 INS 883 448 -122168416 -5242 -10485 -1446212224 1278 -4367 -7265
52.422 2 ATTITUDE -0.221893 5.998902 -0.145087
52.464 2 INS 883 448 -122203712 -5242 -15728 -1446414464 1431 -5078 -7877
52.464 2 GPS 3 43817765 447810952 1039 653416 2 3 2395 294205250 30 0
52.465 2 ATTITUDE -0.221613 5.99938 -0.145652
52.575 2 GVF_PARAMETRIC 5 1 -4e-06 6.,18.136719,41.308594,44.878906,19.75,29.046875,61.347656,53.699219,0.,0.,0.,0.,0.,0.,0.,0. -1.364857,-1.468765
52.576 2 INS 883 448 -122239032 -5242 -15728 -1446609024 1217 -5304 -7419
52.576 2 ROVER_CTRL 2.5 2.352559 8751.75293 15. 1400. 600. 1000. 1447.077515 3293.582031 1225.209229 0.147441 -0.
52.577 2 ROTORCRAFT_FP 448 883 122246088 -15728 -5242 1446648960 -907 -597 24570 0 0 0 0 0 0
52.577 2 GPS_INT 0 0 0 404513482 -37290766 703652 653416 0 0 0 72 15 294205250 100 25 3 1
52.578 2 ATTITUDE -0.220977 5.996979 -0.145965
52.578 2 INS 883 448 -122274344 -5242 -15728 -1446804224 2231 -4733 -7991
52.578 2 SERIAL_COM 344 -4167 1224 -7885 0 0 0 14 245 80 76 0 0 0 0 0
52.578 2 ATTITUDE -0.220883 5.998012 -0.144432
52.607 2 INS 883 448 -122309680 -5242 -15728 -1447004032 935 -5241 -8319
52.607 2 GPS_SOL 72 15 100 25
52.623 2 ATTITUDE -0.220777 5.996842 -0.144282
52.655 2 INS 888 445 -122345008 15728 -26214 -1447203712 1164 -4914 -7989
52.671 2 GPS_INT 0 0 0 404513484 -37290766 703641 653405 0 0 0 72 15 294205500 100 25 3 1
52.671 2 ATTITUDE -0.220969 5.999141 -0.144311
52.713 2 INS 888 445 -122380344 15728 -26214 -1447404032 1379 -4482 -7843
52.714 2 GPS 3 43817765 447810954 1039 653405 6 4 2395 294205500 30 0
52.715 2 ATTITUDE -0.221173 5.998618 -0.144603
52.745 2 INS 888 445 -122415696 15728 -26214 -1447603584 974 -5071 -7785
52.776 2 ROTORCRAFT_FP 445 888 122422792 -26214 15728 1447644032 -905 -592 24570 0 0 0 0 0 0
52.776 2 ATTITUDE -0.221257 5.999033 -0.144646
52.806 2 INS 888 445 -122451032 15728 -26214 -1447802240 894 -4759 -7734
52.827 2 LINK_REPORT 2 -1 53 0 160128 3597 0 3045. 69. 15 21.13
52.832 2 STATIC_CONTROL 0 0. 0 0. 0. 0. 0. 0. 0. 0. 0. 0. 0.
52.832 2 GPS_INT 0 0 0 404513484 -37290766 703641 653405 0 0 0 72 15 294205500 100 25 3 1
52.833 2 ATTITUDE -0.221505 5.998442 -0.144619
52.860 2 INS 888 445 -122486376 15728 -26214 -1448003072 879 -4884 -7885
52.860 2 ROVER_STATUS 0 59 3 2 0 344 8.150944
52.876 2 ATTITUDE -0.221385 5.998732 -0.144505
52.918 2 GVF_PARAMETRIC 5 1 -7e-06 0.,0.199,0.199,0.546583,0.546583,0.05,61.347656,53.699219,0.,0.,0.,0.,0.,0.,0.,0. -1.366029,-1.466812
52.919 2 INS 888 442 -122521776 -26214 -15728 -1448202624 1052 -4968 -7826
52.920 2 ATTITUDE -0.221605 5.998909 -0.144512
52.960 2 INS 888 442 -122557080 -20971 -20971 -1448401792 1059 -4925 -7812
52.960 2 GPS 3 43817764 447810954 1039 653390 5 2 2395 294205750 30 0
52.986 2 GPS_INT 0 0 0 404513484 -37290767 703626 653390 0 0 0 72 11 294205750 100 23 3 1
52.986 2 ATTITUDE -0.221542 5.998952 -0.144513
53.039 2 INS 888 442 -122592448 -20971 -20971 -1448601600 957 -4991 -7808
53.039 2 ROVER_CTRL 2.5 2.453245 8146.866211 15. 1400. 600. 1000. 1920. 3434.543213 -7.677078 0.046755 -0.
53.040 2 ROTORCRAFT_FP 442 888 122599520 -20971 -20971 1448641664 -907 -591 24571 0 0 0 0 0 0
53.041 2 ATTITUDE -0.221539 5.998981 -0.14451
53.066 2 INS 888 442 -122627824 -20971 -20971 -1448801664 940 -4950 -7790
53.066 2 DATALINK_REPORT 2 79 23638 3091 0 4
53.067 2 SERIAL_COM 344 -4945 906 -7793 0 0 0 14 245 80 76 0 0 0 0 0
53.067 2 ATTITUDE -0.221444 5.999003 -0.144519
53.082 2 IMU_MAG_RAW 255 0 0 0
53.098 2 INS 888 442 -122663184 -20971 -20971 -1449001216 1007 -4963 -7875
53.124 2 GPS_INT 0 0 0 404513484 -37290767 703626 653390 0 0 0 72 11 294205750 100 23 3 1
53.124 2 ATTITUDE -0.221524 5.999093 -0.14448
53.156 2 INS 888 442 -122698568 -20971 -20971 -1449200768 995 -4995 -7824
53.172 2 ATTITUDE -0.221471 5.999204 -0.144458
53.204 2 INS 888 442 -122733944 -41943 -10485 -1449400320 1000 -4899 -7813
53.204 2 GPS 3 43817764 447810954 1039 653378 7 0 2395 294206000 30 0
53.220 2 ATTITUDE -0.221445 5.999221 -0.144503
53.252 2 INS 888 442 -122769336 -41943 -10485 -1449599616 879 -4864 -7584
53.289 2 ROTORCRAFT_FP 442 888 122776408 -10485 -41943 1449639424 -906 -592 24573 0 0 0 0 0 0
53.290 2 GPS_INT 0 0 0 404513484 -37290767 703614 653378 0 0 0 72 13 294206000 100 23 3 1
53.290 2 ATTITUDE -0.221577 6.00014 -0.144354
53.327 2 GVF_PARAMETRIC 5 1 -1e-05 -6.,15.398438,4.558594,27.417969,28.609375,49.796875,50.96875,67.96875,0.,0.,0.,0.,0.,0.,0.,0. -1.3672,-1.466812
53.328 2 INS 888 442 -122804720 -41943 -10485 -1449799424 980 -4856 -8098
53.328 2 ATTITUDE -0.221991 6.000667 -0.144315
53.343 2 INS 888 442 -122840128 -41943 -10485 -1450002048 1418 -4374 -8026
53.375 2 ATTITUDE -0.222969 6.003422 -0.143925
53.391 2 INS 888 445 -122875528 15728 5242 -1450202496 1353 -4592 -7424
53.422 2 GPS_INT 0 0 0 404513484 -37290766 703617 653381 0 0 0 72 17 294206250 100 25 3 1
53.423 2 ATTITUDE -0.222955 6.001085 -0.144749
53.464 2 INS 888 445 -122910936 20971 5242 -1450404736 929 -5179 -7557
53.464 2 ENERGY 3 8.150944 0.25 2.037736 5.55854 0.074335 0.58233
53.465 2 GPS 3 43817765 447810954 1039 653381 4 11 2395 294206250 30 0
53.465 2 ATTITUDE -0.222231 6.001502 -0.14526
53.496 2 INS 888 445 -122946352 20971 5242 -1450601344 927 -5042 -7796
53.535 2 ROVER_CTRL 2.5 2.452528 8155.327148 15. 1400. 600. 1000. 1920. 3433.538818 1.788139 0.047472 -0.
53.535 2 ROTORCRAFT_FP 445 888 122953424 5242 20971 1450642432 -912 -594 24584 0 0 0 0 375 0
53.536 2 ATTITUDE -0.222713 6.001872 -0.145151
53.561 2 INS 888 445 -122981760 20971 5242 -1450802432 903 -4830 -7913
53.561 2 SERIAL_COM 345 -4761 859 -7904 0 0 0 14 246 80 76 0 0 0 0 0
53.577 2 GPS_INT 0 0 0 404513484 -37290766 703617 653381 0 0 0 72 17 294206250 100 25 3 1
53.577 2 ATTITUDE -0.22255 6.002031 -0.145066
53.593 2 INS 888 445 -123017176 20971 5242 -1451001984 933 -4902 -7773
53.625 2 ATTITUDE -0.222533 6.00189 -0.145026
53.641 2 INS 896 445 -123052608 20971 -15728 -1451201536 1101 -4875 -7737
53.673 2 ATTITUDE -0.222409 6.002052 -0.14496
53.673 2 WP_MOVED_ENU 4 1167 10575 2972
53.689 2 WP_MOVED_ENU 4 1167 10575 2972
53.780 2 GVF_PARAMETRIC 5 1 -8e-06 6.,18.136719,41.308594,44.878906,19.75,29.046875,61.347656,53.699219,0.,0.,0.,0.,0.,0.,0.,0. -1.366029,-1.463687
53.781 2 INS 896 445 -123088120 31457 -15728 -1451401216 983 -4916 -7786
53.782 2 GPS 3 43817765 447810956 1039 653394 6 9 2395 294206500 30 0
53.782 2 GPS_INT 0 0 0 404513486 -37290766 703630 653394 0 0 0 72 18 294206500 108 23 3 1
53.783 2 DL_VALUE 12 0.
53.783 2 ATTITUDE -0.222435 6.00212 -0.144939
53.783 2 INS 896 445 -123123480 31457 -15728 -1451600768 923 -4791 -7823
53.783 2 ROTORCRAFT_FP 445 896 123130560 -15728 31457 1451640832 -910 -593 24584 0 0 0 0 375 0
53.784 2 ATTITUDE -0.222267 6.002098 -0.144987
53.824 2 INS 896 445 -123158928 31457 -15728 -1451800448 969 -4843 -7756
53.824 2 STATIC_CONTROL 0 0. 0 0. 0. 0. 0. 0. 0. 0. 0. 0. 0.
53.825 2 ATTITUDE -0.222179 6.002086 -0.144938
53.828 2 LINK_REPORT 2 -1 54 0 163360 3669 0 3232. 72. 15 21.13
53.840 2 INS 896 445 -123194376 31457 -15728 -1452000640 1031 -4843 -7791
53.887 2 GPS_INT 0 0 0 404513486 -37290766 703630 653394 0 0 0 72 18 294206500 108 23 3 1
53.887 2 ATTITUDE -0.22231 6.002255 -0.144927
53.888 2 ROTORCRAFT_NAV_STATUS 283 283 0. 0. 5 0 2
53.888 2 IMU_MAG_RAW 255 0 0 0
53.903 2 INS 898 448 -123229864 -5242 36700 -1452200576 1015 -4791 -7791
53.919 2 ATTITUDE -0.222388 6.002335 -0.144912
53.961 2 INS 898 448 -123265272 5242 36700 -1452399744 983 -4844 -7745
53.962 2 GPS 3 43817766 447810958 1039 653420 8 12 2395 294206750 30 0
53.962 2 ATTITUDE -0.222374 6.002461 -0.144845
53.993 2 INS 898 448 -123300752 5242 36700 -1452599424 1017 -4817 -7784
54.064 2 ROVER_CTRL 2.5 2.452528 8155.327148 15. 1400. 600. 1000. 1920. 3433.538818 1.788139 0.047472 -0.
54.064 2 ROTORCRAFT_FP 448 898 123307832 36700 5242 1452639360 -910 -593 24585 0 0 0 0 375 0
54.065 2 GPS_INT 0 0 0 404513488 -37290765 703656 653420 0 0 0 72 15 294206750 108 23 3 1
54.065 2 ATTITUDE -0.222262 6.002454 -0.144828
54.065 2 INS 898 448 -123336208 5242 36700 -1452799104 1006 -4811 -7757
54.066 2 SERIAL_COM 345 -4907 982 -7794 0 0 0 14 246 80 76 0 0 0 0 0
54.066 2 ATTITUDE -0.222271 6.002577 -0.144759
54.117 2 GVF_PARAMETRIC 5 1 -9e-06 0.,0.199,0.199,0.546583,0.546583,0.05,61.347656,53.699219,0.,0.,0.,0.,0.,0.,0.,0. -1.364857,-1.462906
54.118 2 INS 898 448 -123371680 5242 36700 -1452999040 1011 -4837 -7799
54.118 2 ATTITUDE -0.222318 6.002737 -0.144762
54.149 2 INS 898 448 -123407168 5242 36700 -1453198848 1019 -4851 -7779
54.175 2 GPS_INT 0 0 0 404513488 -37290765 703656 653420 0 0 0 72 15 294206750 108 23 3 1
54.176 2 ALIVE 122,195,7,233,5,247,195,75,60,187,26,129,128,90,246,93
54.177 2 ATTITUDE -0.222332 6.002754 -0.144718
54.206 2 INS 898 450 -123442640 10485 10485 -1453398528 1022 -4831 -7760
54.206 2 GPS 3 43817767 447810958 1039 653417 4 8 2395 294207000 30 0
54.222 2 ATTITUDE -0.222396 6.002818 -0.14472
54.254 2 INS 898 450 -123478128 10485 10485 -1453598720 974 -4830 -7748
54.270 2 ROTORCRAFT_FP 450 898 123485256 10485 10485 1453638784 -910 -592 24587 0 0 0 0 375 0
54.271 2 ATTITUDE -0.222438 6.002861 -0.144694
54.302 2 INS 898 450 -123513616 10485 10485 -1453798144 1002 -4876 -7774
54.318 2 GPS_INT 0 0 0 404513488 -37290764 703653 653417 0 0 0 72 16 294207000 108 25 3 1
54.319 2 ATTITUDE -0.222585 6.002905 -0.14471
54.361 2 INS 898 450 -123549120 10485 10485 -1453998208 991 -4851 -7796
54.361 2 ROVER_STATUS 0 59 3 0 0 346 8.150944
54.362 2 STATE_FILTER_STATUS 6 3 0
54.362 2 ATTITUDE -0.222623 6.003003 -0.144674
54.393 2 INS 901 450 -123584616 10485 10485 -1454198144 1008 -4868 -7785
54.409 2 ATTITUDE -0.222519 6.003001 -0.144721
54.456 2 INS 901 450 -123620112 10485 15728 -1454397312 1018 -4869 -7755
54.456 2 GPS 3 43817768 447810959 1039 653441 4 9 2395 294207250 30 0
54.482 2 GPS_INT 0 0 0 404513489 -37290763 703676 653441 0 0 0 72 16 294207250 108 25 3 1
54.483 2 ATTITUDE -0.222476 6.003047 -0.144736
54.562 2 GVF_PARAMETRIC 5 1 -4e-06 -6.,15.398438,4.558594,27.417969,28.609375,49.796875,50.96875,67.96875,0.,0.,0.,0.,0.,0.,0.,0. -1.364075,-1.461734
54.563 2 INS 901 450 -123655624 10485 15728 -1454596992 1037 -4838 -7751
54.563 2 ROVER_CTRL 2.5 2.452528 8155.327148 15. 1400. 600. 1000. 1920. 3433.538818 1.788139 0.047472 -0.
54.564 2 ROTORCRAFT_FP 450 901 123662728 15728 10485 1454637056 -911 -592 24588 0 0 0 0 375 0
54.564 2 ATTITUDE -0.222455 6.003161 -0.144717
54.564 2 INS 901 450 -123691136 10485 15728 -1454796672 995 -4825 -7748
54.565 2 SERIAL_COM 346 -4838 1037 -7751 0 0 0 14 247 80 76 0 0 0 0 0
54.566 2 ATTITUDE -0.222374 6.003325 -0.144684
54.606 2 INS 901 450 -123726656 10485 15728 -1454996096 1011 -4869 -7760
54.606 2 GPS_SOL 72 16 108 25
54.622 2 GPS_INT 0 0 0 404513489 -37290763 703676 653441 0 0 0 72 16 294207250 108 25 3 1
54.623 2 ATTITUDE -0.22246 6.003438 -0.144662
54.638 2 INS 906 453 -123762184 15728 -5242 -1455195648 1019 -4850 -7784
54.670 2 ATTITUDE -0.22254 6.003606 -0.144685
54.670 2 IMU_MAG_RAW 255 0 0 0
54.702 2 INS 906 453 -123797712 15728 0 -1455395328 1012 -4882 -7797
54.703 2 GPS 3 43817768 447810962 1039 653447 4 6 2395 294207500 30 0
54.718 2 ATTITUDE -0.22257 6.003635 -0.144738
54.750 2 INS 906 453 -123833248 15728 0 -1455594752 1002 -4847 -7771
54.787 2 ROTORCRAFT_FP 453 906 123840352 0 15728 1455634560 -911 -592 24590 0 0 0 0 375 0
54.788 2 GPS_INT 0 0 0 404513491 -37290762 703683 653447 0 0 0 72 17 294207500 101 24 3 1
54.788 2 ATTITUDE -0.222475 6.003544 -0.144739
54.803 2 INS 906 453 -123868792 15728 0 -1455794304 1035 -4864 -7751
54.803 2 STATIC_CONTROL 0 0. 0 0. 0. 0. 0. 0. 0. 0. 0. 0. 0.
54.819 2 ATTITUDE -0.222472 6.003597 -0.144751
54.828 2 LINK_REPORT 2 -1 55 0 166408 3738 0 3048. 69. 15 21.13
54.851 2 INS 906 453 -123904336 15728 0 -1455994112 1013 -4829 -7770
54.867 2 ATTITUDE -0.222523 6.003619 -0.144714
54.932 2 GVF_PARAMETRIC 5 1 -4e-06 6.,18.136719,41.308594,44.878906,19.75,29.046875,61.347656,53.699219,0.,0.,0.,0.,0.,0.,0.,0. -1.362903,-1.459781
54.932 2 INS 906 453 -123939880 0 10485 -1456193664 1004 -4837 -7794
54.933 2 GPS_INT 0 0 0 404513491 -37290762 703665 653429 0 0 0 72 11 294207750 101 24 3 1
54.933 2 ATTITUDE -0.222667 6.00378 -0.144759
54.957 2 INS 906 453 -123975432 5242 10485 -1456392960 1016 -4854 -7735
54.957 2 GPS 3 43817768 447810962 1039 653429 5 2 2395 294207750 30 0
54.958 2 ATTITUDE -0.222721 6.003824 -0.144763
54.973 2 WP_MOVED_ENU 5 7019 11489 2974
54.973 2 WP_MOVED_ENU 5 7019 11489 2974
54.989 2 INS 906 453 -124011016 5242 10485 -1456592640 1020 -4854 -7719
55.030 2 ROVER_CTRL 2.5 2.452528 8155.327148 15. 1400. 600. 1000. 1920. 3433.538818 1.788139 0.047472 -0.
55.031 2 ROTORCRAFT_FP 453 906 124018088 10485 5242 1456632448 -912 -593 24591 0 0 0 0 375 0
55.031 2 ATTITUDE -0.222655 6.003846 -0.144817
55.057 2 INS 906 453 -124046544 5242 10485 -1456791936 990 -4851 -7763
55.057 2 SERIAL_COM 346 -4924 1031 -7818 0 0 0 14 247 80 76 0 0 0 0 0
55.073 2 GPS_INT 0 0 0 404513491 -37290762 703665 653429 0 0 0 72 11 294207750 101 24 3 1
55.074 2 ATTITUDE -0.222604 6.003907 -0.144809
55.089 2 INS 906 453 -124082120 5242 10485 -1456991104 1014 -4841 -7728
55.121 2 ATTITUDE -0.222612 6.003934 -0.144839
55.137 2 INS 906 453 -124117696 5242 10485 -1457191040 1023 -4868 -7795
55.169 2 ATTITUDE -0.222579 6.003966 -0.144805
55.201 2 INS 911 455 -124153272 -10485 -31457 -1457390464 1020 -4824 -7727
55.201 2 GPS 3 43817769 447810963 1039 653405 5 -2 2395 294208000 30 0
55.227 2 GPS_INT 0 0 0 404513492 -37290762 703641 653405 0 0 0 72 11 294208000 101 24 3 1
55.228 2 ATTITUDE -0.222531 6.004058 -0.144745
55.243 2 INS 911 455 -124188848 -10485 -31457 -1457590016 1013 -4844 -7752
55.269 2 ROTORCRAFT_FP 455 911 124195968 -31457 -10485 1457629952 -911 -592 24592 0 0 0 0 375 0
55.270 2 ATTITUDE -0.222556 6.004117 -0.144716
55.324 2 GVF_PARAMETRIC 5 1 -8e-06 0.,0.199,0.199,0.546583,0.546583,0.05,61.347656,53.699219,0.,0.,0.,0.,0.,0.,0.,0. -1.362122,-1.457828
55.325 2 INS 911 455 -124224440 -10485 -31457 -1457789568 1015 -4865 -7771
55.325 2 DL_VALUE 13 0.
55.325 2 ATTITUDE -0.222527 6.004196 -0.144744
55.325 2 PONG 
55.340 2 INS 911 455 -124260032 -10485 -31457 -1457989120 1022 -4885 -7755
55.368 2 GPS_INT 0 0 0 404513492 -37290762 703641 653405 0 0 0 72 11 294208000 101 24 3 1
55.369 2 ATTITUDE -0.222317 6.004118 -0.144615
55.400 2 INS 908 453 -124295624 -31457 0 -1458188800 1004 -4850 -7741
55.416 2 ATTITUDE -0.222252 6.004162 -0.144576
55.448 2 INS 908 453 -124331216 -36700 0 -1458388480 1013 -4867 -7756
55.449 2 GPS 3 43817768 447810963 1039 653399 7 -1 2395 294208250 30 0
55.464 2 ATTITUDE -0.222186 6.004219 -0.144647
55.570 2 ROTORCRAFT_NAV_STATUS 285 285 0. 0. 5 0 2
55.570 2 IMU_MAG_RAW 255 0 0 0
55.570 2 INS 908 453 -124366824 -36700 0 -1458588032 1012 -4864 -7742
55.571 2 ROVER_CTRL 2.5 2.452528 8155.327148 15. 1400. 600. 1000. 1920. 3433.538818 1.788139 0.047472 -0.
55.571 2 ROTORCRAFT_FP 453 908 124373944 0 -36700 1458628096 -909 -592 24593 0 0 0 0 375 0
55.572 2 GPS_INT 0 0 0 404513492 -37290763 703635 653399 0 0 0 72 13 294208250 112 26 3 1
55.572 2 ATTITUDE -0.221989 6.004196 -0.144648
55.572 2 INS 908 453 -124402432 -36700 0 -1458787840 1005 -4859 -7754
55.573 2 SERIAL_COM 347 -4860 1035 -7786 0 0 0 14 248 80 76 0 0 0 0 0
55.573 2 ATTITUDE -0.222155 6.004292 -0.144653
55.586 2 INS 908 453 -124438056 -36700 0 -1458987392 1034 -4826 -7755
55.618 2 ATTITUDE -0.222167 6.004348 -0.144666
55.650 2 INS 908 453 -124473680 -31457 20971 -1459186688 1027 -4857 -7748
55.666 2 GPS_INT 0 0 0 404513491 -37290763 703622 653386 0 0 0 72 15 294208500 112 25 3 1
55.667 2 ATTITUDE -0.22224 6.004436 -0.144685
55.720 2 GVF_PARAMETRIC 5 1 -9e-06 -6.,15.398438,4.558594,27.417969,28.609375,49.796875,50.96875,67.96875,0.,0.,0.,0.,0.,0.,0.,0. -1.362903,-1.459
55.721 2 INS 908 453 -124509312 -31457 20971 -1459386368 1026 -4826 -7750
55.721 2 GPS 3 43817768 447810962 1039 653386 8 -3 2395 294208500 30 0
55.721 2 ATTITUDE -0.222238 6.004568 -0.144646
55.735 2 INS 908 453 -124544936 -31457 20971 -1459585920 1083 -4880 -7787
55.767 2 ROTORCRAFT_FP 453 908 124552072 20971 -31457 1459625984 -910 -592 24594 0 0 0 0 375 0
55.768 2 ATTITUDE -0.222332 6.004679 -0.14466
55.826 2 INS 908 453 -124580576 -31457 20971 -1459785728 1032 -4838 -7772
55.826 2 STATIC_CONTROL 0 0. 0 0. 0. 0. 0. 0. 0. 0. 0. 0. 0.
55.827 2 GPS_INT 0 0 0 404513491 -37290763 703622 653386 0 0 0 72 15 294208500 112 25 3 1
55.827 2 ATTITUDE -0.222275 6.004714 -0.144623
55.829 2 LINK_REPORT 2 -1 56 0 169511 3807 0 3103. 69. 16 24.2
55.852 2 INS 908 453 -124616208 -31457 20971 -1459985024 1040 -4853 -7753
55.852 2 ROVER_STATUS 0 57 3 0 0 347 8.150944
55.868 2 ATTITUDE -0.222341 6.004857 -0.14463
55.900 2 INS 908 453 -124651856 -15728 -36700 -1460184704 1050 -4846 -7763
55.916 2 ATTITUDE -0.222262 6.004962 -0.144575
55.948 2 INS 908 453 -124687512 -15728 -36700 -1460384256 1032 -4894 -7768
55.948 2 GPS 3 43817768 447810962 1039 653394 7 5 2395 294208750 30 0
55.974 2 GPS_INT 0 0 0 404513491 -37290763 703629 653394 0 0 0 72 11 294208750 101 26 3 1
55.975 2 ATTITUDE -0.222313 6.005068 -0.144619
55.990 2 INS 908 453 -124723168 -15728 -36700 -1460583808 1027 -4869 -7759
56.029 2 ROVER_CTRL 2.5 2.452528 8155.327148 15. 1400. 600. 1000. 1920. 3433.538818 1.788139 0.047472 -0.
56.030 2 ROTORCRAFT_FP 453 908 124730296 -36700 -15728 1460623744 -910 -592 24596 0 0 0 0 375 0
56.030 2 ATTITUDE -0.222287 6.005095 -0.144562
56.056 2 INS 908 453 -124758824 -15728 -36700 -1460783360 1019 -4859 -7753
56.057 2 SERIAL_COM 347 -4889 1053 -7832 0 0 0 14 248 80 76 0 0 0 0 0
56.057 2 ATTITUDE -0.222235 6.00508 -0.144594
56.122 2 GVF_PARAMETRIC 5 1 -9e-06 6.,18.136719,41.308594,44.878906,19.75,29.046875,61.347656,53.699219,0.,0.,0.,0.,0.,0.,0.,0. -1.362903,-1.459
56.123 2 INS 908 453 -124794496 -15728 -36700 -1460982400 1031 -4804 -7726
56.124 2 GPS_INT 0 0 0 404513491 -37290763 703629 653394 0 0 0 72 11 294208750 101 26 3 1
56.124 2 ATTITUDE -0.222262 6.005173 -0.144629
56.138 2 INS 908 453 -124830168 -15728 -36700 -1461181056 1019 -4876 -7708
56.170 2 ATTITUDE -0.222361 6.005253 -0.14469
56.201 2 INS 911 450 -124865840 68157 -26214 -1461380352 1027 -4837 -7753
56.202 2 GPS 3 43817767 447810963 461 653393 15 6 2395 294209000 30 0
56.217 2 ATTITUDE -0.222281 6.00528 -0.144652
56.249 2 INS 911 450 -124901520 68157 -26214 -1461579904 1029 -4821 -7772
56.297 2 ROTORCRAFT_FP 450 911 124908664 -26214 68157 1461619968 -910 -592 24597 0 0 0 0 375 0
56.298 2 GPS_INT 0 0 0 404513492 -37290764 703628 653393 0 0 0 72 15 294209000 102 26 3 1
56.298 2 ATTITUDE -0.222336 6.005413 -0.144684
56.298 2 WP_MOVED_ENU 6 7324 5056 2974
56.298 2 WP_MOVED_ENU 6 7324 5056 2974
56.299 2 IMU_MAG_RAW 255 0 0 0
56.299 2 INS 911 450 -124937208 68157 -26214 -1461779584 1036 -4840 -7757
56.313 2 ATTITUDE -0.222341 6.005421 -0.144645
56.345 2 INS 911 450 -124972912 68157 -26214 -1461979264 1013 -4845 -7742
56.361 2 ATTITUDE -0.222339 6.005465 -0.144659
56.393 2 INS 916 448 -125008600 -20971 -31457 -1462178560 1003 -4851 -7762
56.419 2 GPS_INT 0 0 0 404513494 -37290765 703633 653398 0 0 0 72 11 294209250 98 23 3 1
56.420 2 ATTITUDE -0.222335 6.005646 -0.144657
56.435 2 INS 916 448 -125044296 -20971 -36700 -1462377984 1033 -4856 -7728
56.451 2 GPS 3 43817766 447810965 461 653398 6 5 2395 294209250 30 0
56.467 2 ATTITUDE -0.222215 6.005647 -0.144575
56.552 2 GVF_PARAMETRIC 5 1 -1e-05 0.,0.199,0.199,0.546583,0.546583,0.05,61.347656,53.699219,0.,0.,0.,0.,0.,0.,0.,0. -1.364857,-1.455875
56.553 2 INS 916 448 -125080056 -20971 -36700 -1462577920 1015 -4849 -7761
56.553 2 ROVER_CTRL 2.5 2.452528 8155.327148 15. 1400. 600. 1000. 1920. 3433.538818 1.788139 0.047472 -0.
56.554 2 ROTORCRAFT_FP 448 916 125087144 -36700 -20971 1462617728 -910 -592 24599 0 0 0 0 375 0
56.554 2 ATTITUDE -0.222272 6.005732 -0.144582
56.554 2 INS 916 448 -125115720 -20971 -36700 -1462777344 1020 -4850 -7760
56.554 2 SERIAL_COM 348 -4868 990 -7807 0 0 0 14 249 80 76 0 0 0 0 0
56.578 2 GPS_INT 0 0 0 404513494 -37290765 703633 653398 0 0 0 72 11 294209250 98 23 3 1
56.579 2 ATTITUDE -0.222313 6.005835 -0.1446
56.594 2 INS 916 448 -125151448 -20971 -36700 -1462976896 1046 -4842 -7715
56.594 2 GPS_SOL 72 11 98 23
56.610 2 ATTITUDE -0.222196 6.005812 -0.144602
56.642 2 INS 913 445 -125187152 10485 -26214 -1463176704 1023 -4832 -7749
56.658 2 ATTITUDE -0.222178 6.005877 -0.14458
56.700 2 INS 913 445 -125222880 15728 -26214 -1463376384 1011 -4846 -7757
56.700 2 GPS 3 43817764 447810965 461 653393 6 4 2395 294209500 30 0
56.726 2 GPS_INT 0 0 0 404513494 -37290767 703628 653393 0 0 0 72 15 294209500 98 24 3 1
56.727 2 ATTITUDE -0.222158 6.005977 -0.144597
56.742 2 INS 913 445 -125258608 15728 -26214 -1463576320 1032 -4845 -7785
56.768 2 ROTORCRAFT_FP 445 913 125265744 -26214 15728 1463616000 -909 -592 24600 0 0 0 0 375 0
56.769 2 ATTITUDE -0.222044 6.00606 -0.144594
56.784 2 INS 913 445 -125294336 15728 -26214 -1463775616 1036 -4842 -7746
56.814 2 STATIC_CONTROL 0 0. 0 0. 0. 0. 0. 0. 0. 0. 0. 0. 0.
56.814 2 ATTITUDE -0.222096 6.006108 -0.144587
56.830 2 LINK_REPORT 2 -1 57 0 172440 3873 0 2929. 66. 16 24.2
56.846 2 INS 913 445 -125330072 15728 -26214 -1463975168 1026 -4864 -7771
56.872 2 GPS_INT 0 0 0 404513494 -37290767 703628 653393 0 0 0 72 15 294209500 98 24 3 1
56.873 2 ALIVE 122,195,7,233,5,247,195,75,60,187,26,129,128,90,246,93
56.873 2 ATTITUDE -0.222108 6.006184 -0.144641
56.910 2 GVF_PARAMETRIC 5 1 -7e-06 -6.,15.398438,4.558594,27.417969,28.609375,49.796875,50.96875,67.96875,0.,0.,0.,0.,0.,0.,0.,0. -1.366029,-1.457047
56.911 2 INS 921 445 -125365816 10485 5242 -1464174976 1028 -4857 -7743
56.911 2 DL_VALUE 14 0.
56.911 2 ATTITUDE -0.222085 6.006283 -0.1447
56.951 2 INS 921 445 -125401560 10485 10485 -1464374144 1030 -4838 -7723
56.951 2 GPS 3 43817764 447810966 461 653412 4 8 2395 294209750 30 0
56.967 2 ATTITUDE -0.222065 6.006356 -0.1447
56.983 2 INS 921 445 -125437320 10485 10485 -1464573696 1035 -4863 -7756
57.057 2 ROVER_CTRL 2.5 2.452528 8155.327148 15. 1400. 600. 1000. 1920. 3433.538818 1.788139 0.047472 -0.
57.058 2 ROTORCRAFT_FP 445 921 125444472 10485 10485 1464613632 -909 -592 24602 0 0 0 0 375 0
57.058 2 GPS_INT 0 0 0 404513495 -37290767 703648 653412 0 0 0 72 16 294209750 98 24 3 1
57.058 2 ATTITUDE -0.222056 6.006416 -0.144689
57.059 2 INS 921 445 -125473080 10485 10485 -1464773632 1041 -4864 -7800
57.059 2 SERIAL_COM 348 -4857 1028 -7743 0 0 0 14 249 80 76 0 0 0 0 0
57.059 2 ATTITUDE -0.221896 6.006402 -0.144596
57.073 2 ROTORCRAFT_NAV_STATUS 286 286 0. 0. 5 0 2
57.073 2 IMU_MAG_RAW 255 0 0 0
57.089 2 INS 921 445 -125508856 10485 10485 -1464973056 1017 -4840 -7754
57.121 2 INS_REF 485058561 -31614701 411670235 404513171 -37290972 700771 650535 0.
57.121 2 ATTITUDE -0.221932 6.006403 -0.144569
57.137 2 INS 921 445 -125544624 10485 10485 -1465172480 1016 -4860 -7723
57.164 2 GPS_INT 0 0 0 404513495 -37290767 703648 653412 0 0 0 72 16 294209750 98 24 3 1
57.164 2 ATTITUDE -0.221946 6.006476 -0.144514
57.195 2 INS 921 445 -125580400 0 15728 -1465372288 1047 -4811 -7769
57.195 2 GPS 3 43817765 447810967 461 653415 5 -2 2395 294210000 30 0
57.211 2 ATTITUDE -0.221828 6.006518 -0.144521
57.243 2 INS 921 445 -125616176 0 15728 -1465571840 1021 -4892 -7745
57.259 2 ROTORCRAFT_FP 445 921 125623328 15728 0 1465611648 -908 -591 24602 0 0 0 0 375 0
57.260 2 ATTITUDE -0.221791 6.00663 -0.144489
57.346 2 GVF_PARAMETRIC 5 1 -4e-06 6.,18.136719,41.308594,44.878906,19.75,29.046875,61.347656,53.699219,0.,0.,0.,0.,0.,0.,0.,0. -1.366029,-1.453922
57.347 2 INS 921 445 -125651960 0 15728 -1465771264 1042 -4823 -7712
57.347 2 GPS_INT 0 0 0 404513496 -37290766 703651 653415 0 0 0 72 10 294210000 98 25 3 1
57.347 2 AUTOPILOT_VERSION 60200 v6.2_unstable-650-g74eaf7c20-dirty
57.348 2 ATTITUDE -0.221839 6.006727 -0.144451
57.348 2 INS 921 445 -125687744 0 15728 -1465971328 1058 -4819 -7742
57.348 2 ROVER_STATUS 0 58 3 0 0 349 8.150944
57.361 2 ATTITUDE -0.221785 6.006766 -0.144403
57.393 2 INS 921 448 -125723536 -36700 0 -1466171264 1034 -4858 -7763
57.409 2 ATTITUDE -0.221802 6.006923 -0.144427
57.451 2 INS 921 448 -125759328 -41943 5242 -1466370560 1048 -4846 -7755
57.452 2 GPS 3 43817766 447810966 461 653399 7 2 2395 294210250 30 0
57.467 2 GPS_INT 0 0 0 404513495 -37290765 703635 653399 0 0 0 72 12 294210250 98 24 3 1
57.468 2 ATTITUDE -0.221732 6.007022 -0.144431
57.483 2 INS 921 448 -125795120 -41943 5242 -1466569984 1049 -4854 -7733
57.523 2 ROVER_CTRL 2.5 2.452528 8155.327148 15. 1400. 600. 1000. 1920. 3433.538818 1.788139 0.047472 -0.
57.524 2 ROTORCRAFT_FP 448 921 125802280 5242 -41943 1466609920 -908 -591 24605 0 0 0 0 375 0
57.524 2 ATTITUDE -0.221826 6.007211 -0.144405
57.549 2 INS 921 448 -125830928 -41943 5242 -1466769408 1090 -4817 -7765
57.550 2 SERIAL_COM 349 -4938 1005 -7784 0 0 0 14 250 80 76 0 0 0 0 0
57.550 2 STATE_FILTER_STATUS 6 3 0
57.565 2 ATTITUDE -0.221906 6.007214 -0.14443
57.565 2 WP_MOVED_ENU 7 12748 7436 2972
57.581 2 WP_MOVED_ENU 7 12748 7436 2972
57.581 2 INS 921 448 -125866752 -41943 5242 -1466969088 1040 -4837 -7738
57.612 2 GPS_INT 0 0 0 404513495 -37290765 703635 653399 0 0 0 72 12 294210250 98 24 3 1
57.613 2 ATTITUDE -0.222038 6.007356 -0.14448
57.644 2 INS 916 450 -125902568 -10485 -5242 -1467168768 1047 -4854 -7778
57.660 2 ATTITUDE -0.221966 6.007505 -0.144427
57.714 2 GVF_PARAMETRIC 5 1 -2e-06 0.,0.199,0.199,0.546583,0.546583,0.05,61.347656,53.699219,0.,0.,0.,0.,0.,0.,0.,0. -1.364075,-1.455875
57.715 2 INS 916 450 -125938376 -5242 -5242 -1467368320 1023 -4872 -7755
57.715 2 GPS 3 43817767 447810965 461 653383 1 -3 2395 294210500 30 0
57.715 2 ATTITUDE -0.222072 6.00762 -0.144408
57.745 2 INS 916 450 -125974208 -5242 -5242 -1467567616 1059 -4828 -7773
57.803 2 ROTORCRAFT_FP 450 916 125981368 -5242 -5242 1467607552 -909 -591 24607 0 0 0 0 375 0
57.804 2 GPS_INT 0 0 0 404513494 -37290764 703618 653383 0 0 0 72 16 294210500 98 23 3 1
57.804 2 ATTITUDE -0.222023 6.007611 -0.144481
57.805 2 INS 916 450 -126010040 -5242 -5242 -1467767296 1060 -4848 -7743
57.805 2 STATIC_CONTROL 0 0. 0 0. 0. 0. 0. 0. 0. 0. 0. 0. 0.
57.805 2 ATTITUDE -0.222031 6.00779 -0.144467
57.831 2 LINK_REPORT 2 -1 58 0 175698 3946 0 3258. 73. 16 24.2
57.835 2 INS 916 450 -126045880 -5242 -5242 -1467966592 1067 -4850 -7762
57.851 2 ATTITUDE -0.222051 6.007833 -0.144438
57.867 2 IMU_MAG_RAW 255 0 0 0
57.883 2 INS 911 448 -126081720 -15728 -15728 -1468165760 1030 -4824 -7727
57.912 2 GPS_INT 0 0 0 404513493 -37290765 703595 653359 0 0 0 72 16 294210750 98 25 3 1
57.913 2 ATTITUDE -0.222059 6.007947 -0.144374
57.954 2 INS 911 448 -126117568 -15728 -15728 -1468365312 1056 -4851 -7718
57.954 2 ENERGY 3 8.150944 0.225 1.833962 5.507493 0.074636 0.584781
57.955 2 GPS 3 43817766 447810964 461 653359 4 -8 2395 294210750 30 0
57.955 2 ATTITUDE -0.222093 6.007937 -0.144444
58.024 2 INS 911 448 -126153416 -15728 -15728 -1468564736 1045 -4815 -7714
58.025 2 ROVER_CTRL 2.5 2.452528 8155.327148 15. 1400. 600. 1000. 1920. 3433.538818 1.788139 0.047472 -0.
58.025 2 ROTORCRAFT_FP 448 911 126160592 -15728 -15728 1468604800 -910 -591 24608 0 0 0 0 375 0
58.026 2 ATTITUDE -0.22218 6.008094 -0.14438
58.066 2 INS 911 448 -126189280 -15728 -15728 -1468764288 1025 -4843 -7767
58.067 2 SERIAL_COM 349 -4855 1096 -7793 0 0 0 14 250 80 76 0 0 0 0 0
58.068 2 GPS_INT 0 0 0 404513493 -37290765 703595 653359 0 0 0 72 16 294210750 98 25 3 1
58.068 2 ATTITUDE -0.222125 6.008057 -0.144405
58.108 2 GVF_PARAMETRIC 5 1 -5e-06 -6.,15.398438,4.558594,27.417969,28.609375,49.796875,50.96875,67.96875,0.,0.,0.,0.,0.,0.,0.,0. -1.364857,-1.457828
58.108 2 INS 911 448 -126225136 -15728 -15728 -1468964224 1018 -4872 -7770
58.108 2 ATTITUDE -0.222124 6.008174 -0.144457
58.123 2 DATALINK_REPORT 2 80 23990 3078 0 4
58.139 2 INS 911 448 -126260992 -15728 -15728 -1469163776 1073 -4826 -7748
58.155 2 ATTITUDE -0.222203 6.008254 -0.144485
58.197 2 INS 913 450 -126296864 -15728 26214 -1469363328 1043 -4871 -7733
58.198 2 GPS 3 43817767 447810964 461 653340 7 -2 2395 294211000 30 0
58.224 2 GPS_INT 0 0 0 404513493 -37290764 703576 653340 0 0 0 73 12 294211000 98 23 3 1
58.224 2 ATTITUDE -0.222288 6.008306 -0.144502
58.239 2 INS 913 450 -126332744 -15728 20971 -1469563008 1044 -4838 -7777
58.265 2 ROTORCRAFT_FP 450 913 126339912 20971 -15728 1469602944 -910 -591 24610 0 0 0 0 375 0
58.266 2 ATTITUDE -0.222342 6.008407 -0.144526
58.285 2 INS 913 450 -126368632 -15728 20971 -1469762432 1050 -4849 -7768
58.313 2 ATTITUDE -0.222359 6.008436 -0.144568
58.329 2 INS 913 450 -126404512 -15728 20971 -1469961984 1020 -4822 -7763
58.361 2 GPS_INT 0 0 0 404513493 -37290764 703576 653340 0 0 0 73 12 294211000 98 23 3 1
58.362 2 ATTITUDE -0.222396 6.008593 -0.144546
58.393 2 INS 908 453 -126440408 -20971 -10485 -1470161280 1020 -4828 -7766
58.409 2 ATTITUDE -0.222387 6.008721 -0.144513
58.441 2 INS 908 453 -126476312 -20971 -10485 -1470360960 1036 -4830 -7774
58.442 2 GPS 3 43817768 447810963 461 653311 5 -4 2395 294211250 30 0
58.457 2 ATTITUDE -0.222395 6.00873 -0.144549
58.565 2 GVF_PARAMETRIC 5 1 -5e-06 6.,18.136719,41.308594,44.878906,19.75,29.046875,61.347656,53.699219,0.,0.,0.,0.,0.,0.,0.,0. -1.362903,-1.459
58.565 2 INS 908 453 -126512216 -20971 -10485 -1470560512 1068 -4848 -7717
58.566 2 ROVER_CTRL 2.5 2.452528 8155.327148 15. 1400. 600. 1000. 1920. 3433.538818 1.788139 0.047472 -0.
58.566 2 ROTORCRAFT_FP 453 908 126519392 -10485 -20971 1470600448 -910 -592 24611 0 0 0 0 375 0
58.566 2 GPS_INT 0 0 0 404513492 -37290763 703547 653311 0 0 0 73 16 294211250 98 25 3 1
58.567 2 DL_VALUE 15 1.
58.567 2 ATTITUDE -0.22242 6.008841 -0.14457
58.567 2 INS 908 453 -126548120 -20971 -10485 -1470759936 1044 -4807 -7740
58.567 2 SERIAL_COM 350 -4935 1084 -7822 0 0 0 14 251 80 76 0 0 0 0 0
58.568 2 ATTITUDE -0.222438 6.008852 -0.144586
58.595 2 INS 908 453 -126584032 -20971 -10485 -1470959488 1054 -4853 -7761
58.596 2 GPS_SOL 73 16 98 25
58.611 2 ATTITUDE -0.222539 6.009027 -0.144605
58.643 2 INS 908 453 -126619952 -20971 -10485 -1471159424 1061 -4827 -7778
58.674 2 GPS_INT 0 0 0 404513492 -37290762 703560 653324 0 0 0 73 12 294211500 98 25 3 1
58.675 2 ATTITUDE -0.22247 6.00912 -0.144601
58.675 2 ROTORCRAFT_NAV_STATUS 288 288 0. 0. 5 0 2
58.675 2 IMU_MAG_RAW 255 0 0 0
58.690 2 INS 911 455 -126655872 -26214 20971 -1471359104 1054 -4868 -7738
58.691 2 GPS 3 43817769 447810963 461 653324 6 1 2395 294211500 30 0
58.706 2 ATTITUDE -0.222506 6.00914 -0.144557
58.739 2 INS 911 455 -126691792 -26214 20971 -1471558272 1055 -4860 -7726
58.765 2 ROTORCRAFT_FP 455 911 126699016 20971 -26214 1471598464 -911 -592 24613 0 0 0 0 375 0
58.765 2 ATTITUDE -0.222445 6.009194 -0.144574
58.784 2 INS 911 455 -126727728 -26214 20971 -1471757824 1053 -4874 -7742
58.820 2 STATIC_CONTROL 0 0. 0 0. 0. 0. 0. 0. 0. 0. 0. 0. 0.
58.821 2 GPS_INT 0 0 0 404513492 -37290762 703560 653324 0 0 0 73 12 294211500 98 25 3 1
58.821 2 ATTITUDE -0.222439 6.009295 -0.144542
58.831 2 LINK_REPORT 2 -1 59 0 178755 4015 0 3057. 69. 16 24.2
58.847 2 INS 911 455 -126763656 -26214 20971 -1471958144 1042 -4841 -7801
58.847 2 ROVER_STATUS 0 59 3 0 0 350 8.142113
58.862 2 ATTITUDE -0.222479 6.009404 -0.144499
58.862 2 WP_MOVED_ENU 8 13048 15705 2974
58.878 2 WP_MOVED_ENU 8 13048 15705 2974
58.916 2 GVF_PARAMETRIC 5 1 -8e-06 0.,0.199,0.199,0.546583,0.546583,0.05,61.347656,53.699219,0.,0.,0.,0.,0.,0.,0.,0. -1.362122,-1.457828
58.916 2 INS 911 455 -126799608 -26214 20971 -1472157696 1057 -4851 -7753
58.916 2 ATTITUDE -0.222497 6.009429 -0.144522
58.945 2 INS 906 458 -126835544 5242 15728 -1472357504 1039 -4866 -7731
58.946 2 GPS 3 43817769 447810961 461 653321 4 5 2395 294211750 30 0
58.971 2 GPS_INT 0 0 0 404513491 -37290761 703556 653321 0 0 0 73 15 294211750 98 25 3 1
58.972 2 ATTITUDE -0.222458 6.009502 -0.144564
59.025 2 INS 906 458 -126871488 5242 15728 -1472557312 1053 -4829 -7758
59.026 2 ROVER_CTRL 2.5 2.452528 8155.327148 15. 1400. 600. 1000. 1920. 3433.538818 1.788139 0.047472 -0.
59.026 2 ROTORCRAFT_FP 458 906 126878680 15728 5242 1472597376 -910 -592 24614 0 0 0 0 375 0
59.027 2 ATTITUDE -0.222385 6.009561 -0.144545
59.041 2 INS 906 458 -126907448 5242 15728 -1472757248 1033 -4855 -7763
59.042 2 SERIAL_COM 350 -4849 1078 -7811 0 0 0 14 251 80 76 0 0 0 0 0
59.057 2 ATTITUDE -0.222316 6.009593 -0.144566
59.113 2 INS 906 458 -126943400 5242 15728 -1472956800 1010 -4843 -7764
59.114 2 GPS_INT 0 0 0 404513491 -37290761 703556 653321 0 0 0 73 15 294211750 98 25 3 1
59.115 2 ATTITUDE -0.222364 6.009664 -0.144501
59.129 2 INS 906 458 -126979368 5242 15728 -1473156480 1035 -4866 -7760
59.161 2 ATTITUDE -0.222364 6.00972 -0.144527
59.177 2 INS 908 458 -127015336 -20971 5242 -1473355776 1062 -4840 -7725
59.193 2 GPS 3 43817769 447810961 461 653297 4 -6 2395 294212000 30 0
59.209 2 ATTITUDE -0.222405 6.009757 -0.144555
59.242 2 INS 908 458 -127051312 -20971 5242 -1473555328 1006 -4848 -7747
59.267 2 ROTORCRAFT_FP 458 908 127058504 5242 -20971 1473595392 -910 -592 24615 0 0 0 0 375 0
59.268 2 GPS_INT 0 0 0 404513491 -37290761 703533 653297 0 0 0 73 16 294212000 109 25 3 1
59.269 2 ATTITUDE -0.222396 6.009821 -0.144564
59.305 2 GVF_PARAMETRIC 5 1 -5e-06 -6.,15.398438,4.558594,27.417969,28.609375,49.796875,50.96875,67.96875,0.,0.,0.,0.,0.,0.,0.,0. -1.36095,-1.459
59.305 2 INS 908 458 -127087288 -20971 5242 -1473754880 1034 -4866 -7745
59.306 2 ATTITUDE -0.22245 6.009932 -0.144575
59.336 2 INS 908 458 -127123280 -20971 5242 -1473954432 1068 -4858 -7755
59.352 2 ATTITUDE -0.222509 6.010164 -0.144539
59.384 2 INS 908 458 -127159248 -20971 5242 -1474154496 1041 -4847 -7725
59.410 2 GPS_INT 0 0 0 404513490 -37290760 703506 653270 0 0 0 73 17 294212250 98 24 3 1
59.411 2 ATTITUDE -0.22254 6.010261 -0.144531
59.426 2 INS 903 460 -127195240 -15728 -5242 -1474354048 1050 -4844 -7784
59.442 2 GPS 3 43817770 447810960 461 653270 2 -4 2395 294212250 30 0
59.458 2 ATTITUDE -0.222463 6.010225 -0.14452
59.458 2 IMU_MAG_RAW 255 0 0 0
59.517 2 INS 903 460 -127231240 -15728 -5242 -1474553984 1049 -4866 -7749
59.518 2 ROVER_CTRL 2.5 2.452528 8155.327148 15. 1400. 600. 1000. 1920. 3433.538818 1.788139 0.047472 -0.
59.518 2 ROTORCRAFT_FP 460 903 127238432 -5242 -15728 1474593664 -911 -592 24617 0 0 0 0 375 0
59.518 2 ATTITUDE -0.22243 6.010273 -0.144548
59.570 2 INS 903 460 -127267232 -15728 -5242 -1474753536 1046 -4858 -7741
59.571 2 SERIAL_COM 351 -4886 1058 -7847 0 0 0 14 252 80 76 0 0 0 0 0
59.572 2 GPS_INT 0 0 0 404513490 -37290760 703506 653270 0 0 0 73 17 294212250 98 24 3 1
59.572 2 ALIVE 122,195,7,233,5,247,195,75,60,187,26,129,128,90,246,93
59.573 2 ATTITUDE -0.222467 6.010284 -0.144561
59.586 2 INS 903 460 -127303232 -15728 -5242 -1474953344 1052 -4887 -7768
59.602 2 ATTITUDE -0.222558 6.010439 -0.144586
59.634 2 INS 903 460 -127339240 -15728 -5242 -1475153408 1101 -4864 -7760
59.650 2 ATTITUDE -0.222508 6.010528 -0.144569
59.739 2 GVF_PARAMETRIC 5 1 -4e-06 6.,18.136719,41.308594,44.878906,19.75,29.046875,61.347656,53.699219,0.,0.,0.,0.,0.,0.,0.,0. -1.36095,-1.459
59.739 2 INS 908 458 -127375248 15728 5242 -1475353600 1081 -4865 -7767
59.740 2 GPS 3 43817770 447810961 461 653270 4 1 2395 294212500 30 0
59.740 2 GPS_INT 0 0 0 404513491 -37290760 703506 653270 0 0 0 73 14 294212500 98 26 3 1
59.741 2 ATTITUDE -0.222468 6.010675 -0.14455
59.741 2 INS 908 458 -127411272 15728 5242 -1475553408 1066 -4831 -7782
59.764 2 ROTORCRAFT_FP 458 908 127418480 5242 15728 1475593344 -911 -592 24619 0 0 0 0 375 0
59.765 2 ATTITUDE -0.222454 6.010777 -0.144531
59.780 2 INS 908 458 -127447304 15728 5242 -1475752960 1042 -4881 -7741
59.809 2 STATIC_CONTROL 0 0. 0 0. 0. 0. 0. 0. 0. 0. 0. 0. 0.
59.810 2 ATTITUDE -0.222342 6.010802 -0.144508
59.832 2 LINK_REPORT 2 -1 60 0 181783 4082 0 3028. 67. 16 24.2
59.841 2 INS 908 458 -127483344 15728 5242 -1475952512 1063 -4824 -7739
59.858 2 GPS_INT 0 0 0 404513491 -37290760 703506 653270 0 0 0 73 14 294212500 98 26 3 1
59.858 2 ATTITUDE -0.222356 6.010934 -0.144525
59.889 2 INS 908 458 -127519368 15728 5242 -1476151936 1053 -4856 -7732
59.905 2 ATTITUDE -0.222341 6.011045 -0.144556
59.937 2 INS 911 460 -127555408 5242 20971 -1476351488 1077 -4804 -7748
59.968 2 GPS 3 43817771 447810963 461 653251 5 5 2395 294212750 30 0
59.968 2 ATTITUDE -0.222356 6.01112 -0.144513
60.058 2 INS 911 460 -127591456 5242 20971 -1476551168 1051 -4862 -7785
60.059 2 ROVER_CTRL 2.5 2.452528 8155.327148 15. 1400. 600. 1000. 1920. 3433.538818 1.788139 0.047472 -0.
60.059 2 ROTORCRAFT_FP 460 911 127598664 20971 5242 1476591104 -911 -592 24621 0 0 0 0 375 0
60.060 2 GPS_INT 0 0 0 404513492 -37290759 703487 653251 0 0 0 73 14 294212750 98 24 3 1
60.060 2 ATTITUDE -0.222453 6.011169 -0.144495
60.060 2 INS 911 460 -127627504 5242 20971 -1476750848 1067 -4857 -7745
60.060 2 SERIAL_COM 351 -4886 985 -7799 0 0 0 14 252 80 76 0 0 0 0 0
60.061 2 ATTITUDE -0.222447 6.011269 -0.144567
60.113 2 GVF_PARAMETRIC 5 1 -5e-06 0.,0.199,0.199,0.546583,0.546583,0.05,61.347656,53.699219,0.,0.,0.,0.,0.,0.,0.,0. -1.360169,-1.457828
60.113 2 INS 911 460 -127663560 5242 20971 -1476950656 1046 -4870 -7759
60.114 2 DL_VALUE 16 0.
60.114 2 ATTITUDE -0.222395 6.011337 -0.144535
60.128 2 INS 911 460 -127699632 5242 20971 -1477150464 1032 -4860 -7782
60.172 2 GPS_INT 0 0 0 404513492 -37290759 703487 653251 0 0 0 73 14 294212750 98 24 3 1
60.173 2 ATTITUDE -0.222254 6.011451 -0.144448
60.173 2 WP_MOVED_ENU 9 17400 13747 2974
60.173 2 WP_MOVED_ENU 9 17400 13747 2974
60.187 2 INS 911 460 -127735696 -10485 -5242 -1477350528 1069 -4864 -7754
60.188 2 GPS 3 43817771 447810963 461 653237 1 1 2395 294213000 30 0
60.203 2 ATTITUDE -0.222427 6.011677 -0.144488
60.235 2 INS 911 460 -127771776 -10485 -5242 -1477549824 1048 -4838 -7712
60.261 2 ROTORCRAFT_FP 460 911 127778984 -5242 -10485 1477589632 -911 -591 24624 0 0 0 0 375 0
60.262 2 ATTITUDE -0.22245 6.011828 -0.144473
60.262 2 ROTORCRAFT_NAV_STATUS 290 290 0. 0. 5 0 2
60.262 2 IMU_MAG_RAW 255 0 0 0
60.277 2 INS 911 460 -127807848 -10485 -5242 -1477749632 1054 -4855 -7777
60.306 2 GPS_INT 0 0 0 404513492 -37290759 703473 653237 0 0 0 73 13 294213000 98 26 3 1
60.307 2 ATTITUDE -0.22256 6.011985 -0.144497
60.338 2 INS 911 460 -127843936 -10485 -5242 -1477949312 1051 -4838 -7757
60.338 2 PONG 
60.339 2 ROVER_STATUS 0 59 3 0 0 352 8.150944
60.354 2 ATTITUDE -0.222583 6.011986 -0.14447
60.386 2 INS 911 460 -127880008 -10485 -5242 -1478148864 1086 -4848 -7757
60.402 2 ATTITUDE -0.222619 6.012203 -0.14447
60.445 2 INS 908 463 -127916104 -31457 26214 -1478348288 1026 -4829 -7736
60.446 2 GPS 3 43817772 447810961 461 653193 7 -10 2395 294213250 30 0
60.461 2 GPS_INT 0 0 0 404513491 -37290758 703428 653193 0 0 0 73 15 294213250 98 26 3 1
60.462 2 ATTITUDE -0.222747 6.012322 -0.144426
60.546 2 GVF_PARAMETRIC 5 1 -1e-05 -6.,15.398438,4.558594,27.417969,28.609375,49.796875,50.96875,67.96875,0.,0.,0.,0.,0.,0.,0.,0. -1.358997,-1.459
60.547 2 INS 908 463 -127952200 -31457 26214 -1478547712 1084 -4850 -7731
60.547 2 ROVER_CTRL 2.5 2.452528 8155.327148 15. 1400. 600. 1000. 1920. 3433.538818 1.788139 0.047472 -0.
60.548 2 ROTORCRAFT_FP 463 908 127959424 26214 -31457 1478587520 -912 -591 24627 0 0 0 0 375 0
60.548 2 ATTITUDE -0.222754 6.012565 -0.144441
60.549 2 INS 908 463 -127988304 -31457 26214 -1478747008 1082 -4856 -7759
60.549 2 SERIAL_COM 352 -4850 1084 -7731 0 0 0 14 253 80 76 0 0 0 0 0
60.550 2 ATTITUDE -0.222888 6.012631 -0.144497
60.591 2 INS 908 463 -128024408 -31457 26214 -1478946944 1075 -4854 -7740
60.591 2 GPS_SOL 73 15 98 26
60.617 2 GPS_INT 0 0 0 404513491 -37290758 703428 653193 0 0 0 73 15 294213250 98 26 3 1
60.618 2 ATTITUDE -0.222946 6.012789 -0.14454
60.633 2 INS 908 463 -128060512 -31457 26214 -1479146624 1086 -4869 -7766
60.649 2 ATTITUDE -0.222996 6.012787 -0.144554
60.692 2 INS 908 468 -128096616 -52428 26214 -1479346048 1044 -4839 -7741
60.693 2 GPS 3 43817774 447810961 461 653190 11 9 2395 294213500 30 0
60.708 2 ATTITUDE -0.222957 6.012814 -0.144549
60.724 2 INS 908 468 -128132736 -52428 26214 -1479545728 1057 -4874 -7761
60.807 2 ROTORCRAFT_FP 468 908 128139944 26214 -52428 1479585408 -912 -592 24628 0 0 0 0 375 0
60.808 2 GPS_INT 0 0 0 404513491 -37290756 703426 653190 0 0 0 73 13 294213500 98 26 3 1
60.808 2 STATE_FILTER_STATUS 6 3 0
60.808 2 ATTITUDE -0.222801 6.012839 -0.144569
60.809 2 INS 908 468 -128168856 -52428 26214 -1479745152 1075 -4851 -7771
60.809 2 STATIC_CONTROL 0 0. 0 0. 0. 0. 0. 0. 0. 0. 0. 0. 0.
60.809 2 ATTITUDE -0.222747 6.01289 -0.144606
60.823 2 INS 908 468 -128204984 -52428 26214 -1479944576 1029 -4847 -7761
60.833 2 LINK_REPORT 2 -1 61 0 184907 4154 0 3124. 72. 17 36.73
60.855 2 ATTITUDE -0.222726 6.013004 -0.144642
60.919 2 GVF_PARAMETRIC 5 1 -1.4e-05 6.,18.136719,41.308594,44.878906,19.75,29.046875,61.347656,53.699219,0.,0.,0.,0.,0.,0.,0.,0. -1.357044,-1.459
60.920 2 INS 908 468 -128241128 -52428 26214 -1480144256 1057 -4853 -7747
60.920 2 GPS_INT 0 0 0 404513489 -37290757 703400 653165 0 0 0 73 10 294213750 98 24 3 1
60.920 2 ATTITUDE -0.222662 6.012969 -0.144646
60.946 2 INS 901 465 -128277272 -20971 -41943 -1480343808 1020 -4890 -7774
60.946 2 GPS 3 43817773 447810959 461 653165 8 1 2395 294213750 30 0
60.946 2 ATTITUDE -0.222738 6.013117 -0.144629
60.977 2 INS 901 465 -128313416 -20971 -41943 -1480543616 1056 -4867 -7763
61.017 2 ROVER_CTRL 2.5 2.452528 8155.327148 15. 1400. 600. 1000. 1920. 3433.538818 1.788139 0.047472 -0.
61.017 2 ROTORCRAFT_FP 465 901 128320648 -41943 -20971 1480583680 -912 -592 24629 0 0 0 0 375 0
61.018 2 ATTITUDE -0.222741 6.01318 -0.14464
61.044 2 INS 901 465 -128349568 -20971 -41943 -1480743040 1064 -4852 -7727
61.045 2 SERIAL_COM 352 -4943 1069 -7822 0 0 0 14 253 80 76 0 0 0 0 0
61.070 2 GPS_INT 0 0 0 404513489 -37290757 703400 653165 0 0 0 73 10 294213750 98 24 3 1
61.071 2 ATTITUDE -0.22262 6.01321 -0.144595
61.071 2 IMU_MAG_RAW 255 0 0 0
61.086 2 INS 901 465 -128385712 -20971 -41943 -1480942208 1074 -4856 -7730
61.102 2 ATTITUDE -0.222635 6.013232 -0.144593
61.134 2 INS 901 465 -128421880 -20971 -41943 -1481141376 1053 -4849 -7738
61.150 2 ATTITUDE -0.22276 6.013415 -0.144591
61.192 2 INS 898 463 -128458048 -26214 5242 -1481341056 1105 -4836 -7747
61.192 2 GPS 3 43817772 447810958 461 653160 6 3 2395 294214000 30 0
61.209 2 GPS_INT 0 0 0 404513488 -37290758 703395 653160 0 0 0 73 13 294214000 98 25 3 1
61.209 2 ATTITUDE -0.222882 6.013558 -0.144652
61.224 2 INS 898 463 -128494216 -26214 10485 -1481540864 1067 -4849 -7766
61.254 2 ROTORCRAFT_FP 463 898 128501448 10485 -26214 1481580672 -913 -592 24631 0 0 0 0 375 0
61.254 2 ATTITUDE -0.222897 6.013636 -0.144716
61.307 2 GVF_PARAMETRIC 5 1 -7e-06 0.,0.199,0.199,0.546583,0.546583,0.05,61.347656,53.699219,0.,0.,0.,0.,0.,0.,0.,0. -1.358997,-1.462906
61.308 2 INS 898 463 -128530392 -26214 10485 -1481740544 1078 -4858 -7744
61.308 2 ATTITUDE -0.222918 6.013838 -0.144651
61.323 2 INS 898 463 -128566576 -26214 10485 -1481940224 1050 -4860 -7765
61.353 2 GPS_INT 0 0 0 404513488 -37290758 703395 653160 0 0 0 73 13 294214000 98 25 3 1
61.354 2 ATTITUDE -0.222959 6.013943 -0.144634
61.385 2 INS 898 463 -128602744 -26214 10485 -1482139776 1073 -4858 -7774
61.401 2 ATTITUDE -0.222961 6.014015 -0.144631
61.443 2 INS 893 465 -128638936 -62914 31457 -1482339200 1074 -4865 -7762
61.444 2 GPS 3 43817773 447810956 461 653135 13 6 2395 294214250 30 0
61.444 2 ATTITUDE -0.223034 6.014122 -0.144712
61.459 2 WP_MOVED_ENU 10 12180 6215 2974
61.459 2 WP_MOVED_ENU 10 12180 6215 2974
61.475 2 INS 893 465 -128675120 -62914 31457 -1482539136 1087 -4881 -7767
61.546 2 ROVER_CTRL 2.5 2.452528 8155.327148 15. 1400. 600. 1000. 1920. 3433.538818 1.788139 0.047472 -0.
61.547 2 ROTORCRAFT_FP 465 893 128682360 31457 -62914 1482579072 -913 -592 24634 0 0 0 0 375 0
61.547 2 GPS_INT 0 0 0 404513486 -37290757 703370 653135 0 0 0 73 13 294214250 101 24 3 1
61.548 2 ATTITUDE -0.223107 6.014225 -0.144705
61.548 2 INS 893 465 -128711320 -62914 31457 -1482738944 1074 -4876 -7764
61.548 2 SERIAL_COM 353 -4841 1136 -7818 0 0 0 14 254 80 76 0 0 0 0 0
61.549 2 ATTITUDE -0.223112 6.014322 -0.144754
61.578 2 INS 893 465 -128747512 -62914 31457 -1482938624 1101 -4881 -7775
61.594 2 ATTITUDE -0.223174 6.014431 -0.144753
61.626 2 INS 893 465 -128783728 -62914 31457 -1483137920 1094 -4889 -7749
61.653 2 GPS_INT 0 0 0 404513487 -37290756 703360 653124 0 0 0 73 15 294214500 101 24 3 1
61.653 2 ATTITUDE -0.223132 6.014436 -0.144723
61.706 2 GVF_PARAMETRIC 5 1 -1.1e-05 -6.,15.398438,4.558594,27.417969,28.609375,49.796875,50.96875,67.96875,0.,0.,0.,0.,0.,0.,0.,0. -1.357044,-1.463687
61.707 2 INS 896 468 -128819936 47185 -10485 -1483337344 1077 -4870 -7765
61.707 2 GPS 3 43817774 447810957 461 653124 9 2 2395 294214500 30 0
61.708 2 DL_VALUE 17 1.
61.708 2 ATTITUDE -0.223319 6.014543 -0.144756
61.721 2 INS 896 468 -128856152 47185 -10485 -1483537152 1071 -4874 -7770
61.752 2 ROTORCRAFT_FP 468 896 128863392 -10485 47185 1483577088 -914 -592 24635 0 0 0 0 375 0
61.753 2 ATTITUDE -0.223276 6.01453 -0.1447
61.811 2 INS 896 468 -128892376 47185 -10485 -1483736704 1084 -4863 -7727
61.812 2 STATIC_CONTROL 0 0. 0 0. 0. 0. 0. 0. 0. 0. 0. 0. 0.
61.813 2 GPS_INT 0 0 0 404513487 -37290756 703360 653124 0 0 0 73 15 294214500 101 24 3 1
61.813 2 ATTITUDE -0.223296 6.014555 -0.144678
61.833 2 LINK_REPORT 2 -1 62 0 187920 4220 0 3013. 66. 17 36.73
61.837 2 INS 896 468 -128928600 47185 -10485 -1483936256 1107 -4873 -7757
61.838 2 ROVER_STATUS 0 54 3 0 0 353 8.150944
61.853 2 ATTITUDE -0.223133 6.014394 -0.14462
61.854 2 ROTORCRAFT_NAV_STATUS 291 291 0. 0. 5 0 2
61.884 2 IMU_MAG_RAW 255 0 0 0
61.884 2 INS 896 468 -128964840 47185 -10485 -1484136064 1085 -4877 -7803
61.900 2 ATTITUDE -0.223158 6.014424 -0.144629
61.932 2 INS 898 465 -129001072 -15728 -20971 -1484335872 1066 -4857 -7765
61.933 2 GPS 3 43817773 447810958 461 653113 4 2 2395 294214750 30 0
61.959 2 GPS_INT 0 0 0 404513488 -37290757 703348 653113 0 0 0 73 10 294214750 101 23 3 1
61.960 2 ATTITUDE -0.223125 6.014475 -0.144676
61.975 2 INS 898 465 -129037312 -15728 -20971 -1484535296 1059 -4840 -7725
62.014 2 ROVER_CTRL 2.5 2.452528 8155.327148 15. 1400. 600. 1000. 1920. 3433.538818 1.788139 0.047472 -0.
62.015 2 ROTORCRAFT_FP 465 898 129044560 -20971 -15728 1484575232 -914 -592 24635 0 0 0 0 375 0
62.015 2 ATTITUDE -0.223221 6.014586 -0.144655
62.040 2 INS 898 465 -129073560 -15728 -20971 -1484734848 1052 -4860 -7740
62.041 2 SERIAL_COM 353 -4907 1070 -7820 0 0 0 14 254 80 76 0 0 0 0 0
62.056 2 ATTITUDE -0.223382 6.014796 -0.144624
62.109 2 GVF_PARAMETRIC 5 1 -6e-06 6.,18.136719,41.308594,44.878906,19.75,29.046875,61.347656,53.699219,0.,0.,0.,0.,0.,0.,0.,0. -1.358216,-1.462906
62.110 2 INS 898 465 -129109808 -15728 -20971 -1484934528 1052 -4893 -7766
62.110 2 GPS_INT 0 0 0 404513488 -37290757 703348 653113 0 0 0 73 10 294214750 101 23 3 1
62.110 2 ATTITUDE -0.223339 6.014758 -0.144594
62.124 2 INS 898 465 -129146072 -15728 -20971 -1485133952 1073 -4868 -7728
62.140 2 ATTITUDE -0.223351 6.014879 -0.144658
62.201 2 INS 898 463 -129182336 -15728 -5242 -1485333504 1050 -4855 -7721
62.202 2 GPS 3 43817772 447810958 461 653093 2 1 2395 294215000 30 0
62.202 2 INS_REF 485058561 -31614701 411670235 404513171 -37290972 700771 650535 0.
62.202 2 ATTITUDE -0.223273 6.014834 -0.144616
62.234 2 INS 898 463 -129218584 -15728 -5242 -1485532928 1071 -4869 -7751
62.282 2 ROTORCRAFT_FP 463 898 129225880 -5242 -15728 1485573120 -914 -592 24637 0 0 0 0 375 0
62.283 2 GPS_INT 0 0 0 404513488 -37290758 703329 653093 0 0 0 73 12 294215000 101 24 3 1
62.284 2 ALIVE 122,195,7,233,5,247,195,75,60,187,26,129,128,90,246,93
62.284 2 ATTITUDE -0.223369 6.014948 -0.144639
62.284 2 INS 898 463 -129254856 -15728 -5242 -1485732608 1055 -4851 -7743
62.297 2 ATTITUDE -0.223523 6.015193 -0.14466
62.329 2 INS 898 463 -129291136 -15728 -5242 -1485932032 1082 -4897 -7724
62.345 2 ATTITUDE -0.223526 6.015188 -0.14474
62.377 2 INS 898 463 -129327416 -15728 -5242 -1486131968 1073 -4862 -7744
62.404 2 GPS_INT 0 0 0 404513488 -37290758 703329 653093 0 0 0 73 12 294215000 101 24 3 1
62.404 2 ATTITUDE -0.223466 6.015254 -0.144706
62.419 2 INS 901 463 -129363712 0 -10485 -1486331392 1053 -4903 -7745
62.446 2 ENERGY 3 8.142113 0.25 2.035528 5.452347 0.074923 0.587125
62.446 2 GPS 3 43817772 447810958 461 653074 2 0 2395 294215250 30 0
62.446 2 ATTITUDE -0.223445 6.015298 -0.144725
62.557 2 GVF_PARAMETRIC 5 1 -2e-06 0.,0.199,0.199,0.546583,0.546583,0.05,61.347656,53.699219,0.,0.,0.,0.,0.,0.,0.,0. -1.358997,-1.461734
62.557 2 INS 901 463 -129400000 0 -10485 -1486531200 1090 -4874 -7770
62.558 2 ROVER_CTRL 2.5 2.452528 8155.327148 15. 1400. 600. 1000. 1920. 3433.538818 1.788139 0.047472 -0.
62.558 2 ROTORCRAFT_FP 463 901 129407256 -10485 0 1486571136 -915 -592 24638 0 0 0 0 375 0
62.558 2 ATTITUDE -0.223511 6.015445 -0.14475
62.559 2 INS 901 463 -129436288 0 -10485 -1486730624 1054 -4856 -7727
62.559 2 SERIAL_COM 354 -4858 1020 -7794 0 0 0 14 255 80 76 0 0 0 0 0
62.559 2 GPS_INT 0 0 0 404513488 -37290758 703310 653074 0 0 0 73 13 294215250 97 23 3 1
62.560 2 ATTITUDE -0.22342 6.015449 -0.144756
62.585 2 INS 901 463 -129472584 0 -10485 -1486930304 1091 -4867 -7761
62.586 2 GPS_SOL 73 13 97 23
62.601 2 ATTITUDE -0.223474 6.015589 -0.144705
62.633 2 INS 901 463 -129508880 0 -10485 -1487129600 1057 -4886 -7709
62.649 2 ATTITUDE -0.223575 6.015748 -0.14474
62.649 2 IMU_MAG_RAW 255 0 0 0
62.681 2 INS 898 463 -129545192 20971 10485 -1487329024 1064 -4893 -7761
62.682 2 GPS 3 43817772 447810958 461 653032 5 -9 2395 294215500 30 0
62.708 2 GPS_INT 0 0 0 404513488 -37290758 703267 653032 0 0 0 73 13 294215500 97 25 3 1
62.708 2 ATTITUDE -0.223574 6.015804 -0.144709
62.723 2 INS 898 463 -129581512 20971 10485 -1487528448 1079 -4860 -7733
62.795 2 ROTORCRAFT_FP 463 898 129588768 10485 20971 1487568256 -915 -592 24640 0 0 0 0 375 0
62.796 2 ATTITUDE -0.223492 6.015819 -0.144741
62.796 2 WP_MOVED_ENU 11 2337 14133 2974
62.796 2 WP_MOVED_ENU 11 2337 14133 2974
62.797 2 INS 898 463 -129617856 20971 10485 -1487728128 1079 -4873 -7791
62.797 2 STATIC_CONTROL 0 0. 0 0. 0. 0. 0. 0. 0. 0. 0. 0. 0.
62.797 2 ATTITUDE -0.22349 6.015863 -0.144758
62.827 2 INS 898 463 -129654160 20971 10485 -1487927424 1076 -4840 -7744
62.834 2 LINK_REPORT 2 -1 63 0 191065 4292 0 3145. 72. 17 36.73
62.853 2 GPS_INT 0 0 0 404513488 -37290758 703267 653032 0 0 0 73 13 294215500 97 25 3 1
62.854 2 ATTITUDE -0.22347 6.015869 -0.14475
62.896 2 GVF_PARAMETRIC 5 1 -6e-06 -6.,15.398438,4.558594,27.417969,28.609375,49.796875,50.96875,67.96875,0.,0.,0.,0.,0.,0.,0.,0. -1.358997,-1.462906
62.896 2 INS 898 463 -129690536 20971 10485 -1488127104 1061 -4850 -7758
62.897 2 ATTITUDE -0.223422 6.015883 -0.144685
62.937 2 INS 898 463 -129726824 -10485 10485 -1488326656 1079 -4867 -7762
62.938 2 GPS 3 43817772 447810957 461 652964 3 -6 2395 294215750 30 0
62.953 2 ATTITUDE -0.223457 6.016012 -0.144695
62.969 2 INS 898 463 -129763152 -10485 10485 -1488525824 1082 -4889 -7717
63.042 2 ROVER_CTRL 2.5 2.452528 8155.327148 15. 1400. 600. 1000. 1920. 3433.538818 1.788139 0.047472 -0.
63.043 2 ROTORCRAFT_FP 463 898 129770424 10485 -10485 1488565632 -915 -592 24641 0 0 0 0 375 0
63.043 2 GPS_INT 0 0 0 404513487 -37290758 703199 652964 0 0 0 73 16 294215750 96 24 3 1
63.044 2 ATTITUDE -0.223411 6.016103 -0.14472
63.044 2 INS 898 463 -129799496 -10485 10485 -1488725376 1093 -4861 -7737
63.044 2 SERIAL_COM 354 -4850 1061 -7758 0 0 0 14 255 80 76 0 0 0 0 0
63.045 2 ATTITUDE -0.223375 6.016116 -0.144701
63.074 2 INS 898 463 -129835840 -10485 10485 -1488924800 1103 -4891 -7748
63.090 2 ATTITUDE -0.22338 6.016206 -0.144717
63.122 2 INS 898 463 -129872192 -10485 10485 -1489124224 1078 -4859 -7734
63.148 2 GPS_INT 0 0 0 404513487 -37290758 703199 652964 0 0 0 73 16 294215750 96 24 3 1
63.149 2 ATTITUDE -0.22341 6.016303 -0.144776
63.180 2 INS 898 463 -129908544 -10485 10485 -1489323648 1050 -4862 -7747
63.181 2 GPS 3 43817772 447810957 461 652913 8 -2 2395 294216000 30 0
63.196 2 ATTITUDE -0.223463 6.016428 -0.144807
63.212 2 DATALINK_REPORT 3 81 24339 3047 0 4
63.228 2 INS 896 463 -129944904 31457 20971 -1489523072 1119 -4918 -7757
63.254 2 ROTORCRAFT_FP 463 896 129952176 20971 31457 1489562880 -915 -593 24643 0 0 0 0 375 0
63.255 2 ATTITUDE -0.223432 6.016491 -0.144806
63.316 2 GVF_PARAMETRIC 5 1 -9e-06 6.,18.136719,41.308594,44.878906,19.75,29.046875,61.347656,53.699219,0.,0.,0.,0.,0.,0.,0.,0. -1.358997,-1.463687
63.316 2 INS 896 463 -129981272 31457 20971 -1489722624 1116 -4849 -7755
63.316 2 GPS_INT 0 0 0 404513487 -37290758 703149 652913 0 0 0 73 10 294216000 96 24 3 1
63.317 2 DL_VALUE 18 1.
63.317 2 ATTITUDE -0.223443 6.016553 -0.144805
63.331 2 INS 896 463 -130017656 31457 20971 -1489922304 1097 -4863 -7757
63.332 2 ROVER_STATUS 0 55 3 0 0 355 8.142113
63.347 2 ATTITUDE -0.223446 6.016627 -0.144795
63.379 2 INS 896 463 -130054024 31457 20971 -1490121728 1124 -4883 -7764
63.395 2 ATTITUDE -0.223398 6.016741 -0.144775
63.437 2 INS 898 463 -130090408 -31457 -20971 -1490321280 1086 -4856 -7738
63.438 2 GPS 3 43817772 447810958 461 652899 6 1 2395 294216250 30 0
63.504 2 GPS_INT 0 0 0 404513488 -37290758 703134 652899 0 0 0 73 11 294216250 106 24 3 1
63.505 2 ATTITUDE -0.223216 6.016607 -0.144769
63.505 2 ROTORCRAFT_NAV_STATUS 293 293 0. 0. 5 0 2
63.506 2 IMU_MAG_RAW 255 0 0 0
63.506 2 INS 898 463 -130126792 -31457 -20971 -1490521088 1096 -4848 -7760
63.506 2 ROVER_CTRL 2.5 2.452528 8155.327148 15. 1400. 600. 1000. 1920. 3433.538818 1.788139 0.047472 -0.
63.507 2 ROTORCRAFT_FP 463 898 130134080 -20971 -31457 1490561024 -914 -593 24644 0 0 0 0 375 0
63.507 2 ATTITUDE -0.223316 6.016762 -0.144827
63.534 2 INS 898 463 -130163192 -31457 -20971 -1490720384 1083 -4882 -7724
63.535 2 SERIAL_COM 355 -4958 1063 -7809 0 0 0 14 256 80 76 0 0 0 0 0
63.550 2 ATTITUDE -0.2233 6.016859 -0.144819
63.566 2 INS 898 463 -130199592 -31457 -20971 -1490920064 1106 -4884 -7741
63.598 2 GPS_INT 0 0 0 404513488 -37290758 703134 652899 0 0 0 73 11 294216250 106 24 3 1
63.598 2 ATTITUDE -0.223315 6.017021 -0.144834
63.629 2 INS 898 463 -130235992 -31457 -20971 -1491119488 1082 -4873 -7730
63.645 2 ATTITUDE -0.223359 6.017233 -0.1449
63.699 2 GVF_PARAMETRIC 5 1 -9e-06 0.,0.199,0.199,0.546583,0.546583,0.05,61.347656,53.699219,0.,0.,0.,0.,0.,0.,0.,0. -1.358997,-1.462906
63.699 2 INS 898 463 -130272400 -31457 -20971 -1491319040 1099 -4872 -7770
63.700 2 GPS 3 43817772 447810958 461 652899 6 1 2395 294216250 30 0
63.700 2 ATTITUDE -0.223458 6.017378 -0.144873
63.730 2 INS 896 455 -130308816 -10485 10485 -1491518336 1072 -4867 -7744
63.757 2 ROTORCRAFT_FP 455 896 130316128 10485 -10485 1491558400 -915 -593 24646 0 0 0 0 375 0
63.757 2 GPS_INT 0 0 0 404513487 -37290762 703094 652858 0 0 0 72 13 294216500 97 24 3 1
63.758 2 ATTITUDE -0.223394 6.017351 -0.144875
63.799 2 INS 896 455 -130345224 -10485 10485 -1491717504 1079 -4895 -7741
63.800 2 STATIC_CONTROL 0 0. 0 0. 0. 0. 0. 0. 0. 0. 0. 0. 0.
63.800 2 ATTITUDE -0.223452 6.017521 -0.14486
63.815 2 INS 896 455 -130381672 -10485 10485 -1491917184 1116 -4853 -7739
63.834 2 LINK_REPORT 2 -1 64 0 194151 4360 0 3086. 68. 17 36.73
63.847 2 ATTITUDE -0.223468 6.017623 -0.144886
63.880 2 INS 896 455 -130418088 -10485 10485 -1492116864 1089 -4860 -7764
63.895 2 GPS_INT 0 0 0 404513487 -37290762 703094 652858 0 0 0 72 13 294216500 97 24 3 1
63.896 2 ATTITUDE -0.223542 6.017689 -0.144855
63.937 2 INS 901 448 -130454528 26214 10485 -1492316416 1081 -4885 -7724
63.938 2 GPS 3 43817766 447810959 461 652841 6 -4 2395 294216750 30 0
63.938 2 STATE_FILTER_STATUS 6 3 0
63.938 2 ATTITUDE -0.223439 6.017675 -0.144851
63.969 2 INS 901 448 -130490952 26214 10485 -1492515328 1092 -4840 -7718
64.008 2 ROVER_CTRL 2.5 2.452528 8155.327148 15. 1400. 600. 1000. 1920. 3433.538818 1.788139 0.047472 -0.
64.009 2 ROTORCRAFT_FP 448 901 130498240 10485 26214 1492555392 -915 -593 24648 0 0 0 0 375 0
64.009 2 ATTITUDE -0.22338 6.017765 -0.144825
64.061 2 INS 901 448 -130527392 26214 10485 -1492715136 1110 -4894 -7753
64.062 2 SERIAL_COM 355 -4880 1139 -7799 0 0 0 14 256 80 76 0 0 0 0 0
64.062 2 GPS_INT 0 0 0 404513489 -37290765 703077 652841 0 0 0 71 11 294216750 108 24 3 1
64.063 2 ATTITUDE -0.223431 6.017881 -0.14477
64.063 2 WP_MOVED_ENU 12 760 1031 2560
64.063 2 WP_MOVED_ENU 12 760 1031 2560
64.102 2 GVF_PARAMETRIC 5 1 -7e-06 -6.,15.398438,4.558594,27.417969,28.609375,49.796875,50.96875,67.96875,0.,0.,0.,0.,0.,0.,0.,0. -1.364857,-1.461734
64.102 2 INS 901 448 -130563840 26214 10485 -1492914560 1074 -4847 -7734
64.102 2 ATTITUDE -0.223434 6.018028 -0.144795
64.117 2 INS 901 448 -130600296 26214 10485 -1493113856 1113 -4860 -7737
64.149 2 ATTITUDE -0.223473 6.018137 -0.144839
64.165 2 INS 906 440 -130636760 0 0 -1493313280 1100 -4873 -7745
64.181 2 GPS 3 43817763 447810962 461 652826 0 0 2395 294217000 30 0
64.207 2 GPS_INT 0 0 0 404513491 -37290769 703062 652826 0 0 0 69 14 294217000 108 23 3 1
64.208 2 ATTITUDE -0.223533 6.018236 -0.144853
64.223 2 INS 906 440 -130673216 0 0 -1493513088 1085 -4853 -7741
64.249 2 ROTORCRAFT_FP 440 906 130680544 0 0 1493553024 -915 -593 24650 0 0 0 0 375 0
64.250 2 ATTITUDE -0.223521 6.018279 -0.144847
64.250 2 IMU_MAG_RAW 255 0 0 0
64.265 2 INS 906 440 -130709688 0 0 -1493712640 1069 -4912 -7777
64.297 2 ATTITUDE -0.223614 6.01847 -0.144863
64.329 2 INS 906 440 -130746160 0 0 -1493912192 1089 -4878 -7715
64.346 2 GPS_INT 0 0 0 404513491 -37290769 703062 652826 0 0 0 69 14 294217000 108 23 3 1
64.346 2 ATTITUDE -0.223776 6.018684 -0.144861
64.377 2 INS 906 440 -130782624 0 0 -1494111872 1084 -4900 -7749
64.393 2 ATTITUDE -0.223685 6.018704 -0.144907
64.435 2 INS 913 430 -130819104 20971 10485 -1494311296 1098 -4905 -7737
64.436 2 GPS 3 43817759 447810964 461 652814 6 3 2395 294217250 30 0
64.436 2 ATTITUDE -0.223768 6.018898 -0.14489
64.546 2 GVF_PARAMETRIC 5 1 -5e-06 6.,18.136719,41.308594,44.878906,19.75,29.046875,61.347656,53.699219,0.,0.,0.,0.,0.,0.,0.,0. -1.371888,-1.457047
64.547 2 INS 913 430 -130855592 20971 10485 -1494510592 1081 -4878 -7779
64.547 2 ROVER_CTRL 2.5 2.452528 8155.327148 15. 1400. 600. 1000. 1920. 3433.538818 1.788139 0.047472 -0.
64.548 2 ROTORCRAFT_FP 430 913 130862888 10485 20971 1494550656 -916 -593 24653 0 0 0 0 375 0
64.548 2 GPS_INT 0 0 0 404513493 -37290773 703050 652814 0 0 0 68 14 294217250 97 23 3 1
64.549 2 ATTITUDE -0.223701 6.019001 -0.144805
64.549 2 INS 913 430 -130892080 20971 10485 -1494710528 1092 -4863 -7743
64.549 2 SERIAL_COM 356 -4931 1141 -7875 0 0 0 14 257 80 76 0 0 0 0 0
64.550 2 ATTITUDE -0.223599 6.019081 -0.144733
64.577 2 INS 913 430 -130928568 20971 10485 -1494909952 1090 -4851 -7760
64.578 2 GPS_SOL 68 14 97 23
64.593 2 ATTITUDE -0.223484 6.018994 -0.144766
64.625 2 INS 913 430 -130965056 20971 10485 -1495109632 1109 -4853 -7745
64.642 2 GPS_INT 0 0 0 404513493 -37290773 703050 652814 0 0 0 68 14 294217250 97 23 3 1
64.642 2 ATTITUDE -0.223665 6.019274 -0.144784
64.683 2 INS 916 419 -131001552 -20971 -15728 -1495308928 1093 -4873 -7726
64.684 2 GPS 3 43817755 447810965 461 652797 5 -1 2395 294217500 30 0
64.699 2 ATTITUDE -0.223718 6.01938 -0.144777
64.715 2 INS 916 419 -131038048 -20971 -15728 -1495508096 1085 -4904 -7733
64.744 2 ROTORCRAFT_FP 419 916 131045352 -15728 -20971 1495548032 -917 -593 24655 0 0 0 0 375 0
64.745 2 ATTITUDE -0.223893 6.019599 -0.144786
64.802 2 INS 916 419 -131074568 -20971 -15728 -1495707520 1098 -4840 -7738
64.803 2 STATIC_CONTROL 0 0. 0 0. 0. 0. 0. 0. 0. 0. 0. 0. 0.
64.803 2 GPS_INT 0 0 0 404513494 -37290778 703033 652797 0 0 0 67 14 294217500 108 21 3 1
64.804 2 ATTITUDE -0.223985 6.019689 -0.144804
64.830 2 INS 916 419 -131111096 -20971 -15728 -1495907584 1085 -4873 -7740
64.831 2 ROVER_STATUS 0 55 3 0 0 356 8.142113
64.835 2 LINK_REPORT 2 -1 65 0 197167 4428 0 3016. 68. 17 36.73
64.846 2 ATTITUDE -0.223942 6.019805 -0.144751
64.901 2 GVF_PARAMETRIC 5 1 -6e-06 0.,0.199,0.199,0.546583,0.546583,0.05,61.347656,53.699219,0.,0.,0.,0.,0.,0.,0.,0. -1.376185,-1.455875
64.902 2 INS 916 419 -131147608 -20971 -15728 -1496107136 1109 -4863 -7775
64.902 2 DL_VALUE 19 1.
64.902 2 ATTITUDE -0.223998 6.019945 -0.144756
64.930 2 INS 913 407 -131184136 -36700 -31457 -1496306688 1098 -4870 -7750
64.931 2 GPS 3 43817750 447810965 461 652776 7 0 2395 294217750 30 0
64.956 2 GPS_INT 0 0 0 404513494 -37290784 703012 652776 0 0 0 66 11 294217750 108 25 3 1
64.957 2 ALIVE 122,195,7,233,5,247,195,75,60,187,26,129,128,90,246,93
64.957 2 ATTITUDE -0.224107 6.020145 -0.144727
65.009 2 INS 913 407 -131220672 -36700 -31457 -1496506240 1091 -4865 -7727
65.010 2 ROVER_CTRL 2.5 2.452528 8155.327148 15. 1400. 600. 1000. 1920. 3433.538818 1.788139 0.047472 -0.
65.010 2 ROTORCRAFT_FP 407 913 131227968 -31457 -36700 1496545920 -917 -592 24658 0 0 0 0 375 0
65.010 2 ATTITUDE -0.22399 6.020108 -0.144674
65.037 2 INS 913 407 -131257216 -36700 -31457 -1496705664 1085 -4879 -7749
65.037 2 SERIAL_COM 356 -4886 1146 -7786 0 0 0 14 257 80 76 0 0 0 0 0
65.038 2 ATTITUDE -0.22402 6.020286 -0.144735
65.053 2 ROTORCRAFT_NAV_STATUS 294 294 0. 0. 5 0 2
65.053 2 IMU_MAG_RAW 255 0 0 0
65.069 2 INS 913 407 -131293792 -36700 -31457 -1496905472 1081 -4885 -7757
65.096 2 GPS_INT 0 0 0 404513494 -37290784 703012 652776 0 0 0 66 11 294217750 108 25 3 1
65.096 2 ATTITUDE -0.224021 6.02027 -0.144734
65.127 2 INS 913 407 -131330296 -36700 -31457 -1497105152 1079 -4854 -7760
65.143 2 ATTITUDE -0.223929 6.020196 -0.144754
65.175 2 INS 911 396 -131366864 -10485 -5242 -1497304448 1109 -4900 -7736
65.176 2 GPS 3 43817746 447810964 461 652757 2 -2 2395 294218000 30 0
65.191 2 ATTITUDE -0.223981 6.020245 -0.144792
65.223 2 INS 911 396 -131403408 -10485 -10485 -1497504000 1103 -4899 -7762
65.260 2 ROTORCRAFT_FP 396 911 131410728 -10485 -10485 1497543936 -917 -592 24658 0 0 0 0 375 0
65.261 2 GPS_INT 0 0 0 404513493 -37290789 702992 652757 0 0 0 65 16 294218000 108 24 3 1
65.262 2 ATTITUDE -0.223824 6.020241 -0.144741
65.286 2 GVF_PARAMETRIC 5 1 -3e-06 -6.,15.398438,4.558594,27.417969,28.609375,49.796875,50.96875,67.96875,0.,0.,0.,0.,0.,0.,0.,0. -1.385169,-1.457828
65.287 2 INS 911 396 -131439976 -10485 -10485 -1497703296 1112 -4849 -7759
65.287 2 ATTITUDE -0.22374 6.020314 -0.144741
65.333 2 INS 911 396 -131476544 -10485 -10485 -1497902720 1107 -4878 -7737
65.333 2 PONG 
65.333 2 ATTITUDE -0.22374 6.020454 -0.144703
65.349 2 WP_MOVED_ENU 13 775 -1018 2560
65.349 2 WP_MOVED_ENU 13 775 -1018 2560
65.365 2 INS 911 396 -131513120 -10485 -10485 -1498102272 1096 -4843 -7737
65.393 2 GPS_INT 0 0 0 404513493 -37290789 702992 652757 0 0 0 65 16 294218000 108 24 3 1
65.394 2 ATTITUDE -0.223803 6.020657 -0.144694
65.425 2 INS 911 391 -131549704 -62914 26214 -1498301824 1101 -4874 -7753
65.425 2 GPS 3 43817743 447810963 461 652699 13 -9 2395 294218250 30 0
65.441 2 ATTITUDE -0.223717 6.020626 -0.144704
65.500 2 INS 911 391 -131586280 -62914 26214 -1498501120 1109 -4898 -7707
65.501 2 ROVER_CTRL 2.5 2.452528 8155.327148 15. 1400. 600. 1000. 1920. 3433.538818 1.788139 0.047472 -0.
65.501 2 ROTORCRAFT_FP 391 911 131593592 26214 -62914 1498541184 -916 -592 24660 0 0 0 0 375 0
65.502 2 ATTITUDE -0.223821 6.020798 -0.144744
65.529 2 INS 911 391 -131622872 -62914 26214 -1498700544 1064 -4867 -7749
65.530 2 SERIAL_COM 357 -4886 1092 -7796 0 0 0 14 258 80 76 0 0 0 0 0
65.555 2 GPS_INT 0 0 0 404513492 -37290792 702934 652699 0 0 0 64 15 294218250 108 24 3 1
65.556 2 ATTITUDE -0.223779 6.020856 -0.144769
65.571 2 INS 911 391 -131659472 -62914 26214 -1498900480 1081 -4890 -7737
65.587 2 ATTITUDE -0.22387 6.021085 -0.144731
65.619 2 INS 911 391 -131696056 -62914 26214 -1499100160 1118 -4875 -7742
65.635 2 ATTITUDE -0.223778 6.021086 -0.144702
65.724 2 GVF_PARAMETRIC 5 1 -1.5e-05 6.,18.136719,41.308594,44.878906,19.75,29.046875,61.347656,53.699219,0.,0.,0.,0.,0.,0.,0.,0. -1.387122,-1.457828
65.724 2 INS 911 391 -131732656 -62914 26214 -1499299584 1091 -4839 -7734
65.724 2 GPS 3 43817740 447810961 461 652696 8 0 2395 294218500 30 0
65.725 2 GPS_INT 0 0 0 404513490 -37290796 702931 652696 0 0 0 63 12 294218500 108 25 3 1
65.725 2 ATTITUDE -0.223749 6.021162 -0.144714
65.725 2 INS 906 381 -131769264 -41943 -20971 -1499498880 1130 -4870 -7708
65.739 2 ROTORCRAFT_FP 381 906 131776584 -20971 -41943 1499538944 -916 -592 24662 0 0 0 0 375 0
65.740 2 ATTITUDE -0.223691 6.021189 -0.1447
65.785 2 INS 906 381 -131805864 -41943 -20971 -1499698560 1077 -4850 -7732
65.786 2 STATIC_CONTROL 0 0. 0 0. 0. 0. 0. 0. 0. 0. 0. 0. 0.
65.786 2 ATTITUDE -0.22365 6.021266 -0.144719
65.817 2 INS 906 381 -131842488 -41943 -20971 -1499898112 1105 -4895 -7753
65.836 2 LINK_REPORT 2 -1 66 0 200230 4497 0 3063. 69. 18 31.31
65.843 2 GPS_INT 0 0 0 404513490 -37290796 702931 652696 0 0 0 63 12 294218500 108 25 3 1
65.844 2 ATTITUDE -0.223727 6.021399 -0.144692
65.844 2 IMU_MAG_RAW 255 0 0 0
65.875 2 INS 906 381 -131879104 -41943 -20971 -1500097152 1089 -4920 -7723
65.891 2 ATTITUDE -0.223693 6.021439 -0.144732
65.923 2 INS 901 373 -131915736 0 -5242 -1500296960 1100 -4879 -7763
65.924 2 GPS 3 43817736 447810960 461 652671 1 0 2395 294218750 30 0
65.939 2 ATTITUDE -0.223636 6.021543 -0.144712
66.045 2 INS 901 373 -131952344 0 -5242 -1500496512 1081 -4863 -7739
66.046 2 ROVER_CTRL 2.5 2.452528 8155.327148 15. 1400. 600. 1000. 1920. 3433.538818 1.788139 0.047472 -0.
66.046 2 ROTORCRAFT_FP 373 901 131959672 -5242 0 1500536448 -915 -592 24664 0 0 0 0 375 0
66.047 2 GPS_INT 0 0 0 404513489 -37290800 702907 652671 0 0 0 63 12 294218750 108 24 3 1
66.047 2 ATTITUDE -0.22364 6.021707 -0.144724
66.047 2 INS 901 373 -131988992 0 -5242 -1500696064 1115 -4871 -7778
66.048 2 SERIAL_COM 357 -4872 1084 -7775 0 0 0 14 258 80 76 0 0 0 0 0
66.048 2 ATTITUDE -0.223438 6.021684 -0.14468
66.087 2 GVF_PARAMETRIC 5 1 -1e-06 0.,0.199,0.199,0.546583,0.546583,0.05,61.347656,53.699219,0.,0.,0.,0.,0.,0.,0.,0. -1.394153,-1.461734
66.088 2 INS 901 373 -132025624 0 -5242 -1500896000 1139 -4846 -7749
66.088 2 ATTITUDE -0.223547 6.021754 -0.144668
66.119 2 INS 901 373 -132062272 0 -5242 -1501095552 1098 -4863 -7742
66.145 2 GPS_INT 0 0 0 404513489 -37290800 702907 652671 0 0 0 63 12 294218750 108 24 3 1
66.146 2 ATTITUDE -0.223362 6.021693 -0.1446
66.161 2 INS 901 358 -132098920 26214 -26214 -1501294976 1078 -4825 -7713
66.177 2 GPS 3 43817731 447810960 461 652669 8 5 2395 294219000 30 0
66.193 2 ATTITUDE -0.22337 6.021876 -0.144592
66.209 2 INS 901 358 -132135576 36700 -31457 -1501494272 1121 -4821 -7756
66.241 2 ROTORCRAFT_FP 358 901 132142912 -31457 36700 1501533952 -915 -592 24665 0 0 0 0 375 0
66.242 2 ATTITUDE -0.223391 6.021975 -0.144509
66.273 2 INS 901 358 -132172240 36700 -31457 -1501693568 1100 -4886 -7756
66.293 2 GPS_INT 0 0 0 404513489 -37290806 702905 652669 0 0 0 62 15 294219000 108 24 3 1
66.293 2 ATTITUDE -0.223342 6.022034 -0.144489
66.321 2 INS 901 358 -132208896 36700 -31457 -1501893248 1124 -4840 -7795
66.321 2 ROVER_STATUS 0 58 3 0 0 358 8.142113
66.337 2 ATTITUDE -0.223313 6.022104 -0.144479
66.369 2 INS 901 358 -132245576 36700 -31457 -1502093056 1118 -4843 -7725
66.385 2 ATTITUDE -0.223392 6.022322 -0.144534
66.427 2 INS 898 345 -132282240 -31457 -5242 -1502292736 1113 -4839 -7777
66.427 2 GPS 3 43817726 447810959 461 652653 6 4 2395 294219250 30 0
66.453 2 GPS_INT 0 0 0 404513488 -37290812 702889 652653 0 0 0 61 12 294219250 108 24 3 1
66.454 2 ATTITUDE -0.223462 6.022428 -0.144523
66.533 2 GVF_PARAMETRIC 5 1 -7e-06 -6.,15.398438,4.558594,27.417969,28.609375,49.796875,50.96875,67.96875,0.,0.,0.,0.,0.,0.,0.,0. -1.405091,-1.462906
66.534 2 INS 898 345 -132318960 -31457 -5242 -1502492672 1109 -4854 -7739
66.534 2 ROVER_CTRL 2.5 2.452528 8155.327148 15. 1400. 600. 1000. 1920. 3433.538818 1.788139 0.047472 -0.
66.534 2 ROTORCRAFT_FP 345 898 132326248 -5242 -31457 1502532480 -915 -592 24668 0 0 0 0 375 0
66.535 2 DL_VALUE 20 4.
66.535 2 ATTITUDE -0.223554 6.022678 -0.144513
66.535 2 INS 898 345 -132355616 -31457 -5242 -1502692224 1092 -4870 -7747
66.535 2 SERIAL_COM 358 -4854 1109 -7739 0 0 0 14 259 80 76 0 0 0 0 0
66.536 2 ATTITUDE -0.223379 6.022607 -0.1445
66.576 2 INS 898 345 -132392288 -31457 -5242 -1502891648 1117 -4876 -7718
66.576 2 GPS_SOL 61 12 108 24
66.592 2 GPS_INT 0 0 0 404513488 -37290812 702889 652653 0 0 0 61 12 294219250 108 24 3 1
66.593 2 ATTITUDE -0.223592 6.022961 -0.144524
66.624 2 INS 898 345 -132428984 -31457 -5242 -1503091328 1106 -4856 -7744
66.640 2 ATTITUDE -0.22368 6.023166 -0.144514
66.640 2 ROTORCRAFT_NAV_STATUS 296 296 0. 0. 5 0 2
66.693 2 WP_MOVED_ENU 14 -760 -1031 2560
66.693 2 WP_MOVED_ENU 14 -760 -1031 2560
66.694 2 IMU_MAG_RAW 255 0 0 0
66.694 2 INS 893 335 -132465704 -41943 20971 -1503291136 1088 -4870 -7741
66.694 2 GPS 3 43817722 447810956 461 652629 10 -4 2395 294219500 30 0
66.695 2 ATTITUDE -0.223833 6.02334 -0.144513
66.709 2 INS 893 335 -132502384 -41943 20971 -1503490944 1114 -4897 -7732
66.751 2 ROTORCRAFT_FP 335 893 132509720 20971 -41943 1503530752 -917 -592 24671 0 0 0 0 375 0
66.752 2 GPS_INT 0 0 0 404513486 -37290817 702865 652629 0 0 0 60 14 294219500 108 24 3 1
66.752 2 ATTITUDE -0.224011 6.02343 -0.144529
66.781 2 INS 893 335 -132539096 -41943 20971 -1503690240 1102 -4850 -7726
66.781 2 STATIC_CONTROL 0 0. 0 0. 0. 0. 0. 0. 0. 0. 0. 0. 0.
66.782 2 ATTITUDE -0.223883 6.023347 -0.144587
66.813 2 INS 893 335 -132575800 -41943 20971 -1503889920 1109 -4907 -7780
66.829 2 ATTITUDE -0.223871 6.023538 -0.14456
66.836 2 LINK_REPORT 2 -1 67 0 203326 4568 0 3096. 71. 18 31.31
66.897 2 GVF_PARAMETRIC 5 1 -1e-05 6.,18.136719,41.308594,44.878906,19.75,29.046875,61.347656,53.699219,0.,0.,0.,0.,0.,0.,0.,0. -1.408997,-1.464859
66.897 2 INS 893 335 -132612520 -41943 20971 -1504089344 1116 -4879 -7742
66.897 2 GPS_INT 0 0 0 404513486 -37290817 702865 652629 0 0 0 60 14 294219500 108 24 3 1
66.898 2 ATTITUDE -0.224041 6.023659 -0.144559
66.936 2 INS 890 322 -132649248 -26214 -5242 -1504288768 1115 -4842 -7766
66.936 2 ENERGY 3 8.150944 0.25 2.037736 5.399158 0.075212 0.589479
66.937 2 GPS 3 43817718 447810955 461 652624 5 2 2395 294219750 30 0
66.937 2 ATTITUDE -0.223988 6.023768 -0.144507
66.995 2 INS 890 322 -132685968 -26214 -5242 -1504487936 1102 -4880 -7768
66.996 2 ROVER_CTRL 2.5 2.452528 8155.327148 15. 1400. 600. 1000. 1920. 3433.538818 1.788139 0.047472 -0.
66.996 2 ROTORCRAFT_FP 322 890 132693312 -5242 -26214 1504527872 -917 -592 24673 0 0 0 0 375 0
66.997 2 ATTITUDE -0.223885 6.023774 -0.144555
67.025 2 INS 890 322 -132722704 -26214 -5242 -1504687744 1117 -4860 -7797
67.025 2 SERIAL_COM 358 -4966 1114 -7789 0 0 0 14 259 80 76 0 0 0 0 0
67.051 2 GPS_INT 0 0 0 404513485 -37290822 702860 652624 0 0 0 59 12 294219750 108 24 3 1
67.052 2 ATTITUDE -0.223747 6.023733 -0.144525
67.067 2 INS 890 322 -132759432 -26214 -5242 -1504887424 1123 -4915 -7797
67.083 2 ATTITUDE -0.223801 6.023794 -0.144515
67.115 2 INS 890 322 -132796176 -26214 -5242 -1505086720 1115 -4845 -7731
67.115 2 STATE_FILTER_STATUS 6 3 0
67.131 2 ATTITUDE -0.223823 6.02385 -0.14454
67.174 2 INS 888 309 -132832928 -20971 -10485 -1505286272 1105 -4879 -7757
67.175 2 GPS 3 43817712 447810954 461 652603 4 -5 2395 294220000 30 0
67.200 2 GPS_INT 0 0 0 404513484 -37290829 702839 652603 0 0 0 59 16 294220000 106 24 3 1
67.201 2 ATTITUDE -0.223712 6.023937 -0.144505
67.216 2 INS 888 309 -132869680 -20971 -15728 -1505485440 1123 -4874 -7718
67.242 2 ROTORCRAFT_FP 309 888 132877040 -15728 -20971 1505525376 -916 -592 24674 0 0 0 0 375 0
67.243 2 ATTITUDE -0.22376 6.024174 -0.144543
67.295 2 GVF_PARAMETRIC 5 1 -6e-06 0.,0.199,0.199,0.546583,0.546583,0.05,61.347656,53.699219,0.,0.,0.,0.,0.,0.,0.,0. -1.419154,-1.466812
67.296 2 INS 888 309 -132906448 -20971 -15728 -1505684864 1121 -4863 -7746
67.296 2 INS_REF 485058561 -31614701 411670235 404513171 -37290972 700771 650535 0.
67.296 2 ATTITUDE -0.223779 6.024208 -0.144564
67.311 2 INS 888 309 -132943208 -20971 -15728 -1505884544 1121 -4896 -7771
67.338 2 GPS_INT 0 0 0 404513484 -37290829 702839 652603 0 0 0 59 16 294220000 106 24 3 1
67.339 2 ATTITUDE -0.223796 6.024303 -0.144503
67.370 2 INS 888 309 -132979984 -20971 -15728 -1506083840 1106 -4873 -7764
67.386 2 ATTITUDE -0.22381 6.024386 -0.14448
67.428 2 INS 883 296 -133016760 -26214 5242 -1506283648 1103 -4865 -7732
67.429 2 GPS 3 43817707 447810953 461 652577 5 3 2395 294220250 30 0
67.429 2 ATTITUDE -0.223595 6.024276 -0.144486
67.444 2 IMU_MAG_RAW 255 0 0 0
67.460 2 INS 883 296 -133053536 -26214 5242 -1506483328 1113 -4878 -7752
67.532 2 ROVER_CTRL 2.5 2.452528 8155.327148 15. 1400. 600. 1000. 1920. 3433.538818 1.788139 0.047472 -0.
67.533 2 ROTORCRAFT_FP 296 883 133060896 5242 -26214 1506523264 -916 -591 24675 0 0 0 0 375 0
67.533 2 GPS_INT 0 0 0 404513483 -37290835 702812 652577 0 0 0 58 12 294220250 106 22 3 1
67.534 2 ATTITUDE -0.223756 6.0245 -0.144472
67.534 2 INS 883 296 -133090328 -26214 5242 -1506682880 1128 -4851 -7729
67.534 2 SERIAL_COM 359 -4898 1171 -7831 0 0 0 14 260 80 76 0 0 0 0 0
67.534 2 ATTITUDE -0.22378 6.024638 -0.144457
67.564 2 INS 883 296 -133127112 -26214 5242 -1506882176 1136 -4868 -7769
67.580 2 ATTITUDE -0.223691 6.024655 -0.144404
67.612 2 INS 883 296 -133163888 -26214 5242 -1507081856 1118 -4873 -7794
67.638 2 GPS_INT 0 0 0 404513483 -37290835 702812 652577 0 0 0 58 12 294220250 106 22 3 1
67.639 2 ALIVE 122,195,7,233,5,247,195,75,60,187,26,129,128,90,246,93
67.639 2 ATTITUDE -0.223748 6.024786 -0.1444
67.691 2 GVF_PARAMETRIC 5 1 -4e-06 -6.,15.398438,4.558594,27.417969,28.609375,49.796875,50.96875,67.96875,0.,0.,0.,0.,0.,0.,0.,0. -1.428919,-1.470718
67.692 2 INS 878 284 -133200696 -15728 -10485 -1507281664 1095 -4866 -7797
67.692 2 GPS 3 43817702 447810951 461 652544 3 -1 2395 294220500 30 0
67.692 2 ATTITUDE -0.223766 6.024966 -0.144471
67.707 2 INS 878 284 -133237496 -15728 -10485 -1507481216 1139 -4892 -7757
67.737 2 ROTORCRAFT_FP 284 878 133244856 -10485 -15728 1507521024 -916 -591 24678 0 0 0 0 375 0
67.738 2 ATTITUDE -0.223783 6.025137 -0.144469
67.796 2 INS 878 284 -133274304 -15728 -10485 -1507680768 1153 -4862 -7728
67.796 2 STATIC_CONTROL 0 0. 0 0. 0. 0. 0. 0. 0. 0. 0. 0. 0.
67.797 2 GPS_INT 0 0 0 404513481 -37290840 702780 652544 0 0 0 58 14 294220500 106 22 3 1
67.797 2 ATTITUDE -0.223799 6.025303 -0.144443
67.822 2 SETTING 71 2 2.5
67.823 2 INS 878 284 -133311104 -15728 -10485 -1507879808 1114 -4836 -7734
67.823 2 ROVER_STATUS 0 58 3 0 0 359 8.142113
67.837 2 LINK_REPORT 2 -1 68 0 206447 4636 0 3121. 68. 19 31.31
67.839 2 ATTITUDE -0.223676 6.025241 -0.14446
67.855 2 INS 878 284 -133347928 -15728 -10485 -1508079104 1133 -4873 -7713
67.871 2 DL_VALUE 71 2.5
67.887 2 ATTITUDE -0.223683 6.025188 -0.144463
67.919 2 INS 872 273 -133384744 -26214 10485 -1508278656 1109 -4873 -7764
67.920 2 GPS 3 43817698 447810949 461 652524 6 3 2395 294220750 30 0
67.998 2 GPS_INT 0 0 0 404513479 -37290845 702760 652524 0 0 0 57 12 294220750 106 24 3 1
67.999 2 ATTITUDE -0.223484 6.025107 -0.144387
67.999 2 WP_MOVED_ENU 15 -775 1018 2560
67.999 2 WP_MOVED_ENU 15 -775 1018 2560
68.000 2 INS 872 273 -133421576 -26214 10485 -1508478592 1110 -4868 -7736
68.000 2 ROVER_CTRL 2.5 2.452528 8155.327148 15. 1400. 600. 1000. 1920. 3433.538818 1.788139 0.047472 -0.
68.001 2 ROTORCRAFT_FP 273 872 133428936 10485 -26214 1508518528 -915 -591 24678 0 0 0 0 375 0
68.002 2 ATTITUDE -0.223497 6.025255 -0.144325
68.026 2 INS 872 273 -133458400 -26214 10485 -1508678016 1133 -4874 -7742
68.026 2 SERIAL_COM 359 -4899 1153 -7863 0 0 0 14 260 80 76 0 0 0 0 0
68.027 2 ATTITUDE -0.223436 6.025242 -0.144224
68.105 2 GVF_PARAMETRIC 5 1 -6e-06 6.,18.136719,41.308594,44.878906,19.75,29.046875,61.347656,53.699219,0.,0.,0.,0.,0.,0.,0.,0. -1.433216,-1.473062
68.105 2 INS 872 273 -133495240 -26214 10485 -1508877696 1114 -4894 -7758
68.106 2 GPS_INT 0 0 0 404513479 -37290845 702760 652524 0 0 0 57 12 294220750 106 24 3 1
68.107 2 DL_VALUE 21 4.
68.107 2 ATTITUDE -0.223442 6.02532 -0.144178
68.120 2 INS 872 273 -133532088 -26214 10485 -1509078016 1122 -4860 -7785
68.136 2 ATTITUDE -0.223365 6.025335 -0.144103
68.168 2 INS 872 273 -133568928 -26214 10485 -1509277440 1124 -4825 -7739
68.169 2 GPS 3 43817694 447810948 461 652504 1 0 2395 294221000 30 0
68.184 2 ATTITUDE -0.223258 6.02546 -0.144123
68.216 2 INS 870 263 -133605784 0 -10485 -1509476480 1100 -4849 -7740
68.264 2 ROTORCRAFT_FP 263 870 133613152 -10485 0 1509516416 -914 -590 24680 0 0 0 0 375 0
68.265 2 GPS_INT 0 0 0 404513478 -37290850 702740 652504 0 0 0 56 12 294221000 106 23 3 1
68.266 2 ATTITUDE -0.223261 6.025541 -0.144088
68.266 2 ROTORCRAFT_NAV_STATUS 298 298 0. 0. 5 0 2
68.266 2 IMU_MAG_RAW 255 0 0 0
68.266 2 INS 870 263 -133642640 0 -10485 -1509676032 1137 -4856 -7727
68.280 2 DATALINK_REPORT 1 83 24693 3088 0 4
68.280 2 ATTITUDE -0.223439 6.025645 -0.144123
68.312 2 INS 870 263 -133679504 0 -10485 -1509875200 1136 -4847 -7733
68.328 2 ATTITUDE -0.223384 6.02568 -0.144099
68.360 2 INS 870 263 -133716368 0 -10485 -1510074624 1130 -4843 -7789
68.401 2 GPS_INT 0 0 0 404513478 -37290850 702740 652504 0 0 0 56 12 294221000 106 23 3 1
68.402 2 AUTOPILOT_VERSION 60200 v6.2_unstable-650-g74eaf7c20-dirty
68.402 2 ATTITUDE -0.223398 6.025627 -0.144124
68.417 2 INS 867 253 -133753240 -15728 36700 -1510274432 1127 -4871 -7783
68.417 2 GPS 3 43817690 447810947 461 652511 9 15 2395 294221250 30 0
68.433 2 ATTITUDE -0.223394 6.025722 -0.144074
68.518 2 GVF_PARAMETRIC 5 1 -1e-05 0.,0.199,0.199,0.546583,0.546583,0.05,61.347656,53.699219,0.,0.,0.,0.,0.,0.,0.,0. -1.441028,-1.475015
68.519 2 INS 867 253 -133790120 -26214 36700 -1510474112 1107 -4843 -7771
68.519 2 ROVER_CTRL 2.5 2.452528 8155.327148 15. 1400. 600. 1000. 1920. 3433.538818 1.788139 0.047472 -0.
68.519 2 ROTORCRAFT_FP 253 867 133797528 36700 -26214 1510514304 -914 -589 24681 0 0 0 0 375 0
68.520 2 ATTITUDE -0.223304 6.025869 -0.144002
68.520 2 INS 867 253 -133827008 -26214 36700 -1510674048 1129 -4855 -7761
68.520 2 SERIAL_COM 360 -4864 1070 -7803 0 0 0 14 261 80 76 0 0 0 0 0
68.544 2 GPS_INT 0 0 0 404513477 -37290854 702747 652511 0 0 0 56 14 294221250 106 24 3 1
68.545 2 ATTITUDE -0.223411 6.026062 -0.143987
68.571 2 INS 867 253 -133863880 -26214 36700 -1510873856 1099 -4881 -7777
68.571 2 GPS_SOL 56 14 106 24
68.587 2 ATTITUDE -0.223519 6.026057 -0.143962
68.603 2 INS 867 253 -133900776 -26214 36700 -1511073536 1125 -4873 -7733
68.635 2 ATTITUDE -0.223543 6.026179 -0.143892
68.716 2 INS 865 250 -133937672 -10485 15728 -1511272960 1109 -4838 -7734
68.716 2 GPS 3 43817689 447810946 461 652531 4 2 2395 294221500 30 0
68.717 2 GPS_INT 0 0 0 404513476 -37290856 702767 652531 0 0 0 55 13 294221500 106 20 3 1
68.717 2 ATTITUDE -0.223387 6.026101 -0.143848
68.717 2 INS 865 250 -133974576 -10485 15728 -1511472640 1108 -4845 -7766
68.732 2 ROTORCRAFT_FP 250 865 133981952 15728 -10485 1511512576 -915 -589 24683 0 0 0 0 375 0
68.732 2 ATTITUDE -0.223501 6.026224 -0.143867
68.778 2 INS 865 250 -134011472 -10485 15728 -1511672320 1116 -4826 -7721
68.779 2 STATIC_CONTROL 0 0. 0 0. 0. 0. 0. 0. 0. 0. 0. 0. 0.
68.779 2 ATTITUDE -0.223518 6.026399 -0.143919
68.810 2 INS 865 250 -134048376 -10485 15728 -1511871872 1115 -4863 -7747
68.836 2 GPS_INT 0 0 0 404513476 -37290856 702767 652531 0 0 0 55 13 294221500 106 20 3 1
68.836 2 ATTITUDE -0.223477 6.026327 -0.143971
68.837 2 LINK_REPORT 2 -1 69 0 209587 4708 0 3140. 72. 19 31.31
68.878 2 GVF_PARAMETRIC 5 1 -4e-06 -6.,15.398438,4.558594,27.417969,28.609375,49.796875,50.96875,67.96875,0.,0.,0.,0.,0.,0.,0.,0. -1.4422,-1.475797
68.879 2 INS 865 250 -134085296 -10485 15728 -1512071296 1103 -4832 -7701
68.880 2 ATTITUDE -0.223478 6.026458 -0.144035
68.920 2 INS 865 240 -134122208 5242 -5242 -1512270848 1146 -4853 -7761
68.920 2 GPS 3 43817685 447810946 461 652532 2 8 2395 294221750 30 0
68.936 2 ATTITUDE -0.223678 6.026715 -0.144068
68.952 2 INS 865 240 -134159128 5242 -5242 -1512470656 1129 -4864 -7764
68.968 2 ROVER_CTRL 2.5 2.452528 8155.327148 15. 1400. 600. 1000. 1920. 3433.538818 1.788139 0.047472 -0.
69.027 2 ROTORCRAFT_FP 240 865 134166520 -5242 5242 1512510592 -916 -590 24686 0 0 0 0 375 0
69.028 2 GPS_INT 0 0 0 404513476 -37290860 702767 652532 0 0 0 55 16 294221750 106 23 3 1
69.028 2 ATTITUDE -0.223741 6.026916 -0.144082
69.028 2 INS 865 240 -134196056 5242 -5242 -1512670080 1110 -4878 -7732
69.028 2 SERIAL_COM 360 -4832 1103 -7701 0 0 0 14 261 80 76 0 0 0 0 0
69.029 2 ATTITUDE -0.223682 6.02694 -0.144057
69.043 2 IMU_MAG_RAW 255 0 0 0
69.059 2 INS 865 240 -134232992 5242 -5242 -1512869248 1110 -4824 -7727
69.075 2 ATTITUDE -0.223684 6.026991 -0.144104
69.107 2 INS 865 240 -134269936 5242 -5242 -1513068928 1117 -4869 -7754
69.134 2 GPS_INT 0 0 0 404513476 -37290860 702767 652532 0 0 0 55 16 294221750 106 23 3 1
69.135 2 ATTITUDE -0.223622 6.027112 -0.144123
69.166 2 INS 865 240 -134306864 5242 -5242 -1513268608 1138 -4862 -7725
69.166 2 GPS 3 43817685 447810946 461 652532 2 8 2395 294221750 30 0
69.182 2 ATTITUDE -0.223681 6.027339 -0.144166
69.214 2 INS 865 232 -134343824 31457 -5242 -1513468160 1131 -4878 -7711
69.240 2 ROTORCRAFT_FP 232 865 134351216 -5242 31457 1513508224 -916 -590 24688 0 0 0 0 375 0
69.241 2 ATTITUDE -0.223757 6.027316 -0.14422
69.241 2 WP_MOVED_ENU 16 50798 51645 2557
69.241 2 WP_MOVED_ENU 16 50798 51645 2557
69.315 2 GVF_PARAMETRIC 5 1 -7e-06 6.,18.136719,41.308594,44.878906,19.75,29.046875,61.347656,53.699219,0.,0.,0.,0.,0.,0.,0.,0. -1.449232,-1.475797
69.316 2 INS 865 232 -134380784 31457 -5242 -1513668224 1139 -4888 -7772
69.316 2 GPS_INT 0 0 0 404513476 -37290864 702778 652542 0 0 0 54 17 294222000 106 24 3 1
69.316 2 ATTITUDE -0.223748 6.027462 -0.144245
69.317 2 INS 865 232 -134417728 31457 -5242 -1513867648 1132 -4842 -7785
69.317 2 ROVER_STATUS 0 58 3 0 0 361 8.150944
69.325 2 BLOCK 2 2
69.331 2 ATTITUDE -0.223659 6.027497 -0.144208
69.363 2 INS 865 232 -134454688 31457 -5242 -1514067072 1138 -4848 -7733
69.379 2 ATTITUDE -0.22372 6.027673 -0.144227
69.421 2 INS 862 225 -134491632 -5242 -5242 -1514266624 1138 -4886 -7788
69.421 2 GPS 3 43817679 447810944 461 652550 1 9 2395 294222250 30 0
69.437 2 GPS_INT 0 0 0 404513475 -37290867 702786 652550 0 0 0 53 16 294222250 106 24 3 1
69.437 2 ATTITUDE -0.223685 6.027708 -0.144226
69.453 2 INS 862 225 -134528608 -5242 0 -1514466432 1139 -4840 -7790
69.494 2 ROVER_CTRL 2.5 2.452528 8155.327148 15. 1400. 600. 1000. 1920. 3433.538818 1.788139 0.047472 -0.
69.494 2 ROTORCRAFT_FP 225 862 134536000 0 -5242 1514506496 -915 -590 24689 0 0 0 0 375 0
69.495 2 ATTITUDE -0.223556 6.027667 -0.144193
69.522 2 INS 862 225 -134565584 -5242 0 -1514665984 1152 -4864 -7743
69.522 2 SERIAL_COM 361 -4949 1118 -7813 0 0 0 14 262 80 76 0 0 0 0 0
69.523 2 ATTITUDE -0.223568 6.027857 -0.144119
69.554 2 INS 862 225 -134602560 -5242 0 -1514865024 1123 -4838 -7737
69.583 2 GPS_INT 0 0 0 404513475 -37290867 702786 652550 0 0 0 53 16 294222250 106 24 3 1
69.584 2 ATTITUDE -0.223666 6.028002 -0.144125
69.615 2 INS 862 225 -134639536 -5242 0 -1515064576 1129 -4863 -7790
69.631 2 ATTITUDE -0.223751 6.028141 -0.14411
69.663 2 INS 860 222 -134676544 52428 0 -1515264000 1135 -4854 -7767
69.663 2 GPS 3 43817677 447810943 461 652565 12 13 2395 294222500 30 0
69.679 2 DL_VALUE 22 0.
69.679 2 ATTITUDE -0.223898 6.028269 -0.14411
69.711 2 INS 860 222 -134713552 57671 0 -1515463424 1127 -4849 -7739
69.748 2 ROTORCRAFT_FP 222 860 134720960 0 57671 1515503232 -917 -590 24692 0 0 0 0 375 0
69.749 2 GPS_INT 0 0 0 404513474 -37290870 702801 652565 0 0 0 53 16 294222500 106 23 3 1
69.749 2 ATTITUDE -0.223993 6.028477 -0.144122
69.778 2 INS 860 222 -134750544 57671 0 -1515662848 1176 -4852 -7759
69.778 2 STATIC_CONTROL 0 0. 0 0. 0. 0. 0. 0. 0. 0. 0. 0. 0.
69.779 2 ATTITUDE -0.223979 6.028485 -0.144126
69.810 2 INS 860 222 -134787552 57671 0 -1515862400 1147 -4854 -7736
69.826 2 ATTITUDE -0.223998 6.028588 -0.144106
69.838 2 LINK_REPORT 2 -1 70 0 212510 4774 0 2923. 66. 20 31.31
69.842 2 ROTORCRAFT_NAV_STATUS 0 0 0. 0. 2 1 2
69.842 2 IMU_MAG_RAW 255 0 0 0
69.858 2 INS 860 222 -134824576 57671 0 -1516061824 1110 -4872 -7729
69.884 2 GPS_INT 0 0 0 404513474 -37290870 702801 652565 0 0 0 53 16 294222500 106 23 3 1
69.885 2 ATTITUDE -0.224035 6.028532 -0.144145
69.900 2 INS 852 217 -134861600 -20971 -5242 -1516261120 1127 -4842 -7731
69.916 2 GPS 3 43817675 447810941 461 652583 3 6 2395 294222750 30 0
69.932 2 ATTITUDE -0.224006 6.028464 -0.144195
69.991 2 INS 852 217 -134898640 -20971 -10485 -1516460032 1133 -4849 -7713
69.991 2 ROVER_CTRL 2.5 2.452528 8155.327148 15. 1400. 600. 1000. 1920. 3433.538818 1.788139 0.047472 -0.
69.992 2 ROTORCRAFT_FP 217 852 134906080 -10485 -20971 1516500096 -917 -590 24691 0 0 0 0 375 0
69.992 2 ATTITUDE -0.223807 6.028304 -0.14417
70.018 2 INS 852 217 -134935664 -20971 -10485 -1516659712 1117 -4861 -7761
70.018 2 SERIAL_COM 361 -4873 1169 -7814 0 0 0 14 262 80 76 0 0 0 0 0
70.044 2 GPS_INT 0 0 0 404513472 -37290872 702819 652583 0 0 0 52 13 294222750 108 24 3 1
70.045 2 ATTITUDE -0.223916 6.028443 -0.144175
70.060 2 INS 852 217 -134972688 -20971 -10485 -1516859264 1158 -4858 -7759
70.076 2 ATTITUDE -0.223828 6.028481 -0.144095
70.108 2 INS 852 217 -135009728 -20971 -10485 -1517059072 1153 -4854 -7751
70.124 2 ATTITUDE -0.22375 6.028476 -0.144119
70.167 2 INS 852 217 -135046768 -20971 -10485 -1517258752 1123 -4894 -7757
70.167 2 GPS 3 43817675 447810941 461 652583 3 6 2395 294222750 30 0
70.193 2 GPS_INT 0 0 0 404513472 -37290872 702819 652583 0 0 0 52 13 294222750 108 24 3 1
70.193 2 ATTITUDE -0.223733 6.028552 -0.144131
70.209 2 INS 839 207 -135083792 -52428 -20971 -1517458176 1134 -4832 -7728
70.235 2 ROTORCRAFT_FP 207 839 135091200 -20971 -52428 1517498112 -916 -590 24692 0 0 0 0 375 0
70.235 2 ATTITUDE -0.223761 6.028564 -0.144154
70.251 2 INS 839 207 -135120848 -52428 -20971 -1517657984 1136 -4888 -7763
70.283 2 ATTITUDE -0.2238 6.02867 -0.144199
70.302 2 INS 839 207 -135157904 -52428 -20971 -1517857280 1097 -4850 -7741
70.341 2 GPS_INT 0 0 0 404513467 -37290876 702799 652563 0 0 0 51 13 294223000 108 23 3 1
70.341 2 STATE_FILTER_STATUS 6 3 0
70.342 2 ALIVE 122,195,7,233,5,247,195,75,60,187,26,129,128,90,246,93
70.342 2 ATTITUDE -0.223744 6.028646 -0.144205
70.342 2 PONG 
70.357 2 INS 839 207 -135194960 -52428 -20971 -1518056704 1119 -4882 -7736
70.373 2 ATTITUDE -0.223771 6.028738 -0.144233
70.439 2 INS 832 202 -135232032 0 36700 -1518256128 1143 -4833 -7742
70.439 2 GVF 34.195862 1 1 1. -1.08,-14.42,3.,3.,0.,2.
70.440 2 CIRCLE -1.08 -14.42 3.
70.440 2 GPS 3 43817670 447810933 461 652580 8 -5 2395 294223250 30 0
70.440 2 ATTITUDE -0.223626 6.028671 -0.144229
70.530 2 INS 832 202 -135269120 0 36700 -1518456064 1148 -4854 -7780
70.530 2 ROVER_CTRL 2.5 2.452528 8155.327148 15. 1400. 600. 1000. 1920. 3433.538818 1.788139 0.047472 -0.056279
70.531 2 ROTORCRAFT_FP 202 832 135276528 36700 0 1518495872 -916 -590 24693 0 0 0 0 375 0
70.531 2 GPS_INT 0 0 0 404513465 -37290878 702816 652580 0 0 0 51 11 294223250 108 23 3 1
70.531 2 ATTITUDE -0.223795 6.028868 -0.144241
70.532 2 INS 832 202 -135306192 0 36700 -1518655360 1134 -4853 -7737
70.532 2 SERIAL_COM 362 -4888 1177 -7824 0 0 0 14 263 80 76 0 0 0 0 0
70.532 2 ATTITUDE -0.223827 6.028907 -0.144138
70.532 2 WP_MOVED_ENU 17 51645 -50798 2557
70.546 2 WP_MOVED_ENU 17 51645 -50798 2557
70.562 2 INS 832 202 -135343280 0 36700 -1518854656 1121 -4868 -7750
70.562 2 GPS_SOL 51 11 108 23
70.578 2 ATTITUDE -0.223783 6.029028 -0.144104
70.610 2 INS 832 202 -135380368 0 36700 -1519053952 1152 -4864 -7763
70.626 2 GPS_INT 0 0 0 404513465 -37290878 702816 652580 0 0 0 51 11 294223250 108 23 3 1
70.626 2 ATTITUDE -0.223824 6.029083 -0.144108
70.642 2 IMU_MAG_RAW 255 0 0 0
70.668 2 INS 826 202 -135417456 10485 36700 -1519254016 1117 -4870 -7720
70.669 2 GPS 3 43817670 447810931 461 652588 9 7 2395 294223500 30 0
70.684 2 ATTITUDE -0.223784 6.02917 -0.144147
70.700 2 INS 826 202 -135454560 10485 41943 -1519453568 1123 -4861 -7741
70.730 2 ROTORCRAFT_FP 202 826 135461968 41943 10485 1519493376 -916 -590 24695 0 0 0 0 375 0
70.731 2 BLOCK 2 2
70.731 2 ATTITUDE -0.223725 6.02917 -0.144161
70.789 2 INS 826 202 -135491664 10485 41943 -1519653120 1153 -4852 -7751
70.789 2 STATIC_CONTROL 0 0. 0 0. 0. 0. 0. 0. 0. 0. 0. 0. 0.
70.789 2 GPS_INT 0 0 0 404513463 -37290878 702823 652588 0 0 0 50 14 294223500 108 23 3 1
70.790 2 ATTITUDE -0.223761 6.029316 -0.144141
70.815 2 INS 826 202 -135528752 10485 41943 -1519852544 1118 -4870 -7720
70.815 2 ROVER_STATUS 0 58 3 0 1 362 8.150944
70.831 2 ATTITUDE -0.223946 6.029323 -0.144196
70.839 2 LINK_REPORT 2 -1 71 0 215510 4846 0 3000. 72. 22 39.51
70.863 2 INS 826 202 -135565856 10485 41943 -1520052480 1132 -4883 -7759
70.879 2 ATTITUDE -0.224051 6.029427 -0.144276
70.933 2 INS 819 197 -135602976 20971 -31457 -1520252032 1130 -4869 -7753
70.933 2 GVF 33.988281 1 1 1. -1.08,-14.42,3.,3.,0.,2.
70.934 2 CIRCLE -1.08 -14.42 3.
70.934 2 GPS 3 43817667 447810928 461 652575 7 2 2395 294223750 30 0
70.985 2 GPS_INT 0 0 0 404513460 -37290881 702811 652575 0 0 0 50 14 294223750 108 21 3 1
70.986 2 ATTITUDE -0.22414 6.029632 -0.144298
70.986 2 INS 819 197 -135640096 20971 -31457 -1520451328 1103 -4843 -7737
70.987 2 ROVER_CTRL 2.5 2.452528 8155.327148 15. 1400. 600. 1000. 1920. 3433.538818 1.788139 0.047472 -0.056353
70.987 2 ROTORCRAFT_FP 197 819 135647520 -31457 20971 1520491264 -918 -591 24697 0 0 0 0 375 0
70.988 2 ATTITUDE -0.224146 6.02963 -0.14437
71.015 2 INS 819 197 -135677216 20971 -31457 -1520650880 1111 -4864 -7756
71.016 2 SERIAL_COM 362 -4832 1168 -7810 0 0 0 14 263 80 76 0 0 0 0 0
71.031 2 ATTITUDE -0.224268 6.02972 -0.144288
71.047 2 INS 819 197 -135714368 20971 -31457 -1520850176 1154 -4862 -7758
71.079 2 GPS_INT 0 0 0 404513460 -37290881 702811 652575 0 0 0 50 14 294223750 108 21 3 1
71.080 2 ATTITUDE -0.224341 6.029847 -0.144275
71.111 2 INS 819 197 -135751488 20971 -31457 -1521049472 1132 -4844 -7775
71.127 2 ATTITUDE -0.224291 6.029997 -0.144245
71.169 2 INS 819 197 -135788624 20971 -31457 -1521249280 1138 -4847 -7788
71.169 2 GPS 3 43817667 447810928 461 652575 7 2 2395 294223750 30 0
71.169 2 ATTITUDE -0.224297 6.030079 -0.144242
71.201 2 INS 814 192 -135825920 -41943 41943 -1521449472 1130 -4863 -7734
71.240 2 ROTORCRAFT_FP 192 814 135833232 41943 -41943 1521488640 -918 -590 24699 0 0 0 0 375 0
71.241 2 GPS_INT 0 0 0 404513458 -37290883 702831 652595 0 0 0 50 13 294224000 108 23 3 1
71.241 2 ATTITUDE -0.224261 6.03017 -0.144258
71.256 2 INS 814 192 -135862896 -41943 41943 -1521648000 1125 -4859 -7746
71.272 2 DL_VALUE 23 1.
71.272 2 ATTITUDE -0.224273 6.030296 -0.14419
71.304 2 INS 814 192 -135900064 -41943 41943 -1521847424 1114 -4862 -7751
71.320 2 ATTITUDE -0.224131 6.030234 -0.144165
71.352 2 INS 814 192 -135937216 -41943 41943 -1522046592 1150 -4876 -7740
71.378 2 GPS_INT 0 0 0 404513458 -37290883 702831 652595 0 0 0 50 13 294224000 108 23 3 1
71.379 2 ATTITUDE -0.224135 6.030381 -0.144136
71.493 2 INS 803 189 -135974368 20971 -5242 -1522246272 1127 -4890 -7783
71.493 2 ENERGY 3 8.150944 0.225 1.833962 5.349514 0.075507 0.591879
71.493 2 GVF 33.788654 1 1 1. -1.08,-14.42,3.,3.,0.,2.
71.494 2 CIRCLE -1.08 -14.42 3.
71.494 2 GPS 3 43817664 447810922 461 652589 6 -3 2395 294224250 30 0
71.495 2 ATTITUDE -0.224134 6.030509 -0.14412
71.495 2 ROTORCRAFT_NAV_STATUS 0 0 0. 0. 3 0 2
71.495 2 IMU_MAG_RAW 255 0 0 0
71.495 2 INS 803 189 -136011520 31457 -10485 -1522445696 1149 -4874 -7716
71.496 2 ROVER_CTRL 2.5 2.452528 8155.327148 15. 1400. 600. 1000. 1920. 3433.538818 1.788139 0.047472 -0.056655
71.497 2 ROTORCRAFT_FP 189 803 136018944 -10485 31457 1522485632 -918 -590 24701 0 0 0 0 375 0
71.497 2 ATTITUDE -0.224207 6.030615 -0.14422
71.536 2 INS 803 189 -136048688 31457 -10485 -1522644992 1140 -4841 -7740
71.536 2 SERIAL_COM 363 -4924 1151 -7817 0 0 0 14 264 80 76 0 0 0 0 0
71.537 2 GPS_INT 0 0 0 404513455 -37290885 702824 652589 0 0 0 49 12 294224250 108 24 3 1
71.537 2 ATTITUDE -0.224122 6.030587 -0.144242
71.552 2 INS 803 189 -136085872 31457 -10485 -1522844416 1164 -4910 -7739
71.568 2 ATTITUDE -0.224173 6.030713 -0.14423
71.600 2 INS 803 189 -136123040 31457 -10485 -1523043456 1104 -4887 -7736
71.632 2 ATTITUDE -0.224271 6.030926 -0.144208
71.648 2 INS 793 179 -136160240 -52428 -10485 -1523242880 1174 -4843 -7752
71.664 2 GPS 3 43817660 447810918 461 652562 10 -6 2395 294224500 30 0
71.690 2 GPS_INT 0 0 0 404513451 -37290889 702798 652562 0 0 0 49 16 294224500 108 23 3 1
71.690 2 ATTITUDE -0.22424 6.031055 -0.14417
71.706 2 INS 793 179 -136197424 -52428 -10485 -1523442304 1133 -4866 -7753
71.732 2 ROTORCRAFT_FP 179 793 136204864 -10485 -52428 1523482112 -918 -590 24703 0 0 0 0 375 0
71.733 2 ATTITUDE -0.224214 6.031152 -0.144119
71.748 2 INS 793 179 -136234624 -52428 -10485 -1523641728 1130 -4860 -7751
71.778 2 STATIC_CONTROL 0 0. 0 0. 0. 0. 0. 0. 0. 0. 0. 0. 0.
71.779 2 ATTITUDE -0.224118 6.031141 -0.144115
71.810 2 INS 793 179 -136271824 -52428 -10485 -1523841152 1135 -4850 -7743
71.840 2 LINK_REPORT 2 -1 72 0 218358 4912 0 2848. 66. 22 39.51
71.841 2 GPS_INT 0 0 0 404513451 -37290889 702798 652562 0 0 0 49 16 294224500 108 23 3 1
71.841 2 ATTITUDE -0.224037 6.031228 -0.144144
71.842 2 WP_MOVED_ENU 18 -50798 -51645 2557
71.842 2 WP_MOVED_ENU 18 -50798 -51645 2557
71.857 2 INS 793 179 -136309072 -52428 -10485 -1524041088 1143 -4842 -7740
71.873 2 ATTITUDE -0.224201 6.031392 -0.1441
71.927 2 INS 785 174 -136346256 10485 -31457 -1524240640 1160 -4829 -7761
71.927 2 GVF 33.448208 1 1 1. -1.08,-14.42,3.,3.,0.,2.
71.928 2 CIRCLE -1.08 -14.42 3.
71.928 2 GPS 3 43817658 447810915 461 652560 6 -4 2395 294224750 30 0
71.928 2 ATTITUDE -0.224369 6.031493 -0.144168
72.019 2 INS 785 174 -136383456 15728 -31457 -1524440320 1173 -4893 -7773
72.020 2 ROVER_CTRL 2.5 2.452528 8155.327148 15. 1400. 600. 1000. 1920. 3433.538818 1.788139 0.047472 -0.0569
72.021 2 ROTORCRAFT_FP 174 785 136390896 -31457 15728 1524480128 -919 -590 24705 0 0 0 0 375 0
72.022 2 GPS_INT 0 0 0 404513448 -37290892 702796 652560 0 0 0 48 13 294224750 106 22 3 1
72.023 2 ATTITUDE -0.224433 6.031539 -0.144184
72.024 2 INS 785 174 -136420672 15728 -31457 -1524639360 1129 -4860 -7740
72.024 2 SERIAL_COM 363 -4893 1093 -7765 0 0 0 14 264 80 76 0 0 0 0 0
72.025 2 ATTITUDE -0.224467 6.031595 -0.144185
72.051 2 INS 785 174 -136457888 15728 -31457 -1524838656 1153 -4890 -7745
72.066 2 ATTITUDE -0.224387 6.031619 -0.144195
72.099 2 INS 785 174 -136495104 15728 -31457 -1525037824 1140 -4873 -7731
72.126 2 GPS_INT 0 0 0 404513448 -37290892 702796 652560 0 0 0 48 13 294224750 106 22 3 1
72.126 2 ATTITUDE -0.224393 6.031704 -0.144147
72.158 2 INS 785 174 -136532336 15728 -31457 -1525237120 1140 -4881 -7740
72.158 2 GPS 3 43817658 447810915 461 652560 7 -4 2395 294224750 30 0
72.173 2 ATTITUDE -0.224282 6.031735 -0.144141
72.206 2 INS 778 163 -136569568 -31457 -5242 -1525436416 1135 -4910 -7722
72.236 2 ROTORCRAFT_FP 163 778 136577008 -5242 -31457 1525476352 -919 -590 24706 0 0 0 0 375 0
72.237 2 ATTITUDE -0.224405 6.031848 -0.144174
72.237 2 IMU_MAG_RAW 255 0 0 0
72.252 2 INS 778 163 -136606816 -31457 -5242 -1525636096 1137 -4864 -7764
72.278 2 GPS_INT 0 0 0 404513445 -37290896 702777 652541 0 0 0 48 15 294225000 107 22 3 1
72.278 2 ATTITUDE -0.224435 6.03191 -0.144166
72.294 2 INS 778 163 -136644064 -31457 -5242 -1525835648 1149 -4868 -7747
72.309 2 ROVER_STATUS 0 59 3 0 1 364 8.142113
72.325 2 ATTITUDE -0.224326 6.031944 -0.144129
72.358 2 INS_REF 485058561 -31614701 411670235 404513171 -37290972 700771 650535 0.
72.358 2 INS 778 163 -136681312 -31457 -5242 -1526034688 1177 -4816 -7734
72.373 2 ATTITUDE -0.224207 6.031918 -0.144126
72.428 2 INS 770 158 -136718560 -5242 5242 -1526234496 1161 -4842 -7777
72.429 2 GVF 33.196217 1 1 1. -1.08,-14.42,3.,3.,0.,2.
72.429 2 CIRCLE -1.08 -14.42 3.
72.430 2 GPS 3 43817652 447810908 461 652534 2 3 2395 294225250 30 0
72.492 2 GPS_INT 0 0 0 404513442 -37290899 702770 652534 0 0 0 47 14 294225250 107 24 3 1
72.492 2 ATTITUDE -0.224236 6.03194 -0.144092
72.492 2 INS 770 158 -136755840 -5242 10485 -1526433792 1140 -4855 -7727
72.493 2 ROVER_CTRL 2.5 2.452528 8155.327148 15. 1400. 600. 1000. 1920. 3433.538818 1.788139 0.047472 -0.057109
72.494 2 ROTORCRAFT_FP 158 770 136763296 10485 -5242 1526473728 -918 -590 24707 0 0 0 0 375 0
72.494 2 ATTITUDE -0.224264 6.032123 -0.144074
72.508 2 INS 770 158 -136793120 -5242 10485 -1526633344 1123 -4838 -7742
72.508 2 SERIAL_COM 364 -4855 1140 -7727 0 0 0 14 265 80 76 0 0 0 0 0
72.523 2 ATTITUDE -0.224239 6.032213 -0.144044
72.556 2 INS 770 158 -136830368 -5242 10485 -1526832256 1135 -4875 -7712
72.556 2 GPS_SOL 47 14 107 24
72.582 2 GPS_INT 0 0 0 404513442 -37290899 702770 652534 0 0 0 47 14 294225250 107 24 3 1
72.583 2 ATTITUDE -0.224325 6.032341 -0.144042
72.598 2 INS 770 158 -136867680 -5242 10485 -1527031808 1168 -4863 -7776
72.614 2 ATTITUDE -0.224222 6.032327 -0.144048
72.661 2 INS 760 145 -136904944 10485 -57671 -1527231104 1111 -4868 -7780
72.662 2 GPS 3 43817648 447810905 461 652513 11 5 2395 294225500 30 0
72.676 2 ATTITUDE -0.224383 6.03248 -0.144118
72.692 2 INS 760 145 -136942240 15728 -62914 -1527430784 1157 -4835 -7759
72.735 2 ROTORCRAFT_FP 145 760 136949696 -62914 15728 1527470848 -918 -590 24708 0 0 0 0 375 0
72.735 2 GPS_INT 0 0 0 404513439 -37290904 702749 652513 0 0 0 47 12 294225500 107 24 3 1
72.736 2 ATTITUDE -0.224263 6.032452 -0.144085
72.778 2 INS 760 145 -136979520 15728 -62914 -1527630208 1168 -4856 -7724
72.778 2 STATIC_CONTROL 0 0. 0 0. 0. 0. 0. 0. 0. 0. 0. 0. 0.
72.779 2 ATTITUDE -0.224158 6.032421 -0.144141
72.794 2 INS 760 145 -137016816 15728 -62914 -1527829632 1165 -4853 -7734
72.825 2 ATTITUDE -0.224177 6.032376 -0.144199
72.841 2 LINK_REPORT 2 -1 73 0 221387 4983 0 3029. 71. 22 39.51
72.857 2 INS 760 145 -137054128 15728 -62914 -1528028544 1161 -4841 -7713
72.874 2 GPS_INT 0 0 0 404513439 -37290904 702749 652513 0 0 0 47 12 294225500 107 24 3 1
72.875 2 DL_VALUE 24 1.
72.875 2 ATTITUDE -0.224283 6.032509 -0.144271
72.928 2 INS 752 138 -137091424 -5242 -5242 -1528227712 1136 -4871 -7718
72.929 2 GVF 32.897697 1 1 1. -1.08,-14.42,3.,3.,0.,2.
72.930 2 CIRCLE -1.08 -14.42 3.
72.930 2 GPS 3 43817644 447810903 461 652509 1 6 2395 294225750 30 0
72.930 2 ATTITUDE -0.224275 6.032641 -0.144287
72.984 2 INS 752 138 -137128752 -5242 0 -1528426880 1141 -4863 -7725
72.984 2 ROVER_CTRL 2.5 2.452528 8155.327148 15. 1400. 600. 1000. 1920. 3433.538818 1.788139 0.047472 -0.057363
72.985 2 ROTORCRAFT_FP 138 752 137136224 0 -5242 1528466688 -918 -591 24709 0 0 0 0 375 0
72.985 2 ATTITUDE -0.224115 6.032628 -0.144296
73.058 2 INS 752 138 -137166080 -5242 0 -1528626432 1192 -4880 -7755
73.059 2 SERIAL_COM 364 -4951 1135 -7797 0 0 0 14 265 80 76 0 0 0 0 0
73.059 2 GPS_INT 0 0 0 404513437 -37290908 702744 652509 0 0 0 47 15 294225750 107 23 3 1
73.060 2 ALIVE 122,195,7,233,5,247,195,75,60,187,26,129,128,90,246,93
73.060 2 ATTITUDE -0.224111 6.03267 -0.144247
73.060 2 ROTORCRAFT_NAV_STATUS 1 1 0. 0. 3 0 2
73.060 2 IMU_MAG_RAW 255 0 0 0
73.061 2 INS 752 138 -137203408 -5242 0 -1528826240 1142 -4894 -7741
73.074 2 ATTITUDE -0.224236 6.032919 -0.144247
73.106 2 INS 752 138 -137240720 -5242 0 -1529025536 1189 -4865 -7760
73.122 2 ATTITUDE -0.224209 6.032976 -0.144218
73.123 2 WP_MOVED_ENU 19 -51645 50798 2557
73.139 2 WP_MOVED_ENU 19 -51645 50798 2557
73.155 2 INS 752 138 -137278048 -5242 0 -1529224832 1151 -4854 -7736
73.155 2 GPS 3 43817644 447810903 461 652509 1 6 2395 294225750 30 0
73.181 2 GPS_INT 0 0 0 404513437 -37290908 702744 652509 0 0 0 47 15 294225750 107 23 3 1
73.182 2 ATTITUDE -0.224098 6.032904 -0.144182
73.197 2 INS 747 130 -137315376 -10485 -15728 -1529424640 1155 -4875 -7760
73.224 2 ROTORCRAFT_FP 130 747 137322880 -15728 -10485 1529464832 -917 -590 24710 0 0 0 0 375 0
73.224 2 ATTITUDE -0.224041 6.03292 -0.144208
73.255 2 INS 747 130 -137352720 -10485 -15728 -1529623936 1131 -4879 -7711
73.271 2 ATTITUDE -0.224216 6.033141 -0.144226
73.320 2 INS 747 130 -137390080 -10485 -15728 -1529823232 1184 -4846 -7755
73.321 2 GPS_INT 0 0 0 404513434 -37290911 702751 652515 0 0 0 46 15 294226000 110 22 3 1
73.321 2 ATTITUDE -0.224167 6.033149 -0.144175
73.353 2 INS 747 130 -137427408 -10485 -15728 -1530022912 1158 -4855 -7765
73.353 2 DATALINK_REPORT 3 86 25045 2971 0 4
73.368 2 ATTITUDE -0.224198 6.033289 -0.14417
73.422 2 INS 739 122 -137464768 41943 -5242 -1530222592 1159 -4871 -7766
73.422 2 GVF 32.680702 1 1 1. -1.08,-14.42,3.,3.,0.,2.
73.423 2 CIRCLE -1.08 -14.42 3.
73.423 2 GPS 3 43817638 447810897 461 652512 8 4 2395 294226250 30 0
73.423 2 ATTITUDE -0.224109 6.033304 -0.144192
73.525 2 INS 739 122 -137502160 41943 -5242 -1530421760 1179 -4864 -7750
73.526 2 ROVER_CTRL 2.5 2.452528 8155.327148 15. 1400. 600. 1000. 1920. 3433.538818 1.788139 0.047472 -0.057549
73.526 2 ROTORCRAFT_FP 122 739 137509616 -5242 41943 1530461568 -918 -590 24712 0 0 0 0 375 0
73.527 2 GPS_INT 0 0 0 404513432 -37290915 702748 652512 0 0 0 46 15 294226250 110 22 3 1
73.527 2 ATTITUDE -0.224253 6.033461 -0.144216
73.527 2 INS 739 122 -137539504 41943 -5242 -1530621312 1183 -4864 -7730
73.528 2 SERIAL_COM 365 -4875 1219 -7794 0 0 0 14 266 80 76 0 0 0 0 0
73.528 2 STATE_FILTER_STATUS 6 3 0
73.528 2 ATTITUDE -0.224322 6.033611 -0.14425
73.541 2 INS 739 122 -137576896 41943 -5242 -1530820608 1145 -4862 -7728
73.573 2 ATTITUDE -0.224428 6.033662 -0.1442
73.605 2 INS 739 122 -137614272 41943 -5242 -1531020032 1145 -4834 -7736
73.631 2 GPS_INT 0 0 0 404513432 -37290915 702748 652512 0 0 0 46 15 294226250 110 22 3 1
73.632 2 ATTITUDE -0.224302 6.033655 -0.144172
73.658 2 INS 734 117 -137651632 -20971 -5242 -1531219712 1154 -4866 -7757
73.658 2 GPS 3 43817637 447810895 461 652489 3 5 2395 294226500 30 0
73.673 2 ATTITUDE -0.224446 6.033817 -0.144119
73.705 2 INS 734 117 -137689024 -20971 -10485 -1531419392 1161 -4859 -7758
73.722 2 ROTORCRAFT_FP 117 734 137696512 -10485 -20971 1531459456 -919 -590 24714 0 0 0 0 375 0
73.722 2 ATTITUDE -0.224366 6.033898 -0.144114
73.780 2 INS 734 117 -137726416 -20971 -10485 -1531619200 1142 -4864 -7734
73.781 2 STATIC_CONTROL 0 0. 0 0. 0. 0. 0. 0. 0. 0. 0. 0. 0.
73.782 2 GPS_INT 0 0 0 404513430 -37290917 702725 652489 0 0 0 46 12 294226500 110 24 3 1
73.782 2 ATTITUDE -0.224362 6.033923 -0.14408
73.807 2 INS 734 117 -137763808 -20971 -10485 -1531818496 1139 -4867 -7753
73.808 2 ROVER_STATUS 0 60 3 0 1 365 8.142113
73.823 2 ATTITUDE -0.224302 6.033919 -0.144052
73.824 2 IMU_MAG_RAW 255 0 0 0
73.839 2 INS 734 117 -137801216 -20971 -10485 -1532018304 1161 -4876 -7768
73.842 2 LINK_REPORT 2 -1 74 0 224514 5058 0 3127. 75. 22 39.51
73.871 2 ATTITUDE -0.224321 6.034037 -0.144094
73.925 2 INS 724 110 -137838624 26214 -5242 -1532218240 1159 -4878 -7759
73.926 2 GVF 32.467705 1 1 1. -1.08,-14.42,3.,3.,0.,2.
73.926 2 CIRCLE -1.08 -14.42 3.
73.926 2 GPS 3 43817634 447810892 461 652487 6 4 2395 294226750 30 0
73.979 2 GPS_INT 0 0 0 404513427 -37290920 702723 652487 0 0 0 45 15 294226750 110 23 3 1
73.980 2 ATTITUDE -0.224233 6.034013 -0.144035
73.980 2 INS 724 110 -137876032 26214 -5242 -1532417664 1142 -4846 -7749
73.981 2 ROVER_CTRL 2.5 2.452528 8155.327148 15. 1400. 600. 1000. 1920. 3433.538818 1.788139 0.047472 -0.057756
73.982 2 ROTORCRAFT_FP 110 724 137883536 -5242 26214 1532457984 -918 -589 24715 0 0 0 0 375 0
73.983 2 ATTITUDE -0.224114 6.034039 -0.144
74.007 2 INS 724 110 -137913424 26214 -5242 -1532617088 1174 -4832 -7740
74.008 2 SERIAL_COM 365 -4909 1200 -7841 0 0 0 14 266 80 76 0 0 0 0 0
74.023 2 ATTITUDE -0.224067 6.034194 -0.144011
74.039 2 INS 724 110 -137950864 26214 -5242 -1532816640 1158 -4863 -7783
74.071 2 GPS_INT 0 0 0 404513427 -37290920 702723 652487 0 0 0 45 15 294226750 110 23 3 1
74.071 2 ATTITUDE -0.224121 6.034319 -0.144041
74.102 2 INS 724 110 -137988272 26214 -5242 -1533015680 1165 -4850 -7741
74.119 2 ATTITUDE -0.224077 6.034445 -0.144031
74.160 2 INS 724 110 -138025712 26214 -5242 -1533214976 1154 -4843 -7749
74.161 2 GPS 3 43817634 447810892 461 652487 6 4 2395 294226750 30 0
74.162 2 ATTITUDE -0.224211 6.034605 -0.144011
74.192 2 INS 719 107 -138063136 36700 -5242 -1533414656 1147 -4861 -7770
74.232 2 ROTORCRAFT_FP 107 719 138070656 -10485 41943 1533454848 -918 -589 24717 0 0 0 0 375 0
74.232 2 GPS_INT 0 0 0 404513425 -37290922 702694 652459 0 0 0 45 12 294227000 107 24 3 1
74.233 2 ATTITUDE -0.224151 6.03468 -0.143998
74.248 2 INS 719 107 -138100576 41943 -10485 -1533614080 1139 -4834 -7758
74.264 2 ATTITUDE -0.224198 6.034762 -0.143995
74.295 2 INS 719 107 -138138016 41943 -10485 -1533813632 1177 -4872 -7740
74.311 2 ATTITUDE -0.224317 6.03497 -0.144007
74.343 2 INS 719 107 -138175472 41943 -10485 -1534013440 1179 -4862 -7762
74.370 2 GPS_INT 0 0 0 404513425 -37290922 702694 652459 0 0 0 45 12 294227000 107 24 3 1
74.371 2 ATTITUDE -0.224373 6.035192 -0.143983
74.437 2 INS 716 102 -138212928 31457 31457 -1534212608 1157 -4877 -7769
74.438 2 GVF 32.22982 1 1 1. -1.08,-14.42,3.,3.,0.,2.
74.438 2 CIRCLE -1.08 -14.42 3.
74.439 2 GPS 3 43817631 447810888 461 652434 9 1 2395 294227250 30 0
74.439 2 ATTITUDE -0.224434 6.035216 -0.144046
74.439 2 WP_MOVED_ENU 0 0 0 2560
74.440 2 WP_MOVED_ENU 0 0 0 2560
74.508 2 INS 716 102 -138250384 31457 31457 -1534412032 1171 -4892 -7724
74.509 2 ROVER_CTRL 2.5 2.452528 8155.327148 15. 1400. 600. 1000. 1920. 3433.538818 1.788139 0.047472 -0.05787
74.509 2 ROTORCRAFT_FP 102 716 138257888 31457 31457 1534451968 -919 -590 24720 0 0 0 0 375 0
74.509 2 DL_VALUE 25 0.
74.510 2 ATTITUDE -0.224372 6.035183 -0.144112
74.510 2 INS 716 102 -138287840 31457 31457 -1534611584 1149 -4835 -7751
74.510 2 SERIAL_COM 366 -4880 1146 -7745 0 0 0 14 267 80 76 0 0 0 0 0
74.525 2 GPS_INT 0 0 0 404513424 -37290924 702670 652434 0 0 0 45 11 294227250 107 23 3 1
74.525 2 ATTITUDE -0.224607 6.035378 -0.144116
74.554 2 INS 716 102 -138325296 31457 31457 -1534810624 1159 -4872 -7705
74.555 2 GPS_SOL 45 11 107 23
74.570 2 ATTITUDE -0.22473 6.035528 -0.144154
74.602 2 INS 716 102 -138362800 31457 31457 -1535009792 1174 -4872 -7709
74.618 2 ATTITUDE -0.224504 6.035424 -0.144041
74.650 2 ROTORCRAFT_NAV_STATUS 3 3 0. 0. 3 0 2
74.651 2 IMU_MAG_RAW 255 0 0 0
74.652 2 INS 716 102 -138400320 31457 31457 -1535209600 1144 -4862 -7789
74.653 2 GPS 3 43817630 447810885 461 652432 0 10 2395 294227500 30 0
74.677 2 GPS_INT 0 0 0 404513421 -37290925 702668 652432 0 0 0 45 15 294227500 107 25 3 1
74.678 2 ATTITUDE -0.224462 6.03547 -0.144023
74.694 2 INS 709 99 -138437760 0 0 -1535408640 1135 -4887 -7748
74.719 2 ROTORCRAFT_FP 99 709 138445248 0 0 1535448448 -919 -590 24721 0 0 0 0 375 0
74.720 2 ATTITUDE -0.224389 6.03554 -0.144098
74.766 2 INS 709 99 -138475248 0 0 -1535607936 1164 -4878 -7723
74.766 2 STATIC_CONTROL 0 0. 0 0. 0. 0. 0. 0. 0. 0. 0. 0. 0.
74.767 2 ATTITUDE -0.224601 6.035733 -0.144136
74.797 2 INS 709 99 -138512736 0 0 -1535807616 1174 -4880 -7746
74.823 2 GPS_INT 0 0 0 404513421 -37290925 702668 652432 0 0 0 45 15 294227500 107 25 3 1
74.824 2 ATTITUDE -0.22459 6.035933 -0.144202
74.839 2 INS 709 99 -138550240 0 0 -1536006784 1167 -4865 -7697
74.843 2 LINK_REPORT 2 -1 75 0 227495 5128 0 2981. 70. 22 39.51
74.871 2 ATTITUDE -0.224684 6.036204 -0.144209
74.888 2 INS 701 94 -138587776 10485 -20971 -1536206592 1172 -4895 -7773
74.925 2 GVF 32.070137 1 1 1. -1.08,-14.42,3.,3.,0.,2.
74.926 2 CIRCLE -1.08 -14.42 3.
74.926 2 GPS 3 43817628 447810882 461 652396 5 2 2395 294227750 30 0
74.926 2 ATTITUDE -0.224752 6.036325 -0.144266
74.941 2 INS 701 94 -138625264 10485 -26214 -1536406144 1152 -4873 -7746
75.013 2 ROVER_CTRL 2.5 2.452528 8155.327148 15. 1400. 600. 1000. 1920. 3433.538818 1.788139 0.047472 -0.058075
75.013 2 ROTORCRAFT_FP 94 701 138632768 -26214 10485 1536445952 -920 -590 24724 0 0 0 0 375 0
75.014 2 GPS_INT 0 0 0 404513418 -37290927 702632 652396 0 0 0 44 14 294227750 107 23 3 1
75.015 2 ATTITUDE -0.224604 6.036317 -0.144236
75.015 2 INS 701 94 -138662768 10485 -26214 -1536605440 1180 -4865 -7766
75.016 2 SERIAL_COM 366 -4865 1167 -7697 0 0 0 14 267 80 76 0 0 0 0 0
75.016 2 ATTITUDE -0.224808 6.036463 -0.144297
75.044 2 INS 701 94 -138700288 10485 -26214 -1536804992 1178 -4859 -7742
75.060 2 ATTITUDE -0.224629 6.036365 -0.144225
75.092 2 INS 701 94 -138737808 10485 -26214 -1537004416 1174 -4858 -7788
75.119 2 GPS_INT 0 0 0 404513418 -37290927 702632 652396 0 0 0 44 14 294227750 107 23 3 1
75.120 2 ATTITUDE -0.224417 6.03624 -0.144246
75.151 2 INS 701 94 -138775344 10485 -26214 -1537204096 1158 -4848 -7762
75.151 2 GPS 3 43817628 447810882 461 652396 5 2 2395 294227750 30 0
75.166 2 ATTITUDE -0.224361 6.036255 -0.144181
75.198 2 INS 691 89 -138812880 31457 -10485 -1537403392 1190 -4825 -7735
75.215 2 ROTORCRAFT_FP 89 691 138820384 -10485 31457 1537443328 -918 -590 24724 0 0 0 0 375 0
75.215 2 ATTITUDE -0.224161 6.036164 -0.144128
75.246 2 INS 691 89 -138850400 31457 -10485 -1537603200 1156 -4869 -7767
75.273 2 GPS_INT 0 0 0 404513415 -37290930 702564 652328 0 0 0 44 14 294228000 104 25 3 1
75.273 2 ATTITUDE -0.224216 6.036208 -0.144142
75.307 2 INS 691 89 -138887936 31457 -10485 -1537802752 1147 -4866 -7719
75.307 2 ROVER_STATUS 0 60 3 0 1 367 8.142113
75.319 2 ATTITUDE -0.224214 6.036306 -0.144153
75.335 2 PONG 
75.351 2 INS 691 89 -138925472 31457 -10485 -1538001920 1181 -4865 -7741
75.367 2 ATTITUDE -0.224273 6.036483 -0.144162
75.421 2 INS 691 89 -138963008 31457 -10485 -1538201088 1143 -4881 -7749
75.422 2 GVF 31.789539 1 1 1. -1.08,-14.42,3.,3.,0.,2.
75.422 2 CIRCLE -1.08 -14.42 3.
75.422 2 GPS 3 43817624 447810877 461 652295 4 -2 2395 294228250 30 0
75.483 2 GPS_INT 0 0 0 404513414 -37290932 702531 652295 0 0 0 44 12 294228250 104 24 3 1
75.483 2 ATTITUDE -0.224235 6.036407 -0.144205
75.484 2 IMU_MAG_RAW 255 0 0 0
75.484 2 INS 688 87 -139000560 -10485 -26214 -1538400896 1189 -4852 -7768
75.485 2 ROVER_CTRL 2.5 2.452528 8155.327148 15. 1400. 600. 1000. 1920. 3433.538818 1.788139 0.047472 -0.058254
75.485 2 ROTORCRAFT_FP 87 688 139008064 -26214 -10485 1538440704 -918 -590 24725 0 0 0 0 375 0
75.486 2 ATTITUDE -0.224332 6.036467 -0.144247
75.509 2 INS 688 87 -139038128 -10485 -26214 -1538600192 1172 -4840 -7738
75.509 2 SERIAL_COM 367 -4919 1199 -7815 0 0 0 14 268 80 76 0 0 0 0 0
75.510 2 ATTITUDE -0.22433 6.036506 -0.14432
75.541 2 INS 688 87 -139075712 -10485 -26214 -1538799488 1183 -4839 -7742
75.567 2 GPS_INT 0 0 0 404513414 -37290932 702531 652295 0 0 0 44 12 294228250 104 24 3 1
75.568 2 ATTITUDE -0.224212 6.03641 -0.144204
75.599 2 INS 688 87 -139113264 -10485 -26214 -1538998912 1171 -4877 -7734
75.616 2 ATTITUDE -0.224102 6.036382 -0.144182
75.648 2 INS 688 87 -139150816 -10485 -26214 -1539198208 1166 -4880 -7763
75.648 2 GPS 3 43817621 447810874 461 652241 9 -7 2395 294228500 30 0
75.663 2 ATTITUDE -0.224187 6.036365 -0.144177
75.696 2 INS 680 79 -139188400 52428 -5242 -1539397760 1184 -4869 -7759
75.765 2 ROTORCRAFT_FP 79 680 139195920 -5242 52428 1539437312 -918 -590 24725 0 0 0 0 375 0
75.765 2 GPS_INT 0 0 0 404513411 -37290935 702477 652241 0 0 0 44 13 294228500 107 24 3 1
75.766 2 ALIVE 122,195,7,233,5,247,195,75,60,187,26,129,128,90,246,93
75.766 2 ATTITUDE -0.224195 6.036542 -0.14416
75.766 2 WP_MOVED_ENU 1 0 0 2560
75.766 2 WP_MOVED_ENU 1 0 0 2560
75.766 2 INS 680 79 -139225984 52428 -5242 -1539596800 1152 -4883 -7768
75.767 2 STATIC_CONTROL 0 0. 0 0. 0. 0. 0. 0. 0. 0. 0. 0. 0.
75.767 2 ATTITUDE -0.224286 6.036721 -0.144233
75.796 2 INS 680 79 -139263584 52428 -5242 -1539795968 1160 -4859 -7749
75.812 2 ATTITUDE -0.224116 6.036808 -0.144152
75.844 2 LINK_REPORT 2 -1 76 0 230354 5196 0 2859. 68. 23 31.51
75.844 2 INS 680 79 -139301200 52428 -5242 -1539995904 1156 -4844 -7754
75.870 2 GPS_INT 0 0 0 404513411 -37290935 702477 652241 0 0 0 44 13 294228500 107 24 3 1
75.871 2 ATTITUDE -0.224081 6.036905 -0.144212
75.886 2 INS 675 74 -139338800 0 -26214 -1540195456 1144 -4850 -7728
75.925 2 ENERGY 3 8.142113 0.225 1.831975 5.302466 0.075805 0.594307
75.925 2 GVF 31.614059 1 1 1. -1.08,-14.42,3.,3.,0.,2.
75.926 2 CIRCLE -1.08 -14.42 3.
75.926 2 GPS 3 43817619 447810872 461 652210 5 3 2395 294228750 30 0
75.926 2 ATTITUDE -0.223969 6.036817 -0.144205
75.975 2 BLOCK 5 2
75.981 2 INS 675 74 -139376400 0 -31457 -1540394624 1172 -4850 -7741
75.982 2 ROVER_CTRL 2.5 2.452528 8155.327148 15. 1400. 600. 1000. 1920. 3433.538818 1.788139 0.047472 -0.05844
75.983 2 ROTORCRAFT_FP 74 675 139383920 -31457 0 1540434304 -917 -590 24727 0 0 0 0 375 0
75.983 2 ATTITUDE -0.224027 6.036925 -0.144251
76.022 2 INS 675 74 -139414016 0 -31457 -1540593536 1172 -4846 -7742
76.022 2 SERIAL_COM 367 -4858 1207 -7819 0 0 0 14 268 80 76 0 0 0 0 0
76.023 2 GPS_INT 0 0 0 404513409 -37290938 702446 652210 0 0 0 43 13 294228750 107 23 3 1
76.023 2 ATTITUDE -0.223914 6.036775 -0.144266
76.062 2 GVF_PARAMETRIC 5 1 0. 0.,0.199,0.199,0.546583,0.546583,0.05,61.347656,53.699219,0.,0.,0.,0.,0.,0.,0.,0. -1.449232,-1.475797
76.063 2 INS 675 74 -139451648 0 -31457 -1540792960 1190 -4869 -7755
76.063 2 DL_VALUE 26 0.
76.063 2 ATTITUDE -0.223995 6.037016 -0.14427
76.093 2 INS 675 74 -139489264 0 -31457 -1540992640 1179 -4836 -7763
76.109 2 ATTITUDE -0.224141 6.037192 -0.144289
76.152 2 INS 675 74 -139526864 0 -31457 -1541192192 1175 -4872 -7765
76.153 2 GPS 3 43817619 447810872 461 652210 5 3 2395 294228750 30 0
76.178 2 GPS_INT 0 0 0 404513409 -37290938 702446 652210 0 0 0 43 13 294228750 107 23 3 1
76.179 2 ATTITUDE -0.224051 6.037061 -0.144345
76.194 2 INS 670 69 -139564496 5242 -26214 -1541391616 1185 -4827 -7761
76.220 2 ROTORCRAFT_FP 69 670 139572016 -26214 5242 1541431424 -917 -591 24727 0 0 0 0 375 0
76.221 2 ATTITUDE -0.224017 6.037023 -0.144369
76.221 2 ROTORCRAFT_NAV_STATUS 1 1 0. 0. 5 0 2
76.221 2 IMU_MAG_RAW 255 0 0 0
76.236 2 INS 670 69 -139602128 5242 -26214 -1541590784 1169 -4882 -7744
76.268 2 ATTITUDE -0.224088 6.037115 -0.144397
76.284 2 INS 670 69 -139639760 5242 -26214 -1541789952 1159 -4860 -7735
76.315 2 GPS_INT 0 0 0 404513407 -37290940 702440 652204 0 0 0 43 11 294229000 107 24 3 1
76.316 2 ATTITUDE -0.224078 6.037257 -0.144454
76.347 2 INS 670 69 -139677408 5242 -26214 -1541989248 1204 -4858 -7761
76.363 2 ATTITUDE -0.224122 6.037358 -0.144467
76.395 2 INS 670 69 -139715056 5242 -26214 -1542188928 1174 -4842 -7773
76.395 2 GPS 3 43817614 447810867 461 652203 5 17 2395 294229250 30 0
76.411 2 ATTITUDE -0.224196 6.037404 -0.144428
76.519 2 GVF_PARAMETRIC 5 1 -7e-06 -6.,15.398438,4.558594,27.417969,28.609375,49.796875,50.96875,67.96875,0.,0.,0.,0.,0.,0.,0.,0. -1.516029,-1.554703
76.519 2 INS 663 61 -139752784 5242 -31457 -1542388992 1175 -4860 -7768
76.520 2 ROVER_CTRL 2.5 2.452528 8155.327148 15. 1400. 600. 1000. 1920. 3433.538818 1.788139 0.047472 -0.
76.520 2 ROTORCRAFT_FP 61 663 139760256 -31457 5242 1542428544 -919 -591 24730 0 0 0 0 375 0
76.521 2 GPS_INT 0 0 0 404513405 -37290943 702438 652203 0 0 0 43 16 294229250 107 23 3 1
76.521 2 ATTITUDE -0.224439 6.037729 -0.144456
76.521 2 INS 663 61 -139790400 5242 -31457 -1542588160 1179 -4888 -7770
76.522 2 SERIAL_COM 368 -4895 1209 -7821 0 0 0 14 269 80 76 0 0 0 0 0
76.522 2 ATTITUDE -0.224504 6.037884 -0.144414
76.534 2 INS 663 61 -139828064 5242 -31457 -1542787456 1169 -4854 -7710
76.550 2 GPS_SOL 43 16 107 23
76.566 2 ATTITUDE -0.22462 6.037997 -0.1445
76.582 2 INS 663 61 -139865744 5242 -31457 -1542986880 1197 -4858 -7731
76.614 2 GPS_INT 0 0 0 404513405 -37290943 702438 652203 0 0 0 43 16 294229250 107 23 3 1
76.615 2 ATTITUDE -0.224544 6.038125 -0.144562
76.646 2 INS 663 61 -139903440 5242 -31457 -1543186432 1179 -4878 -7738
76.646 2 GPS 3 43817613 447810863 461 652152 8 -5 2395 294229500 30 0
76.662 2 ATTITUDE -0.224536 6.038265 -0.144569
76.694 2 INS 652 58 -139941104 10485 41943 -1543385728 1180 -4896 -7742
76.720 2 ROTORCRAFT_FP 58 652 139948640 41943 10485 1543425664 -919 -592 24732 0 0 0 0 375 0
76.720 2 STATE_FILTER_STATUS 6 3 0
76.721 2 ATTITUDE -0.224491 6.038297 -0.144565
76.736 2 INS 652 58 -139978800 10485 41943 -1543585280 1199 -4871 -7748
76.776 2 STATIC_CONTROL 0 0. 0 0. 0. 0. 0. 0. 0. 0. 0. 0. 0.
76.777 2 GPS_INT 0 0 0 404513401 -37290944 702388 652152 0 0 0 43 11 294229500 110 22 3 1
76.777 2 ATTITUDE -0.224571 6.038365 -0.144588
76.792 2 INS 652 58 -140016480 10485 41943 -1543784448 1222 -4884 -7757
76.793 2 ROVER_STATUS 0 58 3 0 1 368 8.150944
76.808 2 ATTITUDE -0.224464 6.038346 -0.144596
76.844 2 LINK_REPORT 2 -1 77 0 233475 5267 0 3121. 71. 24 31.51
76.861 2 GVF_PARAMETRIC 5 1 -1e-05 6.,18.136719,41.308594,44.878906,19.75,29.046875,61.347656,53.699219,0.,0.,0.,0.,0.,0.,0.,0. -1.5172,-1.559
76.862 2 INS 652 58 -140054176 10485 41943 -1543983744 1186 -4863 -7751
76.862 2 ATTITUDE -0.224455 6.03834 -0.144626
76.903 2 INS 652 58 -140091888 10485 41943 -1544183296 1189 -4857 -7762
76.903 2 GPS 3 43817613 447810861 461 652104 4 -4 2395 294229750 30 0
76.919 2 GPS_INT 0 0 0 404513399 -37290944 702339 652104 0 0 0 43 14 294229750 110 22 3 1
76.920 2 ATTITUDE -0.224364 6.038352 -0.144541
76.935 2 INS 645 61 -140129584 5242 -26214 -1544382848 1182 -4848 -7731
76.975 2 ROVER_CTRL 2.5 2.452528 8155.327148 15. 1400. 600. 1000. 1920. 3433.538818 1.788139 0.047472 -0.
76.976 2 ROTORCRAFT_FP 61 645 140137120 -26214 5242 1544422656 -918 -592 24732 0 0 0 0 375 0
76.977 2 ATTITUDE -0.224277 6.038314 -0.144545
77.003 2 INS 645 61 -140167296 5242 -26214 -1544582400 1170 -4877 -7764
77.004 2 SERIAL_COM 368 -4855 1250 -7792 0 0 0 14 269 80 76 0 0 0 0 0
77.004 2 ATTITUDE -0.224435 6.0385 -0.144552
77.034 2 WP_MOVED_ENU 2 -276 -3691 2560
77.034 2 WP_MOVED_ENU 2 -276 -3691 2560
77.034 2 IMU_MAG_RAW 255 0 0 0
77.064 2 INS 645 61 -140205008 5242 -26214 -1544782208 1208 -4876 -7712
77.064 2 GPS_INT 0 0 0 404513399 -37290944 702339 652104 0 0 0 43 14 294229750 110 22 3 1
77.065 2 ATTITUDE -0.224359 6.038402 -0.144523
77.096 2 INS 645 61 -140242720 5242 -26214 -1544981504 1204 -4838 -7756
77.112 2 ATTITUDE -0.22444 6.038579 -0.144544
77.144 2 INS 645 61 -140280448 5242 -26214 -1545181056 1178 -4863 -7786
77.144 2 GPS 3 43817613 447810861 461 652104 5 -4 2395 294229750 30 0
77.160 2 ATTITUDE -0.224625 6.038738 -0.144621
77.192 2 INS 637 56 -140318176 0 -5242 -1545380736 1180 -4881 -7771
77.229 2 ROTORCRAFT_FP 56 637 140325712 -5242 0 1545420800 -919 -592 24734 0 0 0 0 375 0
77.229 2 GPS_INT 0 0 0 404513396 -37290946 702301 652065 0 0 0 42 17 294230000 110 24 3 1
77.230 2 ATTITUDE -0.224421 6.038635 -0.144638
77.267 2 GVF_PARAMETRIC 5 1 -2e-06 0.,0.199,0.199,0.546583,0.546583,0.05,61.347656,53.699219,0.,0.,0.,0.,0.,0.,0.,0. -1.517982,-1.564859
77.268 2 INS 637 56 -140355904 -5242 -5242 -1545580160 1181 -4869 -7720
77.268 2 ATTITUDE -0.224523 6.038825 -0.144606
77.283 2 INS 637 56 -140393632 -5242 -5242 -1545779456 1190 -4859 -7761
77.315 2 ATTITUDE -0.224684 6.039011 -0.14457
77.331 2 INS 637 56 -140431376 -5242 -5242 -1545979136 1190 -4898 -7751
77.363 2 GPS_INT 0 0 0 404513396 -37290946 702301 652065 0 0 0 42 17 294230000 110 24 3 1
77.364 2 ATTITUDE -0.224867 6.039154 -0.144619
77.395 2 INS 637 56 -140469136 -5242 -5242 -1546178688 1232 -4851 -7745
77.395 2 GPS 3 43817611 447810854 461 652031 2 0 2395 294230250 30 0
77.411 2 ATTITUDE -0.224816 6.03915 -0.144601
77.427 2 INS_REF 485058561 -31614701 411670235 404513171 -37290972 700771 650535 0.
77.478 2 INS 629 53 -140506880 0 -20971 -1546377984 1191 -4880 -7761
77.478 2 ROVER_CTRL 2.5 2.452528 8155.327148 15. 1400. 600. 1000. 1920. 3433.538818 1.788139 0.047472 -0.
77.479 2 ROTORCRAFT_FP 53 629 140514432 -20971 0 1546417792 -920 -592 24736 0 0 0 0 375 0
77.479 2 ATTITUDE -0.224742 6.0392 -0.144548
77.494 2 INS 629 53 -140544640 0 -20971 -1546577664 1172 -4856 -7769
77.494 2 SERIAL_COM 369 -4893 1186 -7822 0 0 0 14 270 80 76 0 0 0 0 0
77.520 2 GPS_INT 0 0 0 404513393 -37290947 702266 652031 0 0 0 42 12 294230250 110 22 3 1
77.520 2 ATTITUDE -0.224516 6.039164 -0.144547
77.536 2 INS 629 53 -140582416 0 -20971 -1546776960 1188 -4849 -7765
77.552 2 ATTITUDE -0.224637 6.039331 -0.144528
77.584 2 INS 629 53 -140620192 0 -20971 -1546976512 1176 -4893 -7749
77.616 2 ATTITUDE -0.224819 6.039532 -0.144551
77.690 2 GVF_PARAMETRIC 5 1 -5e-06 -6.,15.398438,4.558594,27.417969,28.609375,49.796875,50.96875,67.96875,0.,0.,0.,0.,0.,0.,0.,0. -1.519153,-1.567984
77.691 2 INS 629 53 -140657952 0 -20971 -1547176192 1177 -4866 -7746
77.691 2 GPS 3 43817610 447810852 461 651998 8 0 2395 294230500 30 0
77.692 2 GPS_INT 0 0 0 404513391 -37290948 702234 651998 0 0 0 42 14 294230500 110 23 3 1
77.692 2 DL_VALUE 27 0.
77.693 2 ATTITUDE -0.224757 6.039573 -0.144546
77.693 2 INS 622 51 -140695744 41943 -15728 -1547375360 1210 -4870 -7747
77.716 2 ROTORCRAFT_FP 51 622 140703280 -15728 41943 1547415168 -920 -592 24738 0 0 0 0 375 0
77.716 2 ATTITUDE -0.224842 6.039745 -0.144578
77.732 2 INS 622 51 -140733520 41943 -15728 -1547574528 1208 -4867 -7758
77.762 2 STATIC_CONTROL 0 0. 0 0. 0. 0. 0. 0. 0. 0. 0. 0. 0.
77.762 2 ATTITUDE -0.224962 6.039886 -0.144532
77.794 2 INS 622 51 -140771312 41943 -15728 -1547774080 1194 -4867 -7799
77.825 2 GPS_INT 0 0 0 404513391 -37290948 702234 651998 0 0 0 42 14 294230500 110 23 3 1
77.826 2 ATTITUDE -0.224851 6.039901 -0.144467
77.826 2 ROTORCRAFT_NAV_STATUS 2 2 0. 0. 5 0 2
77.826 2 IMU_MAG_RAW 255 0 0 0
77.841 2 INS 622 51 -140809104 41943 -15728 -1547973504 1180 -4852 -7750
77.845 2 LINK_REPORT 2 -1 78 0 236685 5338 0 3210. 71. 24 31.51
77.857 2 ATTITUDE -0.224781 6.040065 -0.144511
77.899 2 INS 622 51 -140846912 41943 -15728 -1548172928 1191 -4866 -7735
77.899 2 GPS 3 43817609 447810851 461 651962 3 0 2395 294230750 30 0
77.915 2 ATTITUDE -0.224839 6.040154 -0.144582
77.931 2 INS 619 48 -140884736 5242 5242 -1548372736 1222 -4888 -7771
78.004 2 ROVER_CTRL 2.5 2.452528 8155.327148 15. 1400. 600. 1000. 1920. 3433.538818 1.788139 0.047472 -0.
78.004 2 ROTORCRAFT_FP 48 619 140892320 5242 5242 1548412928 -921 -592 24740 0 0 0 0 375 0
78.005 2 GPS_INT 0 0 0 404513390 -37290949 702198 651962 0 0 0 42 10 294230750 110 23 3 1
78.005 2 ATTITUDE -0.224991 6.040308 -0.144529
78.005 2 INS 619 48 -140922512 5242 5242 -1548572288 1166 -4886 -7737
78.005 2 SERIAL_COM 369 -4881 1165 -7788 0 0 0 14 270 80 76 0 0 0 0 0
78.006 2 ATTITUDE -0.224894 6.040268 -0.144554
78.057 2 GVF_PARAMETRIC 5 1 -2e-06 6.,18.136719,41.308594,44.878906,19.75,29.046875,61.347656,53.699219,0.,0.,0.,0.,0.,0.,0.,0. -1.521107,-1.57189
78.058 2 INS 619 48 -140960384 5242 5242 -1548772224 1198 -4896 -7726
78.058 2 ATTITUDE -0.224952 6.040368 -0.14456
78.089 2 INS 619 48 -140998160 5242 5242 -1548971392 1186 -4857 -7752
78.115 2 GPS_INT 0 0 0 404513390 -37290949 702198 651962 0 0 0 42 10 294230750 110 23 3 1
78.115 2 ATTITUDE -0.224983 6.040421 -0.144617
78.146 2 INS 619 48 -141035968 5242 5242 -1549170560 1180 -4872 -7734
78.146 2 GPS 3 43817609 447810851 461 651962 3 -1 2395 294230750 30 0
78.161 2 ATTITUDE -0.225069 6.040546 -0.144647
78.194 2 INS 614 51 -141073776 15728 20971 -1549369984 1211 -4869 -7732
78.210 2 ROTORCRAFT_FP 51 614 141081376 20971 15728 1549410048 -922 -592 24741 0 0 0 0 375 0
78.210 2 ATTITUDE -0.225015 6.040433 -0.144653
78.242 2 INS 614 51 -141111600 15728 26214 -1549569280 1186 -4881 -7721
78.258 2 GPS_INT 0 0 0 404513388 -37290948 702164 651928 0 0 0 42 12 294231000 110 24 3 1
78.258 2 ATTITUDE -0.224984 6.040579 -0.144624
78.290 2 INS 614 51 -141149440 15728 26214 -1549768448 1183 -4864 -7741
78.290 2 ROVER_STATUS 0 56 3 0 1 370 8.150944
78.309 2 ATTITUDE -0.224697 6.040358 -0.144612
78.336 2 WP_MOVED_ENU 3 3942 4643 2974
78.337 2 WP_MOVED_ENU 3 3942 4643 2974
78.337 2 INS 614 51 -141187280 15728 26214 -1549967616 1203 -4885 -7739
78.352 2 ATTITUDE -0.224848 6.040648 -0.144628
78.396 2 INS 614 51 -141225136 15728 26214 -1550166912 1204 -4892 -7747
78.397 2 GPS 3 43817611 447810844 989 651906 15 6 2395 294231250 30 0
78.422 2 GPS_INT 0 0 0 404513384 -37290946 702142 651906 0 0 0 41 13 294231250 110 22 3 1
78.422 2 ALIVE 122,195,7,233,5,247,195,75,60,187,26,129,128,90,246,93
78.423 2 ATTITUDE -0.224773 6.040759 -0.144641
78.502 2 GVF_PARAMETRIC 5 1 -1.8e-05 0.,0.199,0.199,0.546583,0.546583,0.05,61.347656,53.699219,0.,0.,0.,0.,0.,0.,0.,0. -1.519153,-1.57775
78.503 2 INS 604 53 -141263024 -68157 36700 -1550366976 1205 -4854 -7762
78.503 2 DATALINK_REPORT 3 88 25402 3045 0 4
78.503 2 ROVER_CTRL 2.5 2.452528 8155.327148 15. 1400. 600. 1000. 1920. 3433.538818 1.788139 0.047472 -0.
78.504 2 ROTORCRAFT_FP 53 604 141270544 36700 -68157 1550406528 -920 -592 24742 0 0 0 0 375 0
78.504 2 ATTITUDE -0.224517 6.040659 -0.144647
78.504 2 INS 604 53 -141300816 -68157 36700 -1550566144 1147 -4902 -7724
78.505 2 SERIAL_COM 370 -4854 1205 -7762 0 0 0 14 271 80 76 0 0 0 0 0
78.505 2 ATTITUDE -0.224515 6.040788 -0.144614
78.545 2 INS 604 53 -141338656 -68157 36700 -1550765824 1197 -4846 -7774
78.545 2 GPS_SOL 41 13 110 22
78.561 2 GPS_INT 0 0 0 404513384 -37290946 702142 651906 0 0 0 41 13 294231250 110 22 3 1
78.561 2 ATTITUDE -0.224283 6.040726 -0.144534
78.593 2 INS 604 53 -141376528 -68157 36700 -1550964992 1202 -4858 -7756
78.608 2 ATTITUDE -0.224178 6.040729 -0.14457
78.609 2 IMU_MAG_RAW 255 0 0 0
78.641 2 INS 604 53 -141414400 -68157 36700 -1551164288 1207 -4844 -7729
78.641 2 GPS 3 43817611 447810841 989 651875 6 -2 2395 294231500 30 0
78.657 2 ATTITUDE -0.224198 6.04082 -0.144595
78.689 2 INS 593 53 -141452272 15728 -31457 -1551364096 1192 -4869 -7774
78.726 2 ROTORCRAFT_FP 53 593 141459872 -31457 15728 1551404160 -918 -592 24743 0 0 0 0 375 0
78.726 2 GPS_INT 0 0 0 404513381 -37290946 702111 651875 0 0 0 41 12 294231500 110 23 3 1
78.726 2 ATTITUDE -0.22417 6.040766 -0.144581
78.756 2 INS 593 53 -141490128 15728 -31457 -1551563008 1195 -4840 -7711
78.756 2 STATIC_CONTROL 0 0. 0 0. 0. 0. 0. 0. 0. 0. 0. 0. 0.
78.756 2 ATTITUDE -0.224283 6.040995 -0.144578
78.788 2 INS 593 53 -141528016 15728 -31457 -1551762432 1186 -4868 -7730
78.803 2 ATTITUDE -0.224219 6.040902 -0.144547
78.846 2 LINK_REPORT 2 -1 79 0 239619 5405 0 2934. 67. 24 31.51
78.868 2 GVF_PARAMETRIC 5 1 -8e-06 -6.,15.398438,4.558594,27.417969,28.609375,49.796875,50.96875,67.96875,0.,0.,0.,0.,0.,0.,0.,0. -1.519153,-1.582047
78.869 2 INS 593 53 -141565904 15728 -31457 -1551961728 1180 -4856 -7734
78.869 2 GPS_INT 0 0 0 404513381 -37290946 702111 651875 0 0 0 41 12 294231500 110 23 3 1
78.869 2 ATTITUDE -0.224078 6.040946 -0.144496
78.898 2 INS 593 53 -141603808 15728 -31457 -1552161024 1174 -4828 -7708
78.898 2 GPS 3 43817611 447810838 989 651816 4 -3 2395 294231750 30 0
78.898 2 ATTITUDE -0.223999 6.040975 -0.144395
78.930 2 INS 588 53 -141641712 15728 -10485 -1552360448 1186 -4861 -7772
78.970 2 ROVER_CTRL 2.5 2.452528 8155.327148 15. 1400. 600. 1000. 1920. 3433.538818 1.788139 0.047472 -0.
78.970 2 ROTORCRAFT_FP 53 588 141649296 -10485 15728 1552400256 -917 -591 24744 0 0 0 0 375 0
78.970 2 ATTITUDE -0.223989 6.041051 -0.144449
79.013 2 INS 588 53 -141679632 15728 -10485 -1552560128 1204 -4828 -7764
79.013 2 SERIAL_COM 370 -4921 1215 -7794 0 0 0 14 271 80 76 0 0 0 0 0
79.014 2 GPS_INT 0 0 0 404513379 -37290947 702052 651816 0 0 0 41 13 294231750 110 24 3 1
79.014 2 ATTITUDE -0.224084 6.04116 -0.144418
79.028 2 INS 588 53 -141717536 15728 -10485 -1552759552 1193 -4854 -7734
79.060 2 ATTITUDE -0.224186 6.04141 -0.144453
79.077 2 INS 588 53 -141755456 15728 -10485 -1552958848 1209 -4809 -7729
79.108 2 ATTITUDE -0.224245 6.041509 -0.144467
79.140 2 INS 588 53 -141793360 15728 -10485 -1553157888 1205 -4852 -7738
79.141 2 GPS 3 43817611 447810838 989 651816 4 -4 2395 294231750 30 0
79.167 2 GPS_INT 0 0 0 404513379 -37290947 702052 651816 0 0 0 41 13 294231750 110 24 3 1
79.167 2 ATTITUDE -0.22424 6.041532 -0.144478
79.182 2 INS 581 48 -141831280 15728 -31457 -1553357312 1190 -4837 -7743
79.209 2 ROTORCRAFT_FP 48 581 141838864 -31457 10485 1553397248 -919 -591 24746 0 0 0 0 375 0
79.209 2 ATTITUDE -0.224357 6.041583 -0.144447
79.263 2 GVF_PARAMETRIC 5 1 -8e-06 6.,18.136719,41.308594,44.878906,19.75,29.046875,61.347656,53.699219,0.,0.,0.,0.,0.,0.,0.,0. -1.521107,-1.586734
79.263 2 INS 581 48 -141869216 10485 -31457 -1553556864 1174 -4865 -7747
79.264 2 DL_VALUE 28 2.
79.264 2 ATTITUDE -0.224432 6.041788 -0.144434
79.279 2 INS 581 48 -141907136 10485 -31457 -1553756416 1188 -4875 -7748
79.310 2 GPS_INT 0 0 0 404513377 -37290949 702009 651773 0 0 0 41 12 294232000 110 23 3 1
79.310 2 ATTITUDE -0.224361 6.041709 -0.144446
79.339 2 INS 581 48 -141945072 10485 -31457 -1553955712 1214 -4868 -7783
79.355 2 ATTITUDE -0.224203 6.041596 -0.144397
79.388 2 INS 581 48 -141983008 10485 -31457 -1554155520 1184 -4841 -7742
79.388 2 GPS 3 43817608 447810834 989 651745 4 4 2395 294232250 30 0
79.403 2 ATTITUDE -0.224333 6.041832 -0.144477
79.432 2 ROTORCRAFT_NAV_STATUS 4 4 0. 0. 5 0 2
79.433 2 IMU_MAG_RAW 255 0 0 0
79.433 2 INS 578 46 -142020944 10485 -20971 -1554354944 1194 -4871 -7745
79.515 2 ROVER_CTRL 2.5 2.452528 8155.327148 15. 1400. 600. 1000. 1920. 3433.538818 1.788139 0.047472 -0.
79.515 2 ROTORCRAFT_FP 46 578 142028544 -20971 10485 1554394752 -918 -591 24747 0 0 0 0 375 0
79.515 2 GPS_INT 0 0 0 404513375 -37290950 701981 651745 0 0 0 41 16 294232250 110 24 3 1
79.516 2 AUTOPILOT_VERSION 60200 v6.2_unstable-650-g74eaf7c20-dirty
79.516 2 ATTITUDE -0.224354 6.041878 -0.144503
79.516 2 INS 578 46 -142058896 10485 -20971 -1554553984 1200 -4841 -7742
79.516 2 SERIAL_COM 371 -4880 1237 -7783 0 0 0 14 272 80 76 0 0 0 0 0
79.517 2 ATTITUDE -0.224276 6.041907 -0.1445
79.530 2 INS 578 46 -142096880 10485 -20971 -1554753536 1188 -4840 -7753
79.546 2 ATTITUDE -0.224443 6.042088 -0.144496
79.579 2 INS 578 46 -142134832 10485 -20971 -1554952832 1196 -4860 -7727
79.621 2 GPS_INT 0 0 0 404513375 -37290950 701981 651745 0 0 0 41 16 294232250 110 24 3 1
79.622 2 ATTITUDE -0.224584 6.042238 -0.144533
79.622 2 WP_MOVED_ENU 4 1167 10575 2972
79.622 2 WP_MOVED_ENU 4 1167 10575 2972
79.672 2 GVF_PARAMETRIC 5 1 -5e-06 0.,0.199,0.199,0.546583,0.546583,0.05,61.347656,53.699219,0.,0.,0.,0.,0.,0.,0.,0. -1.521888,-1.587906
79.672 2 INS 578 46 -142172800 10485 -20971 -1555152128 1181 -4866 -7771
79.673 2 GPS 3 43817608 447810834 989 651745 4 4 2395 294232250 30 0
79.673 2 ATTITUDE -0.224556 6.04232 -0.144505
79.687 2 INS 570 43 -142210784 5242 0 -1555351296 1238 -4867 -7706
79.704 2 ROTORCRAFT_FP 43 570 142218368 0 5242 1555391232 -920 -592 24749 0 0 0 0 375 0
79.704 2 ATTITUDE -0.224695 6.042448 -0.144512
79.763 2 INS 570 43 -142248768 5242 0 -1555550464 1194 -4852 -7739
79.764 2 STATIC_CONTROL 0 0. 0 0. 0. 0. 0. 0. 0. 0. 0. 0. 0.
79.764 2 GPS_INT 0 0 0 404513373 -37290951 701953 651717 0 0 0 41 17 294232500 110 22 3 1
79.765 2 ATTITUDE -0.224638 6.042482 -0.144443
79.791 2 INS 570 43 -142286768 5242 0 -1555749760 1206 -4880 -7760
79.792 2 ROVER_STATUS 0 60 3 0 1 371 8.142113
79.811 2 ATTITUDE -0.224659 6.042603 -0.144452
79.839 2 INS 570 43 -142324752 5242 0 -1555949440 1189 -4872 -7768
79.847 2 LINK_REPORT 2 -1 80 0 242834 5476 0 3215. 71. 24 31.51
79.855 2 ATTITUDE -0.224553 6.042602 -0.144403
79.888 2 INS 570 43 -142362736 5242 0 -1556148480 1196 -4834 -7754
79.888 2 GPS 3 43817606 447810829 989 651682 3 4 2395 294232750 30 0
79.914 2 GPS_INT 0 0 0 404513370 -37290952 701918 651682 0 0 0 41 15 294232750 110 22 3 1
79.915 2 STATE_FILTER_STATUS 6 3 0
79.915 2 ATTITUDE -0.224446 6.042568 -0.144443
79.929 2 INS 563 43 -142400720 5242 10485 -1556347648 1181 -4839 -7724
79.968 2 ROVER_CTRL 2.5 2.452528 8155.327148 15. 1400. 600. 1000. 1920. 3433.538818 1.788139 0.047472 -0.
79.969 2 ROTORCRAFT_FP 43 563 142408320 10485 5242 1556387584 -919 -591 24750 0 0 0 0 375 0
79.969 2 ATTITUDE -0.224413 6.042674 -0.144423
79.996 2 INS 563 43 -142438736 5242 10485 -1556547072 1190 -4854 -7739
79.997 2 SERIAL_COM 371 -4881 1227 -7832 0 0 0 14 272 80 76 0 0 0 0 0
79.997 2 ATTITUDE -0.224666 6.042927 -0.144492
80.062 2 GVF_PARAMETRIC 5 1 -3e-06 -6.,15.398438,4.558594,27.417969,28.609375,49.796875,50.96875,67.96875,0.,0.,0.,0.,0.,0.,0.,0. -1.52306,-1.593765
80.063 2 INS 563 43 -142476720 5242 10485 -1556746112 1224 -4863 -7738
80.063 2 GPS_INT 0 0 0 404513370 -37290952 701918 651682 0 0 0 41 15 294232750 110 22 3 1
80.063 2 ATTITUDE -0.224748 6.042959 -0.144543
80.077 2 INS 563 43 -142514720 5242 10485 -1556945024 1199 -4860 -7731
80.109 2 ATTITUDE -0.224856 6.043003 -0.144602
80.140 2 INS 563 43 -142552720 5242 10485 -1557144448 1208 -4857 -7755
80.141 2 GPS 3 43817606 447810829 989 651682 3 4 2395 294232750 30 0
80.156 2 ATTITUDE -0.224904 6.043174 -0.144544
80.188 2 INS 563 43 -142590736 5242 10485 -1557343744 1203 -4851 -7733
80.237 2 ROTORCRAFT_FP 43 558 142598336 -5242 -20971 1557383552 -921 -592 24753 0 0 0 0 375 0
80.238 2 GPS_INT 0 0 0 404513368 -37290952 701878 651642 0 0 0 41 17 294233000 110 23 3 1
80.239 2 ATTITUDE -0.224964 6.043277 -0.144579
80.239 2 IMU_MAG_RAW 255 0 0 0
80.239 2 INS 558 43 -142628768 -20971 -5242 -1557543168 1170 -4874 -7764
80.253 2 ATTITUDE -0.22486 6.043172 -0.144596
80.285 2 INS 558 43 -142666784 -20971 -5242 -1557742720 1240 -4848 -7745
80.301 2 ATTITUDE -0.224955 6.043214 -0.144548
80.358 2 INS 558 43 -142704816 -20971 -5242 -1557941888 1192 -4839 -7712
80.359 2 GPS_INT 0 0 0 404513368 -37290952 701878 651642 0 0 0 41 17 294233000 110 23 3 1
80.359 2 PONG 
80.360 2 ATTITUDE -0.224821 6.043046 -0.144622
80.374 2 INS 558 43 -142742880 -20971 -5242 -1558141312 1189 -4853 -7753
80.400 2 ENERGY 3 8.142113 0.225 1.831975 5.25981 0.076111 0.596809
80.401 2 GPS 3 43817606 447810822 989 651607 9 -2 2395 294233250 30 0
80.401 2 ATTITUDE -0.224777 6.043039 -0.144672
80.512 2 GVF_PARAMETRIC 5 1 -1.1e-05 6.,18.136719,41.308594,44.878906,19.75,29.046875,61.347656,53.699219,0.,0.,0.,0.,0.,0.,0.,0. -1.52306,-1.600015
80.513 2 INS 547 43 -142780912 -41943 20971 -1558341120 1208 -4871 -7743
80.513 2 ROVER_CTRL 2.5 2.452528 8155.327148 15. 1400. 600. 1000. 1920. 3433.538818 1.788139 0.047472 -0.
80.514 2 ROTORCRAFT_FP 43 547 142788512 20971 -41943 1558380928 -920 -592 24752 0 0 0 0 375 0
80.514 2 ATTITUDE -0.22471 6.043153 -0.144683
80.515 2 INS 547 43 -142818944 -41943 20971 -1558540416 1201 -4888 -7759
80.515 2 SERIAL_COM 372 -4867 1197 -7764 0 0 0 14 273 80 76 0 0 0 0 0
80.516 2 GPS_INT 0 0 0 404513364 -37290952 701843 651607 0 0 0 41 14 294233250 110 24 3 1
80.516 2 ATTITUDE -0.224731 6.043207 -0.144644
80.539 2 INS 547 43 -142857008 -41943 20971 -1558740096 1208 -4869 -7738
80.540 2 GPS_SOL 41 14 110 24
80.555 2 ATTITUDE -0.22469 6.043267 -0.144666
80.587 2 INS 547 43 -142895072 -41943 20971 -1558939264 1224 -4881 -7748
80.603 2 ATTITUDE -0.22477 6.043484 -0.144663
80.635 2 INS 547 43 -142933120 -41943 20971 -1559138432 1235 -4847 -7726
80.636 2 GPS 3 43817606 447810822 989 651607 9 -2 2395 294233250 30 0
80.641 2 SETTING 71 2 2.5
80.662 2 GPS_INT 0 0 0 404513364 -37290952 701843 651607 0 0 0 41 14 294233250 110 24 3 1
80.662 2 ATTITUDE -0.224773 6.043548 -0.144708
80.704 2 INS 537 40 -142971200 -5242 -5242 -1559337728 1204 -4857 -7742
80.705 2 DL_VALUE 71 2.5
80.705 2 ROTORCRAFT_FP 40 537 142978816 -5242 -5242 1559377536 -920 -592 24754 0 0 0 0 375 0
80.706 2 ATTITUDE -0.224637 6.043594 -0.144625
80.750 2 INS 537 40 -143009280 -5242 -5242 -1559536896 1177 -4856 -7725
80.751 2 STATIC_CONTROL 0 0. 0 0. 0. 0. 0. 0. 0. 0. 0. 0. 0.
80.751 2 ATTITUDE -0.224637 6.043648 -0.144607
80.782 2 INS 537 40 -143047360 -5242 -5242 -1559736320 1242 -4874 -7748
80.813 2 GPS_INT 0 0 0 404513361 -37290953 701823 651587 0 0 0 40 16 294233500 110 23 3 1
80.813 2 ATTITUDE -0.224524 6.043661 -0.144608
80.847 2 LINK_REPORT 2 -1 81 0 245794 5543 0 2960. 67. 26 55.48
80.850 2 GVF_PARAMETRIC 5 1 -2e-06 0.,0.199,0.199,0.546583,0.546583,0.05,61.347656,53.699219,0.,0.,0.,0.,0.,0.,0.,0. -1.524232,-1.603922
80.850 2 INS 537 40 -143085440 -5242 -5242 -1559935744 1178 -4869 -7755
80.850 2 DL_VALUE 29 1.
80.851 2 ATTITUDE -0.224384 6.043627 -0.144554
80.891 2 INS 537 40 -143123520 -5242 -5242 -1560135168 1214 -4878 -7775
80.892 2 GPS 3 43817605 447810819 989 651587 0 4 2395 294233500 30 0
80.907 2 ATTITUDE -0.22437 6.043728 -0.144641
80.907 2 WP_MOVED_ENU 5 7019 11489 2974
80.907 2 WP_MOVED_ENU 5 7019 11489 2974
80.923 2 INS 529 35 -143161616 5242 -41943 -1560334336 1192 -4880 -7726
80.996 2 ROVER_CTRL 2.5 2.452528 8155.327148 15. 1400. 600. 1000. 1920. 3433.538818 1.788139 0.047472 -0.
80.997 2 ROTORCRAFT_FP 35 529 143169232 -41943 5242 1560374400 -919 -592 24755 0 0 0 0 375 0
80.997 2 GPS_INT 0 0 0 404513358 -37290955 701777 651541 0 0 0 40 14 294233750 110 22 3 1
80.998 2 ATTITUDE -0.224429 6.043798 -0.144618
80.998 2 INS 529 35 -143199696 5242 -41943 -1560533760 1201 -4859 -7716
80.998 2 SERIAL_COM 372 -4869 1178 -7755 0 0 0 14 273 80 76 0 0 0 0 0
80.998 2 ATTITUDE -0.224446 6.043753 -0.144687
81.012 2 ROTORCRAFT_NAV_STATUS 5 5 0. 0. 5 0 2
81.012 2 IMU_MAG_RAW 255 0 0 0
81.028 2 INS 529 35 -143237824 5242 -41943 -1560732928 1198 -4850 -7749
81.044 2 ATTITUDE -0.224563 6.043895 -0.144701
81.076 2 INS 529 35 -143275952 5242 -41943 -1560932992 1223 -4864 -7758
81.113 2 GPS_INT 0 0 0 404513358 -37290955 701777 651541 0 0 0 40 14 294233750 110 22 3 1
81.114 2 ALIVE 122,195,7,233,5,247,195,75,60,187,26,129,128,90,246,93
81.114 2 ATTITUDE -0.224789 6.04425 -0.144725
81.139 2 INS 529 35 -143314064 5242 -41943 -1561132544 1229 -4867 -7762
81.139 2 GPS 3 43817604 447810815 989 651541 7 5 2395 294233750 30 0
81.155 2 ATTITUDE -0.224864 6.044322 -0.144752
81.171 2 INS 524 33 -143352176 0 -5242 -1561331456 1210 -4840 -7736
81.204 2 ROTORCRAFT_FP 33 524 143359792 -5242 0 1561371392 -921 -593 24757 0 0 0 0 375 0
81.204 2 ATTITUDE -0.224932 6.044344 -0.144773
81.268 2 GVF_PARAMETRIC 5 1 -2e-06 -6.,15.398438,4.558594,27.417969,28.609375,49.796875,50.96875,67.96875,0.,0.,0.,0.,0.,0.,0.,0. -1.526966,-1.609
81.269 2 INS 524 33 -143390288 5242 -5242 -1561529984 1203 -4837 -7707
81.269 2 GPS_INT 0 0 0 404513356 -37290956 701767 651531 0 0 0 40 18 294234000 110 21 3 1
81.270 2 ATTITUDE -0.225039 6.044614 -0.144803
81.283 2 INS 524 33 -143428416 5242 -5242 -1561729408 1214 -4877 -7741
81.284 2 ROVER_STATUS 0 58 3 0 1 373 8.150944
81.299 2 ATTITUDE -0.225119 6.044843 -0.144807
81.331 2 INS 524 33 -143466560 5242 -5242 -1561928448 1219 -4892 -7731
81.347 2 ATTITUDE -0.225129 6.044901 -0.144775
81.389 2 INS 524 33 -143504688 5242 -5242 -1562127488 1207 -4888 -7748
81.389 2 GPS 3 43817603 447810813 989 651531 2 5 2395 294234000 30 0
81.415 2 GPS_INT 0 0 0 404513356 -37290956 701767 651531 0 0 0 40 18 294234000 110 21 3 1
81.416 2 ATTITUDE -0.225109 6.044974 -0.14472
81.458 2 INS 514 30 -143542832 -20971 -20971 -1562326912 1194 -4856 -7742
81.459 2 ROVER_CTRL 2.5 2.452528 8155.327148 15. 1400. 600. 1000. 1920. 3433.538818 1.788139 0.047472 -0.
81.459 2 ROTORCRAFT_FP 30 514 143550496 -20971 -20971 1562367104 -922 -592 24759 0 0 0 0 375 0
81.460 2 ATTITUDE -0.225166 6.044969 -0.144646
81.488 2 INS 514 30 -143580992 -20971 -20971 -1562526208 1206 -4859 -7760
81.489 2 SERIAL_COM 373 -4928 1206 -7798 0 0 0 14 274 80 76 0 0 0 0 0
81.504 2 ATTITUDE -0.225065 6.044919 -0.144706
81.520 2 INS 514 30 -143619152 -20971 -20971 -1562725248 1223 -4858 -7734
81.551 2 GPS_INT 0 0 0 404513353 -37290958 701709 651473 0 0 0 40 11 294234250 110 24 3 1
81.552 2 ATTITUDE -0.225031 6.045006 -0.144723
81.583 2 INS 514 30 -143657312 -20971 -20971 -1562924032 1208 -4893 -7726
81.599 2 ATTITUDE -0.224865 6.044865 -0.144648
81.653 2 GVF_PARAMETRIC 5 1 -7e-06 6.,18.136719,41.308594,44.878906,19.75,29.046875,61.347656,53.699219,0.,0.,0.,0.,0.,0.,0.,0. -1.528138,-1.612906
81.654 2 INS 514 30 -143695504 -20971 -20971 -1563123456 1192 -4839 -7717
81.654 2 GPS 3 43817601 447810810 989 651473 5 0 2395 294234250 30 0
81.655 2 ATTITUDE -0.224818 6.04496 -0.14463
81.684 2 INS 506 28 -143733616 -20971 -52428 -1563322752 1207 -4869 -7738
81.711 2 ROTORCRAFT_FP 28 506 143741248 -52428 -20971 1563362560 -920 -592 24760 0 0 0 0 375 0
81.711 2 GPS_INT 0 0 0 404513350 -37290959 701662 651426 0 0 0 40 12 294234500 110 22 3 1
81.712 2 ATTITUDE -0.224729 6.044989 -0.144574
81.753 2 INS 506 28 -143771792 -20971 -52428 -1563522048 1232 -4829 -7736
81.754 2 STATIC_CONTROL 0 0. 0 0. 0. 0. 0. 0. 0. 0. 0. 0. 0.
81.754 2 ATTITUDE -0.224641 6.045031 -0.144558
81.769 2 INS 506 28 -143809952 -20971 -52428 -1563721216 1204 -4864 -7745
81.801 2 ATTITUDE -0.224762 6.045115 -0.14464
81.801 2 IMU_MAG_RAW 255 0 0 0
81.833 2 INS 506 28 -143848128 -20971 -52428 -1563921024 1227 -4882 -7778
81.848 2 LINK_REPORT 2 -1 82 0 248943 5614 0 3149. 71. 26 55.48
81.849 2 GPS_INT 0 0 0 404513350 -37290959 701662 651426 0 0 0 40 12 294234500 110 22 3 1
81.850 2 ATTITUDE -0.224768 6.045125 -0.144729
81.881 2 INS 506 28 -143886320 -20971 -52428 -1564120192 1202 -4871 -7708
81.882 2 GPS 3 43817600 447810806 989 651426 9 -3 2395 294234500 30 0
81.897 2 ATTITUDE -0.224791 6.045115 -0.144679
81.967 2 INS 501 23 -143924496 31457 -26214 -1564319360 1220 -4876 -7755
81.967 2 ROVER_CTRL 2.5 2.452528 8155.327148 15. 1400. 600. 1000. 1920. 3433.538818 1.788139 0.047472 -0.
81.968 2 ROTORCRAFT_FP 23 501 143932128 -26214 31457 1564359296 -921 -592 24761 0 0 0 0 375 0
81.968 2 ATTITUDE -0.22484 6.045292 -0.144743
81.983 2 INS 501 23 -143962672 31457 -26214 -1564518912 1229 -4899 -7749
81.983 2 SERIAL_COM 373 -4887 1252 -7784 0 0 0 14 274 80 76 0 0 0 0 0
82.009 2 GPS_INT 0 0 0 404513348 -37290961 701626 651391 0 0 0 40 14 294234750 110 24 3 1
82.010 2 ATTITUDE -0.224886 6.045432 -0.144792
82.046 2 GVF_PARAMETRIC 5 1 -1e-05 0.,0.199,0.199,0.546583,0.546583,0.05,61.347656,53.699219,0.,0.,0.,0.,0.,0.,0.,0. -1.530872,-1.617984
82.047 2 INS 501 23 -144000880 31457 -26214 -1564718208 1254 -4885 -7715
82.047 2 ATTITUDE -0.224841 6.045549 -0.144784
82.078 2 INS 501 23 -144039072 31457 -26214 -1564917760 1206 -4876 -7727
82.094 2 ATTITUDE -0.224722 6.045523 -0.144826
82.136 2 INS 501 23 -144077264 31457 -26214 -1565117184 1221 -4858 -7766
82.137 2 GPS 3 43817598 447810804 989 651391 7 1 2395 294234750 30 0
82.162 2 GPS_INT 0 0 0 404513348 -37290961 701626 651391 0 0 0 40 14 294234750 110 24 3 1
82.163 2 ATTITUDE -0.224902 6.04583 -0.144759
82.178 2 INS 501 23 -144115472 31457 -26214 -1565316480 1210 -4837 -7716
82.204 2 ROTORCRAFT_FP 20 496 144123104 -31457 -20971 1565356416 -921 -592 24763 0 0 0 0 375 0
82.205 2 ATTITUDE -0.224867 6.045846 -0.144751
82.205 2 WP_MOVED_ENU 6 7324 5056 2974
82.205 2 WP_MOVED_ENU 6 7324 5056 2974
82.220 2 INS 496 20 -144153680 -20971 -36700 -1565515776 1215 -4874 -7736
82.252 2 ATTITUDE -0.224699 6.045886 -0.144681
82.268 2 INS 496 20 -144191920 -20971 -36700 -1565715200 1219 -4854 -7736
82.299 2 GPS_INT 0 0 0 404513346 -37290962 701575 651339 0 0 0 40 16 294235000 110 22 3 1
82.300 2 ATTITUDE -0.224537 6.04579 -0.144683
82.331 2 INS 496 20 -144230160 -20971 -36700 -1565914624 1186 -4858 -7748
82.347 2 ATTITUDE -0.224558 6.045975 -0.144687
82.389 2 INS 496 20 -144268384 -20971 -36700 -1566113664 1237 -4828 -7736
82.389 2 GPS 3 43817598 447810802 989 651339 7 -9 2395 294235000 30 0
82.390 2 ATTITUDE -0.224545 6.046007 -0.144651
82.494 2 GVF_PARAMETRIC 5 1 -5e-06 -6.,15.398438,4.558594,27.417969,28.609375,49.796875,50.96875,67.96875,0.,0.,0.,0.,0.,0.,0.,0. -1.530872,-1.623062
82.494 2 INS 488 23 -144306624 10485 20971 -1566313216 1205 -4871 -7758
82.495 2 ROVER_CTRL 2.5 2.452528 8155.327148 15. 1400. 600. 1000. 1920. 3433.538818 1.788139 0.047472 -0.
82.495 2 ROTORCRAFT_FP 23 488 144314288 20971 10485 1566353024 -919 -592 24764 0 0 0 0 375 0
82.495 2 GPS_INT 0 0 0 404513344 -37290961 701524 651288 0 0 0 40 9 294235250 110 22 3 1
82.496 2 DL_VALUE 30 15.
82.496 2 ATTITUDE -0.224471 6.046151 -0.144625
82.496 2 INS 488 23 -144344880 10485 20971 -1566512640 1240 -4854 -7759
82.496 2 SERIAL_COM 374 -4895 1215 -7845 0 0 0 14 275 80 76 0 0 0 0 0
82.509 2 INS_REF 485058561 -31614701 411670235 404513171 -37290972 700771 650535 0.
82.509 2 ATTITUDE -0.22442 6.046195 -0.144586
82.538 2 INS 488 23 -144383120 10485 20971 -1566712192 1209 -4831 -7719
82.538 2 GPS_SOL 40 9 110 22
82.538 2 ATTITUDE -0.224423 6.046255 -0.144578
82.570 2 INS 488 23 -144421360 10485 20971 -1566911744 1236 -4851 -7770
82.598 2 GPS_INT 0 0 0 404513344 -37290961 701524 651288 0 0 0 40 9 294235250 110 22 3 1
82.599 2 ATTITUDE -0.224245 6.046246 -0.144551
82.629 2 ROTORCRAFT_NAV_STATUS 7 7 0. 0. 5 0 2
82.629 2 IMU_MAG_RAW 255 0 0 0
82.630 2 INS 488 23 -144459616 10485 20971 -1567111296 1210 -4870 -7728
82.630 2 GPS 3 43817598 447810800 989 651288 6 -1 2395 294235250 30 0
82.645 2 ATTITUDE -0.224199 6.046319 -0.144518
82.677 2 INS 486 25 -144497856 -10485 5242 -1567310848 1247 -4855 -7734
82.703 2 ROTORCRAFT_FP 25 486 144505552 5242 -10485 1567350912 -918 -591 24766 0 0 0 0 375 0
82.704 2 ATTITUDE -0.224095 6.046332 -0.144531
82.719 2 INS 486 25 -144536128 -10485 5242 -1567510784 1201 -4828 -7756
82.759 2 STATIC_CONTROL 0 0. 0 0. 0. 0. 0. 0. 0. 0. 0. 0. 0.
82.760 2 GPS_INT 0 0 0 404513343 -37290960 701481 651245 0 0 0 39 17 294235500 110 24 3 1
82.760 2 ATTITUDE -0.223983 6.046405 -0.144456
82.785 2 INS 486 25 -144574384 -10485 5242 -1567709696 1227 -4845 -7714
82.785 2 ROVER_STATUS 0 58 3 0 1 374 8.150944
82.801 2 ATTITUDE -0.224032 6.046493 -0.144472
82.843 2 GVF_PARAMETRIC 5 1 -3e-06 6.,18.136719,41.308594,44.878906,19.75,29.046875,61.347656,53.699219,0.,0.,0.,0.,0.,0.,0.,0. -1.530091,-1.623843
82.844 2 INS 486 25 -144612672 -10485 5242 -1567909504 1207 -4859 -7771
82.844 2 ATTITUDE -0.224142 6.046707 -0.144493
82.849 2 LINK_REPORT 2 -1 83 0 252151 5686 0 3208. 72. 26 55.48
82.885 2 INS 486 25 -144650944 -10485 5242 -1568108928 1237 -4856 -7729
82.885 2 GPS 3 43817599 447810799 989 651245 2 -5 2395 294235500 30 0
82.901 2 GPS_INT 0 0 0 404513343 -37290960 701481 651245 0 0 0 39 17 294235500 110 24 3 1
82.901 2 ATTITUDE -0.224208 6.046864 -0.144546
82.917 2 INS 478 28 -144689232 -31457 31457 -1568308480 1245 -4850 -7741
82.959 2 ROVER_CTRL 2.5 2.452528 8155.327148 15. 1400. 600. 1000. 1920. 3433.538818 1.788139 0.047472 -0.
82.959 2 ROTORCRAFT_FP 28 478 144696896 31457 -31457 1568348544 -918 -592 24767 0 0 0 0 375 0
82.960 2 ATTITUDE -0.224041 6.046794 -0.144543
82.986 2 INS 478 28 -144727552 -31457 31457 -1568507776 1232 -4869 -7721
82.986 2 SERIAL_COM 374 -4881 1267 -7775 0 0 0 14 275 80 76 0 0 0 0 0
83.002 2 ATTITUDE -0.223947 6.046706 -0.144569
83.018 2 INS 478 28 -144765824 -31457 31457 -1568706816 1203 -4836 -7707
83.048 2 GPS_INT 0 0 0 404513340 -37290958 701444 651208 0 0 0 39 12 294235750 110 23 3 1
83.048 2 ATTITUDE -0.223813 6.046701 -0.144508
83.080 2 INS 478 28 -144804112 -31457 31457 -1568906368 1211 -4846 -7740
83.080 2 STATE_FILTER_STATUS 6 3 0
83.096 2 ATTITUDE -0.223753 6.046743 -0.144492
83.128 2 INS 478 28 -144842432 -31457 31457 -1569105792 1211 -4865 -7775
83.128 2 GPS 3 43817601 447810795 989 651208 9 1 2395 294235750 30 0
83.144 2 ATTITUDE -0.223655 6.0467 -0.144548
83.176 2 INS 478 28 -144880752 -31457 31457 -1569305728 1239 -4840 -7719
83.213 2 ROTORCRAFT_FP 30 473 144888416 -10485 -10485 1569345664 -915 -592 24766 0 0 0 0 375 0
83.214 2 GPS_INT 0 0 0 404513338 -37290958 701406 651171 0 0 0 39 17 294236000 110 24 3 1
83.214 2 ATTITUDE -0.223444 6.046597 -0.144575
83.250 2 GVF_PARAMETRIC 5 1 -4e-06 0.,0.199,0.199,0.546583,0.546583,0.05,61.347656,53.699219,0.,0.,0.,0.,0.,0.,0.,0. -1.528138,-1.628922
83.250 2 INS 473 30 -144919072 -10485 -10485 -1569505280 1237 -4820 -7743
83.251 2 ATTITUDE -0.223355 6.046693 -0.144569
83.266 2 INS 473 30 -144957392 -10485 -10485 -1569704960 1245 -4823 -7727
83.298 2 ATTITUDE -0.223312 6.046811 -0.144523
83.330 2 INS 473 30 -144995712 -10485 -10485 -1569904256 1225 -4843 -7728
83.346 2 GPS_INT 0 0 0 404513338 -37290958 701406 651171 0 0 0 39 17 294236000 110 24 3 1
83.347 2 ATTITUDE -0.223317 6.046814 -0.144451
83.378 2 INS 473 30 -145034048 -10485 -10485 -1570103424 1213 -4832 -7743
83.378 2 GPS 3 43817601 447810793 989 651171 2 -4 2395 294236000 30 0
83.394 2 ATTITUDE -0.221896 6.046162 -0.144465
83.409 2 IMU_MAG_RAW 255 0 0 0
83.463 2 INS 468 30 -145072368 -31457 10485 -1570379264 -5834 -13500 -13988
83.463 2 ROVER_CTRL 2.5 2.453526 6464.775391 15. 1400. 600. 1000. 265.016052 3434.937012 -20.456314 0.046473 -0.
83.463 2 ROTORCRAFT_FP 30 468 145080032 10485 -31457 1570446976 -1010 -718 24824 0 0 0 0 6464 0
83.464 2 ATTITUDE -0.253874 6.06871 -0.197912
83.479 2 INS 468 30 -145110704 -31457 10485 -1570679424 -8716 864 -6254
83.479 2 SERIAL_COM 375 -5229 -6715 -14555 0 0 0 14 276 80 76 0 0 0 0 0
83.529 2 GPS_INT 0 0 0 404513336 -37290958 701344 651108 0 0 0 39 15 294236250 110 23 3 1
83.530 2 ATTITUDE -0.273257 6.099702 -0.26022
83.530 2 WP_MOVED_ENU 7 12748 7436 2972
83.530 2 WP_MOVED_ENU 7 12748 7436 2972
83.530 2 DATALINK_REPORT 3 90 25755 3081 0 4
83.530 2 INS 468 30 -145149056 -31457 10485 -1570951552 -18525 5436 -4999
83.545 2 ATTITUDE -0.293435 6.125342 -0.307147
83.577 2 INS 468 30 -145187392 -31457 10485 -1571094016 -8623 4020 -4978
83.593 2 ATTITUDE -0.313939 6.147047 -0.351679
83.668 2 GVF_PARAMETRIC 5 1 -8e-06 -6.,15.398438,4.558594,27.417969,28.609375,49.796875,50.96875,67.96875,0.,0.,0.,0.,0.,0.,0.,0. -1.528138,-1.630875
83.669 2 INS 468 30 -145225760 -31457 10485 -1571408512 -6775 -1954 -7221
83.669 2 GPS 3 43817601 447810791 989 651108 5 -3 2395 294236250 30 0
83.669 2 GPS_INT 0 0 0 404513336 -37290958 701344 651108 0 0 0 39 15 294236250 110 23 3 1
83.670 2 ATTITUDE -0.330073 6.172836 -0.394381
83.670 2 INS 509 23 -145264128 707788 -136314 -1571657728 -9123 -5647 -6997
83.696 2 ROTORCRAFT_FP 23 509 145271808 -136314 707788 1571735168 -1384 -1716 25362 0 0 0 0 6149 0
83.696 2 ATTITUDE -0.344708 6.202015 -0.433094
83.742 2 INS 509 23 -145302496 707788 -136314 -1571884672 -16722 -3751 -10803
83.742 2 STATIC_CONTROL 0 0. 0 0. 0. 0. 0. 0. 0. 0. 0. 0. 0.
83.743 2 ATTITUDE -0.338223 6.217519 -0.477146
83.774 2 INS 509 23 -145340896 707788 -136314 -1572132864 -8069 -6600 -10571
83.800 2 GPS_INT 0 0 0 404513350 -37290961 701391 651156 0 0 0 39 17 294236500 110 23 3 1
83.800 2 ALIVE 122,195,7,233,5,247,195,75,60,187,26,129,128,90,246,93
83.800 2 ATTITUDE -0.344767 6.221026 -0.513976
83.816 2 INS 509 23 -145379296 707788 -136314 -1572449408 -8137 -4864 -13660
83.848 2 ATTITUDE -0.332967 6.220605 -0.5458
83.849 2 LINK_REPORT 2 -1 84 0 255173 5754 0 3022. 68. 26 55.48
83.864 2 INS 509 23 -145417680 707788 -136314 -1572480000 -1162 -4140 1803
83.880 2 GPS 3 43817598 447810806 3512 651156 137 35 2395 294236500 30 0
83.895 2 ATTITUDE -0.336196 6.222941 -0.592431
83.988 2 INS 622 5 -145456080 1142946 -251658 -1572846080 -5840 -6745 -8306
83.988 2 ROVER_CTRL 2.5 2.240151 5803.871094 15. 1400. 600. 1000. 981.402344 3136.211182 -1100.301758 0.259849 -0.
83.989 2 ROTORCRAFT_FP 5 622 145463760 -251658 1142946 1572861952 -1383 -2504 25545 0 0 0 0 5803 0
83.989 2 GPS_INT 0 0 0 404513390 -37290969 701603 651367 0 0 0 39 22 294236750 112 22 3 1
83.990 2 ATTITUDE -0.348139 6.239174 -0.624133
83.990 2 INS 622 5 -145494496 1142946 -251658 -1573039616 -5532 7378 -7968
83.991 2 SERIAL_COM 375 -3278 -6670 -6512 0 0 0 14 276 80 76 0 0 0 0 0
83.991 2 ATTITUDE -0.354485 6.261919 -0.656485
84.041 2 GVF_PARAMETRIC 5 1 -0.000261 6.,18.136719,41.308594,44.878906,19.75,29.046875,61.347656,53.699219,0.,0.,0.,0.,0.,0.,0.,0. -1.537904,-1.570718
84.042 2 INS 622 5 -145532896 1142946 -251658 -1573307648 -16707 1231 -14121
84.042 2 DL_VALUE 31 1.
84.042 2 ATTITUDE -0.346488 6.27829 -0.678119
84.073 2 INS 622 5 -145571296 1142946 -251658 -1573578496 -1601 2705 -18788
84.099 2 GPS_INT 0 0 0 404513390 -37290969 701603 651367 0 0 0 39 22 294236750 112 22 3 1
84.099 2 ATTITUDE -0.353659 0.01272 -0.687215
84.115 2 INS 622 5 -145609712 1142946 -251658 -1573800448 -3748 -10416 -20738
84.131 2 GPS 3 43817592 447810851 3494 651367 224 41 2395 294236750 30 0
84.146 2 ATTITUDE -0.346184 0.031305 -0.691882
84.163 2 INS 622 5 -145648144 1142946 -251658 -1574022016 -1513 -4390 -4462
84.209 2 ROTORCRAFT_FP -20 780 145655872 -251658 1488976 1574050304 -1455 -2815 149 0 0 0 0 5745 0
84.209 2 ATTITUDE -0.36531 0.03502 -0.686111
84.209 2 ROTORCRAFT_NAV_STATUS 9 9 0. 0. 5 0 2
84.210 2 IMU_MAG_RAW 255 0 0 0
84.225 2 INS 780 -20 -145686576 1488976 -256900 -1574168064 -2869 -332 -3701
84.241 2 GPS_INT 0 0 0 404513447 -37290981 701804 651568 0 0 0 40 23 294237000 100 23 3 1
84.241 2 ATTITUDE -0.376427 0.037975 -0.679008
84.273 2 INS 780 -20 -145725008 1488976 -256900 -1574411520 -2167 -6487 -15242
84.273 2 ROVER_STATUS 0 57 3 2 1 376 7.25902
84.288 2 ATTITUDE -0.392872 0.025573 -0.656903
84.320 2 INS 780 -20 -145763456 1488976 -256900 -1574606464 -1308 -15883 -15990
84.336 2 ATTITUDE -0.395809 0.002891 -0.614177
84.396 2 INS 780 -20 -145801888 1488976 -256900 -1574796928 -5271 4147 -1376
84.397 2 GPS 3 43817582 447810914 3499 651568 289 38 2395 294237000 30 0
84.397 2 GPS_INT 0 0 0 404513447 -37290981 701804 651568 0 0 0 40 23 294237000 100 23 3 1
84.397 2 ATTITUDE -0.358839 6.244269 -0.549613
84.482 2 GVF_PARAMETRIC 5 1 -0.000304 0.,0.199,0.199,0.546583,0.546583,0.05,61.347656,53.699219,0.,0.,0.,0.,0.,0.,0.,0. -1.547669,-1.509
84.482 2 INS 995 -38 -145840352 1992292 -173014 -1575051392 -2158 5066 46
84.483 2 ROVER_CTRL 2.5 1.597043 4694.165527 14.023147 1400. 600. 1000. 1559.214966 2235.859619 -1891.326904 0.902957 -0.
84.483 2 ROTORCRAFT_FP -38 995 145848032 -173014 1992292 1575043328 -1358 -2044 25449 0 0 0 0 4694 0
84.483 2 ATTITUDE -0.311545 6.188521 -0.459455
84.483 2 INS 995 -38 -145878800 1992292 -173014 -1575176960 -1241 -4781 -4482
84.484 2 SERIAL_COM 376 5066 -2158 46 0 0 0 14 277 80 76 0 0 0 0 0
84.497 2 ATTITUDE -0.295246 6.140943 -0.324235
84.529 2 INS 995 -38 -145917248 1992292 -173014 -1575214336 -5190 2611 -7038
84.529 2 GPS_SOL 41 22 89 25
84.545 2 GPS_INT 0 0 0 404513522 -37290989 701910 651674 0 0 0 41 22 294237250 89 25 3 1
84.545 2 ATTITUDE -0.286325 6.085222 -0.144155
84.576 2 INS 995 -38 -145955696 1992292 -173014 -1575691008 45393 -46215 -37815
84.592 2 ATTITUDE -0.223333 6.139668 -0.109108
84.624 2 INS 995 -38 -145994176 1992292 -173014 -1575849856 6673 -7140 7042
84.625 2 GPS 3 43817576 447810998 3534 651674 382 23 2395 294237250 30 0
84.640 2 ATTITUDE -0.226432 6.22267 -0.108651
84.672 2 INS 1236 -66 -146032656 1976563 -178257 -1575872896 854 4992 -6544
84.710 2 ROTORCRAFT_FP -66 1236 146040352 -183500 1976563 1575995776 -1007 -382 9 0 0 0 0 4264 0
84.710 2 GPS_INT 0 0 0 404513607 -37291002 701762 651526 0 0 0 42 27 294237500 91 25 3 1
84.710 2 ATTITUDE -0.238947 0.04288 -0.084713
84.740 2 INS 1236 -66 -146071136 1976563 -183500 -1575994752 -1480 -5780 11856
84.740 2 STATIC_CONTROL 0 0. 0 0. 0. 0. 0. 0. 0. 0. 0. 0. 0.
84.740 2 ATTITUDE -0.239568 0.123176 -0.051987
84.771 2 INS 1236 -66 -146109600 1976563 -183500 -1576172672 16026 -27321 1020
84.787 2 ATTITUDE -0.239508 0.204115 -0.03045
84.803 2 WP_MOVED_ENU 8 13048 15705 2974
84.803 2 WP_MOVED_ENU 8 13048 15705 2974
84.849 2 LINK_REPORT 2 -1 85 0 258074 5820 0 2901. 66. 26 55.48
84.890 2 GVF_PARAMETRIC 5 1 -0.000266 -6.,15.398438,4.558594,27.417969,28.609375,49.796875,50.96875,67.96875,0.,0.,0.,0.,0.,0.,0.,0. -1.565638,-1.330875
84.890 2 INS 1236 -66 -146148080 1976563 -183500 -1576325888 3715 -20138 -489
84.891 2 GPS_INT 0 0 0 404513607 -37291002 701762 651526 0 0 0 42 27 294237500 91 25 3 1
84.891 2 ATTITUDE -0.226839 0.276479 0.005808
84.891 2 INS 1236 -66 -146186576 1976563 -183500 -1576443648 10958 -12646 -8566
84.891 2 ENERGY 40 7.709397 2.5 19.273493 5.39492 0.079084 0.617714
84.892 2 GPS 3 43817566 447811092 3541 651526 379 -29 2395 294237500 30 0
84.892 2 ATTITUDE -0.230032 0.351067 0.043943
84.959 2 INS 1464 -51 -146225056 1730148 519044 -1576507392 2356 -2225 6524
84.959 2 ROVER_CTRL 2.5 0.665348 3922.127197 4.835654 1400. 600. 1000. 1888.98938 931.487122 -1694.3573 1.834652 -0.
84.959 2 ROTORCRAFT_FP -51 1464 146232752 519044 1730148 1576482560 -988 274 1620 0 0 0 0 3922 0
84.960 2 ATTITUDE -0.243163 0.431684 0.079347
84.974 2 INS 1464 -51 -146263536 1730148 519044 -1576636288 3716 -20990 -2860
84.975 2 SERIAL_COM 376 -27871 3945 -5081 0 0 0 14 277 80 76 0 0 0 0 0
85.001 2 GPS_INT 0 0 0 404513687 -37290995 701662 651426 0 0 0 43 26 294237750 92 23 3 1
85.001 2 ATTITUDE -0.205475 0.491132 0.093871
85.001 2 IMU_MAG_RAW 255 0 0 0
85.016 2 INS 1464 -51 -146302016 1730148 519044 -1576795520 -2817 -15393 -15059
85.032 2 ATTITUDE -0.222947 0.549927 0.111049
85.064 2 INS 1464 -51 -146340496 1730148 519044 -1576947968 12067 -23572 -9184
85.080 2 ATTITUDE -0.198882 0.60152 0.122345
85.128 2 INS 1464 -51 -146378992 1730148 519044 -1577004160 10865 -19646 -12600
85.128 2 GPS 3 43817573 447811181 25 651426 345 13 2395 294237750 30 0
85.154 2 GPS_INT 0 0 0 404513687 -37290995 701662 651426 0 0 0 43 26 294237750 92 23 3 1
85.155 2 ATTITUDE -0.191608 0.642407 0.130319
85.169 2 INS 1464 -51 -146417488 1730148 519044 -1577104512 5754 -24437 -2797
85.195 2 ROTORCRAFT_FP -51 1464 146425184 519044 1730148 1577131136 -828 527 2702 0 0 0 0 3378 0
85.196 2 ATTITUDE -0.198654 0.665595 0.122412
85.237 2 GVF_PARAMETRIC 5 1 -0.000183 6.,18.136719,41.308594,44.878906,19.75,29.046875,61.347656,53.699219,0.,0.,0.,0.,0.,0.,0.,0. -1.559779,-1.241812
85.237 2 INS 1635 46 -146456048 1048575 1132461 -1577275776 -1924 -13693 -3922
85.238 2 ATTITUDE -0.198018 0.663178 0.145921
85.268 2 INS 1635 46 -146494480 1048575 1132461 -1577390592 102 -8257 -3372
85.294 2 GPS_INT 0 0 0 404513747 -37290951 701620 651384 0 0 0 44 26 294238000 96 21 3 1
85.295 2 ATTITUDE -0.207453 0.676762 0.152523
85.310 2 INS 1635 46 -146532976 1048575 1132461 -1577485056 7500 -15957 -9543
85.326 2 PONG 
85.342 2 ATTITUDE -0.19907 0.697339 0.157583
85.374 2 INS 1635 46 -146571488 1048575 1132461 -1577598592 5968 -10966 -13131
85.375 2 GPS 3 43817611 447811247 205 651384 296 -5 2395 294238000 30 0
85.390 2 ATTITUDE -0.212265 0.705942 0.164676
85.482 2 INS 1766 194 -146610016 880803 1494219 -1577814016 -2641 -4685 3501
85.483 2 ROVER_CTRL 2.5 -0.124551 2919.719238 -1.113781 1400. 600. 1000. 1915.877197 -174.371475 -1622.533813 2.624551 -0.
85.483 2 ROTORCRAFT_FP 194 1766 146617856 1494219 880803 1577869184 -918 659 2904 0 0 0 0 2919 0
85.483 2 GPS_INT 0 0 0 404513793 -37290882 701650 651414 0 0 0 46 26 294238250 93 24 3 1
85.484 2 ATTITUDE -0.21939 0.712656 0.166942
85.484 2 INS 1766 194 -146648544 880803 1494219 -1578030336 240 -12440 -11926
85.484 2 SERIAL_COM 377 -15572 10969 -19934 0 0 0 14 278 80 76 0 0 0 0 0
85.484 2 ATTITUDE -0.242929 0.705036 0.167759
85.514 2 INS 1766 194 -146687072 880803 1494219 -1578180096 1985 6762 168
85.530 2 ATTITUDE -0.244755 0.702954 0.167555
85.562 2 INS 1766 194 -146725616 880803 1494219 -1578337920 1071 -272 4091
85.590 2 GPS_INT 0 0 0 404513793 -37290882 701650 651414 0 0 0 46 26 294238250 93 24 3 1
85.591 2 ATTITUDE -0.234913 0.702753 0.196281
85.644 2 GVF_PARAMETRIC 5 1 -0.000131 0.,0.199,0.199,0.546583,0.546583,0.05,61.347656,53.699219,0.,0.,0.,0.,0.,0.,0.,0. -1.464075,-1.123843
85.644 2 INS 1766 194 -146764128 880803 1494219 -1578499584 1278 -12697 -16058
85.645 2 GPS 3 43817670 447811298 440 651414 332 13 2395 294238250 30 0
85.645 2 DL_VALUE 32 1.
85.645 2 ATTITUDE -0.242389 0.704703 0.189515
85.659 2 INS 1884 358 -146802688 823131 1441790 -1578614400 -11695 -9489 1033
85.692 2 ROTORCRAFT_FP 358 1884 146810384 1447033 828374 1578702976 -999 751 2911 0 0 0 0 3061 0
85.692 2 ATTITUDE -0.238808 0.703446 0.182601
85.749 2 INS 1884 358 -146841216 828374 1447033 -1578874496 -6154 -1695 -618
85.750 2 STATIC_CONTROL 0 0. 0 0. 0. 0. 0. 0. 0. 0. 0. 0. 0.
85.750 2 GPS_INT 0 0 0 404513834 -37290807 701626 651390 0 0 0 47 27 294238500 93 24 3 1
85.750 2 ATTITUDE -0.238191 0.700751 0.178229
85.775 2 INS 1884 358 -146879776 828374 1447033 -1579174016 13781 5618 -15393
85.776 2 ROVER_STATUS 0 58 3 2 1 377 7.877185
85.791 2 ATTITUDE -0.239056 0.718137 0.160526
85.792 2 ROTORCRAFT_NAV_STATUS 10 10 0. 0. 5 0 2
85.822 2 IMU_MAG_RAW 255 0 0 0
85.822 2 INS 1884 358 -146918336 828374 1447033 -1579330176 10570 -5183 -16467
85.838 2 ATTITUDE -0.235147 0.72407 0.160652
85.850 2 LINK_REPORT 2 -1 86 0 261287 5892 0 3213. 72. 27 22.4
85.870 2 INS 1884 358 -146956896 828374 1447033 -1579540608 -548 -7089 -11276
85.871 2 GPS 3 43817733 447811343 527 651390 319 -13 2395 294238500 30 0
85.901 2 GPS_INT 0 0 0 404513834 -37290807 701626 651390 0 0 0 47 27 294238500 93 24 3 1
85.902 2 ATTITUDE -0.238767 0.722238 0.157861
85.955 2 INS 2001 529 -146995472 922746 1578105 -1579685120 -3979 -6762 -281
85.956 2 ROVER_CTRL 2.5 -0.715273 2940.26123 -0.970138 1400. 600. 1000. 1769.710083 -1001.382751 -632.357605 3.215273 -0.
85.956 2 ROTORCRAFT_FP 529 2001 147003184 1578105 933231 1579754880 -964 669 2955 0 0 0 0 2940 0
85.957 2 ATTITUDE -0.237238 0.719513 0.161277
85.971 2 INS 2001 529 -147034032 933231 1578105 -1579878656 -3856 6601 6538
85.972 2 SERIAL_COM 377 -1620 -125 -9694 0 0 0 14 278 80 76 0 0 0 0 0
85.987 2 ATTITUDE -0.22023 0.725674 0.157173
86.052 2 GVF_PARAMETRIC 5 1 -0.000123 -6.,15.398438,4.558594,27.417969,28.609375,49.796875,50.96875,67.96875,0.,0.,0.,0.,0.,0.,0.,0. -1.333216,-1.032047
86.052 2 INS 2001 529 -147072656 933231 1578105 -1580111488 1374 -1279 -15321
86.052 2 GPS_INT 0 0 0 404513876 -37290728 701530 651294 0 0 0 47 26 294238750 95 24 3 1
86.053 2 ATTITUDE -0.228978 0.735632 0.17064
86.067 2 INS 2001 529 -147111168 933231 1578105 -1580256896 -1795 -4732 -909
86.083 2 ATTITUDE -0.230823 0.741647 0.183353
86.099 2 WP_MOVED_ENU 9 17400 13747 2974
86.099 2 WP_MOVED_ENU 9 17400 13747 2974
86.125 2 INS 2001 529 -147149760 933231 1578105 -1580490240 -6826 -5848 -9249
86.126 2 GPS 3 43817801 447811389 568 651294 350 4 2395 294238750 30 0
86.141 2 ATTITUDE -0.234177 0.750634 0.180742
86.157 2 INS 2001 529 -147188336 933231 1578105 -1580578048 -9593 -19704 1691
86.199 2 ROTORCRAFT_FP 529 2001 147196096 1578105 933231 1580665984 -927 733 3132 0 0 0 0 2599 0
86.200 2 GPS_INT 0 0 0 404513876 -37290728 701530 651294 0 0 0 47 26 294238750 95 24 3 1
86.200 2 ATTITUDE -0.229664 0.765527 0.180516
86.215 2 INS 2132 693 -147226944 954203 1352661 -1580869504 -768 -8143 -1202
86.231 2 ATTITUDE -0.239328 0.775164 0.172632
86.263 2 INS 2132 693 -147265552 954203 1352661 -1581053440 -1779 4035 932
86.279 2 STATE_FILTER_STATUS 6 3 0
86.280 2 ATTITUDE -0.23837 0.790338 0.155183
86.311 2 INS 2132 693 -147304192 954203 1352661 -1581258240 7440 4285 -6968
86.338 2 GPS_INT 0 0 0 404513922 -37290652 701546 651311 0 0 0 48 27 294239000 98 24 3 1
86.339 2 ATTITUDE -0.237356 0.792177 0.160483
86.370 2 INS 2132 693 -147342816 954203 1352661 -1581463296 1541 3116 -964
86.370 2 GPS 3 43817866 447811439 558 651311 317 -19 2395 294239000 30 0
86.386 2 ATTITUDE -0.228571 0.804159 0.147657
86.472 2 GVF_PARAMETRIC 5 1 -9.8e-05 6.,18.136719,41.308594,44.878906,19.75,29.046875,61.347656,53.699219,0.,0.,0.,0.,0.,0.,0.,0. -1.269153,-0.980875
86.472 2 INS 2257 855 -147381440 927988 1342176 -1581638016 -10431 -12583 -5805
86.472 2 ROVER_CTRL 2.5 -0.894781 3418.924316 -0.588179 1400. 600. 1000. 1515.249023 -1252.693237 350.999847 3.394781 -0.
86.473 2 ROTORCRAFT_FP 855 2257 147389152 1347418 927988 1581723648 -949 625 3320 0 0 0 0 3418 0
86.473 2 ATTITUDE -0.230806 0.816069 0.14943
86.473 2 INS 2257 855 -147420064 927988 1347418 -1581884288 -5713 -16483 -3021
86.474 2 SERIAL_COM 378 -7768 -516 -10500 0 0 0 14 279 80 76 0 0 0 0 0
86.524 2 GPS_INT 0 0 0 404513966 -37290578 701500 651264 0 0 0 49 26 294239250 95 24 3 1
86.525 2 ALIVE 122,195,7,233,5,247,195,75,60,187,26,129,128,90,246,93
86.525 2 ATTITUDE -0.232638 0.813358 0.147112
86.525 2 INS 2257 855 -147458688 927988 1347418 -1582151936 1227 -6061 -7480
86.525 2 GPS_SOL 49 26 95 24
86.540 2 ATTITUDE -0.243921 0.80613 0.151854
86.556 2 INS 2257 855 -147497328 927988 1347418 -1582265344 13798 -6929 -17065
86.588 2 ATTITUDE -0.242831 0.801256 0.148009
86.588 2 IMU_MAG_RAW 255 0 0 0
86.620 2 INS 2257 855 -147535968 927988 1347418 -1582490368 -1073 -1133 1498
86.620 2 GPS 3 43817929 447811487 555 651264 313 8 2395 294239250 30 0
86.646 2 GPS_INT 0 0 0 404513966 -37290578 701500 651264 0 0 0 49 26 294239250 95 24 3 1
86.647 2 ATTITUDE -0.227708 0.801714 0.14443
86.662 2 INS 2373 1021 -147574608 838860 1331690 -1582791808 -3532 -10275 -2022
86.688 2 ROTORCRAFT_FP 1021 2373 147582336 1336933 838860 1582773120 -932 547 3297 0 0 0 0 3451 0
86.689 2 ATTITUDE -0.22761 0.811192 0.145594
86.734 2 INS 2373 1021 -147613264 838860 1336933 -1582932608 9451 -10159 -12337
86.735 2 STATIC_CONTROL 0 0. 0 0. 0. 0. 0. 0. 0. 0. 0. 0. 0.
86.735 2 ATTITUDE -0.240682 0.816832 0.158719
86.766 2 INS 2373 1021 -147651920 838860 1336933 -1583108864 -6205 -15370 -11173
86.792 2 GPS_INT 0 0 0 404514006 -37290502 701468 651232 0 0 0 49 26 294239500 98 22 3 1
86.793 2 ATTITUDE -0.242332 0.823061 0.154848
86.833 2 GVF_PARAMETRIC 5 1 -7.1e-05 0.,0.199,0.199,0.546583,0.546583,0.05,61.347656,53.699219,0.,0.,0.,0.,0.,0.,0.,0. -1.141029,-0.886734
86.834 2 INS 2373 1021 -147690576 838860 1336933 -1583283200 -5930 -18185 -5330
86.834 2 ATTITUDE -0.229535 0.83856 0.145963
86.851 2 LINK_REPORT 2 -1 87 0 264402 5961 0 3115. 69. 27 22.4
86.875 2 INS 2373 1021 -147729232 838860 1336933 -1583580544 -4877 -4339 -9998
86.875 2 GPS 3 43817994 447811531 566 651232 302 11 2395 294239500 30 0
86.891 2 ATTITUDE -0.220433 0.839512 0.137414
86.907 2 INS 2480 1190 -147767904 959446 1321204 -1583813120 17816 -13842 -29169
86.981 2 ROVER_CTRL 2.5 -0.716679 3237.70752 -0.599573 1400. 600. 1000. 1275.349365 -1003.351074 161.409378 3.216679 -0.
86.982 2 ROTORCRAFT_FP 1190 2480 147775632 1326447 959446 1583846656 -914 594 3437 0 0 0 0 3237 0
86.982 2 GPS_INT 0 0 0 404514044 -37290424 701368 651132 0 0 0 50 25 294239750 95 23 3 1
86.982 2 ATTITUDE -0.237945 0.840146 0.147876
86.983 2 INS 2480 1190 -147806560 959446 1326447 -1584031488 23410 -7770 -21809
86.983 2 SERIAL_COM 378 -18185 -5930 -5330 0 0 0 14 279 80 76 0 0 0 0 0
86.983 2 ATTITUDE -0.239103 0.840661 0.13461
87.013 2 INS 2480 1190 -147845216 959446 1326447 -1584059648 -5190 -9896 -6630
87.029 2 ATTITUDE -0.25103 0.844994 0.137539
87.061 2 INS 2480 1190 -147883888 959446 1326447 -1584319744 -5531 -2297 7045
87.087 2 GPS_INT 0 0 0 404514044 -37290424 701368 651132 0 0 0 50 25 294239750 95 23 3 1
87.087 2 ATTITUDE -0.244573 0.834935 0.14742
87.119 2 INS 2480 1190 -147922560 959446 1326447 -1584659072 -756 -10986 -10331
87.119 2 GPS 3 43818060 447811573 551 651132 313 -5 2395 294239750 30 0
87.135 2 ATTITUDE -0.235846 0.8263 0.147445
87.167 2 INS 2480 1190 -147961248 959446 1326447 -1584829696 8459 -7856 -19099
87.183 2 ROTORCRAFT_FP 1190 2480 147968976 1326447 959446 1584852480 -954 592 3427 0 0 0 0 3189 0
87.184 2 ATTITUDE -0.242078 0.837394 0.133115
87.248 2 GVF_PARAMETRIC 5 1 -6.7e-05 -6.,15.398438,4.558594,27.417969,28.609375,49.796875,50.96875,67.96875,0.,0.,0.,0.,0.,0.,0.,0. -1.075013,-0.844937
87.248 2 INS 2598 1364 -147999920 990903 1378876 -1584890496 -6160 -5306 6398
87.249 2 GPS_INT 0 0 0 404514086 -37290343 701275 651039 0 0 0 50 23 294240000 93 24 3 1
87.249 2 DL_VALUE 33 0.
87.249 2 ATTITUDE -0.245606 0.849518 0.139385
87.273 2 INS 2598 1364 -148038624 990903 1378876 -1585116800 757 1415 1288
87.273 2 ROVER_STATUS 0 60 3 2 1 379 7.841861
87.289 2 ATTITUDE -0.248636 0.857296 0.15175
87.305 2 INS 2598 1364 -148077328 990903 1378876 -1585417088 1298 -4221 -9015
87.337 2 ATTITUDE -0.230638 0.870519 0.142908
87.369 2 INS 2598 1364 -148116048 990903 1378876 -1585576832 12746 -13800 -19100
87.369 2 GPS 3 43818129 447811619 546 651039 325 -8 2395 294240000 30 0
87.467 2 GPS_INT 0 0 0 404514086 -37290343 701275 651039 0 0 0 50 23 294240000 93 24 3 1
87.468 2 ATTITUDE -0.232536 0.857195 0.144253
87.468 2 ROTORCRAFT_NAV_STATUS 12 12 0. 0. 5 0 2
87.468 2 WP_MOVED_ENU 10 12180 6215 2974
87.468 2 WP_MOVED_ENU 10 12180 6215 2974
87.468 2 IMU_MAG_RAW 255 0 0 0
87.469 2 INS 2718 1538 -148154768 1027603 1274018 -1585798528 14575 -8999 -19449
87.469 2 ROVER_CTRL 2.5 -0.705968 2975.952637 -0.425538 1400. 600. 1000. 1066.89856 -988.355713 93.173981 3.205968 -0.
87.469 2 ROTORCRAFT_FP 1538 2718 148162512 1274018 1027603 1585820800 -988 609 3502 0 0 0 0 2975 0
87.470 2 ATTITUDE -0.245467 0.85059 0.137013
87.470 2 INS 2718 1538 -148193488 1027603 1274018 -1585938304 -6891 -5336 -4523
87.470 2 SERIAL_COM 379 8663 13252 -9250 0 0 0 14 280 80 76 0 0 0 0 0
87.483 2 ATTITUDE -0.240923 0.849914 0.138336
87.515 2 INS 2718 1538 -148232192 1027603 1274018 -1586150784 917 -2935 3436
87.542 2 GPS_INT 0 0 0 404514128 -37290263 701305 651069 0 0 0 50 22 294240250 93 24 3 1
87.542 2 ATTITUDE -0.232538 0.85596 0.148324
87.558 2 INS 2718 1538 -148270928 1027603 1274018 -1586310272 -871 -3216 2260
87.574 2 INS_REF 485058561 -31614701 411670235 404513171 -37290972 700771 650535 0.
87.590 2 ATTITUDE -0.217173 0.865333 0.142157
87.642 2 GVF_PARAMETRIC 5 1 -4.2e-05 6.,18.136719,41.308594,44.878906,19.75,29.046875,61.347656,53.699219,0.,0.,0.,0.,0.,0.,0.,0. -0.939075,-0.751968
87.643 2 INS 2718 1538 -148309648 1027603 1274018 -1586551936 -2149 -7363 -5958
87.643 2 GPS 3 43818197 447811665 528 651069 314 6 2395 294240250 30 0
87.643 2 ATTITUDE -0.216991 0.876071 0.14678
87.658 2 INS 2841 1697 -148348368 980417 1253047 -1586773632 19684 -14963 -33024
87.697 2 ROTORCRAFT_FP 1697 2841 148356112 1253047 980417 1586816128 -956 605 3565 0 0 0 0 2882 0
87.698 2 GPS_INT 0 0 0 404514171 -37290190 701266 651030 0 0 0 50 20 294240500 98 25 3 1
87.698 2 ATTITUDE -0.22923 0.87967 0.152485
87.727 2 INS 2841 1697 -148387088 980417 1253047 -1586952192 1714 -127 -2168
87.727 2 STATIC_CONTROL 0 0. 0 0. 0. 0. 0. 0. 0. 0. 0. 0. 0.
87.728 2 ATTITUDE -0.227978 0.892129 0.150289
87.759 2 INS 2841 1697 -148425840 980417 1253047 -1587230464 -361 201 -7109
87.775 2 ATTITUDE -0.220385 0.901677 0.152624
87.807 2 INS 2841 1697 -148464608 980417 1253047 -1587408896 4776 -12849 -15996
87.835 2 GPS_INT 0 0 0 404514171 -37290190 701266 651030 0 0 0 50 20 294240500 98 25 3 1
87.835 2 ATTITUDE -0.230498 0.897293 0.148297
87.852 2 LINK_REPORT 2 -1 88 0 267468 6030 0 3066. 69. 27 22.4
87.867 2 INS 2841 1697 -148503344 980417 1253047 -1587560832 -2200 -6219 992
87.867 2 GPS 3 43818260 447811712 524 651030 305 9 2395 294240500 30 0
87.883 2 ATTITUDE -0.236363 0.888641 0.155139
87.942 2 INS 2949 1858 -148542096 828374 1184889 -1587854336 -1227 -4846 -11814
87.942 2 ROVER_CTRL 2.5 -0.658237 3114.121094 -0.926088 1400. 600. 1000. 862.010986 -921.531128 369.691864 3.158237 -0.
87.942 2 ROTORCRAFT_FP 1858 2949 148549856 1184889 838860 1587838336 -995 645 3640 0 0 0 0 3114 0
87.943 2 ATTITUDE -0.247115 0.88506 0.155731
87.971 2 INS 2949 1858 -148580848 838860 1184889 -1588012288 -4360 -8323 -2746
87.971 2 SERIAL_COM 379 -15696 -4371 -12503 0 0 0 14 280 80 76 0 0 0 0 0
87.997 2 GPS_INT 0 0 0 404514209 -37290116 701291 651055 0 0 0 50 20 294240750 95 25 3 1
87.997 2 ATTITUDE -0.247869 0.893161 0.144189
88.036 2 GVF_PARAMETRIC 5 1 -6e-06 0.,0.199,0.199,0.546583,0.546583,0.05,61.347656,53.699219,0.,0.,0.,0.,0.,0.,0.,0. -0.814075,-0.661734
88.037 2 INS 2949 1858 -148619616 838860 1184889 -1588205568 -4612 -3193 -3936
88.037 2 ATTITUDE -0.244257 0.897984 0.149116
88.068 2 INS 2949 1858 -148658400 838860 1184889 -1588369792 615 2529 3953
88.083 2 ATTITUDE -0.244277 0.905533 0.150012
88.116 2 INS 2949 1858 -148697168 838860 1184889 -1588603136 11759 2543 -9844
88.116 2 GPS 3 43818323 447811754 536 651055 278 7 2395 294240750 30 0
88.142 2 GPS_INT 0 0 0 404514209 -37290116 701291 651055 0 0 0 50 20 294240750 95 25 3 1
88.142 2 ATTITUDE -0.25359 0.909483 0.148508
88.158 2 INS 2949 1858 -148735952 838860 1184889 -1588840320 5936 -371 -12316
88.184 2 ROTORCRAFT_FP 1858 2949 148743712 1184889 838860 1588870400 -1050 625 3716 0 0 0 0 3144 0
88.184 2 ATTITUDE -0.259698 0.910705 0.146822
88.199 2 IMU_MAG_RAW 255 0 0 0
88.216 2 INS 3056 2022 -148774752 896531 1258290 -1588934400 -3427 -11153 171
88.232 2 ATTITUDE -0.256457 0.907372 0.153687
88.264 2 INS 3056 2022 -148813568 907017 1258290 -1589246336 2099 -6284 -10605
88.280 2 GPS_INT 0 0 0 404514247 -37290040 701394 651158 0 0 0 50 19 294241000 95 24 3 1
88.281 2 ATTITUDE -0.250984 0.905149 0.151991
88.312 2 INS 3056 2022 -148852352 907017 1258290 -1589458688 -2477 -10507 -12523
88.327 2 ATTITUDE -0.244052 0.901671 0.148608
88.370 2 INS 3056 2022 -148891152 907017 1258290 -1589614720 -2079 -14545 -14423
88.370 2 GPS 3 43818388 447811796 540 651158 297 4 2395 294241000 30 0
88.385 2 ATTITUDE -0.25687 0.895533 0.154955
88.493 2 GVF_PARAMETRIC 5 1 3.4e-05 -6.,15.398438,4.558594,27.417969,28.609375,49.796875,50.96875,67.96875,0.,0.,0.,0.,0.,0.,0.,0. -0.74944,-0.621165
88.493 2 INS 3171 2178 -148929952 875560 1163918 -1589860480 -6028 -22 9429
88.494 2 ROVER_CTRL 2.5 -0.537619 2906.210693 -0.962136 1400. 600. 1000. 688.49585 -752.666077 167.155273 3.037619 -0.
88.494 2 ROTORCRAFT_FP 2178 3171 148937760 1169161 875560 1589843968 -1059 538 3686 0 0 0 0 2906 0
88.494 2 GPS_INT 0 0 0 404514287 -37289969 701285 651049 0 0 0 50 18 294241250 98 24 3 1
88.495 2 ATTITUDE -0.250883 0.902403 0.129637
88.495 2 INS 3171 2178 -148968768 875560 1169161 -1589987584 4062 -9851 -6330
88.495 2 SERIAL_COM 380 -6943 3012 -8729 0 0 0 14 281 80 76 0 0 0 0 0
88.495 2 ATTITUDE -0.236149 0.907135 0.1446
88.518 2 INS 3171 2178 -149007584 875560 1169161 -1590380032 8459 2453 -19691
88.519 2 GPS_SOL 50 18 98 24
88.534 2 ATTITUDE -0.255656 0.911558 0.140946
88.567 2 INS 3171 2178 -149046416 875560 1169161 -1590354176 1138 -2609 1050
88.583 2 GPS_INT 0 0 0 404514287 -37289969 701285 651049 0 0 0 50 18 294241250 98 24 3 1
88.584 2 ATTITUDE -0.251521 0.912392 0.14173
88.584 2 DATALINK_REPORT 3 91 26102 3047 0 4
88.615 2 INS 3171 2178 -149085248 875560 1169161 -1590741888 7492 -6662 -15660
88.615 2 GPS 3 43818448 447811840 536 651049 280 0 2395 294241250 30 0
88.630 2 ATTITUDE -0.262554 0.909293 0.143598
88.662 2 INS 3274 2329 -149124224 817888 1127218 -1590871552 -1542 -9236 -7513
88.689 2 ROTORCRAFT_FP 2329 3274 149131872 1127218 817888 1590897664 -1068 587 3766 0 0 0 0 2896 0
88.689 2 ATTITUDE -0.257043 0.916479 0.132729
88.689 2 WP_MOVED_ENU 11 2337 14133 2974
88.689 2 WP_MOVED_ENU 11 2337 14133 2974
88.704 2 INS 3274 2329 -149162912 823131 1127218 -1591129344 -6614 -15437 -9299
88.745 2 STATIC_CONTROL 0 0. 0 0. 0. 0. 0. 0. 0. 0. 0. 0. 0.
88.745 2 GPS_INT 0 0 0 404514323 -37289899 701336 651101 0 0 0 50 20 294241500 96 24 3 1
88.746 2 ATTITUDE -0.246027 0.910857 0.120921
88.761 2 INS 3274 2329 -149201776 823131 1127218 -1591292544 -4454 -12523 -5643
88.761 2 ROVER_STATUS 0 56 3 2 1 380 7.841861
88.776 2 ATTITUDE -0.250083 0.90693 0.120597
88.830 2 GVF_PARAMETRIC 5 1 0.000265 6.,18.136719,41.308594,44.878906,19.75,29.046875,61.347656,53.699219,0.,0.,0.,0.,0.,0.,0.,0. -0.625035,-0.545588
88.830 2 INS 3274 2329 -149240640 823131 1127218 -1591480064 2802 1577 -3754
88.830 2 DL_VALUE 34 0.
88.830 2 ATTITUDE -0.239744 0.893625 0.136807
88.853 2 LINK_REPORT 2 -1 89 0 270532 6099 0 3064. 69. 27 22.4
88.885 2 INS 3274 2329 -149279488 823131 1127218 -1591650176 1256 3896 -3203
88.886 2 GPS 3 43818508 447811879 537 651101 268 11 2395 294241500 30 0
88.886 2 GPS_INT 0 0 0 404514323 -37289899 701336 651101 0 0 0 50 20 294241500 96 24 3 1
88.887 2 ATTITUDE -0.241881 0.888323 0.128571
88.902 2 INS 3384 2472 -149318352 922746 1169161 -1591870720 -845 3425 -3605
88.943 2 ROVER_CTRL 2.5 -0.452909 2850.029785 -1.199189 1400. 600. 1000. 540.574158 -634.071899 140.810013 2.952909 -0.
88.943 2 ROTORCRAFT_FP 2472 3384 149326128 1169161 922746 1591885440 -1013 519 3641 0 0 0 0 2850 0
88.944 2 ATTITUDE -0.244143 0.888227 0.127822
88.969 2 INS 3384 2472 -149357232 927988 1174404 -1592161792 1798 5087 -12040
88.970 2 SERIAL_COM 380 778 217 2467 0 0 0 14 281 80 76 0 0 0 0 0
88.985 2 ATTITUDE -0.249628 0.890613 0.131976
88.986 2 ROTORCRAFT_NAV_STATUS 13 13 0. 0. 5 0 2
89.001 2 IMU_MAG_RAW 255 0 0 0
89.002 2 INS 3384 2472 -149396096 927988 1174404 -1592361984 8947 1733 -14804
89.032 2 GPS_INT 0 0 0 404514362 -37289833 701333 651097 0 0 0 50 20 294241750 95 25 3 1
89.032 2 ATTITUDE -0.24349 0.895375 0.123508
89.063 2 INS 3384 2472 -149434960 927988 1174404 -1592479104 3430 3170 -1052
89.079 2 ATTITUDE -0.224357 0.896789 0.123406
89.112 2 INS 3384 2472 -149473872 927988 1174404 -1592659072 2371 1554 -5104
89.112 2 GPS 3 43818564 447811922 526 651097 286 -10 2395 294241750 30 0
89.127 2 ATTITUDE -0.233442 0.895554 0.13413
89.160 2 INS 3384 2472 -149512752 927988 1174404 -1592868864 2341 -3328 -8441
89.197 2 ROTORCRAFT_FP 2472 3384 149520528 1174404 927988 1592827904 -935 568 3650 0 0 0 0 2824 0
89.197 2 GPS_INT 0 0 0 404514362 -37289833 701333 651097 0 0 0 50 20 294241750 95 25 3 1
89.198 2 ALIVE 122,195,7,233,5,247,195,75,60,187,26,129,128,90,246,93
89.198 2 ATTITUDE -0.234859 0.895655 0.136144
89.234 2 GVF_PARAMETRIC 5 1 0.000593 0.,0.199,0.199,0.546583,0.546583,0.05,61.347656,53.699219,0.,0.,0.,0.,0.,0.,0.,0. -0.562137,-0.517667
89.234 2 INS 3496 2611 -149551632 948960 1064303 -1592975872 2812 -3746 -5151
89.235 2 ATTITUDE -0.238042 0.899509 0.133617
89.249 2 INS 3496 2611 -149590544 948960 1064303 -1593321600 1588 -430 -11168
89.282 2 ATTITUDE -0.238406 0.897826 0.119827
89.314 2 INS 3496 2611 -149629424 948960 1064303 -1593460992 1901 -4433 -5130
89.340 2 GPS_INT 0 0 0 404514402 -37289769 701372 651136 0 0 0 50 19 294242000 104 23 3 1
89.340 2 ATTITUDE -0.235273 0.892096 0.132986
89.377 2 INS 3496 2611 -149668320 948960 1064303 -1593608448 5118 9818 525
89.377 2 ENERGY 30 7.833031 1.725 13.511978 5.492999 0.081353 0.635422
89.377 2 GPS 3 43818619 447811966 504 651136 273 1 2395 294242000 30 0
89.377 2 ATTITUDE -0.240553 0.884174 0.138415
89.447 2 INS 3617 2754 -149707248 1027603 1184889 -1593901568 -161 3880 -4531
89.447 2 ROVER_CTRL 2.5 -0.35982 2781.328857 -1.485106 1400. 600. 1000. 417.710236 -503.747833 65.207481 2.85982 -0.
89.448 2 ROTORCRAFT_FP 2754 3617 149715072 1184889 1027603 1593900544 -1007 481 3628 0 0 0 0 2781 0
89.448 2 ATTITUDE -0.237027 0.884085 0.110908
89.498 2 INS 3617 2754 -149746160 1027603 1184889 -1594038656 5937 -12996 -21317
89.498 2 SERIAL_COM 381 -8946 -804 -2352 0 0 0 14 282 80 76 0 0 0 0 0
89.498 2 GPS_INT 0 0 0 404514444 -37289703 701476 651241 0 0 0 49 20 294242250 98 24 3 1
89.499 2 STATE_FILTER_STATUS 6 3 0
89.499 2 ATTITUDE -0.236845 0.880682 0.119662
89.513 2 INS 3617 2754 -149785072 1027603 1184889 -1594248576 883 847 -3874
89.529 2 ATTITUDE -0.234076 0.884524 0.117994
89.561 2 INS 3617 2754 -149823984 1027603 1184889 -1594450304 4712 -1721 -12441
89.577 2 ATTITUDE -0.235216 0.880268 0.113239
89.655 2 GVF_PARAMETRIC 5 1 0.001132 -6.,15.398438,4.558594,27.417969,28.609375,49.796875,50.96875,67.96875,0.,0.,0.,0.,0.,0.,0.,0. -0.440958,-0.450215
89.655 2 INS 3617 2754 -149862928 1027603 1184889 -1594606208 -5557 -6401 -9128
89.656 2 GPS 3 43818675 447812012 496 651241 301 -13 2395 294242250 30 0
89.656 2 GPS_INT 0 0 0 404514444 -37289703 701476 651241 0 0 0 49 20 294242250 98 24 3 1
89.656 2 ATTITUDE -0.241604 0.872506 0.123185
89.656 2 INS 3735 2900 -149901872 948960 1053817 -1594795520 -2628 -14420 -7663
89.681 2 ROTORCRAFT_FP 2900 3735 149909664 1053817 948960 1594953216 -1010 531 3576 0 0 0 0 2853 0
89.681 2 ATTITUDE -0.24357 0.872005 0.135702
89.726 2 INS 3735 2900 -149940800 954203 1053817 -1595101056 1512 -8601 -12478
89.727 2 STATIC_CONTROL 0 0. 0 0. 0. 0. 0. 0. 0. 0. 0. 0. 0.
89.727 2 ATTITUDE -0.240094 0.868918 0.120961
89.758 2 INS 3735 2900 -149979760 954203 1053817 -1595268736 17127 -2657 -25856
89.784 2 GPS_INT 0 0 0 404514486 -37289636 701586 651350 0 0 0 49 19 294242500 93 23 3 1
89.785 2 ATTITUDE -0.245714 0.851155 0.111695
89.785 2 IMU_MAG_RAW 255 0 0 0
89.800 2 INS 3735 2900 -150018720 954203 1053817 -1595397248 -7659 1655 4479
89.832 2 ATTITUDE -0.250443 0.837331 0.119264
89.849 2 INS 3735 2900 -150057648 954203 1053817 -1595691392 6871 -13130 -22022
89.853 2 LINK_REPORT 2 -1 90 0 273619 6168 0 3087. 69. 27 22.4
89.864 2 GPS 3 43818732 447812058 488 651350 272 1 2395 294242500 30 0
89.880 2 ATTITUDE -0.240858 0.81816 0.122179
89.972 2 INS 3863 3028 -150096608 1027603 1022360 -1595803776 4041 280 -4329
89.973 2 ROVER_CTRL 2.5 -0.30444 2689.237793 -1.855047 1400. 600. 1000. 317.250702 -426.215698 -3.623962 2.80444 -0.
89.973 2 ROTORCRAFT_FP 3028 3863 150104448 1022360 1027603 1595847168 -998 483 3330 0 0 0 0 2689 0
89.973 2 GPS_INT 0 0 0 404514531 -37289577 701538 651302 0 0 0 49 17 294242750 93 24 3 1
89.974 2 ATTITUDE -0.242057 0.813607 0.11303
89.974 2 INS 3863 3028 -150135568 1032846 1027603 -1595963264 -4053 29 -1494
89.974 2 SERIAL_COM 381 -9705 221 -10320 0 0 0 14 282 80 76 0 0 0 0 0
89.974 2 ATTITUDE -0.241416 0.814103 0.103042
89.988 2 WP_MOVED_ENU 12 760 1031 2560
89.989 2 WP_MOVED_ENU 12 760 1031 2560
90.030 2 GVF_PARAMETRIC 5 1 0.001769 6.,18.136719,41.308594,44.878906,19.75,29.046875,61.347656,53.699219,0.,0.,0.,0.,0.,0.,0.,0. -0.320904,-0.381959
90.031 2 INS 3863 3028 -150174528 1032846 1027603 -1596275712 801 -13949 -13464
90.031 2 ATTITUDE -0.228642 0.813929 0.092555
90.062 2 INS 3863 3028 -150213504 1032846 1027603 -1596412928 8307 -9963 -11699
90.079 2 GPS_INT 0 0 0 404514531 -37289577 701538 651302 0 0 0 49 17 294242750 93 24 3 1
90.079 2 ATTITUDE -0.228048 0.806723 0.11106
90.110 2 INS 3863 3028 -150252464 1032846 1027603 -1596587904 4715 3702 3572
90.111 2 GPS 3 43818783 447812108 465 651302 279 -11 2395 294242750 30 0
90.126 2 ATTITUDE -0.240727 0.803125 0.108917
90.181 2 INS 3863 3028 -150291424 1032846 1027603 -1596817792 3672 2219 -4289
90.182 2 ROTORCRAFT_FP 3028 3863 150299216 1027603 1032846 1596904960 -989 421 3289 0 0 0 0 2640 0
90.182 2 ATTITUDE -0.24346 0.810933 0.097073
90.197 2 INS 3991 3153 -150330416 1017117 954203 -1596973696 585 -1683 -1766
90.228 2 GPS_INT 0 0 0 404514576 -37289519 701476 651240 0 0 0 48 16 294243000 92 24 3 1
90.229 2 ATTITUDE -0.248593 0.80219 0.110748
90.260 2 INS 3991 3153 -150369424 1017117 954203 -1597286272 9464 -4869 -12206
90.261 2 ROVER_STATUS 0 56 3 2 1 382 7.868354
90.276 2 ATTITUDE -0.247349 0.792637 0.114589
90.308 2 INS 3991 3153 -150408400 1017117 954203 -1597500800 19392 -9050 -16577
90.324 2 ATTITUDE -0.253418 0.787963 0.094778
90.324 2 PONG 
90.366 2 INS 3991 3153 -150447408 1017117 954203 -1597705856 4195 5345 -2899
90.366 2 GPS 3 43818832 447812157 447 651240 267 -7 2395 294243000 30 0
90.382 2 GPS_INT 0 0 0 404514576 -37289519 701476 651240 0 0 0 48 16 294243000 92 24 3 1
90.383 2 ATTITUDE -0.271445 0.783164 0.096896
90.481 2 GVF_PARAMETRIC 5 1 0.002448 0.,0.199,0.199,0.546583,0.546583,0.05,61.347656,53.699219,0.,0.,0.,0.,0.,0.,0.,0. -0.256804,-0.364605
90.482 2 INS 4121 3276 -150486416 1022360 1001389 -1597936896 3257 -469 -655
90.482 2 ROVER_CTRL 2.5 -0.273581 2671.127686 -3.20901 1400. 600. 1000. 228.27562 -383.012756 24.223328 2.773581 -0.
90.483 2 ROTORCRAFT_FP 3276 4121 150494208 1001389 1022360 1597953792 -1124 374 3176 0 0 0 0 2671 0
90.483 2 DL_VALUE 35 0.
90.483 2 ATTITUDE -0.275333 0.77366 0.092493
90.484 2 INS 4121 3276 -150525424 1032846 1006632 -1598113792 9576 4381 -4811
90.484 2 SERIAL_COM 382 -469 3257 -655 0 0 0 14 283 80 76 0 0 0 0 0
90.484 2 ATTITUDE -0.268426 0.766094 0.088602
90.497 2 INS 4121 3276 -150564432 1032846 1006632 -1598338176 10852 -91 -4872
90.513 2 GPS_SOL 48 16 95 25
90.539 2 GPS_INT 0 0 0 404514622 -37289462 701420 651184 0 0 0 48 16 294243250 95 25 3 1
90.540 2 AUTOPILOT_VERSION 60200 v6.2_unstable-650-g74eaf7c20-dirty
90.540 2 ATTITUDE -0.263831 0.764672 0.085346
90.555 2 INS 4121 3276 -150603456 1032846 1006632 -1598531200 -848 -2322 -2720
90.571 2 ATTITUDE -0.264448 0.762139 0.076748
90.587 2 ROTORCRAFT_NAV_STATUS 15 15 0. 0. 5 0 2
90.587 2 IMU_MAG_RAW 255 0 0 0
90.613 2 INS 4121 3276 -150642496 1032846 1006632 -1598798464 -10167 -2244 303
90.614 2 GPS 3 43818881 447812208 445 651184 276 -6 2395 294243250 30 0
90.629 2 ATTITUDE -0.265002 0.747058 0.07865
90.645 2 INS 4252 3399 -150681536 1022360 896531 -1598967936 8783 2948 -13445
90.687 2 ROTORCRAFT_FP 3399 4252 150689344 896531 1022360 1599065728 -1127 339 3015 0 0 0 0 2643 0
90.688 2 GPS_INT 0 0 0 404514667 -37289405 701422 651187 0 0 0 47 15 294243500 93 25 3 1
90.688 2 ATTITUDE -0.279754 0.728282 0.081439
90.730 2 INS 4252 3399 -150720576 1027603 901774 -1599182080 1523 5738 -8303
90.731 2 STATIC_CONTROL 0 0. 0 0. 0. 0. 0. 0. 0. 0. 0. 0. 0.
90.731 2 ATTITUDE -0.265568 0.715472 0.078617
90.746 2 INS 4252 3399 -150759616 1027603 901774 -1599431040 -299 -8561 -11489
90.778 2 ATTITUDE -0.289007 0.695726 0.073267
90.842 2 GVF_PARAMETRIC 5 1 0.003403 -6.,15.398438,4.558594,27.417969,28.609375,49.796875,50.96875,67.96875,0.,0.,0.,0.,0.,0.,0.,0. -0.140636,-0.305564
90.843 2 INS 4252 3399 -150798656 1027603 901774 -1599678592 -5345 -964 -2649
90.843 2 GPS_INT 0 0 0 404514667 -37289405 701422 651187 0 0 0 47 15 294243500 93 25 3 1
90.844 2 ATTITUDE -0.286266 0.677061 0.064377
90.854 2 LINK_REPORT 2 -1 91 0 276773 6239 0 3154. 71. 28 20.12
90.858 2 INS 4252 3399 -150837696 1027603 901774 -1599875072 1034 622 -6776
90.858 2 GPS 3 43818930 447812257 428 651187 262 12 2395 294243500 30 0
90.874 2 ATTITUDE -0.285218 0.655844 0.070254
90.933 2 INS 4252 3399 -150876752 1027603 901774 -1600193920 10202 11425 -1766
90.933 2 ROVER_CTRL 2.5 -0.260834 2708.996826 -4.071727 1400. 600. 1000. 147.786896 -365.167236 124.812126 2.760834 -0.
90.939 2 ROTORCRAFT_FP 3507 4385 150884608 781188 1111489 1600210944 -1145 258 2625 0 0 0 0 2708 0
90.939 2 ATTITUDE -0.270507 0.631782 0.046414
90.963 2 INS 4385 3507 -150915824 1121975 781188 -1600307584 -6500 -598 252
90.964 2 SERIAL_COM 382 -7065 1270 -25815 0 0 0 14 283 80 76 0 0 0 0 0
90.989 2 GPS_INT 0 0 0 404514714 -37289356 701388 651152 0 0 0 47 15 294243750 93 25 3 1
90.990 2 ATTITUDE -0.276563 0.620743 0.029441
91.005 2 INS 4385 3507 -150954912 1121975 781188 -1600576768 -6581 -9449 -6121
91.021 2 ATTITUDE -0.290833 0.602548 0.043789
91.053 2 INS 4385 3507 -150994000 1121975 781188 -1600757888 -520 3844 -5678
91.069 2 ATTITUDE -0.292861 0.584959 0.042079
91.112 2 INS 4385 3507 -151033104 1121975 781188 -1600994560 -585 -561 -6524
91.112 2 GPS 3 43818972 447812309 386 651152 261 -1 2395 294243750 30 0
91.138 2 GPS_INT 0 0 0 404514714 -37289356 701388 651152 0 0 0 47 15 294243750 93 25 3 1
91.139 2 ATTITUDE -0.280863 0.570414 0.024684
91.154 2 INS 4385 3507 -151072208 1121975 781188 -1601142784 398 -2301 -7350
91.180 2 ROTORCRAFT_FP 3507 4385 151080016 781188 1121975 1601150720 -1182 113 2296 0 0 0 0 2714 0
91.181 2 ATTITUDE -0.280101 0.555793 0.03339
91.221 2 GVF_PARAMETRIC 5 1 0.00422 6.,18.136719,41.308594,44.878906,19.75,29.046875,61.347656,53.699219,0.,0.,0.,0.,0.,0.,0.,0. -0.07977,-0.293539
91.222 2 INS 4531 3601 -151111280 1195375 676330 -1601412096 10653 -6582 -22943
91.222 2 ATTITUDE -0.291339 0.528247 0.031751
91.253 2 INS 4531 3601 -151150384 1195375 676330 -1601587072 9033 578 -12168
91.279 2 GPS_INT 0 0 0 404514765 -37289313 701290 651054 0 0 0 46 15 294244000 91 24 3 1
91.280 2 ATTITUDE -0.298904 0.507145 0.01175
91.280 2 WP_MOVED_ENU 13 775 -1018 2560
91.295 2 WP_MOVED_ENU 13 775 -1018 2560
91.311 2 INS 4531 3601 -151189520 1195375 676330 -1601838208 579 -14234 -27238
91.327 2 ATTITUDE -0.289599 0.486578 0.020095
91.359 2 INS 4531 3601 -151228592 1195375 676330 -1602027136 -601 -5613 -16119
91.359 2 GPS 3 43819009 447812366 338 651054 262 0 2395 294244000 30 0
91.375 2 ATTITUDE -0.29089 0.465347 0.022446
91.375 2 IMU_MAG_RAW 255 0 0 0
91.470 2 INS 4531 3601 -151267696 1195375 676330 -1602245504 -3497 -3092 -7807
91.470 2 ROVER_CTRL 2.5 -0.213802 2765.914551 -4.793725 1400. 600. 1000. 78.012138 -299.322937 185.942657 2.713802 -0.
91.471 2 ROTORCRAFT_FP 3676 4674 151275520 429915 1242561 1602271616 -1192 41 1839 0 0 0 0 2765 0
91.472 2 GPS_INT 0 0 0 404514816 -37289279 701307 651072 0 0 0 46 15 294244250 90 25 3 1
91.472 2 ATTITUDE -0.278185 0.443105 -0.003102
91.472 2 INS 4674 3676 -151306816 1242561 429915 -1602415360 8018 -6619 -14154
91.473 2 SERIAL_COM 383 -7283 2594 -15818 0 0 0 14 284 80 76 0 0 0 0 0
91.473 2 ATTITUDE -0.285024 0.42063 -0.008744
91.502 2 INS 4674 3676 -151345936 1242561 429915 -1602630144 2948 -1385 -8164
91.518 2 ATTITUDE -0.293391 0.401238 -0.0083
91.550 2 INS 4674 3676 -151385072 1242561 429915 -1602896768 -5824 -9255 -7320
91.576 2 GPS_INT 0 0 0 404514816 -37289279 701307 651072 0 0 0 46 15 294244250 90 25 3 1
91.576 2 ATTITUDE -0.302704 0.379254 -0.031113
91.629 2 GVF_PARAMETRIC 5 1 0.005414 0.,0.199,0.199,0.546583,0.546583,0.05,61.347656,53.699219,0.,0.,0.,0.,0.,0.,0.,0. 0.01053,-0.23256
91.630 2 INS 4674 3676 -151424208 1242561 429915 -1603073536 -3185 719 -419
91.630 2 GPS 3 43819038 447812422 270 651072 253 -5 2395 294244250 30 0
91.630 2 ATTITUDE -0.306893 0.356582 -0.033587
91.645 2 INS 4830 3727 -151463360 1274018 340786 -1603392640 3667 -11665 -10828
91.674 2 ROTORCRAFT_FP 3727 4830 151471184 340786 1274018 1603404416 -1204 -184 1385 0 0 0 0 2727 0
91.675 2 ATTITUDE -0.305237 0.331098 -0.039949
91.733 2 INS 4830 3727 -151502480 1279261 346029 -1603558912 9837 408 -2305
91.733 2 STATIC_CONTROL 0 0. 0 0. 0. 0. 0. 0. 0. 0. 0. 0. 0.
91.734 2 GPS_INT 0 0 0 404514870 -37289255 701322 651086 0 0 0 45 14 294244500 91 25 3 1
91.734 2 ATTITUDE -0.304485 0.311092 -0.062493
91.760 2 INS 4830 3727 -151541616 1279261 346029 -1603831680 -1401 -1939 -2293
91.760 2 ROVER_STATUS 0 54 3 2 1 383 7.780045
91.776 2 ATTITUDE -0.304394 0.294883 -0.06187
91.808 2 INS 4830 3727 -151580784 1279261 346029 -1604016000 -1819 -5417 -2348
91.825 2 ATTITUDE -0.305541 0.27457 -0.07258
91.855 2 LINK_REPORT 2 -1 92 0 279678 6304 0 2905. 65. 28 20.12
91.856 2 INS 4830 3727 -151619968 1279261 346029 -1604254848 50 -8542 -8314
91.856 2 GPS 3 43819059 447812482 210 651086 253 6 2395 294244500 30 0
91.882 2 GPS_INT 0 0 0 404514870 -37289255 701322 651086 0 0 0 45 14 294244500 91 25 3 1
91.882 2 ALIVE 122,195,7,233,5,247,195,75,60,187,26,129,128,90,246,93
91.883 2 ATTITUDE -0.298999 0.259006 -0.080156
91.898 2 INS 4830 3727 -151659136 1279261 346029 -1604460416 -3136 -4558 -7825
91.937 2 ROVER_CTRL 2.5 -0.132427 2787.391357 -4.863491 1400. 600. 1000. 29.491728 -185.397766 142.502792 2.632427 -0.
91.938 2 ROTORCRAFT_FP 3758 4984 151666976 115343 1294990 1604508416 -1189 -381 1005 0 0 0 0 2787 0
91.938 2 ATTITUDE -0.289932 0.240986 -0.092462
91.964 2 INS 4984 3758 -151698336 1300233 115343 -1604717952 3947 2750 -8553
91.964 2 SERIAL_COM 383 -1375 -751 -1734 0 0 0 14 284 80 76 0 0 0 0 0
91.965 2 ATTITUDE -0.289023 0.209107 -0.104311
92.041 2 GVF_PARAMETRIC 5 1 0.007005 -6.,15.398438,4.558594,27.417969,28.609375,49.796875,50.96875,67.96875,0.,0.,0.,0.,0.,0.,0.,0. 0.074984,-0.180775
92.042 2 INS 4984 3758 -151737600 1300233 115343 -1604889344 -5041 2023 -6283
92.042 2 GPS_INT 0 0 0 404514925 -37289241 701324 651088 0 0 0 45 14 294244750 93 26 3 1
92.043 2 DL_VALUE 36 0.
92.043 2 ATTITUDE -0.280579 0.183238 -0.100358
92.057 2 INS 4984 3758 -151776736 1300233 115343 -1605124480 2964 2527 -10216
92.073 2 ATTITUDE -0.27588 0.152751 -0.114101
92.115 2 INS 4984 3758 -151815920 1300233 115343 -1605337856 -839 -1634 -14391
92.116 2 GPS 3 43819071 447812543 135 651088 249 9 2395 294244750 30 0
92.116 2 ATTITUDE -0.273078 0.123879 -0.115616
92.147 2 INS 4984 3758 -151855120 1300233 115343 -1605532672 -2227 -11309 -22591
92.206 2 ROTORCRAFT_FP 3758 4984 151862960 115343 1300233 1605630848 -1125 -463 432 0 0 0 0 2822 0
92.206 2 GPS_INT 0 0 0 404514925 -37289241 701324 651088 0 0 0 45 14 294244750 93 26 3 1
92.207 2 ATTITUDE -0.274411 0.095009 -0.113723
92.207 2 ROTORCRAFT_NAV_STATUS 17 17 0. 0. 5 0 2
92.207 2 IMU_MAG_RAW 255 0 0 0
92.208 2 INS 5145 3770 -151894320 1342176 -36700 -1605724416 5523 -3873 -3566
92.221 2 ATTITUDE -0.267404 0.06115 -0.12399
92.254 2 INS 5145 3770 -151933552 1342176 -36700 -1605890688 -5449 -4709 -5885
92.270 2 ATTITUDE -0.270162 0.029325 -0.12744
92.302 2 INS 5145 3770 -151972752 1342176 -36700 -1606147712 -1217 5817 -1270
92.328 2 GPS_INT 0 0 0 404514982 -37289235 701369 651134 0 0 0 45 15 294245000 92 26 3 1
92.328 2 ATTITUDE -0.267688 0.007528 -0.133923
92.358 2 INS 5145 3770 -152011968 1342176 -36700 -1606324608 4402 -3805 -30
92.358 2 GPS 3 43819077 447812606 61 651134 256 4 2395 294245000 30 0
92.373 2 ATTITUDE -0.254386 6.26218 -0.147064
92.459 2 GVF_PARAMETRIC 5 1 0.008391 6.,18.136719,41.308594,44.878906,19.75,29.046875,61.347656,53.699219,0.,0.,0.,0.,0.,0.,0.,0. 0.111739,-0.186434
92.460 2 INS 5145 3770 -152051200 1342176 -36700 -1606665472 6344 1607 -4550
92.460 2 ROVER_CTRL 2.5 -0.081533 2770.217285 -4.558975 1400. 600. 1000. -0.430655 -114.146133 84.30481 2.581533 -0.
92.461 2 ROTORCRAFT_FP 3765 5304 152059040 -246415 1294990 1606657536 -1011 -607 25604 0 0 0 0 2770 0
92.461 2 ATTITUDE -0.26043 6.236541 -0.151479
92.461 2 INS 5304 3765 -152090432 1289747 -246415 -1606832896 15309 309 -8995
92.462 2 SERIAL_COM 384 -6802 -2623 -14077 0 0 0 14 285 80 76 0 0 0 0 0
92.485 2 GPS_INT 0 0 0 404515038 -37289238 701466 651230 0 0 0 45 15 294245250 91 26 3 1
92.485 2 ATTITUDE -0.250122 6.209758 -0.163535
92.501 2 INS 5304 3765 -152129664 1289747 -246415 -1607085952 6213 5831 -196
92.501 2 GPS_SOL 45 15 91 26
92.517 2 ATTITUDE -0.24151 6.181511 -0.17042
92.549 2 INS 5304 3765 -152168896 1289747 -246415 -1607383168 -5942 -4720 -22244
92.565 2 ATTITUDE -0.234576 6.158037 -0.184901
92.581 2 WP_MOVED_ENU 14 -760 -1031 2560
92.581 2 WP_MOVED_ENU 14 -760 -1031 2560
92.625 2 INS 5304 3765 -152208160 1289747 -246415 -1607567104 10536 -3137 -11995
92.625 2 GPS 3 43819075 447812668 3586 651230 251 -10 2395 294245250 30 0
92.625 2 GPS_INT 0 0 0 404515038 -37289238 701466 651230 0 0 0 45 15 294245250 91 26 3 1
92.625 2 ATTITUDE -0.232223 6.134994 -0.195057
92.641 2 INS 5450 3727 -152247408 1158675 -477101 -1607812480 8102 -1757 -8114
92.657 2 INS_REF 485058561 -31614701 411670235 404513171 -37290972 700771 650535 0.
92.683 2 ROTORCRAFT_FP 3727 5450 152255264 -477101 1158675 1607849344 -962 -804 25070 0 0 0 0 2820 0
92.683 2 STATE_FILTER_STATUS 6 3 0
92.683 2 ATTITUDE -0.231114 6.109084 -0.196531
92.726 2 INS 5450 3727 -152286672 1158675 -482344 -1607997440 8714 -7641 -15369
92.726 2 STATIC_CONTROL 0 0. 0 0. 0. 0. 0. 0. 0. 0. 0. 0. 0.
92.727 2 ATTITUDE -0.217145 6.08289 -0.211847
92.741 2 INS 5450 3727 -152325936 1158675 -482344 -1608252288 7617 -2300 -18077
92.771 2 GPS_INT 0 0 0 404515089 -37289255 701584 651348 0 0 0 44 15 294245500 93 25 3 1
92.771 2 ATTITUDE -0.200136 6.057771 -0.211411
92.826 2 GVF_PARAMETRIC 5 1 0.010335 0.,0.199,0.199,0.546583,0.546583,0.05,61.347656,53.699219,0.,0.,0.,0.,0.,0.,0.,0. 0.135489,-0.153967
92.827 2 INS 5450 3727 -152365200 1158675 -482344 -1608454400 3114 -4769 -27293
92.827 2 ATTITUDE -0.202074 6.042574 -0.216202
92.841 2 INS 5450 3727 -152404464 1158675 -482344 -1608638208 7320 -4782 -13517
92.855 2 LINK_REPORT 2 -1 93 0 282933 6377 0 3255. 73. 28 20.12
92.857 2 GPS 3 43819061 447812725 3493 651348 240 6 2395 294245500 30 0
92.872 2 ATTITUDE -0.203675 6.026989 -0.22329
92.889 2 INS 5450 3727 -152443744 1158675 -482344 -1608838400 -6406 -2085 -9998
92.905 2 ROVER_CTRL 2.5 -0.025114 2792.856201 -2.125675 1400. 600. 1000. -15.551505 -35.159016 43.416023 2.525114 -0.
92.964 2 ROTORCRAFT_FP 3668 5591 152451600 -587202 1174404 1608896896 -799 -921 24671 0 0 0 0 2792 0
92.964 2 GPS_INT 0 0 0 404515138 -37289282 701706 651470 0 0 0 44 14 294245750 92 25 3 1
92.965 2 ATTITUDE -0.190192 6.01284 -0.221124
92.965 2 INS 5591 3668 -152483040 1169161 -592444 -1609031808 6596 -42 -1807
92.966 2 SERIAL_COM 384 -4769 3114 -27293 0 0 0 14 285 80 76 0 0 0 0 0
92.966 2 ATTITUDE -0.196931 6.008986 -0.223515
92.979 2 IMU_MAG_RAW 255 0 0 0
92.995 2 INS 5591 3668 -152522320 1169161 -592444 -1609270144 2045 -2182 -4141
93.012 2 ATTITUDE -0.201141 5.999852 -0.231066
93.044 2 INS 5591 3668 -152561632 1169161 -592444 -1609508096 -868 -18 -6602
93.071 2 GPS_INT 0 0 0 404515138 -37289282 701706 651470 0 0 0 44 14 294245750 92 25 3 1
93.071 2 ATTITUDE -0.192437 5.989085 -0.227436
93.102 2 INS 5591 3668 -152600928 1169161 -592444 -1609752832 12606 -14607 -12013
93.103 2 GPS 3 43819039 447812779 3406 651470 251 -1 2395 294245750 30 0
93.118 2 ATTITUDE -0.203325 5.9808 -0.225823
93.150 2 INS 5591 3668 -152640240 1169161 -592444 -1609885696 5536 2907 2771
93.167 2 ROTORCRAFT_FP 3668 5591 152648096 -592444 1169161 1609927168 -812 -934 24462 0 0 0 0 2819 0
93.167 2 ATTITUDE -0.187355 5.969622 -0.232897
93.231 2 GVF_PARAMETRIC 5 1 0.01192 -6.,15.398438,4.558594,27.417969,28.609375,49.796875,50.96875,67.96875,0.,0.,0.,0.,0.,0.,0.,0. 0.149222,-0.177514
93.231 2 INS 5729 3601 -152679536 1153432 -634387 -1610160640 -2373 -7562 -17437
93.232 2 GPS_INT 0 0 0 404515187 -37289313 701811 651576 0 0 0 44 13 294246000 90 26 3 1
93.232 2 ATTITUDE -0.185957 5.960828 -0.237051
93.256 2 INS 5729 3601 -152718848 1158675 -634387 -1610311168 2754 -1014 -6389
93.257 2 ROVER_STATUS 0 60 3 2 1 385 7.788876
93.272 2 ATTITUDE -0.183356 5.947644 -0.220448
93.289 2 INS 5729 3601 -152758160 1158675 -634387 -1610544256 6248 -8172 -7954
93.320 2 ATTITUDE -0.18389 5.936649 -0.214751
93.352 2 INS 5729 3601 -152797456 1158675 -634387 -1610669440 7838 -274 -4137
93.353 2 GPS 3 43819013 447812834 3356 651576 252 -3 2395 294246000 30 0
93.379 2 GPS_INT 0 0 0 404515187 -37289313 701811 651576 0 0 0 44 13 294246000 90 26 3 1
93.379 2 ATTITUDE -0.195386 5.933607 -0.231214
93.432 2 INS 5729 3601 -152836784 1158675 -634387 -1610935808 7179 -2580 -14308
93.433 2 ROVER_CTRL 2.5 0.000902 2832.406494 -1.201593 1400. 600. 1000. -18.894819 1.262712 50.04406 2.499098 -0.
93.433 2 ROTORCRAFT_FP 3530 5870 152844656 -665845 1179646 1610948224 -831 -937 24284 0 0 0 0 2832 0
93.434 2 ATTITUDE -0.200113 5.921127 -0.229765
93.459 2 INS 5870 3530 -152876112 1184889 -665845 -1611143680 1897 -524 -15959
93.460 2 SERIAL_COM 385 -5731 3655 -11112 0 0 0 14 286 80 76 0 0 0 0 0
93.460 2 ATTITUDE -0.190563 5.904024 -0.232706
93.491 2 INS 5870 3530 -152915440 1184889 -665845 -1611316480 6678 -7497 -7141
93.523 2 ATTITUDE -0.186221 5.895182 -0.242623
93.555 2 INS 5870 3530 -152954800 1184889 -665845 -1611503872 -9163 3088 -3302
93.571 2 ATTITUDE -0.180607 5.881215 -0.239983
93.625 2 GVF_PARAMETRIC 5 1 0.013941 6.,18.136719,41.308594,44.878906,19.75,29.046875,61.347656,53.699219,0.,0.,0.,0.,0.,0.,0.,0. 0.13667,-0.15693
93.625 2 INS 5870 3530 -152994144 1184889 -665845 -1611681536 1537 993 -7485
93.626 2 GPS 3 43818985 447812889 3329 651666 259 -12 2395 294246250 30 0
93.626 2 DL_VALUE 37 0.7
93.626 2 ATTITUDE -0.180755 5.876977 -0.238939
93.640 2 INS 5870 3530 -153033472 1184889 -665845 -1611893120 6462 -7514 -10351
93.690 2 ROTORCRAFT_FP 3448 6010 153041344 -754974 1116732 1611960832 -750 -986 24056 0 0 0 0 2739 0
93.691 2 GPS_INT 0 0 0 404515286 -37289384 701975 651740 0 0 0 43 13 294246500 92 25 3 1
93.691 2 DATALINK_REPORT 3 92 26455 3091 0 4
93.692 2 ATTITUDE -0.183975 5.871566 -0.246743
93.692 2 INS 6010 3448 -153072832 1111489 -754974 -1612103424 -3449 519 -6411
93.706 2 STATIC_CONTROL 0 0. 0 0. 0. 0. 0. 0. 0. 0. 0. 0. 0.
93.722 2 ATTITUDE -0.182029 5.859746 -0.240367
93.738 2 INS 6010 3448 -153112176 1111489 -754974 -1612319232 1373 -8659 -9202
93.770 2 ATTITUDE -0.187396 5.848152 -0.237112
93.770 2 ROTORCRAFT_NAV_STATUS 18 18 0. 0. 5 0 2
93.801 2 IMU_MAG_RAW 255 0 0 0
93.801 2 INS 6010 3448 -153151536 1111489 -754974 -1612446720 2254 -806 -7045
93.829 2 GPS_INT 0 0 0 404515286 -37289384 701975 651740 0 0 0 43 13 294246500 92 25 3 1
93.830 2 ATTITUDE -0.179846 5.835916 -0.237051
93.856 2 LINK_REPORT 2 -1 94 0 285833 6443 0 2900. 66. 28 20.12
93.868 2 INS 6010 3448 -153190896 1111489 -754974 -1612732032 -3393 1105 -7940
93.869 2 ENERGY 28 7.841861 1.675 13.135118 5.577546 0.083463 0.651946
93.869 2 GPS 3 43818953 447812944 3293 651740 257 1 2395 294246500 30 0
93.869 2 ATTITUDE -0.173329 5.823644 -0.229033
93.869 2 WP_MOVED_ENU 15 -775 1018 2560
93.899 2 WP_MOVED_ENU 15 -775 1018 2560
93.899 2 INS 6010 3448 -153230272 1111489 -754974 -1612911232 1832 -5678 -11160
93.927 2 ROVER_CTRL 2.5 -0.01417 2717.302979 0.021059 1400. 600. 1000. -21.435368 -19.837904 -41.508675 2.51417 -0.
93.928 2 ROTORCRAFT_FP 3356 6146 153238160 -807402 1101003 1612942976 -663 -958 23787 0 0 0 0 2717 0
93.928 2 ATTITUDE -0.155239 5.801964 -0.236655
93.956 2 INS 6146 3356 -153269664 1111489 -807402 -1613129728 10431 -14218 -14416
93.957 2 SERIAL_COM 385 5606 -409 -1759 0 0 0 14 286 80 76 0 0 0 0 0
93.982 2 GPS_INT 0 0 0 404515334 -37289426 702082 651846 0 0 0 43 13 294246750 92 25 3 1
93.983 2 ATTITUDE -0.151178 5.787 -0.24301
94.023 2 GVF_PARAMETRIC 5 1 0.015938 0.,0.199,0.199,0.546583,0.546583,0.05,61.347656,53.699219,0.,0.,0.,0.,0.,0.,0.,0. 0.10767,-0.132419
94.023 2 INS 6146 3356 -153309040 1111489 -807402 -1613388160 16349 2939 -10608
94.023 2 ATTITUDE -0.145406 5.788622 -0.256974
94.038 2 INS 6146 3356 -153348432 1111489 -807402 -1613568000 -3660 706 -10409
94.070 2 ATTITUDE -0.161678 5.776712 -0.239469
94.086 2 INS 6146 3356 -153387824 1111489 -807402 -1613772928 5208 -2929 -5576
94.102 2 GPS 3 43818918 447812998 3265 651846 262 9 2395 294246750 30 0
94.130 2 GPS_INT 0 0 0 404515334 -37289426 702082 651846 0 0 0 43 13 294246750 92 25 3 1
94.131 2 ATTITUDE -0.168837 5.774636 -0.224267
94.146 2 INS 6146 3356 -153427216 1111489 -807402 -1613971328 9531 -5938 -10195
94.172 2 ROTORCRAFT_FP 3356 6146 153435104 -807402 1111489 1613987456 -778 -984 23698 0 0 0 0 2667 0
94.173 2 ATTITUDE -0.188555 5.788067 -0.244841
94.188 2 INS 6284 3261 -153466640 1116732 -817888 -1614118656 3958 -5264 -4637
94.220 2 ATTITUDE -0.182152 5.785798 -0.245939
94.236 2 INS 6284 3261 -153506048 1116732 -817888 -1614407552 9549 -3553 -8756
94.268 2 GPS_INT 0 0 0 404515382 -37289469 702131 651895 0 0 0 43 12 294247000 94 26 3 1
94.269 2 ATTITUDE -0.181061 5.779919 -0.2318
94.300 2 INS 6284 3261 -153545472 1116732 -817888 -1614567552 11624 -17404 -12930
94.316 2 ATTITUDE -0.174265 5.771587 -0.237322
94.348 2 INS 6284 3261 -153584912 1116732 -817888 -1614731136 -5169 -2748 -8739
94.348 2 GPS 3 43818882 447813051 3251 651895 263 3 2395 294247000 30 0
94.364 2 ATTITUDE -0.169377 5.756548 -0.234906
94.472 2 GVF_PARAMETRIC 5 1 0.017845 -6.,15.398438,4.558594,27.417969,28.609375,49.796875,50.96875,67.96875,0.,0.,0.,0.,0.,0.,0.,0. 0.117284,-0.178392
94.472 2 INS 6284 3261 -153624336 1116732 -817888 -1614932736 -1818 -3951 -21006
94.472 2 ROVER_CTRL 2.5 -0.040892 2672.999268 1.018476 1400. 600. 1000. -30.395512 -57.249306 -39.601326 2.540892 -0.
94.473 2 ROTORCRAFT_FP 3171 6415 153632224 -828374 996146 1614991104 -729 -948 23595 0 0 0 0 2672 0
94.473 2 GPS_INT 0 0 0 404515428 -37289512 702230 651994 0 0 0 42 12 294247250 96 26 3 1
94.473 2 ATTITUDE -0.177132 5.756174 -0.227028
94.474 2 INS 6415 3171 -153663760 1006632 -828374 -1615124352 7908 -1764 -5705
94.474 2 SERIAL_COM 386 -1049 -3677 -15023 0 0 0 14 287 80 76 0 0 0 0 0
94.474 2 ATTITUDE -0.18291 5.757191 -0.232219
94.502 2 INS 6415 3171 -153703216 1006632 -828374 -1615315328 -5373 3101 -2631
94.503 2 GPS_SOL 42 12 96 26
94.518 2 ATTITUDE -0.175463 5.754976 -0.2363
94.573 2 INS 6415 3171 -153742656 1006632 -828374 -1615466240 2021 -2393 -2586
94.574 2 GPS_INT 0 0 0 404515428 -37289512 702230 651994 0 0 0 42 12 294247250 96 26 3 1
94.574 2 ALIVE 122,195,7,233,5,247,195,75,60,187,26,129,128,90,246,93
94.575 2 ATTITUDE -0.178734 5.749533 -0.223274
94.575 2 IMU_MAG_RAW 255 0 0 0
94.602 2 INS 6415 3171 -153782112 1006632 -828374 -1615706880 8437 -198 1892
94.602 2 GPS 3 43818846 447813103 3229 651994 248 25 2395 294247250 30 0
94.618 2 ATTITUDE -0.188659 5.751312 -0.227785
94.634 2 INS 6415 3171 -153821568 1006632 -828374 -1615858432 -2178 -3393 -4457
94.666 2 ROTORCRAFT_FP 3171 6415 153829456 -828374 1006632 1615926272 -756 -989 23573 0 0 0 0 2661 0
94.667 2 ATTITUDE -0.180557 5.760949 -0.238876
94.722 2 INS 6545 3072 -153861008 1080032 -796917 -1616138880 871 -8180 -5564
94.722 2 STATIC_CONTROL 0 0. 0 0. 0. 0. 0. 0. 0. 0. 0. 0. 0.
94.723 2 GPS_INT 0 0 0 404515474 -37289557 702189 651953 0 0 0 42 13 294247500 92 25 3 1
94.723 2 ATTITUDE -0.17972 5.773484 -0.234644
94.752 2 INS 6545 3072 -153900480 1080032 -796917 -1616282368 998 -3583 -2460
94.752 2 ROVER_STATUS 0 59 3 2 1 386 7.841861
94.768 2 ATTITUDE -0.191655 5.781865 -0.224124
94.810 2 GVF_PARAMETRIC 5 1 0.019867 6.,18.136719,41.308594,44.878906,19.75,29.046875,61.347656,53.699219,0.,0.,0.,0.,0.,0.,0.,0. 0.08444,-0.164048
94.811 2 INS 6545 3072 -153939936 1080032 -796917 -1616549888 4762 -3005 -2912
94.812 2 ATTITUDE -0.190993 5.79217 -0.230378
94.852 2 INS 6545 3072 -153979408 1080032 -796917 -1616727168 3102 -10347 -12501
94.852 2 GPS 3 43818808 447813154 3234 651953 256 0 2395 294247500 30 0
94.857 2 LINK_REPORT 2 -1 95 0 289012 6514 0 3179. 71. 28 20.12
94.878 2 GPS_INT 0 0 0 404515474 -37289557 702189 651953 0 0 0 42 13 294247500 92 25 3 1
94.879 2 ATTITUDE -0.198484 5.803474 -0.230888
94.931 2 INS 6545 3072 -154018896 1080032 -796917 -1616924800 3327 -8564 -2750
94.932 2 ROVER_CTRL 2.5 -0.058842 2646.28833 1.767484 1400. 600. 1000. -43.838081 -82.379387 -27.84729 2.558842 -0.
94.932 2 ROTORCRAFT_FP 3072 6545 154026784 -796917 1080032 1616973696 -811 -921 23765 0 0 0 0 2646 0
94.933 2 ATTITUDE -0.204256 5.806728 -0.221744
94.947 2 INS 6679 2977 -154058384 1111489 -734002 -1617110272 6309 -1313 -299
94.948 2 SERIAL_COM 386 -6498 -3094 -5242 0 0 0 14 287 80 76 0 0 0 0 0
94.963 2 ATTITUDE -0.19931 5.820974 -0.225961
95.021 2 GPS_INT 0 0 0 404515521 -37289601 702119 651883 0 0 0 42 12 294247750 92 25 3 1
95.022 2 ATTITUDE -0.212273 5.835348 -0.224483
95.037 2 INS 6679 2977 -154137360 1111489 -734002 -1617537664 4542 -16814 -14671
95.069 2 ATTITUDE -0.211406 5.836725 -0.21221
95.085 2 INS 6679 2977 -154176848 1111489 -734002 -1617721856 154 -6357 -3260
95.101 2 GPS 3 43818772 447813207 3253 651883 254 9 2395 294247750 30 0
95.117 2 ATTITUDE -0.207133 5.84308 -0.215368
95.133 2 INS 6679 2977 -154216336 1111489 -734002 -1617872000 1268 -9041 -11734
95.186 2 ROTORCRAFT_FP 2977 6679 154224240 -734002 1111489 1617890176 -885 -841 23934 0 0 0 0 2637 0
95.187 2 GPS_INT 0 0 0 404515521 -37289601 702119 651883 0 0 0 42 12 294247750 92 25 3 1
95.187 2 ATTITUDE -0.221244 5.844121 -0.20811
95.187 2 WP_MOVED_ENU 16 50798 51645 2557
95.188 2 WP_MOVED_ENU 16 50798 51645 2557
95.223 2 GVF_PARAMETRIC 5 1 0.021601 0.,0.199,0.199,0.546583,0.546583,0.05,61.347656,53.699219,0.,0.,0.,0.,0.,0.,0.,0. 0.088603,-0.19993
95.224 2 INS 6679 2977 -154255840 1111489 -734002 -1618044672 1051 -6608 -7263
95.224 2 DL_VALUE 38 2.
95.224 2 ATTITUDE -0.21829 5.842285 -0.20315
95.239 2 INS 6817 2895 -154295344 1153432 -602930 -1618239872 -920 -4340 -4873
95.255 2 ATTITUDE -0.227243 5.856859 -0.210661
95.287 2 INS 6817 2895 -154334864 1153432 -602930 -1618408704 -7573 5322 -2358
95.314 2 GPS_INT 0 0 0 404515570 -37289638 702094 651858 0 0 0 41 13 294248000 87 26 3 1
95.315 2 ATTITUDE -0.235494 5.86323 -0.207167
95.356 2 INS 6817 2895 -154374368 1153432 -602930 -1618576896 9772 174 -1654
95.356 2 PONG 
95.356 2 GPS 3 43818741 447813261 3291 651858 247 5 2395 294248000 30 0
95.357 2 ATTITUDE -0.243326 5.873919 -0.205164
95.372 2 ROTORCRAFT_NAV_STATUS 20 20 0. 0. 5 0 2
95.372 2 IMU_MAG_RAW 255 0 0 0
95.388 2 INS 6817 2895 -154413888 1153432 -602930 -1618797824 5211 -6093 -3734
95.417 2 ROVER_CTRL 2.5 -0.060418 2671.901855 0.769001 1400. 600. 1000. -62.448757 -84.584717 18.572807 2.560418 -0.
95.417 2 ROTORCRAFT_FP 2895 6817 154421792 -602930 1153432 1618838400 -970 -836 24062 0 0 0 0 2671 0
95.433 2 INS 6963 2833 -154453424 1184889 -513801 -1619047296 -6294 -3340 -3555
95.475 2 SERIAL_COM 387 -8218 476 -6145 0 0 0 14 288 80 76 0 0 0 0 0
95.475 2 GPS_INT 0 0 0 404515621 -37289667 702104 651868 0 0 0 41 14 294248250 87 25 3 1
95.476 2 ATTITUDE -0.23142 5.87658 -0.214437
95.491 2 INS 6963 2833 -154492944 1184889 -513801 -1619145344 -171 -2489 2350
95.507 2 ATTITUDE -0.228278 5.876544 -0.220082
95.539 2 INS 6963 2833 -154532512 1184889 -513801 -1619435136 -3357 1793 -2453
95.555 2 ATTITUDE -0.220575 5.876228 -0.21782
95.644 2 GVF_PARAMETRIC 5 1 0.023722 -6.,15.398438,4.558594,27.417969,28.609375,49.796875,50.96875,67.96875,0.,0.,0.,0.,0.,0.,0.,0. 0.076421,-0.183195
95.645 2 INS 6963 2833 -154572032 1184889 -513801 -1619623936 2622 -9394 -6279
95.645 2 GPS 3 43818717 447813318 3331 651868 247 9 2395 294248250 30 0
95.646 2 GPS_INT 0 0 0 404515621 -37289667 702104 651868 0 0 0 41 14 294248250 87 25 3 1
95.646 2 ATTITUDE -0.218565 5.876646 -0.220506
95.646 2 INS 6963 2833 -154611568 1184889 -513801 -1619785216 6619 -7876 -6747
95.660 2 ROTORCRAFT_FP 2833 6963 154619520 -513801 1184889 1619805056 -869 -870 24014 0 0 0 0 2721 0
95.661 2 ATTITUDE -0.217168 5.862398 -0.212908
95.692 2 INS 7116 2775 -154651120 1237318 -519044 -1619992192 -953 -2824 -7319
95.740 2 INS 7116 2775 -154690672 1237318 -519044 -1620175232 352 -3827 -12846
95.766 2 GPS_INT 0 0 0 404515675 -37289694 702141 651905 0 0 0 40 13 294248500 85 26 3 1
95.766 2 ATTITUDE -0.220306 5.854836 -0.225293
95.798 2 INS 7116 2775 -154730224 1237318 -519044 -1620355072 6979 1188 -3839
95.814 2 ATTITUDE -0.212422 5.840477 -0.216787
95.856 2 INS 7116 2775 -154769776 1237318 -519044 -1620576000 -896 -4584 -2369
95.856 2 GPS 3 43818694 447813378 3355 651905 256 13 2395 294248500 30 0
95.857 2 STATE_FILTER_STATUS 6 3 0
95.857 2 ATTITUDE -0.216498 5.832953 -0.205564
95.858 2 LINK_REPORT 2 -1 96 0 291906 6580 0 2894. 66. 29 51.73
95.948 2 INS 7116 2775 -154809360 1237318 -519044 -1620698624 5233 -6074 -6079
95.948 2 ROVER_CTRL 2.5 -0.043514 2664.405273 -0.29511 1400. 600. 1000. -76.724586 -60.919285 1.788139 2.543514 -0.
95.953 2 ROTORCRAFT_FP 2775 7116 154817264 -519044 1237318 1620805248 -904 -854 23921 0 0 0 0 2664 0
95.954 2 GPS_INT 0 0 0 404515675 -37289694 702141 651905 0 0 0 40 13 294248500 85 26 3 1
95.954 2 ATTITUDE -0.216144 5.835082 -0.212107
95.954 2 INS 7275 2718 -154848928 1268775 -587202 -1620934016 -8105 -2822 -6720
95.954 2 SERIAL_COM 387 -3290 1913 -8869 0 0 0 14 288 80 76 0 0 0 0 0
95.964 2 ATTITUDE -0.210895 5.825854 -0.200023
96.007 2 GVF_PARAMETRIC 5 1 0.025741 6.,18.136719,41.308594,44.878906,19.75,29.046875,61.347656,53.699219,0.,0.,0.,0.,0.,0.,0.,0. 0.069779,-0.143153
96.008 2 INS 7275 2718 -154888512 1268775 -587202 -1621090816 -2125 -604 -9845
96.008 2 ATTITUDE -0.222116 5.825373 -0.192927
96.038 2 INS 7275 2718 -154928080 1268775 -587202 -1621265408 -2033 3770 3109
96.064 2 GPS_INT 0 0 0 404515731 -37289720 702181 651945 0 0 0 40 14 294248750 87 26 3 1
96.064 2 ATTITUDE -0.232712 5.832809 -0.19685
96.096 2 INS 7275 2718 -154967648 1268775 -587202 -1621518848 -6407 1148 4024
96.096 2 GPS 3 43818673 447813441 3354 651945 266 -7 2395 294248750 30 0
96.112 2 ATTITUDE -0.222027 5.830835 -0.194659
96.144 2 INS 7275 2718 -155007248 1268775 -587202 -1621651968 5389 -9706 376
96.175 2 ROTORCRAFT_FP 2718 7275 155015216 -587202 1268775 1621736960 -899 -820 23875 0 0 0 0 2624 0
96.175 2 ATTITUDE -0.222801 5.828452 -0.202198
96.175 2 IMU_MAG_RAW 255 0 0 0
96.191 2 INS 7434 2657 -155046848 1216347 -513801 -1621859840 -1546 4119 -1143
96.217 2 GPS_INT 0 0 0 404515787 -37289748 702180 651944 0 0 0 40 14 294249000 89 25 3 1
96.217 2 ATTITUDE -0.214718 5.823725 -0.208065
96.249 2 INS 7434 2657 -155086448 1216347 -513801 -1622152832 -208 -13777 -18328
96.249 2 ROVER_STATUS 0 57 3 2 1 388 7.850692
96.264 2 ATTITUDE -0.209033 5.818056 -0.213131
96.281 2 INS 7434 2657 -155126048 1216347 -513801 -1622280960 -2573 -6633 -937
96.313 2 ATTITUDE -0.197409 5.813901 -0.218923
96.345 2 INS 7434 2657 -155165648 1216347 -513801 -1622524800 -2281 -4518 -5148
96.345 2 GPS 3 43818649 447813503 3364 651944 253 -15 2395 294249000 30 0
96.371 2 GPS_INT 0 0 0 404515787 -37289748 702180 651944 0 0 0 40 14 294249000 89 25 3 1
96.371 2 ATTITUDE -0.197328 5.811326 -0.213198
96.453 2 GVF_PARAMETRIC 5 1 0.027718 0.,0.199,0.199,0.546583,0.546583,0.05,61.347656,53.699219,0.,0.,0.,0.,0.,0.,0.,0. 0.095064,-0.186379
96.454 2 INS 7434 2657 -155205248 1216347 -513801 -1622680448 3949 -4440 -7936
96.454 2 ROVER_CTRL 2.5 -0.036442 2719.839111 -0.601795 1400. 600. 1000. -90.182007 -51.018188 60.82058 2.536442 -0.
96.455 2 ROTORCRAFT_FP 2657 7434 155213168 -513801 1216347 1622722432 -800 -895 23793 0 0 0 0 2719 0
96.455 2 ATTITUDE -0.194689 5.805768 -0.217919
96.455 2 INS 7582 2590 -155244880 1153432 -655359 -1622938112 14784 -3674 -9028
96.456 2 SERIAL_COM 388 -4440 3949 -7936 0 0 0 14 289 80 76 0 0 0 0 0
96.457 2 ATTITUDE -0.193287 5.798954 -0.226523
96.468 2 WP_MOVED_ENU 17 51645 -50798 2557
96.469 2 WP_MOVED_ENU 17 51645 -50798 2557
96.497 2 INS 7582 2590 -155284496 1153432 -655359 -1623095424 1861 -7440 -7629
96.497 2 GPS_SOL 40 14 87 26
96.513 2 GPS_INT 0 0 0 404515839 -37289779 702174 651938 0 0 0 40 14 294249250 87 26 3 1
96.514 2 ATTITUDE -0.194166 5.798515 -0.225629
96.545 2 INS 7582 2590 -155324112 1153432 -655359 -1623334784 8085 -6620 -3580
96.560 2 ATTITUDE -0.182303 5.80096 -0.235349
96.592 2 INS 7582 2590 -155363744 1153432 -655359 -1623504768 -1184 362 -11215
96.593 2 GPS 3 43818624 447813561 3335 651938 252 -2 2395 294249250 30 0
96.608 2 ATTITUDE -0.18609 5.798714 -0.227242
96.708 2 INS 7582 2590 -155403376 1153432 -655359 -1623722240 -5494 -2297 -17131
96.708 2 ROTORCRAFT_FP 2590 7582 155411344 -655359 1153432 1623775360 -779 -931 23799 0 0 0 0 2623 0
96.709 2 GPS_INT 0 0 0 404515839 -37289779 702174 651938 0 0 0 40 14 294249250 87 26 3 1
96.709 2 ATTITUDE -0.182352 5.80708 -0.22686
96.709 2 INS 7728 2516 -155443008 1174404 -602930 -1623901440 -386 -11772 -16179
96.710 2 STATIC_CONTROL 0 0. 0 0. 0. 0. 0. 0. 0. 0. 0. 0. 0.
96.710 2 ATTITUDE -0.190516 5.812035 -0.223693
96.739 2 INS 7728 2516 -155482656 1174404 -602930 -1624043264 -4062 -3922 1395
96.755 2 ATTITUDE -0.185367 5.808889 -0.208147
96.820 2 GVF_PARAMETRIC 5 1 0.029864 -6.,15.398438,4.558594,27.417969,28.609375,49.796875,50.96875,67.96875,0.,0.,0.,0.,0.,0.,0.,0. 0.082192,-0.163776
96.821 2 INS 7728 2516 -155522320 1174404 -602930 -1624239488 -2323 4006 6019
96.821 2 GPS_INT 0 0 0 404515890 -37289813 702177 651941 0 0 0 39 15 294249500 94 25 3 1
96.821 2 DL_VALUE 39 6.
96.821 2 ATTITUDE -0.186796 5.818491 -0.205551
96.847 2 INS 7728 2516 -155561968 1174404 -602930 -1624438016 -2434 815 -6679
96.847 2 GPS 3 43818595 447813618 3333 651941 252 -7 2395 294249500 30 0
96.858 2 LINK_REPORT 2 -1 97 0 294991 6648 0 3085. 68. 29 51.73
96.862 2 ATTITUDE -0.186563 5.821566 -0.221276
96.879 2 INS 7728 2516 -155601632 1174404 -602930 -1624640128 2800 -9729 -4422
96.921 2 ROVER_CTRL 2.5 -0.036948 2667.568604 0.267287 1400. 600. 1000. -102.002403 -51.726818 21.076202 2.536948 -0.
96.921 2 ROTORCRAFT_FP 2516 7728 155609600 -602930 1174404 1624657536 -748 -930 23836 0 0 0 0 2667 0
96.922 2 ATTITUDE -0.18518 5.823673 -0.21953
96.986 2 INS 7879 2442 -155641296 1184889 -618659 -1624871808 9220 -12820 -5733
96.987 2 SERIAL_COM 388 5630 -141 -1597 0 0 0 14 289 80 76 0 0 0 0 0
96.987 2 GPS_INT 0 0 0 404515943 -37289846 702127 651891 0 0 0 39 14 294249750 94 26 3 1
96.988 2 ATTITUDE -0.184133 5.823616 -0.219345
96.988 2 ROTORCRAFT_NAV_STATUS 21 21 0. 0. 5 0 2
96.988 2 IMU_MAG_RAW 255 0 0 0
96.988 2 INS 7879 2442 -155680944 1184889 -618659 -1625015680 -216 -395 -4819
97.002 2 ATTITUDE -0.178455 5.821533 -0.222774
97.034 2 INS 7879 2442 -155720624 1184889 -618659 -1625275648 1335 -1909 -9852
97.050 2 ATTITUDE -0.179252 5.822209 -0.236218
97.096 2 INS 7879 2442 -155760304 1184889 -618659 -1625426816 6081 -4584 -6300
97.096 2 GPS 3 43818568 447813677 3330 651891 256 -6 2395 294249750 30 0
97.122 2 GPS_INT 0 0 0 404515943 -37289846 702127 651891 0 0 0 39 14 294249750 94 26 3 1
97.122 2 ATTITUDE -0.182899 5.814535 -0.23175
97.137 2 INS 7879 2442 -155800000 1184889 -618659 -1625693952 1757 -731 -1898
97.164 2 ROTORCRAFT_FP 2442 7879 155807952 -618659 1184889 1625688192 -733 -921 23811 0 0 0 0 2634 0
97.164 2 ATTITUDE -0.183298 5.807933 -0.224266
97.206 2 GVF_PARAMETRIC 5 1 0.031774 6.,18.136719,41.308594,44.878906,19.75,29.046875,61.347656,53.699219,0.,0.,0.,0.,0.,0.,0.,0. 0.094393,-0.198517
97.206 2 INS 7879 2442 -155839712 1184889 -618659 -1625894784 6874 -1369 -10906
97.207 2 ATTITUDE -0.18113 5.810582 -0.240243
97.237 2 INS 8028 2373 -155879392 1221589 -587202 -1626098944 5056 -7996 -13832
97.264 2 GPS_INT 0 0 0 404515996 -37289879 702062 651826 0 0 0 39 14 294250000 94 26 3 1
97.264 2 ALIVE 122,195,7,233,5,247,195,75,60,187,26,129,128,90,246,93
97.264 2 ATTITUDE -0.187204 5.803597 -0.250848
97.280 2 INS 8028 2373 -155919088 1221589 -587202 -1626286848 -5769 -677 -10170
97.311 2 ATTITUDE -0.182791 5.800611 -0.243372
97.332 2 INS 8028 2373 -155958784 1221589 -587202 -1626521216 2498 -8570 -7215
97.343 2 GPS 3 43818540 447813736 3338 651826 259 -5 2395 294250000 30 0
97.359 2 ATTITUDE -0.188826 5.806733 -0.235381
97.451 2 INS 8028 2373 -155998496 1221589 -587202 -1626630912 -2981 -2021 -2128
97.452 2 ROVER_CTRL 2.5 -0.04894 2566.253418 0.252576 1400. 600. 1000. -114.120674 -68.516586 -51.403046 2.54894 -0.
97.452 2 ROTORCRAFT_FP 2373 8028 156006432 -587202 1221589 1626739968 -812 -946 23789 0 0 0 0 2566 0
97.453 2 GPS_INT 0 0 0 404515996 -37289879 702062 651826 0 0 0 39 14 294250000 94 26 3 1
97.453 2 ATTITUDE -0.197261 5.810315 -0.231338
97.453 2 INS 8179 2298 -156038208 1200618 -618659 -1626878976 -2095 -4132 -8229
97.454 2 SERIAL_COM 389 2747 908 -7214 0 0 0 14 290 80 76 0 0 0 0 0
97.454 2 ATTITUDE -0.194421 5.817597 -0.225114
97.483 2 INS 8179 2298 -156077904 1200618 -618659 -1627087104 4233 -721 -9375
97.499 2 ATTITUDE -0.203548 5.830021 -0.226248
97.531 2 INS 8179 2298 -156117632 1200618 -618659 -1627276800 -335 -13769 -11539
97.558 2 GPS_INT 0 0 0 404516049 -37289913 702005 651769 0 0 0 39 13 294250250 92 26 3 1
97.559 2 ATTITUDE -0.193115 5.826385 -0.218995
97.612 2 GVF_PARAMETRIC 5 1 0.034208 0.,0.199,0.199,0.546583,0.546583,0.05,61.347656,53.699219,0.,0.,0.,0.,0.,0.,0.,0. 0.07933,-0.182953
97.613 2 INS 8179 2298 -156157408 1200618 -618659 -1627452416 6467 -420 1716
97.613 2 GPS 3 43818512 447813795 3333 651769 258 -14 2395 294250250 30 0
97.613 2 ATTITUDE -0.198116 5.822826 -0.222737
97.627 2 INS 8179 2298 -156197072 1200618 -618659 -1627652992 -991 -4727 -13425
97.658 2 ROTORCRAFT_FP 2298 8179 156205024 -618659 1200618 1627684352 -809 -915 23830 0 0 0 0 2532 0
97.659 2 ATTITUDE -0.196133 5.817459 -0.224793
97.704 2 INS 8325 2219 -156236832 1153432 -623902 -1627839616 3949 -1120 -5534
97.705 2 STATIC_CONTROL 0 0. 0 0. 0. 0. 0. 0. 0. 0. 0. 0. 0.
97.753 2 GPS_INT 0 0 0 404516100 -37289949 701971 651735 0 0 0 39 13 294250500 92 25 3 1
97.754 2 ATTITUDE -0.193775 5.816202 -0.224111
97.754 2 INS_REF 485058561 -31614701 411670235 404513171 -37290972 700771 650535 0.
97.754 2 INS 8325 2219 -156276592 1153432 -623902 -1628026624 5280 -5032 -5694
97.754 2 ROVER_STATUS 0 50 3 2 1 389 7.92134
97.755 2 ATTITUDE -0.201463 5.809531 -0.221419
97.794 2 WP_MOVED_ENU 18 -50798 -51645 2557
97.794 2 WP_MOVED_ENU 18 -50798 -51645 2557
97.795 2 IMU_MAG_RAW 255 0 0 0
97.795 2 INS 8325 2219 -156316352 1153432 -623902 -1628238720 4678 -1088 -279
97.810 2 ATTITUDE -0.193378 5.804572 -0.220463
97.826 2 INS 8325 2219 -156356112 1153432 -623902 -1628498944 7184 -1595 -5252
97.842 2 GPS 3 43818482 447813852 3325 651735 250 5 2395 294250500 30 0
97.859 2 LINK_REPORT 2 -1 98 0 298025 6717 0 3034. 69. 29 51.73
97.868 2 GPS_INT 0 0 0 404516100 -37289949 701971 651735 0 0 0 39 13 294250500 92 25 3 1
97.869 2 ATTITUDE -0.19493 5.809847 -0.229023
97.921 2 INS 8325 2219 -156395872 1153432 -623902 -1628643456 6282 -2331 -5392
97.922 2 ROVER_CTRL 2.5 -0.056601 2618.486328 1.391334 1400. 600. 1000. -131.62767 -79.241135 29.015541 2.556601 -0.
97.922 2 ROTORCRAFT_FP 2219 8325 156403824 -623902 1153432 1628768000 -788 -925 23816 0 0 0 0 2618 0
97.922 2 ATTITUDE -0.184567 5.814537 -0.234638
97.952 2 INS 8468 2142 -156435648 1174404 -623902 -1628875392 -2740 -6675 -14778
97.953 2 SERIAL_COM 389 -17507 -875 -26038 0 0 0 14 290 80 76 0 0 0 0 0
97.953 2 ATTITUDE -0.189055 5.822978 -0.228777
98.017 2 GVF_PARAMETRIC 5 1 0.036607 -6.,15.398438,4.558594,27.417969,28.609375,49.796875,50.96875,67.96875,0.,0.,0.,0.,0.,0.,0.,0. 0.051913,-0.163977
98.017 2 INS 8468 2142 -156475424 1174404 -623902 -1629103872 8438 -16469 -15776
98.018 2 GPS_INT 0 0 0 404516151 -37289984 701922 651686 0 0 0 39 13 294250750 92 24 3 1
98.018 2 ATTITUDE -0.195801 5.834509 -0.231021
98.032 2 INS 8468 2142 -156515216 1174404 -623902 -1629251840 -2783 -2166 -5086
98.048 2 ATTITUDE -0.192148 5.835065 -0.232258
98.093 2 INS 8468 2142 -156554976 1174404 -623902 -1629475968 -1650 -4281 -15738
98.094 2 GPS 3 43818453 447813909 3323 651686 254 -6 2395 294250750 30 0
98.109 2 ATTITUDE -0.200751 5.847932 -0.235247
98.125 2 INS 8468 2142 -156594768 1174404 -623902 -1629660672 -1732 290 -5848
98.167 2 ROTORCRAFT_FP 2142 8468 156602768 -623902 1174404 1629699712 -819 -960 23961 0 0 0 0 2669 0
98.168 2 GPS_INT 0 0 0 404516151 -37289984 701922 651686 0 0 0 39 13 294250750 92 24 3 1
98.168 2 ATTITUDE -0.204474 5.858383 -0.234059
98.183 2 INS 8468 2142 -156634544 1174404 -623902 -1629891456 -1002 797 -7439
98.199 2 ATTITUDE -0.210769 5.867008 -0.23241
98.231 2 INS 8606 2073 -156674336 1053817 -534773 -1630059648 4510 -4801 -772
98.247 2 ATTITUDE -0.218161 5.869073 -0.220807
98.279 2 INS 8606 2073 -156714112 1053817 -534773 -1630219648 3806 -3109 -544
98.306 2 GPS_INT 0 0 0 404516199 -37290017 701961 651725 0 0 0 38 13 294251000 87 26 3 1
98.307 2 ATTITUDE -0.219338 5.868767 -0.196684
98.359 2 INS 8606 2073 -156753920 1053817 -534773 -1630419840 7863 -8438 -4266
98.359 2 ENERGY 28 7.762383 1.75 13.58417 5.655742 0.085509 0.667973
98.360 2 GPS 3 43818425 447813962 3328 651725 225 22 2395 294251000 30 0
98.360 2 ATTITUDE -0.226662 5.877613 -0.209636
98.466 2 GVF_PARAMETRIC 5 1 0.038862 6.,18.136719,41.308594,44.878906,19.75,29.046875,61.347656,53.699219,0.,0.,0.,0.,0.,0.,0.,0. 0.054075,-0.210055
98.467 2 INS 8606 2073 -156793728 1053817 -534773 -1630543360 2972 -4037 -4033
98.467 2 ROVER_CTRL 2.5 -0.012184 2772.514648 2.068284 1400. 600. 1000. -142.752075 -17.057133 132.250793 2.512184 -0.
98.468 2 ROTORCRAFT_FP 2073 8606 156801680 -534773 1053817 1630607872 -946 -832 24117 0 0 0 0 2772 0
98.468 2 DL_VALUE 40 0.7
98.468 2 ATTITUDE -0.22636 5.891305 -0.204184
98.468 2 INS 8747 2012 -156833536 1116732 -492830 -1630790528 -3684 -10330 -19994
98.469 2 SERIAL_COM 390 -5590 -4865 -11282 0 0 0 14 291 80 76 0 0 0 0 0
98.469 2 GPS_INT 0 0 0 404516248 -37290045 701980 651744 0 0 0 38 14 294251250 87 26 3 1
98.469 2 ATTITUDE -0.238684 5.900143 -0.187991
98.492 2 INS 8747 2012 -156873344 1116732 -492830 -1630925824 1796 -8261 -10680
98.493 2 GPS_SOL 38 14 87 26
98.508 2 ATTITUDE -0.246275 5.905276 -0.173511
98.540 2 INS 8747 2012 -156913152 1116732 -492830 -1631104512 -1082 2969 -9651
98.556 2 ATTITUDE -0.254276 5.911257 -0.168416
98.556 2 ROTORCRAFT_NAV_STATUS 23 23 0. 0. 5 0 2
98.586 2 IMU_MAG_RAW 255 0 0 0
98.586 2 INS 8747 2012 -156952992 1116732 -492830 -1631240448 1288 572 773
98.587 2 GPS 3 43818402 447814017 3346 651744 232 21 2395 294251250 30 0
98.612 2 GPS_INT 0 0 0 404516248 -37290045 701980 651744 0 0 0 38 14 294251250 87 26 3 1
98.613 2 ATTITUDE -0.240774 5.924061 -0.179629
98.628 2 INS 8747 2012 -156992816 1116732 -492830 -1631488384 -2232 1842 -8946
98.655 2 ROTORCRAFT_FP 2012 8747 157000784 -492830 1116732 1631563264 -992 -719 24280 0 0 0 0 2777 0
98.656 2 ATTITUDE -0.242958 5.93058 -0.174202
98.708 2 INS 8893 1960 -157032656 1221589 -382729 -1631792896 10623 -25724 -21590
98.708 2 STATIC_CONTROL 0 0. 0 0. 0. 0. 0. 0. 0. 0. 0. 0. 0.
98.709 2 ATTITUDE -0.243908 5.940927 -0.191211
98.724 2 INS 8893 1960 -157072496 1221589 -382729 -1631860352 -576 -7129 -8835
98.755 2 GPS_INT 0 0 0 404516300 -37290068 701971 651735 0 0 0 38 15 294251500 87 26 3 1
98.756 2 DATALINK_REPORT 3 93 26807 3069 0 4
98.756 2 ATTITUDE -0.250389 5.951168 -0.181753
98.798 2 GVF_PARAMETRIC 5 1 0.04176 0.,0.199,0.199,0.546583,0.546583,0.05,61.347656,53.699219,0.,0.,0.,0.,0.,0.,0.,0. 0.03051,-0.20242
98.799 2 INS 8893 1960 -157112336 1221589 -382729 -1632138496 -4300 -7673 -11117
98.799 2 ATTITUDE -0.251144 5.956697 -0.162966
98.841 2 INS 8893 1960 -157152176 1221589 -382729 -1632260992 -2303 3061 -9469
98.841 2 GPS 3 43818383 447814075 3394 651735 244 -5 2395 294251500 30 0
98.857 2 ATTITUDE -0.251151 5.974147 -0.171006
98.859 2 LINK_REPORT 2 -1 99 0 301174 6787 0 3149. 70. 29 51.73
98.946 2 INS 8893 1960 -157192016 1221589 -382729 -1632452096 -1600 -6037 -8822
98.947 2 ROVER_CTRL 2.5 0.02374 2731.762207 1.665074 1400. 600. 1000. -139.453918 33.235405 38.123131 2.47626 -0.
98.947 2 ROTORCRAFT_FP 1960 8893 157200000 -382729 1221589 1632531456 -1072 -657 24494 0 0 0 0 2731 0
98.948 2 GPS_INT 0 0 0 404516300 -37290068 701971 651735 0 0 0 38 15 294251500 87 26 3 1
98.948 2 ATTITUDE -0.257995 5.975737 -0.155739
98.949 2 INS 9047 1920 -157231904 1242561 -351272 -1632652160 193 -7805 -7072
98.949 2 SERIAL_COM 390 -7673 -4300 -11117 0 0 0 14 291 80 76 0 0 0 0 0
98.950 2 ATTITUDE -0.248068 5.981937 -0.147359
98.978 2 INS 9047 1920 -157271760 1242561 -351272 -1632827392 10002 -8275 -8451
98.994 2 ATTITUDE -0.2569 5.989924 -0.153728
99.026 2 INS 9047 1920 -157311616 1242561 -351272 -1633017344 -9314 1023 -2347
99.066 2 GPS_INT 0 0 0 404516354 -37290087 701989 651753 0 0 0 38 14 294251750 87 26 3 1
99.066 2 STATE_FILTER_STATUS 6 3 0
99.067 2 ATTITUDE -0.258267 5.987406 -0.151767
99.067 2 WP_MOVED_ENU 19 -51645 50798 2557
99.067 2 WP_MOVED_ENU 19 -51645 50798 2557
99.096 2 INS 9047 1920 -157351488 1242561 -351272 -1633221248 -3736 -2642 -6408
99.096 2 GPS 3 43818367 447814135 3421 651753 247 14 2395 294251750 30 0
99.097 2 ATTITUDE -0.251616 5.995994 -0.154215
99.128 2 INS 9047 1920 -157391344 1242561 -351272 -1633457152 -4424 -573 -4046
99.154 2 ROTORCRAFT_FP 1920 9047 157399328 -351272 1242561 1633474560 -1030 -660 24610 0 0 0 0 2756 0
99.154 2 ATTITUDE -0.254349 6.011547 -0.159884
99.218 2 GVF_PARAMETRIC 5 1 0.044775 -6.,15.398438,4.558594,27.417969,28.609375,49.796875,50.96875,67.96875,0.,0.,0.,0.,0.,0.,0.,0. 0.021576,-0.251313
99.219 2 INS 9047 1920 -157431296 1242561 -351272 -1633630720 5833 -1911 2547
99.219 2 GPS_INT 0 0 0 404516354 -37290087 701989 651753 0 0 0 38 14 294251750 87 26 3 1
99.220 2 ATTITUDE -0.258396 6.025223 -0.153204
99.234 2 INS 9200 1881 -157471136 1289747 -298843 -1633813632 6298 3278 4927
99.234 2 ROVER_STATUS 0 56 3 2 1 391 7.8242
99.250 2 ATTITUDE -0.251985 6.037147 -0.146422
99.282 2 INS 9200 1881 -157511024 1289747 -298843 -1634078720 -1298 -22682 -22845
99.298 2 ATTITUDE -0.258832 6.046653 -0.147355
99.330 2 INS 9200 1881 -157550912 1289747 -298843 -1634208128 5009 -2959 -7375
99.382 2 GPS 3 43818352 447814195 3447 651801 253 1 2395 294252000 30 0
99.382 2 GPS_INT 0 0 0 404516408 -37290105 702037 651801 0 0 0 38 15 294252000 87 26 3 1
99.383 2 ATTITUDE -0.253858 6.057608 -0.15206
99.383 2 IMU_MAG_RAW 255 0 0 0
99.383 2 INS 9200 1881 -157590848 1289747 -298843 -1634385152 -493 -4757 986
99.419 2 ROVER_CTRL 2.5 0.042984 2760.873047 2.584857 1400. 600. 1000. -129.062866 60.176945 30.016899 2.457016 0.
99.420 2 ROTORCRAFT_FP 1881 9200 157598800 -298843 1289747 1634376192 -1020 -590 24843 0 0 0 0 2760 0
99.420 2 ATTITUDE -0.251819 6.072221 -0.136789
99.435 2 INS 9354 1853 -157630736 1310718 -220200 -1634553600 -409 -676 1219
99.435 2 SERIAL_COM 391 -11953 -1914 -13997 0 0 0 14 292 80 76 0 0 0 0 0
99.451 2 ATTITUDE -0.254083 6.091278 -0.136316
99.483 2 INS 9354 1853 -157670656 1310718 -220200 -1634695552 4090 -8789 -8877
99.509 2 GPS_INT 0 0 0 404516462 -37290119 702123 651888 0 0 0 38 15 294252250 87 26 3 1
99.509 2 ATTITUDE -0.263486 6.103825 -0.136468
99.525 2 INS 9354 1853 -157710560 1310718 -220200 -1634924928 1729 -3187 -8232
99.557 2 ATTITUDE -0.267116 6.113803 -0.120227
99.610 2 GVF_PARAMETRIC 5 1 0.048383 6.,18.136719,41.308594,44.878906,19.75,29.046875,61.347656,53.699219,0.,0.,0.,0.,0.,0.,0.,0. -0.019469,-0.239616
99.611 2 INS 9354 1853 -157750464 1310718 -220200 -1635082368 -1756 -7054 -17547
99.611 2 GPS 3 43818341 447814255 3477 651888 255 18 2395 294252250 30 0
99.612 2 ATTITUDE -0.281551 6.126762 -0.101118
99.626 2 INS 9354 1853 -157790384 1310718 -220200 -1635226624 -750 3006 -742
99.664 2 ROTORCRAFT_FP 1853 9354 157798368 -220200 1310718 1635336832 -1148 -405 25138 0 0 0 0 2765 0
99.665 2 GPS_INT 0 0 0 404516462 -37290119 702123 651888 0 0 0 38 15 294252250 87 26 3 1
99.665 2 ATTITUDE -0.26692 6.142542 -0.097766
99.680 2 INS 9510 1832 -157830304 1347418 -73400 -1635462016 -7409 -11371 -8561
99.706 2 STATIC_CONTROL 0 0. 0 0. 0. 0. 0. 0. 0. 0. 0. 0. 0.
99.706 2 ATTITUDE -0.263345 6.162946 -0.090607
99.722 2 INS 9510 1832 -157870240 1347418 -73400 -1635591168 -7255 8481 -1882
99.754 2 ATTITUDE -0.267855 6.184204 -0.081191
99.786 2 INS 9510 1832 -157910160 1347418 -73400 -1635821056 5058 -1831 5534
99.802 2 GPS_INT 0 0 0 404516517 -37290127 702194 651958 0 0 0 38 19 294252500 85 26 3 1
99.802 2 ATTITUDE -0.271798 6.212492 -0.081934
99.835 2 INS 9510 1832 -157950096 1347418 -73400 -1635962240 -2836 -5307 -1570
99.835 2 GPS 3 43818335 447814316 3518 651958 258 8 2395 294252500 30 0
99.850 2 ATTITUDE -0.27599 6.232228 -0.071908
99.860 2 LINK_REPORT 2 -1 100 0 304166 6854 0 2992. 67. 29 51.73
99.909 2 INS 9510 1832 -157990064 1347418 -73400 -1636214784 -3650 -2200 781
99.909 2 ROVER_CTRL 2.5 0.039786 2703.54834 3.454995 1400. 600. 1000. -115.602097 55.700207 -36.31115 2.460214 0.
99.909 2 ROTORCRAFT_FP 1832 9510 157998048 -73400 1347418 1636235136 -1191 -306 25585 0 0 0 0 2703 0
99.910 2 ATTITUDE -0.285537 6.247596 -0.062927
99.938 2 INS 9664 1835 -158030000 1321204 94371 -1636389632 3645 -1035 -2631
99.938 2 SERIAL_COM 391 -3036 -2014 -15672 0 0 0 14 292 80 76 0 0 0 0 0
99.964 2 GPS_INT 0 0 0 404516571 -37290126 702222 651986 0 0 0 38 18 294252750 85 26 3 1
99.964 2 ALIVE 122,195,7,233,5,247,195,75,60,187,26,129,128,90,246,93
99.965 2 ATTITUDE -0.287234 6.270981 -0.065233
100.001 2 GVF_PARAMETRIC 5 1 0.05214 0.,0.199,0.199,0.546583,0.546583,0.05,61.347656,53.699219,0.,0.,0.,0.,0.,0.,0.,0. -0.068677,-0.217623
100.002 2 INS 9664 1835 -158069968 1321204 94371 -1636571008 911 1962 5145
100.002 2 DL_VALUE 41 2.
100.002 2 ATTITUDE -0.274471 0.009964 -0.05113
100.033 2 INS 9664 1835 -158109920 1321204 94371 -1636733824 -1229 -12314 -4771
100.048 2 ATTITUDE -0.27363 0.026889 -0.039219
100.091 2 INS 9664 1835 -158149856 1321204 94371 -1636898176 4834 -5411 -3270
100.091 2 GPS 3 43818336 447814376 3585 651986 254 -12 2395 294252750 30 0
100.107 2 GPS_INT 0 0 0 404516571 -37290126 702222 651986 0 0 0 38 18 294252750 85 26 3 1
100.107 2 ATTITUDE -0.269564 0.054236 -0.033313
100.123 2 INS 9664 1835 -158189808 1321204 94371 -1637078912 6677 -6359 -9784
100.182 2 ROTORCRAFT_FP 1835 9664 158197808 94371 1321204 1637082112 -1102 -135 267 0 0 0 0 2751 0
100.182 2 ATTITUDE -0.272357 0.077926 -0.029355
100.182 2 ROTORCRAFT_NAV_STATUS 25 25 0. 0. 5 0 2
100.182 2 IMU_MAG_RAW 255 0 0 0
100.183 2 INS 9664 1835 -158229776 1321204 94371 -1637137024 -948 -229 4815
100.197 2 ATTITUDE -0.25988 0.090192 -0.001358
100.230 2 INS 9812 1853 -158269728 1253047 204472 -1637421440 2465 -19903 -12140
100.257 2 GPS_INT 0 0 0 404516623 -37290118 702278 652042 0 0 0 38 18 294253000 85 26 3 1
100.257 2 ATTITUDE -0.258878 0.115841 0.014307
100.273 2 INS 9812 1853 -158309728 1253047 204472 -1637488256 -4764 -10560 -12926
100.304 2 ATTITUDE -0.261579 0.142913 0.012367
100.336 2 INS 9812 1853 -158349712 1253047 204472 -1637686656 -5247 -8224 -7485
100.336 2 GPS 3 43818343 447814434 39 652042 243 -4 2395 294253000 30 0
100.336 2 PONG 
100.352 2 ATTITUDE -0.267943 0.162543 0.032566
100.352 2 WP_MOVED_ENU 0 0 0 2560
100.368 2 WP_MOVED_ENU 0 0 0 2560
100.448 2 GVF_PARAMETRIC 5 1 0.055408 -6.,15.398438,4.558594,27.417969,28.609375,49.796875,50.96875,67.96875,0.,0.,0.,0.,0.,0.,0.,0. -0.126498,-0.238736
100.448 2 INS 9812 1853 -158389712 1253047 204472 -1637845504 -6237 -11079 -7762
100.449 2 ROVER_CTRL 2.5 0.023387 2644.052246 3.94076 1400. 600. 1000. -104.745163 32.741737 -83.804131 2.476613 0.
100.449 2 ROTORCRAFT_FP 1853 9812 158397744 204472 1253047 1637960704 -1074 175 753 0 0 0 0 2644 0
100.449 2 ATTITUDE -0.252849 0.196983 0.045385
100.449 2 INS 9960 1894 -158429696 1274018 414187 -1638036736 6010 -20153 -16878
100.450 2 SERIAL_COM 392 -14618 -153 -23167 0 0 0 14 293 80 76 0 0 0 0 0
100.450 2 ATTITUDE -0.264574 0.232854 0.056062
100.480 2 INS 9960 1894 -158469680 1268775 419430 -1638179968 -5066 -6892 -2308
100.480 2 GPS_SOL 38 19 86 26
100.495 2 ATTITUDE -0.258804 0.26511 0.060966
100.528 2 INS 9960 1894 -158509680 1268775 419430 -1638315904 -1545 -3716 301
100.558 2 GPS_INT 0 0 0 404516675 -37290099 702351 652115 0 0 0 38 19 294253250 86 26 3 1
100.558 2 ATTITUDE -0.25294 0.294506 0.076399
100.587 2 INS 9960 1894 -158549680 1268775 419430 -1638492800 -1437 1101 -987
100.587 2 GPS 3 43818360 447814491 116 652115 257 -8 2395 294253250 30 0
100.602 2 ATTITUDE -0.259331 0.316548 0.083005
100.619 2 INS 9960 1894 -158589696 1268775 419430 -1638679808 -5094 -3926 4413
100.651 2 ROTORCRAFT_FP 1894 9960 158597696 419430 1268775 1638753792 -1036 380 1330 0 0 0 0 2581 0
100.651 2 ATTITUDE -0.251406 0.339691 0.09105
100.709 2 INS 10099 1963 -158629712 1095760 613416 -1638904192 -5777 -6696 -2575
100.710 2 STATIC_CONTROL 0 0. 0 0. 0. 0. 0. 0. 0. 0. 0. 0. 0.
100.711 2 GPS_INT 0 0 0 404516724 -37290068 702423 652187 0 0 0 38 19 294253500 85 26 3 1
100.711 2 ATTITUDE -0.244995 0.367155 0.089471
100.735 2 INS 10099 1963 -158669728 1095760 613416 -1639055872 562 -2767 2589
100.736 2 ROVER_STATUS 0 56 3 2 1 392 7.868354
100.751 2 ATTITUDE -0.249806 0.393436 0.098156
100.794 2 GVF_PARAMETRIC 5 1 0.058509 6.,18.136719,41.308594,44.878906,19.75,29.046875,61.347656,53.699219,0.,0.,0.,0.,0.,0.,0.,0. -0.161434,-0.185617
100.794 2 INS 10099 1963 -158709744 1095760 613416 -1639232896 7353 -5011 -9678
100.795 2 ATTITUDE -0.246715 0.417747 0.10829
100.835 2 INS 10099 1963 -158749760 1095760 613416 -1639400064 588 -1892 -3358
100.836 2 GPS 3 43818387 447814545 200 652187 241 -18 2395 294253500 30 0
100.860 2 LINK_REPORT 2 -1 101 0 307182 6923 0 3016. 69. 30 31.63
100.861 2 GPS_INT 0 0 0 404516724 -37290068 702423 652187 0 0 0 38 19 294253500 85 26 3 1
100.862 2 ATTITUDE -0.246957 0.442961 0.117863
100.913 2 INS 10099 1963 -158789776 1095760 613416 -1639593984 -3307 -3976 -6119
100.913 2 ROVER_CTRL 2.5 -5.3e-05 2719.315186 3.042484 1400. 600. 1000. -103.856773 -0.0741 23.245811 2.500053 0.
100.913 2 ROTORCRAFT_FP 1963 10099 158797776 613416 1095760 1639617920 -1078 504 1886 0 0 0 0 2719 0
100.914 2 ATTITUDE -0.261662 0.465824 0.123164
100.942 2 INS 10229 2053 -158829808 1059060 760216 -1639766912 -8703 -11694 -6438
100.943 2 SERIAL_COM 392 -10072 -680 -15009 0 0 0 14 293 80 76 0 0 0 0 0
100.943 2 ATTITUDE -0.266159 0.487425 0.127762
100.958 2 IMU_MAG_RAW 255 0 0 0
100.974 2 INS 10229 2053 -158869856 1059060 765459 -1639909888 -5210 -9898 528
101.001 2 GPS_INT 0 0 0 404516770 -37290027 702391 652156 0 0 0 38 18 294253750 85 26 3 1
101.001 2 ATTITUDE -0.258755 0.507996 0.136906
101.032 2 INS 10229 2053 -158909888 1059060 765459 -1640144384 2906 -7225 -7039
101.048 2 ATTITUDE -0.252965 0.545393 0.152655
101.080 2 INS 10229 2053 -158949936 1059060 765459 -1640298752 891 -4209 -1242
101.081 2 GPS 3 43818422 447814596 285 652156 250 -7 2395 294253750 30 0
101.096 2 ATTITUDE -0.24899 0.573433 0.160876
101.128 2 INS 10229 2053 -158990000 1059060 765459 -1640451072 2945 -4801 6412
101.166 2 ROTORCRAFT_FP 2053 10229 158998000 765459 1059060 1640484224 -982 679 2405 0 0 0 0 2677 0
101.167 2 GPS_INT 0 0 0 404516770 -37290027 702391 652156 0 0 0 38 18 294253750 85 26 3 1
101.167 2 ATTITUDE -0.241134 0.589336 0.170224
101.192 2 GVF_PARAMETRIC 5 1 0.060988 0.,0.199,0.199,0.546583,0.546583,0.05,61.347656,53.699219,0.,0.,0.,0.,0.,0.,0.,0. -0.206294,-0.176739
101.193 2 INS 10229 2053 -159030032 1059060 765459 -1640645504 4931 -8067 -447
101.193 2 ATTITUDE -0.23529 0.617855 0.181664
101.223 2 INS 10350 2158 -159070096 933231 927988 -1640824832 2444 -14383 -3416
101.239 2 ATTITUDE -0.229328 0.643336 0.185423
101.271 2 INS 10350 2158 -159110176 933231 927988 -1641025664 4476 -5185 -3367
101.298 2 GPS_INT 0 0 0 404516812 -37289978 702436 652201 0 0 0 38 17 294254000 88 26 3 1
101.299 2 ATTITUDE -0.219012 0.672618 0.179863
101.340 2 INS 10350 2158 -159150240 933231 927988 -1641142144 857 -3251 -1775
101.341 2 GPS 3 43818464 447814642 369 652201 252 -11 2395 294254000 30 0
101.341 2 ATTITUDE -0.219511 0.694147 0.1947
101.387 2 INS 10350 2158 -159190320 933231 927988 -1641400960 6973 -10495 -4516
101.388 2 ROVER_CTRL 2.5 -0.002294 2699.811768 2.427763 1400. 600. 1000. -104.477386 -3.211021 7.486343 2.502294 0.
101.440 2 ROTORCRAFT_FP 2158 10350 159198368 927988 933231 1641415424 -897 811 2909 0 0 0 0 2699 0
101.440 2 ATTITUDE -0.215002 0.719923 0.203613
101.440 2 INS 10460 2278 -159230384 849345 1038089 -1641545984 13913 -15795 -18483
101.440 2 SERIAL_COM 393 -1276 8767 -5298 0 0 0 14 294 80 76 0 0 0 0 0
101.455 2 GPS_INT 0 0 0 404516851 -37289922 702371 652135 0 0 0 38 15 294254250 88 27 3 1
101.456 2 ATTITUDE -0.206428 0.75123 0.198069
101.471 2 INS 10460 2278 -159270464 849345 1038089 -1641713536 270 -3542 -9878
101.487 2 ATTITUDE -0.195236 0.773107 0.204334
101.519 2 INS 10460 2278 -159310544 849345 1038089 -1641900544 3405 -17642 -19810
101.551 2 ATTITUDE -0.19954 0.790181 0.211619
101.643 2 GVF_PARAMETRIC 5 1 0.063477 -6.,15.398438,4.558594,27.417969,28.609375,49.796875,50.96875,67.96875,0.,0.,0.,0.,0.,0.,0.,0. -0.202981,-0.11931
101.644 2 INS 10460 2278 -159350624 849345 1038089 -1642075392 2619 -14279 -13328
101.644 2 GPS 3 43818512 447814685 443 652135 257 -20 2395 294254250 30 0
101.644 2 GPS_INT 0 0 0 404516851 -37289922 702371 652135 0 0 0 38 15 294254250 88 27 3 1
101.645 2 AUTOPILOT_VERSION 60200 v6.2_unstable-650-g74eaf7c20-dirty
101.645 2 DL_VALUE 42 6.
101.645 2 ATTITUDE -0.199067 0.810847 0.214809
101.645 2 INS 10460 2278 -159390704 849345 1038089 -1642192896 -2982 -16980 -2972
101.646 2 ROTORCRAFT_FP 2278 10460 159398720 1038089 849345 1642254080 -792 913 3368 0 0 0 0 2677 0
101.646 2 ATTITUDE -0.194849 0.824676 0.227988
101.658 2 WP_MOVED_ENU 1 0 0 2560
101.658 2 WP_MOVED_ENU 1 0 0 2560
101.701 2 INS 10567 2416 -159430832 723516 1158675 -1642403584 -1515 -6123 -6932
101.702 2 STATIC_CONTROL 0 0. 0 0. 0. 0. 0. 0. 0. 0. 0. 0. 0.
101.702 2 ATTITUDE -0.209948 0.847353 0.230662
101.717 2 INS 10567 2416 -159470880 723516 1163918 -1642577920 3362 -3590 -4860
101.747 2 GPS_INT 0 0 0 404516888 -37289859 702363 652128 0 0 0 38 15 294254500 88 26 3 1
101.747 2 ATTITUDE -0.1996 0.872123 0.22507
101.762 2 ROTORCRAFT_NAV_STATUS 26 26 0. 0. 5 0 2
101.762 2 IMU_MAG_RAW 255 0 0 0
101.778 2 INS 10567 2416 -159510976 723516 1163918 -1642819200 -7977 -9777 2885
101.794 2 ATTITUDE -0.194042 0.883794 0.236958
101.836 2 INS 10567 2416 -159551088 723516 1163918 -1642953856 -3618 -2811 2107
101.837 2 GPS 3 43818565 447814726 517 652128 262 -7 2395 294254500 30 0
101.837 2 ATTITUDE -0.195348 0.908828 0.25279
101.861 2 LINK_REPORT 2 -1 102 0 310282 6993 0 3100. 70. 30 31.63
101.868 2 INS 10567 2416 -159591200 723516 1163918 -1643110784 -1091 -2332 -3454
101.940 2 ROVER_CTRL 2.5 -0.008984 2661.422119 1.87684 1400. 600. 1000. -105.979805 -12.577057 -20.074844 2.508984 0.
101.941 2 ROTORCRAFT_FP 2416 10567 159599216 1163918 723516 1643178368 -800 1061 3768 0 0 0 0 2661 0
101.942 2 GPS_INT 0 0 0 404516888 -37289859 702363 652128 0 0 0 38 15 294254500 88 26 3 1
101.942 2 ATTITUDE -0.192063 0.927323 0.257526
101.942 2 INS 10649 2562 -159631328 650116 1221589 -1643379200 2549 -4548 -883
101.943 2 SERIAL_COM 393 -8030 5942 -22376 0 0 0 14 294 80 76 0 0 0 0 0
101.944 2 ATTITUDE -0.191818 0.941382 0.256793
101.994 2 GVF_PARAMETRIC 5 1 0.065871 6.,18.136719,41.308594,44.878906,19.75,29.046875,61.347656,53.699219,0.,0.,0.,0.,0.,0.,0.,0. -0.177809,-0.071067
101.994 2 INS 10649 2562 -159671504 644873 1226832 -1643529600 1983 -8607 1942
101.994 2 ATTITUDE -0.19074 0.960974 0.254371
102.025 2 INS 10649 2562 -159711568 644873 1226832 -1643736064 -1859 -6776 -9023
102.051 2 GPS_INT 0 0 0 404516918 -37289791 702387 652151 0 0 0 38 14 294254750 85 26 3 1
102.052 2 ATTITUDE -0.181981 0.979849 0.258528
102.081 2 INS 10649 2562 -159751712 644873 1226832 -1643941504 -305 -2342 238
102.082 2 GPS 3 43818623 447814759 574 652151 265 0 2395 294254750 30 0
102.097 2 ATTITUDE -0.172738 0.998013 0.25988
102.129 2 INS 10649 2562 -159791872 644873 1226832 -1644152320 4725 -1831 -5522
102.155 2 ROTORCRAFT_FP 2562 10649 159799904 1226832 644873 1644132864 -691 1048 4120 0 0 0 0 2601 0
102.156 2 ATTITUDE -0.172896 1.01098 0.264582
102.171 2 INS 10649 2562 -159832016 644873 1226832 -1644225152 3770 -7640 368
102.197 2 GPS_INT 0 0 0 404516918 -37289791 702387 652151 0 0 0 38 14 294254750 85 26 3 1
102.198 2 ATTITUDE -0.175677 1.019554 0.288174
102.229 2 INS 10726 2716 -159872176 545259 1221589 -1644522112 715 -4913 -14558
102.229 2 ROVER_STATUS 0 54 3 2 1 394 8.01848
102.230 2 STATE_FILTER_STATUS 6 3 0
102.245 2 ATTITUDE -0.163607 1.038745 0.27535
102.277 2 INS 10726 2716 -159912336 550501 1226832 -1644743808 8574 -1183 -6754
102.293 2 ATTITUDE -0.159111 1.067563 0.23508
102.352 2 INS 10726 2716 -159952496 550501 1226832 -1644872448 -18 -1651 -4636
102.352 2 GPS 3 43818683 447814788 619 652111 257 5 2395 294255000 30 0
102.353 2 GPS_INT 0 0 0 404516945 -37289721 702346 652111 0 0 0 38 13 294255000 85 26 3 1
102.353 2 ATTITUDE -0.1491 1.084173 0.242636
102.435 2 GVF_PARAMETRIC 5 1 0.067974 0.,0.199,0.199,0.546583,0.546583,0.05,61.347656,53.699219,0.,0.,0.,0.,0.,0.,0.,0. -0.21272,-0.063484
102.435 2 INS 10726 2716 -159992656 550501 1226832 -1645064960 4953 -1860 -6599
102.436 2 ROVER_CTRL 2.5 -0.040159 2559.192871 1.648661 1400. 600. 1000. -113.252129 -56.22258 -71.573257 2.540159 0.
102.436 2 ROTORCRAFT_FP 2716 10726 160000688 1226832 550501 1645124096 -584 1060 4465 0 0 0 0 2559 0
102.437 2 ATTITUDE -0.132823 1.094165 0.265293
102.437 2 INS 10787 2867 -160032832 387972 1205861 -1645258496 13395 -7313 -24085
102.437 2 SERIAL_COM 394 -1860 4953 -6599 0 0 0 14 295 80 76 0 0 0 0 0
102.438 2 ATTITUDE -0.143046 1.109618 0.283744
102.481 2 INS 10787 2867 -160072992 393215 1211104 -1645404800 -3571 -11441 -8950
102.481 2 GPS_SOL 38 13 85 26
102.497 2 GPS_INT 0 0 0 404516966 -37289651 702407 652171 0 0 0 38 13 294255250 85 26 3 1
102.498 2 ATTITUDE -0.147144 1.121462 0.292293
102.513 2 INS 10787 2867 -160113168 393215 1211104 -1645584256 -3677 -7405 -8881
102.545 2 ATTITUDE -0.13838 1.139955 0.285458
102.545 2 IMU_MAG_RAW 255 0 0 0
102.577 2 INS 10787 2867 -160153360 393215 1211104 -1645738368 124 -9887 -8946
102.578 2 GPS 3 43818742 447814811 666 652171 244 11 2395 294255250 30 0
102.593 2 ATTITUDE -0.122175 1.153409 0.285379
102.625 2 INS 10787 2867 -160193536 393215 1211104 -1645954304 3936 -12590 -16704
102.697 2 ROTORCRAFT_FP 2867 10787 160201616 1211104 393215 1645976448 -508 1165 4742 0 0 0 0 2702 0
102.698 2 GPS_INT 0 0 0 404516966 -37289651 702407 652171 0 0 0 38 13 294255250 85 26 3 1
102.698 2 ALIVE 122,195,7,233,5,247,195,75,60,187,26,129,128,90,246,93
102.698 2 ATTITUDE -0.128347 1.157146 0.289942
102.698 2 INS 10831 3020 -160233728 351272 1247804 -1646094976 1886 -7280 -8899
102.699 2 STATIC_CONTROL 0 0. 0 0. 0. 0. 0. 0. 0. 0. 0. 0. 0.
102.699 2 ATTITUDE -0.136665 1.160791 0.287363
102.729 2 INS 10831 3020 -160273904 351272 1253047 -1646304512 -312 -12679 -8576
102.745 2 ATTITUDE -0.135775 1.172365 0.288866
102.846 2 GVF_PARAMETRIC 5 1 0.070325 -6.,15.398438,4.558594,27.417969,28.609375,49.796875,50.96875,67.96875,0.,0.,0.,0.,0.,0.,0.,0. -0.19265,-0.041644
102.846 2 INS 10831 3020 -160314144 351272 1253047 -1646438016 1247 -12790 -9119
102.847 2 GPS_INT 0 0 0 404516981 -37289580 702514 652278 0 0 0 37 13 294255500 85 26 3 1
102.847 2 ATTITUDE -0.130477 1.183226 0.298003
102.847 2 INS_REF 485058561 -31614701 411670235 404513171 -37290972 700771 650535 0.
102.848 2 INS 10831 3020 -160354288 351272 1253047 -1646677760 -2001 -4691 -1594
102.848 2 ENERGY 26 7.939002 1.5 11.908503 5.73648 0.087604 0.684424
102.848 2 GPS 3 43818803 447814827 704 652278 249 17 2395 294255500 30 0
102.849 2 ATTITUDE -0.129458 1.19244 0.295753
102.862 2 LINK_REPORT 2 -1 103 0 313452 7063 0 3170. 70. 30 31.63
102.904 2 INS 10831 3020 -160394496 351272 1253047 -1646831488 -667 -1070 1445
102.904 2 ROVER_CTRL 2.5 -0.036705 2582.09375 0.787307 1400. 600. 1000. -123.275299 -51.38736 -43.463707 2.536705 0.
102.905 2 ROTORCRAFT_FP 3020 10831 160402544 1253047 351272 1646861824 -517 1195 4887 0 0 0 0 2582 0
102.906 2 ATTITUDE -0.123242 1.200601 0.296512
102.932 2 INS 10864 3184 -160434704 304086 1284504 -1647056768 5078 -3503 -7985
102.932 2 SERIAL_COM 394 -13313 4248 -17928 0 0 0 14 295 80 76 0 0 0 0 0
102.970 2 GPS_INT 0 0 0 404516993 -37289505 702625 652389 0 0 0 37 13 294255750 85 26 3 1
102.970 2 ATTITUDE -0.119496 1.210306 0.294637
102.971 2 WP_MOVED_ENU 2 -276 -3691 2560
102.971 2 WP_MOVED_ENU 2 -276 -3691 2560
102.971 2 INS 10864 3184 -160474944 314572 1289747 -1647216128 7614 -5549 -13764
102.986 2 ATTITUDE -0.12411 1.217017 0.295037
103.018 2 INS 10864 3184 -160515168 314572 1289747 -1647401984 227 -6826 -2376
103.034 2 ATTITUDE -0.123704 1.223123 0.300315
103.079 2 INS 10864 3184 -160555408 314572 1289747 -1647543296 -4355 -3941 -585
103.079 2 GPS 3 43818866 447814840 736 652389 254 -3 2395 294255750 30 0
103.105 2 GPS_INT 0 0 0 404516993 -37289505 702625 652389 0 0 0 37 13 294255750 85 26 3 1
103.106 2 ATTITUDE -0.134191 1.225997 0.298836
103.121 2 INS 10864 3184 -160595616 314572 1289747 -1647766912 118 -62 -3208
103.147 2 ROTORCRAFT_FP 3184 10864 160603696 1289747 314572 1647844480 -569 1232 5010 0 0 0 0 2592 0
103.147 2 ATTITUDE -0.1354 1.224662 0.299395
103.189 2 GVF_PARAMETRIC 5 1 0.072353 6.,18.136719,41.308594,44.878906,19.75,29.046875,61.347656,53.699219,0.,0.,0.,0.,0.,0.,0.,0. -0.226859,-0.045401
103.190 2 INS 10864 3184 -160635888 314572 1289747 -1648004608 -839 -9830 -7920
103.190 2 DL_VALUE 43 0.7
103.190 2 ATTITUDE -0.131082 1.227612 0.300933
103.221 2 INS 10895 3348 -160676064 272629 1331690 -1648152320 51 1635 -3789
103.237 2 GPS_INT 0 0 0 404517004 -37289429 702685 652449 0 0 0 37 13 294256000 85 27 3 1
103.253 2 ATTITUDE -0.133 1.231281 0.298649
103.269 2 INS 10895 3348 -160716304 272629 1331690 -1648336640 500 -4509 -2870
103.285 2 ATTITUDE -0.13345 1.230545 0.298118
103.317 2 INS 10895 3348 -160756560 272629 1331690 -1648599040 -6255 -5323 -5089
103.346 2 GPS 3 43818931 447814852 762 652449 260 -10 2395 294256000 30 0
103.346 2 ATTITUDE -0.126178 1.235213 0.293781
103.346 2 ROTORCRAFT_NAV_STATUS 28 28 0. 0. 5 0 2
103.362 2 IMU_MAG_RAW 255 0 0 0
103.362 2 INS 10895 3348 -160796816 272629 1331690 -1648707072 -1056 -1660 -756
103.436 2 ROVER_CTRL 2.5 -0.050426 2552.352539 0.222091 1400. 600. 1000. -136.131058 -70.596405 -41.222572 2.550426 0.
103.436 2 ROTORCRAFT_FP 3348 10895 160804864 1331690 272629 1648730368 -500 1216 5085 0 0 0 0 2552 0
103.437 2 GPS_INT 0 0 0 404517004 -37289429 702685 652449 0 0 0 37 13 294256000 85 27 3 1
103.437 2 ATTITUDE -0.123775 1.248148 0.295591
103.437 2 INS 10926 3520 -160837072 288358 1357904 -1648930432 -409 5085 -4606
103.438 2 SERIAL_COM 395 -3839 -4289 1033 0 0 0 14 296 80 76 0 0 0 0 0
103.438 2 ATTITUDE -0.122625 1.253184 0.303233
103.468 2 INS 10926 3520 -160877344 288358 1363147 -1649181440 -1051 -4985 -16547
103.484 2 ATTITUDE -0.118043 1.257564 0.295435
103.516 2 INS 10926 3520 -160917616 288358 1363147 -1649325952 916 541 -8139
103.543 2 GPS_INT 0 0 0 404517015 -37289351 702727 652491 0 0 0 37 12 294256250 85 26 3 1
103.543 2 ATTITUDE -0.12189 1.255243 0.292744
103.596 2 GVF_PARAMETRIC 5 1 0.074836 0.,0.199,0.199,0.546583,0.546583,0.05,61.347656,53.699219,0.,0.,0.,0.,0.,0.,0.,0. -0.203466,-0.038258
103.597 2 INS 10926 3520 -160957856 288358 1363147 -1649566976 -2376 4964 -16962
103.597 2 GPS 3 43818997 447814863 771 652491 267 -10 2395 294256250 30 0
103.597 2 ATTITUDE -0.133575 1.258626 0.296501
103.612 2 INS 10926 3520 -160998128 288358 1363147 -1649712256 -2250 -4639 -18796
103.642 2 ROTORCRAFT_FP 3520 10926 161006224 1363147 288358 1649763328 -556 1213 5161 0 0 0 0 2518 0
103.642 2 ATTITUDE -0.133488 1.261001 0.298203
103.701 2 INS 10954 3691 -161038400 262143 1357904 -1649966976 5700 1284 -13782
103.701 2 STATIC_CONTROL 0 0. 0 0. 0. 0. 0. 0. 0. 0. 0. 0. 0.
103.702 2 GPS_INT 0 0 0 404517025 -37289272 702758 652522 0 0 0 36 12 294256500 85 27 3 1
103.702 2 ATTITUDE -0.133659 1.262174 0.293152
103.728 2 INS 10954 3691 -161078672 262143 1357904 -1650069120 71 -2734 -5038
103.728 2 ROVER_STATUS 0 52 3 2 1 395 7.92134
103.744 2 ATTITUDE -0.126074 1.266919 0.288546
103.760 2 INS 10954 3691 -161118976 262143 1357904 -1650235520 1197 -13115 -9654
103.792 2 ATTITUDE -0.130482 1.268032 0.293597
103.851 2 INS 10954 3691 -161159264 262143 1357904 -1650469120 -2943 6595 -2538
103.851 2 DATALINK_REPORT 3 94 27156 3044 0 5
103.851 2 GPS 3 43819064 447814874 781 652522 265 0 2395 294256500 30 0
103.852 2 GPS_INT 0 0 0 404517025 -37289272 702758 652522 0 0 0 36 12 294256500 85 27 3 1
103.852 2 ATTITUDE -0.128594 1.271502 0.292268
103.863 2 LINK_REPORT 2 -1 104 0 316497 7132 0 3045. 69. 30 31.63
103.905 2 INS 10954 3691 -161199568 262143 1357904 -1650615040 2196 -7841 -14431
103.905 2 ROVER_CTRL 2.5 -0.066682 2540.634277 0.180269 1400. 600. 1000. -154.490479 -93.354271 -11.920929 2.566682 0.
103.906 2 ROTORCRAFT_FP 3691 10954 161207616 1357904 262143 1650681600 -537 1229 5223 0 0 0 0 2540 0
103.906 2 ATTITUDE -0.131685 1.276009 0.301261
103.932 2 INS 10992 3863 -161239856 298843 1384119 -1650844416 2369 -5736 -7983
103.932 2 SERIAL_COM 395 -12289 6467 -16238 0 0 0 14 296 80 76 0 0 0 0 0
103.932 2 ATTITUDE -0.130964 1.278782 0.300514
104.001 2 GVF_PARAMETRIC 5 1 0.077213 -6.,15.398438,4.558594,27.417969,28.609375,49.796875,50.96875,67.96875,0.,0.,0.,0.,0.,0.,0.,0. -0.168235,-0.027848
104.002 2 INS 10992 3863 -161280160 309329 1384119 -1651062528 -587 -4027 -13507
104.002 2 GPS_INT 0 0 0 404517038 -37289193 702799 652563 0 0 0 36 12 294256750 85 27 3 1
104.002 2 ATTITUDE -0.129851 1.279186 0.294874
104.017 2 INS 10992 3863 -161320480 309329 1384119 -1651244416 2559 -17982 -9994
104.032 2 ATTITUDE -0.131698 1.278805 0.302846
104.077 2 INS 10992 3863 -161360784 309329 1384119 -1651445504 -678 -388 -8261
104.077 2 GPS 3 43819131 447814888 778 652563 272 -7 2395 294256750 30 0
104.092 2 ATTITUDE -0.13626 1.285911 0.296351
104.109 2 INS 10992 3863 -161401104 309329 1384119 -1651618048 -1367 -9134 -4923
104.162 2 ROTORCRAFT_FP 3863 10992 161409168 1384119 309329 1651680640 -557 1196 5294 0 0 0 0 2501 0
104.162 2 GPS_INT 0 0 0 404517038 -37289193 702799 652563 0 0 0 36 12 294256750 85 27 3 1
104.162 2 ATTITUDE -0.139308 1.289623 0.289691
104.163 2 IMU_MAG_RAW 255 0 0 0
104.163 2 INS 10992 3863 -161441440 309329 1384119 -1651863424 -3230 -7299 -10064
104.194 2 ATTITUDE -0.143409 1.29322 0.298096
104.209 2 INS 11031 4032 -161481776 220200 1310718 -1652012288 3629 2477 -6943
104.241 2 ATTITUDE -0.145169 1.297123 0.30136
104.242 2 WP_MOVED_ENU 3 3942 4643 2974
104.258 2 WP_MOVED_ENU 3 3942 4643 2974
104.273 2 INS 11031 4032 -161522096 220200 1315961 -1652247936 -778 -11878 -7987
104.290 2 GPS_INT 0 0 0 404517052 -37289115 702856 652620 0 0 0 36 11 294257000 85 26 3 1
104.290 2 ATTITUDE -0.141213 1.297819 0.306438
104.322 2 INS 11031 4032 -161562432 220200 1315961 -1652445184 -2863 -12849 -11164
104.322 2 GPS 3 43819198 447814903 790 652620 255 10 2395 294257000 30 0
104.340 2 ATTITUDE -0.148547 1.304477 0.31237
104.450 2 GVF_PARAMETRIC 5 1 0.079354 6.,18.136719,41.308594,44.878906,19.75,29.046875,61.347656,53.699219,0.,0.,0.,0.,0.,0.,0.,0. -0.210843,-0.028827
104.451 2 INS 11031 4032 -161602752 220200 1315961 -1652569344 -3791 -193 1823
104.451 2 ROVER_CTRL 2.5 -0.07501 2528.9729 0.268473 1400. 600. 1000. -176.405853 -105.01342 9.942055 2.57501 0.
104.452 2 ROTORCRAFT_FP 4032 11031 161610816 1315961 220200 1652573312 -598 1255 5359 0 0 0 0 2528 0
104.452 2 ATTITUDE -0.144074 1.308809 0.305718
104.452 2 INS 11066 4200 -161643104 298843 1378876 -1652840704 -2234 -10043 -11017
104.453 2 SERIAL_COM 396 -1316 -1283 -10788 0 0 0 14 297 80 76 0 0 0 0 0
104.453 2 GPS_INT 0 0 0 404517064 -37289037 702913 652677 0 0 0 36 12 294257250 85 26 3 1
104.453 2 ATTITUDE -0.141969 1.30979 0.312297
104.475 2 INS 11066 4200 -161683440 309329 1378876 -1653000960 -1363 -11089 50
104.476 2 GPS_SOL 36 12 85 26
104.491 2 ATTITUDE -0.139774 1.3115 0.309822
104.523 2 INS 11066 4200 -161723808 309329 1378876 -1653228800 -1386 -314 -10226
104.539 2 ATTITUDE -0.146137 1.315887 0.293488
104.594 2 INS 11066 4200 -161764176 309329 1378876 -1653399040 -3988 -6458 485
104.595 2 GPS 3 43819264 447814915 781 652677 271 5 2395 294257250 30 0
104.595 2 GPS_INT 0 0 0 404517064 -37289037 702913 652677 0 0 0 36 12 294257250 85 26 3 1
104.595 2 ATTITUDE -0.138457 1.31799 0.295527
104.636 2 INS 11066 4200 -161804544 309329 1378876 -1653620352 -6215 -16491 -3827
104.637 2 ROTORCRAFT_FP 4200 11066 161812608 1378876 309329 1653684096 -578 1227 5396 0 0 0 0 2331 0
104.637 2 ATTITUDE -0.134365 1.319055 0.308613
104.682 2 INS 11105 4372 -161844928 319815 1342176 -1653794944 834 -9900 -4766
104.683 2 STATIC_CONTROL 0 0. 0 0. 0. 0. 0. 0. 0. 0. 0. 0. 0.
104.683 2 ATTITUDE -0.129114 1.328801 0.300766
104.714 2 INS 11105 4372 -161885312 325058 1347418 -1653942528 -10 -4903 694
104.741 2 GPS_INT 0 0 0 404517078 -37288958 702939 652703 0 0 0 35 12 294257500 88 25 3 1
104.741 2 ATTITUDE -0.122653 1.333284 0.306598
104.798 2 GVF_PARAMETRIC 5 1 0.082066 0.,0.199,0.199,0.546583,0.546583,0.05,61.347656,53.699219,0.,0.,0.,0.,0.,0.,0.,0. -0.193453,-0.014652
104.798 2 INS 11105 4372 -161925696 325058 1347418 -1654188288 13354 -8054 -13244
104.798 2 DL_VALUE 44 2.
104.799 2 ATTITUDE -0.12192 1.336426 0.31589
104.823 2 INS 11105 4372 -161966096 325058 1347418 -1654338048 2218 -6862 -12744
104.824 2 GPS 3 43819331 447814930 772 652703 265 -5 2395 294257500 30 0
104.842 2 ATTITUDE -0.12873 1.338741 0.312898
104.864 2 LINK_REPORT 2 -1 105 0 319513 7199 0 3016. 67. 30 31.63
104.931 2 INS 11105 4372 -162006480 325058 1347418 -1654541696 693 -2044 -1203
104.932 2 ROVER_CTRL 2.5 -0.126136 2335.958008 1.453257 1400. 600. 1000. -207.408798 -176.589828 -80.800056 2.626136 0.
104.932 2 ROTORCRAFT_FP 4372 11105 162014592 1347418 325058 1654574720 -495 1265 5511 0 0 0 0 2335 0
104.933 2 GPS_INT 0 0 0 404517078 -37288958 702939 652703 0 0 0 35 12 294257500 88 25 3 1
104.933 2 ATTITUDE -0.124445 1.350346 0.307125
104.933 2 INS 11146 4538 -162046992 225443 1315961 -1654747648 -6329 5804 -4302
104.933 2 SERIAL_COM 396 -8054 13354 -13244 0 0 0 14 297 80 76 0 0 0 0 0
104.934 2 ATTITUDE -0.120765 1.35942 0.290207
104.947 2 ROTORCRAFT_NAV_STATUS 29 29 0. 0. 5 0 2
104.963 2 IMU_MAG_RAW 255 0 0 0
104.964 2 INS 11146 4538 -162087312 230686 1321204 -1654951808 6982 3118 -8783
104.979 2 ATTITUDE -0.115691 1.370668 0.297958
105.012 2 INS 11146 4538 -162127664 230686 1321204 -1655143296 -3143 -5769 -5011
105.038 2 GPS_INT 0 0 0 404517092 -37288882 703005 652769 0 0 0 35 11 294257750 85 26 3 1
105.039 2 ATTITUDE -0.1133 1.373851 0.309765
105.070 2 INS 11146 4538 -162168080 230686 1321204 -1655309696 -2440 -204 -5673
105.071 2 GPS 3 43819396 447814945 788 652769 256 -2 2395 294257750 30 0
105.086 2 ATTITUDE -0.117197 1.379335 0.311033
105.118 2 INS 11146 4538 -162208512 230686 1321204 -1655505920 -361 -11654 -3328
105.135 2 ROTORCRAFT_FP 4538 11146 162216592 1321204 230686 1655536256 -470 1282 5673 0 0 0 0 2376 0
105.135 2 ATTITUDE -0.11378 1.386145 0.308429
105.199 2 GVF_PARAMETRIC 5 1 0.084366 -6.,15.398438,4.558594,27.417969,28.609375,49.796875,50.96875,67.96875,0.,0.,0.,0.,0.,0.,0.,0. -0.235375,-0.007994
105.200 2 INS 11146 4538 -162248928 230686 1321204 -1655681408 5860 608 -7615
105.200 2 GPS_INT 0 0 0 404517092 -37288882 703005 652769 0 0 0 35 11 294257750 85 26 3 1
105.200 2 ATTITUDE -0.115355 1.392675 0.298048
105.224 2 INS 11171 4702 -162289360 173014 1300233 -1655869824 4024 -13342 -2368
105.225 2 ROVER_STATUS 0 56 3 2 1 397 7.868354
105.240 2 ATTITUDE -0.11291 1.394328 0.303914
105.256 2 INS 11171 4702 -162329792 183500 1305475 -1656048000 -5677 -6382 -1522
105.288 2 ATTITUDE -0.110961 1.399006 0.314656
105.320 2 GPS 3 43819460 447814956 805 652773 252 -13 2395 294258000 30 0
105.359 2 GPS_INT 0 0 0 404517102 -37288806 703009 652773 0 0 0 35 11 294258000 85 26 3 1
105.360 2 ALIVE 122,195,7,233,5,247,195,75,60,187,26,129,128,90,246,93
105.360 2 ATTITUDE -0.105445 1.411457 0.308553
105.360 2 INS 11171 4702 -162410672 183500 1305475 -1656409472 1681 -2361 -4362
105.428 2 ROTORCRAFT_FP 4702 11171 162418752 1305475 183500 1656452096 -431 1282 5782 0 0 0 0 2417 0
105.429 2 ATTITUDE -0.102586 1.420096 0.310635
105.429 2 INS 11197 4858 -162451104 83886 1247804 -1656576512 8613 -3247 -12165
105.429 2 SERIAL_COM 397 -5776 7083 -10535 0 0 0 14 298 80 76 0 0 0 0 0
105.430 2 STATE_FILTER_STATUS 6 3 0
105.430 2 ATTITUDE -0.096223 1.423852 0.308835
105.460 2 INS 11197 4858 -162491552 89128 1253047 -1656748416 -169 -2237 -3429
105.486 2 GPS_INT 0 0 0 404517110 -37288734 703080 652844 0 0 0 34 10 294258250 85 26 3 1
105.487 2 ATTITUDE -0.092947 1.429353 0.308905
105.518 2 INS 11197 4858 -162532000 89128 1253047 -1656933248 -4542 -6532 -2395
105.534 2 ATTITUDE -0.090932 1.435317 0.314684
105.550 2 WP_MOVED_ENU 4 1167 10575 2972
105.550 2 WP_MOVED_ENU 4 1167 10575 2972
105.592 2 GVF_PARAMETRIC 5 1 0.087 6.,18.136719,41.308594,44.878906,19.75,29.046875,61.347656,53.699219,0.,0.,0.,0.,0.,0.,0.,0. -0.214184,0.009036
105.593 2 INS 11197 4858 -162572448 89128 1253047 -1657126016 -7512 -2432 -261
105.608 2 ATTITUDE -0.089999 1.438897 0.310131
105.608 2 INS 11197 4858 -162612912 89128 1253047 -1657301120 1947 -397 -2518
105.637 2 ROTORCRAFT_FP 4858 11197 162620992 1253047 89128 1657312512 -367 1292 5927 0 0 0 0 2534 0
105.685 2 GPS_INT 0 0 0 404517110 -37288734 703080 652844 0 0 0 34 10 294258250 85 26 3 1
105.686 2 ATTITUDE -0.095035 1.448132 0.314089
105.686 2 INS 11197 4858 -162653360 89128 1253047 -1657535616 5775 -9471 -15697
105.686 2 STATIC_CONTROL 0 0. 0 0. 0. 0. 0. 0. 0. 0. 0. 0. 0.
105.686 2 ATTITUDE -0.097947 1.446917 0.318906
105.717 2 INS 11217 5017 -162693808 120586 1268775 -1657707392 -5649 610 1416
105.733 2 ATTITUDE -0.102812 1.448994 0.3132
105.749 2 IMU_MAG_RAW 255 0 0 0
105.765 2 INS 11217 5017 -162734288 120586 1268775 -1657931136 4482 -11567 -13957
105.765 2 PONG 
105.791 2 GPS_INT 0 0 0 404517117 -37288661 703188 652952 0 0 0 34 10 294258500 85 26 3 1
105.792 2 ATTITUDE -0.095612 1.456102 0.313964
105.807 2 INS 11217 5017 -162774768 120586 1268775 -1658127872 2788 -2519 -7620
105.823 2 GPS 3 43819583 447814972 838 652952 244 7 2395 294258500 30 0
105.842 2 ATTITUDE -0.085341 1.46358 0.306657
105.864 2 LINK_REPORT 2 -1 106 0 322452 7267 0 2939. 68. 31 459.81
105.881 2 INS 11217 5017 -162815264 120586 1268775 -1658298624 -643 -10706 -6637
105.881 2 ROVER_CTRL 2.5 -0.068733 2532.785156 1.680501 1400. 600. 1000. -274.8508 -96.226166 103.449821 2.568733 0.
105.923 2 ROTORCRAFT_FP 5017 11217 162823360 1268775 120586 1658348544 -340 1264 6009 0 0 0 0 2532 0
105.924 2 ATTITUDE -0.080828 1.47398 0.305731
105.924 2 INS 11230 5176 -162855744 104857 1274018 -1658501120 7569 -8474 4317
105.924 2 SERIAL_COM 397 2226 5402 -13362 0 0 0 14 298 80 76 0 0 0 0 0
105.939 2 GPS_INT 0 0 0 404517122 -37288588 703247 653011 0 0 0 33 10 294258750 86 27 3 1
105.992 2 GVF_PARAMETRIC 5 1 0.089724 0.,0.199,0.199,0.546583,0.546583,0.05,61.347656,53.699219,0.,0.,0.,0.,0.,0.,0.,0. -0.18901,0.027198
105.993 2 INS 11230 5176 -162896288 110100 1274018 -1658644864 -2259 -8074 2216
105.998 2 ATTITUDE -0.077349 1.490016 0.306074
106.008 2 INS 11230 5176 -162936720 110100 1274018 -1658921472 5799 -1757 -17921
106.024 2 ATTITUDE -0.07796 1.496938 0.312484
106.071 2 INS 11230 5176 -162977232 110100 1274018 -1659075456 -646 445 -7753
106.071 2 GPS 3 43819645 447814977 844 653011 245 14 2395 294258750 30 0
106.097 2 GPS_INT 0 0 0 404517122 -37288588 703247 653011 0 0 0 33 10 294258750 86 27 3 1
106.098 2 ATTITUDE -0.07476 1.503815 0.310656
106.113 2 INS 11230 5176 -163017728 110100 1274018 -1659280128 12022 -10180 -17834
106.139 2 ROTORCRAFT_FP 5176 11230 163025840 1274018 110100 1659311488 -272 1293 6188 0 0 0 0 2599 0
106.140 2 ATTITUDE -0.072436 1.518386 0.312113
106.155 2 INS 11230 5176 -163058256 110100 1274018 -1659406848 -2293 -6367 -4471
106.187 2 ATTITUDE -0.070573 1.528214 0.316405
106.203 2 INS 11248 5335 -163098800 10485 1284504 -1659645184 3362 -4775 -11379
106.234 2 GPS_INT 0 0 0 404517128 -37288515 703312 653077 0 0 0 33 10 294259000 86 25 3 1
106.234 2 ATTITUDE -0.058201 1.539792 0.309885
106.266 2 INS 11248 5335 -163139296 10485 1284504 -1659777920 8107 -11837 -11942
106.282 2 ATTITUDE -0.046947 1.559663 0.313454
106.324 2 INS 11248 5335 -163179824 10485 1284504 -1660013952 9391 -3743 -11768
106.324 2 GPS 3 43819707 447814983 871 653077 246 0 2395 294259000 30 0
106.325 2 ATTITUDE -0.036347 1.579687 0.31392
106.391 2 GVF_PARAMETRIC 5 1 0.092467 -6.,15.398438,4.558594,27.417969,28.609375,49.796875,50.96875,67.96875,0.,0.,0.,0.,0.,0.,0.,0. -0.230279,0.051607
106.392 2 INS 11248 5335 -163220320 10485 1284504 -1660154880 4448 -6725 -1387
106.392 2 ROVER_CTRL 2.5 -0.017794 2536.539062 2.261472 1400. 600. 1000. -286.05423 -24.911118 47.397614 2.517794 0.
106.447 2 DL_VALUE 45 6.
106.447 2 ATTITUDE -0.034096 1.594315 0.312405
106.448 2 INS 11243 5493 -163260848 -141557 1305475 -1660385664 -962 -8256 7793
106.448 2 SERIAL_COM 398 -15812 5093 -7811 0 0 0 14 299 80 76 0 0 0 0 0
106.449 2 ATTITUDE -0.033243 1.60824 0.308771
106.463 2 INS 11243 5493 -163301392 -152043 1305475 -1660522752 -5489 -6053 -3195
106.463 2 GPS_SOL 33 9 88 25
106.479 2 ATTITUDE -0.031837 1.625389 0.312537
106.511 2 INS 11243 5493 -163341952 -152043 1305475 -1660837376 1013 5583 -14051
106.537 2 GPS_INT 0 0 0 404517126 -37288441 703333 653097 0 0 0 33 9 294259250 88 25 3 1
106.538 2 ATTITUDE -0.026346 1.646322 0.309728
106.538 2 ROTORCRAFT_NAV_STATUS 31 31 0. 0. 5 0 2
106.568 2 IMU_MAG_RAW 255 0 0 0
106.568 2 INS 11243 5493 -163382512 -152043 1305475 -1660952320 -2233 -9664 -3909
106.569 2 GPS 3 43819770 447814980 918 653097 252 0 2395 294259250 30 0
106.584 2 ATTITUDE -0.019371 1.659453 0.316288
106.616 2 INS 11243 5493 -163423056 -152043 1305475 -1661185408 3184 581 -9628
106.632 2 ROTORCRAFT_FP 5493 11243 163431168 1305475 -152043 1661227648 -92 1317 6803 0 0 0 0 2613 0
106.632 2 ATTITUDE -0.017541 1.665637 0.321316
106.691 2 INS 11243 5493 -163463616 -152043 1305475 -1661315840 -94 -4312 -11770
106.691 2 STATIC_CONTROL 0 0. 0 0. 0. 0. 0. 0. 0. 0. 0. 0. 0.
106.692 2 GPS_INT 0 0 0 404517121 -37288367 703384 653149 0 0 0 32 9 294259500 88 26 3 1
106.692 2 ATTITUDE -0.007859 1.673554 0.315208
106.719 2 INS 11228 5657 -163504192 -178257 1263532 -1661491456 2752 -7941 -12932
106.719 2 ROVER_STATUS 0 53 3 2 1 398 7.8242
106.735 2 ATTITUDE 0.002737 1.681557 0.31709
106.788 2 GVF_PARAMETRIC 5 1 0.095781 6.,18.136719,41.308594,44.878906,19.75,29.046875,61.347656,53.699219,0.,0.,0.,0.,0.,0.,0.,0. -0.20746,0.078578
106.789 2 INS 11228 5657 -163544752 -178257 1263532 -1661705088 5136 -10134 -16336
106.789 2 ATTITUDE 0.007979 1.692958 0.314589
106.819 2 INS 11228 5657 -163585328 -178257 1263532 -1661876736 -6846 -4189 1540
106.820 2 GPS 3 43819833 447814974 948 653149 244 -1 2395 294259500 30 0
106.865 2 LINK_REPORT 2 -1 107 0 325277 7330 0 2825. 63. 31 459.81
106.897 2 GPS_INT 0 0 0 404517121 -37288367 703384 653149 0 0 0 32 9 294259500 88 26 3 1
106.897 2 ATTITUDE 0.029678 1.701519 0.310212
106.897 2 WP_MOVED_ENU 5 7019 11489 2974
106.898 2 WP_MOVED_ENU 5 7019 11489 2974
106.898 2 INS 11228 5657 -163625904 -178257 1263532 -1662066432 -6124 -3986 6173
106.898 2 ROVER_CTRL 2.5 0.030143 2662.782959 2.555272 1400. 600. 1000. -284.164032 42.199898 104.928017 2.469857 0.
106.898 2 ROTORCRAFT_FP 5657 11228 163634016 1263532 -178257 1662118912 134 1258 7016 0 0 0 0 2662 0
106.899 2 ATTITUDE 0.040077 1.719102 0.312057
106.925 2 INS 11212 5813 -163666480 -193986 1300233 -1662301824 2677 -8079 -3117
106.925 2 SERIAL_COM 398 -677 4027 -17623 0 0 0 14 299 80 76 0 0 0 0 0
106.925 2 ATTITUDE 0.034909 1.735775 0.302811
106.957 2 INS 11212 5813 -163707056 -199229 1300233 -1662503168 6225 -11371 -7963
106.983 2 GPS_INT 0 0 0 404517116 -37288295 703446 653210 0 0 0 32 9 294259750 87 26 3 1
106.983 2 ATTITUDE 0.018654 1.747358 0.287227
107.015 2 INS 11212 5813 -163747648 -199229 1300233 -1662724608 948 -4678 -2035
107.031 2 ATTITUDE 0.011502 1.760641 0.288426
107.063 2 INS 11212 5813 -163788272 -199229 1300233 -1662847232 -3324 -2677 1200
107.063 2 GPS 3 43819894 447814968 967 653210 252 6 2395 294259750 30 0
107.079 2 ATTITUDE 0.020658 1.776051 0.304975
107.111 2 INS 11212 5813 -163828880 -199229 1300233 -1663011712 -808 -4644 4222
107.175 2 ROTORCRAFT_FP 5813 11212 163837008 1300233 -199229 1663052416 119 1258 7331 0 0 0 0 2600 0
107.175 2 GPS_INT 0 0 0 404517116 -37288295 703446 653210 0 0 0 32 9 294259750 87 26 3 1
107.176 2 ATTITUDE 0.040105 1.799829 0.309346
107.176 2 GVF_PARAMETRIC 5 1 0.09888 0.,0.199,0.199,0.546583,0.546583,0.05,61.347656,53.699219,0.,0.,0.,0.,0.,0.,0.,0. -0.237146,0.124924
107.176 2 INS 11212 5813 -163869472 -199229 1300233 -1663280128 4162 -1487 -12562
107.177 2 ATTITUDE 0.057231 1.826717 0.303118
107.207 2 INS 11184 5969 -163910080 -361758 1242561 -1663428864 2615 2056 -6268
107.223 2 ATTITUDE 0.068762 1.856525 0.300752
107.255 2 INS 11184 5969 -163950688 -361758 1242561 -1663612544 3291 -736 -7519
107.282 2 GPS_INT 0 0 0 404517106 -37288223 703494 653258 0 0 0 32 9 294260000 87 25 3 1
107.283 2 ATTITUDE 0.089055 1.897202 0.297975
107.324 2 INS 11184 5969 -163991312 -361758 1242561 -1663788800 1828 -5925 -7830
107.324 2 ENERGY 27 7.850692 1.45 11.383504 5.786129 0.089282 0.697656
107.324 2 GPS 3 43819955 447814956 1014 653258 248 4 2395 294260000 30 0
107.325 2 ATTITUDE 0.100228 1.924093 0.290377
107.344 2 IMU_MAG_RAW 255 0 0 0
107.424 2 ROTORCRAFT_FP 5969 11184 164040048 1242561 -361758 1664093696 409 1192 7921 0 0 0 0 2613 0
107.424 2 ATTITUDE 0.104417 1.940007 0.289068
107.424 2 INS 11184 5969 -164072560 -361758 1242561 -1664243456 7870 -13123 -19517
107.425 2 SERIAL_COM 399 -2059 276 -310 0 0 0 14 300 80 76 0 0 0 0 0
107.440 2 GPS_INT 0 0 0 404517087 -37288156 703531 653295 0 0 0 32 9 294260250 87 26 3 1
107.440 2 ATTITUDE 0.102471 1.971241 0.290783
107.456 2 INS 11130 6115 -164113184 -602930 1169161 -1664400000 2183 -12424 -7088
107.504 2 INS 11130 6115 -164153840 -602930 1169161 -1664653696 6820 -6392 -14936
107.519 2 ATTITUDE 0.129616 2.030157 0.289704
107.612 2 GVF_PARAMETRIC 5 1 0.101968 -6.,15.398438,4.558594,27.417969,28.609375,49.796875,50.96875,67.96875,0.,0.,0.,0.,0.,0.,0.,0. -0.191846,0.158672
107.613 2 INS 11130 6115 -164194528 -602930 1169161 -1664843136 12693 -3237 -2410
107.613 2 GPS 3 43820011 447814935 1097 653295 252 -2 2395 294260250 30 0
107.614 2 GPS_INT 0 0 0 404517087 -37288156 703531 653295 0 0 0 32 9 294260250 87 26 3 1
107.614 2 ATTITUDE 0.13428 2.056002 0.280046
107.614 2 INS 11130 6115 -164235104 -602930 1169161 -1664990720 666 -7651 2292
107.628 2 ROTORCRAFT_FP 6115 11130 164243232 1169161 -602930 1665030272 580 1136 8477 0 0 0 0 2523 0
107.628 2 ATTITUDE 0.143117 2.078206 0.275117
107.660 2 INS 11130 6115 -164275776 -602930 1169161 -1665207552 -1038 -3347 2408
107.686 2 STATIC_CONTROL 0 0. 0 0. 0. 0. 0. 0. 0. 0. 0. 0. 0.
107.686 2 ATTITUDE 0.15329 2.094718 0.278271
107.702 2 INS 11051 6251 -164316432 -760216 1048575 -1665391360 -187 4363 -13525
107.732 2 GPS_INT 0 0 0 404517059 -37288093 703596 653360 0 0 0 31 9 294260500 88 26 3 1
107.732 2 ATTITUDE 0.15598 2.11175 0.288975
107.764 2 INS 11051 6251 -164357072 -760216 1048575 -1665610368 -2499 538 -2524
107.779 2 ATTITUDE 0.166546 2.136153 0.275263
107.822 2 INS 11051 6251 -164397744 -760216 1048575 -1665809280 -4476 -2051 -3835
107.822 2 GPS 3 43820064 447814903 1173 653360 247 10 2395 294260500 30 0
107.823 2 ATTITUDE 0.168059 2.156715 0.253661
107.854 2 INS 11051 6251 -164438416 -760216 1048575 -1666022656 958 -12085 -8632
107.866 2 LINK_REPORT 2 -1 108 0 328205 7395 0 2928. 65. 31 459.81
107.870 2 ROVER_CTRL 2.5 0.027074 2555.990723 2.142502 1400. 600. 1000. -262.05719 37.90374 -19.693375 2.472926 0.
107.939 2 ROTORCRAFT_FP 6251 11051 164446560 1048575 -760216 1666077824 651 1080 8857 0 0 0 0 2555 0
107.939 2 GPS_INT 0 0 0 404517059 -37288093 703596 653360 0 0 0 31 9 294260500 88 26 3 1
107.940 2 INS_REF 485058561 -31614701 411670235 404513171 -37290972 700771 650535 0.
107.940 2 ATTITUDE 0.153416 2.165127 0.259699
107.940 2 INS 11051 6251 -164479088 -760216 1048575 -1666235520 4127 -6246 -9426
107.941 2 SERIAL_COM 399 2259 1806 -8737 0 0 0 14 300 80 76 0 0 0 0 0
107.941 2 ATTITUDE 0.159483 2.171098 0.255074
107.992 2 GVF_PARAMETRIC 5 1 0.104582 6.,18.136719,41.308594,44.878906,19.75,29.046875,61.347656,53.699219,0.,0.,0.,0.,0.,0.,0.,0. -0.194235,0.201331
107.992 2 INS 10961 6371 -164519776 -849345 964689 -1666433280 -3035 -4282 2865
107.992 2 DL_VALUE 46 2.
107.993 2 ATTITUDE 0.158869 2.186319 0.242757
108.008 2 INS 10961 6371 -164560480 -849345 964689 -1666590080 3361 -9263 369
108.034 2 GPS_INT 0 0 0 404517027 -37288037 703651 653415 0 0 0 31 9 294260750 85 26 3 1
108.034 2 ALIVE 122,195,7,233,5,247,195,75,60,187,26,129,128,90,246,93
108.049 2 INS 10961 6371 -164601168 -849345 964689 -1666827264 126 -7347 -2667
108.066 2 GPS 3 43820112 447814867 1248 653415 247 -4 2395 294260750 30 0
108.081 2 ATTITUDE 0.182783 2.217425 0.245881
108.097 2 INS 10961 6371 -164641872 -849345 964689 -1666955776 3844 -6409 -9942
108.151 2 ROTORCRAFT_FP 6371 10961 164650000 964689 -849345 1667089664 726 1029 9099 0 0 0 0 2570 0
108.151 2 ATTITUDE 0.176509 2.23052 0.247336
108.151 2 ROTORCRAFT_NAV_STATUS 33 33 0. 0. 5 0 2
108.151 2 WP_MOVED_ENU 6 7324 5056 2974
108.152 2 WP_MOVED_ENU 6 7324 5056 2974
108.152 2 IMU_MAG_RAW 255 0 0 0
108.166 2 INS 10961 6371 -164682560 -849345 964689 -1667260800 4471 -6273 -5213
108.209 2 GPS_INT 0 0 0 404517027 -37288037 703651 653415 0 0 0 31 9 294260750 85 26 3 1
108.209 2 ATTITUDE 0.17262 2.23717 0.251492
108.210 2 INS 10859 6487 -164723280 -917503 922746 -1667360768 1399 -3768 3798
108.210 2 ROVER_STATUS 0 54 3 2 1 400 7.797707
108.224 2 ATTITUDE 0.180712 2.248147 0.244006
108.256 2 INS 10859 6487 -164763984 -922746 927988 -1667591936 3365 -5438 -8680
108.272 2 ATTITUDE 0.185045 2.26336 0.239981
108.314 2 INS 10859 6487 -164804688 -922746 927988 -1667831296 1824 -6811 -1641
108.315 2 GPS 3 43820156 447814827 1299 653474 250 8 2395 294261000 30 0
108.344 2 GPS_INT 0 0 0 404516991 -37287984 703710 653474 0 0 0 31 11 294261000 85 26 3 1
108.345 2 ATTITUDE 0.190087 2.276513 0.233316
108.424 2 GVF_PARAMETRIC 5 1 0.107102 0.,0.199,0.199,0.546583,0.546583,0.05,61.347656,53.699219,0.,0.,0.,0.,0.,0.,0.,0. -0.143506,0.20317
108.424 2 INS 10859 6487 -164845408 -922746 927988 -1668010240 3009 838 -11853
108.425 2 ROVER_CTRL 2.5 0.02065 2551.016113 2.330319 1400. 600. 1000. -254.763214 28.910542 -23.007393 2.47935 0.
108.425 2 ROTORCRAFT_FP 6487 10859 164853552 927988 -922746 1668024064 810 958 9331 0 0 0 0 2551 0
108.425 2 ATTITUDE 0.201132 2.287556 0.230531
108.425 2 INS 10859 6487 -164886128 -922746 927988 -1668170240 -6628 1509 4405
108.426 2 SERIAL_COM 400 838 3009 -11853 0 0 0 14 301 80 76 0 0 0 0 0
108.426 2 ATTITUDE 0.215865 2.305938 0.229815
108.465 2 INS 10744 6597 -164926848 -975174 917503 -1668409088 -3675 -8671 4182
108.466 2 GPS_SOL 31 10 89 26
108.481 2 GPS_INT 0 0 0 404516951 -37287934 703778 653542 0 0 0 31 10 294261250 89 26 3 1
108.482 2 ATTITUDE 0.225823 2.319302 0.214608
108.497 2 INS 10744 6597 -164967584 -975174 917503 -1668581760 -802 -4076 -9133
108.529 2 ATTITUDE 0.219086 2.333845 0.217192
108.561 2 INS 10744 6597 -165008336 -975174 917503 -1668838144 3958 -5133 -5226
108.562 2 GPS 3 43820198 447814782 1333 653542 255 13 2395 294261250 30 0
108.577 2 ATTITUDE 0.210389 2.348293 0.225895
108.609 2 INS 10744 6597 -165049072 -975174 917503 -1668998528 -1934 -1333 -4125
108.674 2 ROTORCRAFT_FP 6597 10744 165057216 917503 -975174 1669025664 877 904 9643 0 0 0 0 2545 0
108.675 2 GPS_INT 0 0 0 404516951 -37287934 703778 653542 0 0 0 31 10 294261250 89 26 3 1
108.675 2 STATE_FILTER_STATUS 6 3 0
108.675 2 ATTITUDE 0.218586 2.358035 0.218566
108.675 2 INS 10744 6597 -165089840 -975174 917503 -1669168768 7897 -7182 -7521
108.676 2 STATIC_CONTROL 0 0. 0 0. 0. 0. 0. 0. 0. 0. 0. 0. 0.
108.676 2 ATTITUDE 0.238247 2.372949 0.212067
108.706 2 INS 10621 6691 -165130592 -1022360 760216 -1669388800 9501 -9964 -13747
108.722 2 ATTITUDE 0.251779 2.399014 0.20403
108.791 2 INS 10621 6691 -165171344 -1022360 760216 -1669656192 11411 164 -12555
108.792 2 GPS_INT 0 0 0 404516908 -37287890 703782 653546 0 0 0 31 10 294261500 89 26 3 1
108.792 2 ATTITUDE 0.254506 2.420736 0.187281
108.807 2 INS 10621 6691 -165212112 -1022360 760216 -1669841536 -1712 2248 2590
108.823 2 GPS 3 43820235 447814734 1382 653546 244 1 2395 294261500 30 0
108.824 2 ATTITUDE 0.258673 2.438905 0.182117
108.866 2 LINK_REPORT 2 -1 109 0 331268 7465 0 3063. 70. 31 459.81
108.893 2 INS 10621 6691 -165252880 -1022360 760216 -1669989888 1230 -329 -7976
108.893 2 ROVER_CTRL 2.5 0.014079 2571.570312 2.409206 1400. 600. 1000. -249.987183 19.710732 1.93119 2.485921 0.
108.894 2 ROTORCRAFT_FP 6691 10621 165261024 760216 -1022360 1670047616 1077 757 10042 0 0 0 0 2571 0
108.894 2 ATTITUDE 0.268131 2.462422 0.195594
108.894 2 DATALINK_REPORT 3 95 27508 3085 0 5
108.960 2 INS 10621 6691 -165293648 -1022360 760216 -1670283264 -3586 4222 -14193
108.961 2 SERIAL_COM 400 -7301 2021 -476 0 0 0 14 301 80 76 0 0 0 0 0
108.962 2 GPS_INT 0 0 0 404516864 -37287851 703813 653577 0 0 0 31 11 294261750 85 26 3 1
108.962 2 ATTITUDE 0.259439 2.482556 0.192583
108.962 2 IMU_MAG_RAW 255 0 0 0
108.963 2 INS 10498 6776 -165334448 -1074789 697302 -1670448384 -4775 -5310 -23841
108.976 2 ATTITUDE 0.248014 2.497086 0.186424
109.008 2 INS 10498 6776 -165375216 -1074789 697302 -1670587648 2965 -7060 -8986
109.024 2 ATTITUDE 0.258669 2.511039 0.201961
109.082 2 GPS 3 43820268 447814685 1427 653577 244 -3 2395 294261750 30 0
109.083 2 GPS_INT 0 0 0 404516864 -37287851 703813 653577 0 0 0 31 11 294261750 85 26 3 1
109.100 2 INS 10498 6776 -165456784 -1074789 697302 -1670967936 -662 -5652 -5564
109.127 2 ROTORCRAFT_FP 6776 10498 165464944 697302 -1074789 1671157632 1064 734 10409 0 0 0 0 2614 0
109.128 2 ATTITUDE 0.264161 2.545592 0.16532
109.170 2 GVF_PARAMETRIC 5 1 0.111446 6.,18.136719,41.308594,44.878906,19.75,29.046875,61.347656,53.699219,0.,0.,0.,0.,0.,0.,0.,0. -0.086724,0.224572
109.170 2 INS 10498 6776 -165497584 -1074789 697302 -1671228800 5545 -10766 -3762
109.171 2 ATTITUDE 0.271014 2.562034 0.173252
109.201 2 INS 10498 6776 -165538400 -1074789 697302 -1671462656 9277 -8871 -12715
109.227 2 GPS_INT 0 0 0 404516818 -37287817 703865 653629 0 0 0 31 12 294262000 85 26 3 1
109.228 2 ATTITUDE 0.273638 2.577643 0.181873
109.259 2 INS 10368 6853 -165579200 -1116732 581959 -1671652224 -5689 -3419 120
109.275 2 ATTITUDE 0.262509 2.594905 0.164407
109.307 2 INS 10368 6853 -165620016 -1116732 581959 -1671833984 525 -2254 2010
109.307 2 GPS 3 43820296 447814634 1476 653629 241 11 2395 294262000 30 0
109.323 2 ATTITUDE 0.269497 2.611836 0.161869
109.430 2 INS 10368 6853 -165660848 -1116732 581959 -1672082688 3055 -2940 538
109.431 2 ROVER_CTRL 2.5 0.029018 2630.172852 2.187294 1400. 600. 1000. -243.538269 40.625763 33.259392 2.470982 0.
109.431 2 ROTORCRAFT_FP 6853 10368 165669008 581959 -1116732 1672150784 1106 621 10723 0 0 0 0 2630 0
109.432 2 GPS_INT 0 0 0 404516818 -37287817 703865 653629 0 0 0 31 12 294262000 85 26 3 1
109.432 2 ATTITUDE 0.274245 2.626403 0.159093
109.433 2 INS 10368 6853 -165701648 -1116732 581959 -1672272896 -1439 -479 -8576
109.433 2 SERIAL_COM 401 -8843 7730 -7682 0 0 0 14 302 80 76 0 0 0 0 0
109.434 2 ATTITUDE 0.277637 2.642671 0.157372
109.434 2 WP_MOVED_ENU 7 12748 7436 2972
109.446 2 WP_MOVED_ENU 7 12748 7436 2972
109.446 2 INS 10229 6914 -165742480 -1174404 435158 -1672564352 2163 -3018 -9302
109.478 2 ATTITUDE 0.279921 2.654188 0.156293
109.494 2 INS 10229 6914 -165783312 -1174404 435158 -1672683264 -5565 -916 -9710
109.525 2 GPS_INT 0 0 0 404516770 -37287788 703930 653694 0 0 0 31 12 294262250 85 26 3 1
109.525 2 ATTITUDE 0.280631 2.663237 0.140243
109.589 2 GVF_PARAMETRIC 5 1 0.113486 0.,0.199,0.199,0.546583,0.546583,0.05,61.347656,53.699219,0.,0.,0.,0.,0.,0.,0.,0. -0.050664,0.200092
109.590 2 INS 10229 6914 -165824128 -1174404 435158 -1672882560 4540 -4961 -8256
109.590 2 GPS 3 43820320 447814580 1536 653694 238 10 2395 294262250 30 0
109.590 2 DL_VALUE 47 1.
109.590 2 ATTITUDE 0.278399 2.682465 0.139101
109.605 2 INS 10229 6914 -165864960 -1174404 435158 -1673135616 5881 -10041 -15881
109.631 2 ROTORCRAFT_FP 6914 10229 165873136 435158 -1174404 1673190016 1132 561 11031 0 0 0 0 2681 0
109.631 2 ATTITUDE 0.278583 2.701683 0.139422
109.647 2 INS 10229 6914 -165905824 -1174404 435158 -1673266304 7791 -5224 -3270
109.686 2 STATIC_CONTROL 0 0. 0 0. 0. 0. 0. 0. 0. 0. 0. 0. 0.
109.686 2 GPS_INT 0 0 0 404516770 -37287788 703930 653694 0 0 0 31 12 294262250 85 26 3 1
109.687 2 ATTITUDE 0.279227 2.719174 0.142535
109.712 2 INS 10086 6963 -165946672 -1226832 351272 -1673474688 448 -4913 -5640
109.712 2 ROVER_STATUS 0 51 3 2 1 401 7.806538
109.728 2 ATTITUDE 0.287069 2.732134 0.141103
109.728 2 ROTORCRAFT_NAV_STATUS 34 34 0. 0. 5 0 2
109.744 2 IMU_MAG_RAW 255 0 0 0
109.744 2 INS 10086 6963 -165987536 -1226832 351272 -1673646976 2164 -6818 6805
109.776 2 ATTITUDE 0.284267 2.741248 0.133898
109.808 2 INS 10086 6963 -166028416 -1226832 351272 -1673924864 -3721 -1302 -5229
109.808 2 GPS 3 43820339 447814524 1590 653723 243 12 2395 294262500 30 0
109.834 2 GPS_INT 0 0 0 404516719 -37287766 703959 653723 0 0 0 31 12 294262500 85 26 3 1
109.834 2 ATTITUDE 0.28791 2.749921 0.12894
109.866 2 LINK_REPORT 2 -1 110 0 334265 7533 0 2997. 68. 31 459.81
109.889 2 INS 10086 6963 -166069280 -1226832 351272 -1674078208 -2575 -1401 -7772
109.889 2 ROVER_CTRL 2.5 0.049297 2655.875732 1.072728 1400. 600. 1000. -230.988358 69.016266 18.143654 2.450703 0.
109.890 2 ROTORCRAFT_FP 6963 10086 166077456 351272 -1226832 1674108288 1176 497 11263 0 0 0 0 2655 0
109.890 2 ATTITUDE 0.283362 2.760831 0.12972
109.917 2 INS 10086 6963 -166110160 -1226832 351272 -1674310784 -543 -2958 -6286
109.918 2 SERIAL_COM 401 -8710 3152 -3705 0 0 0 14 302 80 76 0 0 0 0 0
109.919 2 ATTITUDE 0.283777 2.772156 0.125652
109.981 2 GVF_PARAMETRIC 5 1 0.115268 -6.,15.398438,4.558594,27.417969,28.609375,49.796875,50.96875,67.96875,0.,0.,0.,0.,0.,0.,0.,0. -0.04548,0.2285
109.982 2 INS 9937 7004 -166151040 -1247804 304086 -1674540160 1923 -7946 -9660
109.982 2 GPS_INT 0 0 0 404516667 -37287746 704001 653765 0 0 0 31 12 294262750 85 26 3 1
109.982 2 ATTITUDE 0.288862 2.783634 0.121366
110.013 2 INS 9937 7004 -166191920 -1247804 304086 -1674661760 -2794 -4164 -8422
110.029 2 ATTITUDE 0.282244 2.782457 0.119148
110.060 2 INS 9937 7004 -166232800 -1247804 304086 -1674903296 -3204 -1830 -11715
110.060 2 GPS 3 43820355 447814466 1625 653765 246 5 2395 294262750 30 0
110.076 2 ATTITUDE 0.281821 2.788833 0.120324
110.092 2 INS 9937 7004 -166273712 -1247804 304086 -1675169152 9394 -9736 -11934
110.134 2 ROTORCRAFT_FP 7004 9937 166281920 304086 -1247804 1675166976 1144 445 11443 0 0 0 0 2647 0
110.135 2 GPS_INT 0 0 0 404516667 -37287746 704001 653765 0 0 0 31 12 294262750 85 26 3 1
110.135 2 ATTITUDE 0.280612 2.792127 0.105412
110.150 2 INS 9937 7004 -166314592 -1247804 304086 -1675252736 3645 -5931 -13899
110.166 2 ATTITUDE 0.280537 2.796644 0.104421
110.198 2 INS 9937 7004 -166355472 -1247804 304086 -1675548672 5423 -5071 -12251
110.214 2 ATTITUDE 0.275933 2.804079 0.110321
110.246 2 INS 9784 7042 -166396400 -1232075 272629 -1675666944 3125 -1583 -11278
110.274 2 GPS_INT 0 0 0 404516614 -37287729 704033 653797 0 0 0 31 12 294263000 85 26 3 1
110.274 2 ATTITUDE 0.276498 2.807001 0.104002
110.306 2 INS 9784 7042 -166437296 -1232075 272629 -1675872768 8668 -10086 -2461
110.306 2 GPS 3 43820369 447814407 1649 653797 241 8 2395 294263000 30 0
110.322 2 ATTITUDE 0.278733 2.819837 0.110905
110.431 2 GVF_PARAMETRIC 5 1 0.117398 6.,18.136719,41.308594,44.878906,19.75,29.046875,61.347656,53.699219,0.,0.,0.,0.,0.,0.,0.,0. -0.026098,0.204967
110.432 2 PONG 
110.432 2 INS 9784 7042 -166478288 -1232075 272629 -1676046208 3111 -6187 1993
110.432 2 ROVER_CTRL 2.5 0.057697 2709.59668 1.099416 1400. 600. 1000. -215.46431 80.775215 44.631958 2.442303 0.
110.433 2 ROTORCRAFT_FP 7042 9784 166486400 272629 -1232075 1676130816 1128 451 11560 0 0 0 0 2709 0
110.433 2 ATTITUDE 0.278648 2.8297 0.115113
110.434 2 INS 9784 7042 -166519152 -1232075 272629 -1676245376 971 -5933 3763
110.434 2 SERIAL_COM 402 -6881 2848 -3206 0 0 0 14 303 80 76 0 0 0 0 0
110.435 2 GPS_INT 0 0 0 404516614 -37287729 704033 653797 0 0 0 31 12 294263000 85 26 3 1
110.435 2 ATTITUDE 0.26648 2.83361 0.108563
110.459 2 INS 9635 7078 -166560096 -1294990 256900 -1676480768 -4446 -7319 1691
110.459 2 GPS_SOL 31 13 85 26
110.474 2 ATTITUDE 0.271374 2.839396 0.103048
110.506 2 INS 9635 7078 -166601024 -1294990 256900 -1676643328 -6005 -1588 -5937
110.522 2 ATTITUDE 0.273744 2.844931 0.105311
110.523 2 IMU_MAG_RAW 255 0 0 0
110.555 2 INS 9635 7078 -166641952 -1294990 256900 -1676921984 -6366 -3017 -4289
110.555 2 GPS 3 43820382 447814348 1668 653831 251 9 2395 294263250 30 0
110.581 2 GPS_INT 0 0 0 404516561 -37287713 704066 653831 0 0 0 31 13 294263250 85 26 3 1
110.581 2 ATTITUDE 0.27822 2.847487 0.097482
110.597 2 INS 9635 7078 -166682896 -1294990 256900 -1677091968 7919 -9108 -15246
110.623 2 ROTORCRAFT_FP 7078 9635 166691088 256900 -1294990 1677126656 1140 398 11687 0 0 0 0 2700 0
110.624 2 ATTITUDE 0.284308 2.85595 0.095407
110.669 2 INS 9635 7078 -166723856 -1294990 256900 -1677309056 -3070 -5045 -15987
110.669 2 STATIC_CONTROL 0 0. 0 0. 0. 0. 0. 0. 0. 0. 0. 0. 0.
110.669 2 ATTITUDE 0.283244 2.861926 0.099816
110.701 2 INS 9479 7111 -166764816 -1279261 241172 -1677518592 3631 -1063 -10665
110.738 2 GPS_INT 0 0 0 404516506 -37287698 704098 653862 0 0 0 31 13 294263500 85 26 3 1
110.738 2 ALIVE 122,195,7,233,5,247,195,75,60,187,26,129,128,90,246,93
110.738 2 ATTITUDE 0.281819 2.87256 0.092217
110.739 2 WP_MOVED_ENU 8 13048 15705 2974
110.739 2 WP_MOVED_ENU 8 13048 15705 2974
110.778 2 GVF_PARAMETRIC 5 1 0.119337 0.,0.199,0.199,0.546583,0.546583,0.05,61.347656,53.699219,0.,0.,0.,0.,0.,0.,0.,0. -0.006658,0.16967
110.779 2 INS 9479 7111 -166805776 -1279261 241172 -1677678976 99 -10576 -8694
110.779 2 ATTITUDE 0.272842 2.880443 0.088165
110.793 2 INS 9479 7111 -166846736 -1279261 241172 -1677871232 3571 -10317 -1056
110.809 2 GPS 3 43820394 447814287 1679 653862 249 6 2395 294263500 30 0
110.824 2 ATTITUDE 0.280411 2.885622 0.086425
110.841 2 INS 9479 7111 -166887712 -1279261 241172 -1678056960 14836 -7840 -14796
110.857 2 ROVER_CTRL 2.5 0.059291 2659.262695 1.429736 1400. 600. 1000. -196.900558 83.00724 -26.488304 2.440709 0.
110.867 2 LINK_REPORT 2 -1 111 0 337416 7603 0 3151. 70. 32 124.58
110.916 2 ROTORCRAFT_FP 7111 9479 166895888 241172 -1279261 1678095744 1139 363 11843 0 0 0 0 2659 0
110.916 2 GPS_INT 0 0 0 404516506 -37287698 704098 653862 0 0 0 31 13 294263500 85 26 3 1
110.917 2 ATTITUDE 0.283444 2.892976 0.093015
110.917 2 INS 9479 7111 -166928656 -1279261 241172 -1678227456 2001 -2576 -9752
110.917 2 SERIAL_COM 402 -10576 99 -8694 0 0 0 14 303 80 76 0 0 0 0 0
110.917 2 ATTITUDE 0.277147 2.903976 0.098593
110.948 2 INS 9320 7137 -166969616 -1310718 199229 -1678447232 6382 -3489 -3291
110.963 2 ATTITUDE 0.278641 2.914589 0.097558
110.996 2 INS 9320 7137 -167010592 -1310718 199229 -1678567168 3860 -5077 -1328
111.022 2 GPS_INT 0 0 0 404516450 -37287685 704128 653893 0 0 0 31 13 294263750 85 26 3 1
111.022 2 ATTITUDE 0.291496 2.927593 0.103811
111.053 2 INS 9320 7137 -167051568 -1310718 199229 -1678774144 -902 -3818 7415
111.054 2 GPS 3 43820405 447814224 1695 653893 252 8 2395 294263750 30 0
111.069 2 ATTITUDE 0.284573 2.942231 0.103902
111.101 2 INS 9320 7137 -167092560 -1310718 199229 -1678915968 -12132 -6941 -2164
111.118 2 ROTORCRAFT_FP 7137 9320 167100752 199229 -1310718 1679001216 1152 402 12061 0 0 0 0 2637 0
111.118 2 ATTITUDE 0.283782 2.94561 0.09871
111.182 2 GVF_PARAMETRIC 5 1 0.12126 -6.,15.398438,4.558594,27.417969,28.609375,49.796875,50.96875,67.96875,0.,0.,0.,0.,0.,0.,0.,0. -0.003596,0.213472
111.183 2 INS 9320 7137 -167133552 -1310718 199229 -1679132672 -5677 -795 -2646
111.183 2 GPS_INT 0 0 0 404516450 -37287685 704128 653893 0 0 0 31 13 294263750 85 26 3 1
111.184 2 DL_VALUE 48 0.1
111.184 2 ATTITUDE 0.280668 2.951261 0.100037
111.207 2 INS 9164 7162 -167174560 -1289747 141557 -1679407488 3027 -3033 -6293
111.208 2 ROVER_STATUS 0 53 3 2 1 403 7.780045
111.223 2 ATTITUDE 0.278923 2.959 0.094101
111.239 2 INS 9164 7162 -167215552 -1289747 146800 -1679573248 4092 -6622 2589
111.271 2 ATTITUDE 0.278354 2.957635 0.093858
111.303 2 INS 9164 7162 -167256560 -1289747 146800 -1679786240 -7491 -2582 -11052
111.304 2 GPS 3 43820414 447814163 1715 653885 247 0 2395 294264000 30 0
111.382 2 GPS_INT 0 0 0 404516395 -37287674 704121 653885 0 0 0 31 12 294264000 85 26 3 1
111.382 2 ATTITUDE 0.283043 2.964896 0.098818
111.383 2 ROTORCRAFT_NAV_STATUS 36 36 0. 0. 5 0 2
111.383 2 IMU_MAG_RAW 255 0 0 0
111.383 2 INS 9164 7162 -167297568 -1289747 146800 -1679934592 2345 -5806 -3405
111.384 2 ROVER_CTRL 2.5 0.039622 2636.003174 1.113017 1400. 600. 1000. -182.22673 55.47023 -37.002563 2.460378 0.
111.384 2 ROTORCRAFT_FP 7162 9164 167305776 146800 -1289747 1680004480 1177 450 12171 0 0 0 0 2636 0
111.385 2 ATTITUDE 0.285539 2.977926 0.109095
111.411 2 INS 9164 7162 -167338608 -1289747 146800 -1680217088 -414 -4582 -10052
111.412 2 SERIAL_COM 403 -2394 -9314 -9165 0 0 0 14 304 80 76 0 0 0 0 0
111.427 2 ATTITUDE 0.275566 2.983493 0.107009
111.443 2 INS 9003 7183 -167379616 -1321204 146800 -1680298368 5251 -3428 -4013
111.470 2 GPS_INT 0 0 0 404516339 -37287664 704107 653871 0 0 0 31 12 294264250 85 26 3 1
111.470 2 ATTITUDE 0.275448 2.986461 0.107377
111.501 2 INS 9003 7183 -167420640 -1321204 146800 -1680556416 9253 -6903 -1584
111.517 2 ATTITUDE 0.273274 2.994237 0.104384
111.571 2 GVF_PARAMETRIC 5 1 0.123331 6.,18.136719,41.308594,44.878906,19.75,29.046875,61.347656,53.699219,0.,0.,0.,0.,0.,0.,0.,0. 0.009231,0.18634
111.571 2 INS 9003 7183 -167461664 -1321204 146800 -1680718464 8072 -5140 -5787
111.571 2 GPS 3 43820422 447814101 1723 653871 253 -13 2395 294264250 30 0
111.602 2 INS 9003 7183 -167502704 -1321204 146800 -1680990208 -628 -5421 -4214
111.628 2 ROTORCRAFT_FP 7183 9003 167510912 146800 -1321204 1681038336 1110 420 12289 0 0 0 0 2581 0
111.629 2 GPS_INT 0 0 0 404516339 -37287664 704107 653871 0 0 0 31 12 294264250 85 26 3 1
111.629 2 ATTITUDE 0.273321 3.006541 0.107995
111.672 2 INS 9003 7183 -167543744 -1321204 146800 -1681186944 -4239 -1540 -738
111.673 2 STATIC_CONTROL 0 0. 0 0. 0. 0. 0. 0. 0. 0. 0. 0. 0.
111.673 2 ATTITUDE 0.268114 3.013164 0.104267
111.689 2 INS 8844 7201 -167584800 -1331690 104857 -1681388288 -3440 -5921 428
111.720 2 ATTITUDE 0.263338 3.015965 0.093202
111.752 2 INS 8844 7201 -167625840 -1331690 104857 -1681631232 -1674 -4918 -1840
111.768 2 GPS_INT 0 0 0 404516283 -37287656 704101 653865 0 0 0 31 12 294264500 88 26 3 1
111.769 2 ATTITUDE 0.267684 3.022908 0.100847
111.821 2 INS 8844 7201 -167666880 -1331690 104857 -1681843840 -2259 -3818 -7020
111.821 2 ENERGY 26 7.8242 1.45 11.34509 5.846384 0.091156 0.712304
111.822 2 GPS 3 43820428 447814039 1738 653865 254 -7 2395 294264500 30 0
111.822 2 STATE_FILTER_STATUS 6 3 0
111.822 2 ATTITUDE 0.258384 3.023515 0.102727
111.837 2 INS 8844 7201 -167707936 -1331690 104857 -1682048640 -2760 -3116 -7733
111.854 2 ROVER_CTRL 2.5 0.008066 2578.93042 1.058844 1400. 600. 1000. -175.403076 11.292315 -56.910515 2.491934 0.
111.868 2 LINK_REPORT 2 -1 112 0 340415 7670 0 2999. 67. 32 124.58
111.879 2 ROTORCRAFT_FP 7201 8844 167716192 104857 -1331690 1682000128 1092 403 12375 0 0 0 0 2578 0
111.880 2 ATTITUDE 0.265319 3.029522 0.092497
111.906 2 INS 8844 7201 -167748992 -1331690 104857 -1682266624 2707 -3508 -8836
111.907 2 SERIAL_COM 403 -5493 -815 -10357 0 0 0 14 304 80 76 0 0 0 0 0
111.933 2 GPS_INT 0 0 0 404516283 -37287656 704101 653865 0 0 0 31 12 294264500 88 26 3 1
111.933 2 ATTITUDE 0.264946 3.036143 0.086345
111.971 2 GVF_PARAMETRIC 5 1 0.125102 0.,0.199,0.199,0.546583,0.546583,0.05,61.347656,53.699219,0.,0.,0.,0.,0.,0.,0.,0. 0.011568,0.221771
111.971 2 INS 8683 7216 -167790064 -1331690 136314 -1682418816 -2597 -8919 -6195
111.971 2 ATTITUDE 0.261996 3.039937 0.090886
112.002 2 INS 8683 7216 -167831136 -1331690 136314 -1682728064 4309 690 -12009
112.018 2 ATTITUDE 0.261926 3.040834 0.085224
112.049 2 WP_MOVED_ENU 9 17400 13747 2974
112.049 2 WP_MOVED_ENU 9 17400 13747 2974
112.050 2 INS 8683 7216 -167872224 -1331690 136314 -1682852608 4933 -10670 -2428
112.050 2 GPS 3 43820433 447813976 1738 653877 255 -9 2395 294264750 30 0
112.076 2 GPS_INT 0 0 0 404516226 -37287649 704113 653877 0 0 0 32 12 294264750 88 26 3 1
112.077 2 ATTITUDE 0.263228 3.041625 0.071203
112.132 2 INS 8683 7216 -167913328 -1331690 136314 -1683041408 -3572 -4537 4299
112.133 2 ROTORCRAFT_FP 7216 8683 167921552 136314 -1331690 1683036928 1117 291 12489 0 0 0 0 2565 0
112.133 2 ATTITUDE 0.277202 3.047299 0.075248
112.133 2 IMU_MAG_RAW 255 0 0 0
112.148 2 INS 8683 7216 -167954432 -1331690 136314 -1683326336 5795 2454 -19995
112.164 2 ATTITUDE 0.284933 3.064109 0.080774
112.196 2 INS 8527 7229 -167995552 -1326447 73400 -1683457920 -4531 -2536 -8081
112.222 2 GPS_INT 0 0 0 404516171 -37287642 704107 653871 0 0 0 32 12 294265000 88 25 3 1
112.223 2 ATTITUDE 0.289247 3.063977 0.070004
112.238 2 INS 8527 7229 -168036656 -1326447 73400 -1683672960 7528 -9217 -4783
112.270 2 ATTITUDE 0.296496 3.066574 0.061635
112.286 2 INS 8527 7229 -168077760 -1326447 73400 -1683774208 5559 -8408 -5588
112.302 2 GPS 3 43820439 447813914 1751 653871 253 0 2395 294265000 30 0
112.318 2 ATTITUDE 0.291337 3.079611 0.071534
112.425 2 GVF_PARAMETRIC 5 1 0.127281 -6.,15.398438,4.558594,27.417969,28.609375,49.796875,50.96875,67.96875,0.,0.,0.,0.,0.,0.,0.,0. 0.017453,0.202918
112.426 2 INS 8527 7229 -168118880 -1326447 73400 -1683973120 7165 -9951 1442
112.426 2 ROVER_CTRL 2.5 -0.019939 2531.413818 0.962457 1400. 600. 1000. -177.276337 -27.914858 -63.514709 2.519939 0.
112.426 2 ROTORCRAFT_FP 7229 8527 168127104 73400 -1326447 1684051456 1165 360 12628 0 0 0 0 2531 0
112.427 2 GPS_INT 0 0 0 404516171 -37287642 704107 653871 0 0 0 32 12 294265000 88 25 3 1
112.427 2 ATTITUDE 0.286692 3.088553 0.091876
112.427 2 INS 8527 7229 -168160000 -1326447 73400 -1684230272 -2795 -3853 -18223
112.428 2 SERIAL_COM 404 -197 2455 -20344 0 0 0 14 305 80 76 0 0 0 0 0
112.428 2 ATTITUDE 0.291908 3.083974 0.093236
112.453 2 INS 8363 7237 -168201120 -1357904 20971 -1684299648 -10644 -3871 -1891
112.453 2 GPS_SOL 32 12 88 26
112.469 2 ATTITUDE 0.284813 3.079237 0.095225
112.485 2 INS 8363 7237 -168242256 -1357904 20971 -1684578688 1129 -5618 -5113
112.517 2 GPS_INT 0 0 0 404516114 -37287639 704133 653897 0 0 0 32 12 294265250 88 26 3 1
112.518 2 ATTITUDE 0.283645 3.080142 0.091624
112.559 2 INS 8363 7237 -168283376 -1357904 20971 -1684789888 5673 -9507 -8286
112.559 2 GPS 3 43820441 447813851 1770 653897 258 1 2395 294265250 30 0
112.560 2 ATTITUDE 0.279638 3.093184 0.093723
112.591 2 INS 8363 7237 -168324496 -1357904 20971 -1685061504 -4646 114 -29201
112.621 2 ROTORCRAFT_FP 7237 8363 168332720 20971 -1357904 1685049600 1165 361 12679 0 0 0 0 2540 0
112.621 2 ATTITUDE 0.278167 3.096358 0.087418
112.637 2 INS 8363 7237 -168365648 -1357904 20971 -1685202176 -1558 332 -12755
112.699 2 STATIC_CONTROL 0 0. 0 0. 0. 0. 0. 0. 0. 0. 0. 0. 0.
112.700 2 GPS_INT 0 0 0 404516114 -37287639 704133 653897 0 0 0 32 12 294265250 88 26 3 1
112.700 2 AUTOPILOT_VERSION 60200 v6.2_unstable-650-g74eaf7c20-dirty
112.701 2 ATTITUDE 0.2777 3.104449 0.091039
112.701 2 INS 8204 7234 -168406784 -1310718 -41943 -1685390720 654 -2593 -16140
112.701 2 ROVER_STATUS 0 57 3 2 1 404 7.780045
112.715 2 ATTITUDE 0.283023 3.106194 0.098719
112.768 2 GVF_PARAMETRIC 5 1 0.129293 6.,18.136719,41.308594,44.878906,19.75,29.046875,61.347656,53.699219,0.,0.,0.,0.,0.,0.,0.,0. 0.014623,0.167142
112.769 2 INS 8204 7234 -168447920 -1310718 -41943 -1685497984 -4847 -7807 763
112.769 2 DL_VALUE 49 0.05
112.770 2 ATTITUDE 0.290392 3.100702 0.08944
112.800 2 INS 8204 7234 -168489072 -1310718 -41943 -1685718912 13196 -3554 -15387
112.800 2 GPS 3 43820439 447813789 1793 653899 249 -4 2395 294265500 30 0
112.826 2 GPS_INT 0 0 0 404516058 -37287640 704135 653899 0 0 0 32 11 294265500 88 26 3 1
112.827 2 ATTITUDE 0.297173 3.101729 0.08578
112.869 2 LINK_REPORT 2 -1 113 0 343467 7738 0 3052. 68. 32 124.58
112.879 2 INS 8204 7234 -168530240 -1310718 -41943 -1685949440 10791 -9075 -9743
112.880 2 ROVER_CTRL 2.5 -0.033928 2557.434814 -0.121166 1400. 600. 1000. -186.11377 -47.499752 -9.155273 2.533928 0.
112.880 2 ROTORCRAFT_FP 7234 8204 168538464 -41943 -1310718 1685985024 1209 311 12729 0 0 0 0 2557 0
112.880 2 ATTITUDE 0.297304 3.109525 0.076463
112.905 2 INS 8204 7234 -168571408 -1310718 -41943 -1686052864 13554 -6624 -3571
112.905 2 SERIAL_COM 404 -5656 7561 -5657 0 0 0 14 305 80 76 0 0 0 0 0
112.906 2 ATTITUDE 0.307967 3.119912 0.084324
112.921 2 ROTORCRAFT_NAV_STATUS 37 37 0. 0. 5 0 2
112.921 2 IMU_MAG_RAW 255 0 0 0
112.937 2 INS 8048 7234 -168612592 -1305475 0 -1686274048 4267 -8459 -1825
112.977 2 GPS_INT 0 0 0 404516003 -37287640 704137 653901 0 0 0 32 12 294265750 88 26 3 1
112.978 2 INS_REF 485058561 -31614701 411670235 404513171 -37290972 700771 650535 0.
112.978 2 ATTITUDE 0.308945 3.129842 0.093083
112.993 2 INS 8048 7234 -168653760 -1305475 0 -1686480000 -4659 -4848 -5999
113.009 2 ATTITUDE 0.302026 3.130729 0.083413
113.052 2 INS 8048 7234 -168694928 -1305475 0 -1686732800 4069 -1794 -5754
113.052 2 GPS 3 43820439 447813728 1796 653901 249 -5 2395 294265750 30 0
113.068 2 ATTITUDE 0.301359 3.128189 0.081963
113.084 2 INS 8048 7234 -168736128 -1305475 0 -1686923648 2250 -5785 1538
113.126 2 ROTORCRAFT_FP 7234 8048 168744368 0 -1305475 1686945408 1213 352 12799 0 0 0 0 2585 0
113.127 2 GPS_INT 0 0 0 404516003 -37287640 704137 653901 0 0 0 32 12 294265750 88 26 3 1
113.127 2 ATTITUDE 0.30516 3.128842 0.088056
113.163 2 GVF_PARAMETRIC 5 1 0.131275 0.,0.199,0.199,0.546583,0.546583,0.05,61.347656,53.699219,0.,0.,0.,0.,0.,0.,0.,0. 0.007502,0.214312
113.164 2 INS 8048 7234 -168777296 -1305475 0 -1687109376 -2395 -5662 -1609
113.164 2 ATTITUDE 0.301884 3.124647 0.08438
113.195 2 INS 8048 7234 -168818480 -1305475 0 -1687311488 -5709 -8357 -5608
113.211 2 ATTITUDE 0.305062 3.124537 0.087973
113.268 2 INS 7887 7234 -168859680 -1352661 -57671 -1687541504 -243 -5087 -4930
113.268 2 GPS_INT 0 0 0 404515946 -37287641 704099 653863 0 0 0 32 12 294266000 88 26 3 1
113.269 2 ATTITUDE 0.294945 3.129092 0.089911
113.284 2 INS 7887 7234 -168900896 -1352661 -57671 -1687654912 -509 -6315 9567
113.300 2 GPS 3 43820437 447813665 1810 653863 257 -12 2395 294266000 30 0
113.316 2 ATTITUDE 0.295675 3.131699 0.08481
113.316 2 WP_MOVED_ENU 10 12180 6215 2974
113.375 2 WP_MOVED_ENU 10 12180 6215 2974
113.375 2 INS 7887 7234 -168942128 -1352661 -57671 -1687920640 -1218 -8108 -3880
113.375 2 ROVER_CTRL 2.5 -0.037254 2498.971924 -0.617338 1400. 600. 1000. -195.85762 -52.155067 -53.238869 2.537254 0.
113.376 2 ROTORCRAFT_FP 7234 7887 168950320 -57671 -1352661 1687949952 1203 352 12813 0 0 0 0 2498 0
113.376 2 ATTITUDE 0.296841 3.127985 0.081583
113.428 2 INS 7887 7234 -168983296 -1352661 -57671 -1688105728 1150 -1667 -7167
113.428 2 SERIAL_COM 405 -6535 -11622 -7069 0 0 0 14 306 80 76 0 0 0 0 0
113.429 2 GPS_INT 0 0 0 404515946 -37287641 704099 653863 0 0 0 32 12 294266000 88 26 3 1
113.430 2 ALIVE 122,195,7,233,5,247,195,75,60,187,26,129,128,90,246,93
113.430 2 ATTITUDE 0.297288 3.1116 0.071809
113.444 2 INS 7718 7229 -169024496 -1405090 -47185 -1688268544 -4916 -4190 -8460
113.460 2 ATTITUDE 0.291673 3.112879 0.078071
113.492 2 INS 7718 7229 -169065712 -1405090 -47185 -1688520192 -2252 -6784 -8633
113.508 2 ATTITUDE 0.292128 3.108492 0.074786
113.595 2 GVF_PARAMETRIC 5 1 0.133658 -6.,15.398438,4.558594,27.417969,28.609375,49.796875,50.96875,67.96875,0.,0.,0.,0.,0.,0.,0.,0. -0.003908,0.189213
113.595 2 INS 7718 7229 -169107008 -1405090 -47185 -1688691840 693 -10072 -17429
113.596 2 GPS 3 43820435 447813599 1813 653867 268 -7 2395 294266250 30 0
113.596 2 GPS_INT 0 0 0 404515887 -37287643 704103 653867 0 0 0 32 12 294266250 88 27 3 1
113.596 2 ATTITUDE 0.296152 3.102577 0.062582
113.596 2 INS 7718 7229 -169148176 -1405090 -47185 -1688919552 -6348 -6181 -12868
113.611 2 ROTORCRAFT_FP 7229 7718 169156432 -47185 -1405090 1688979584 1211 267 12729 0 0 0 0 2448 0
113.612 2 ATTITUDE 0.293126 3.105341 0.062072
113.659 2 STATIC_CONTROL 0 0. 0 0. 0. 0. 0. 0. 0. 0. 0. 0. 0.
113.659 2 ATTITUDE 0.296894 3.104583 0.066927
113.691 2 INS 7554 7229 -169230672 -1352661 5242 -1689270144 6576 -9011 -7734
113.718 2 GPS_INT 0 0 0 404515829 -37287643 704116 653880 0 0 0 32 12 294266500 88 27 3 1
113.719 2 ATTITUDE 0.298295 3.106152 0.071365
113.719 2 IMU_MAG_RAW 255 0 0 0
113.734 2 INS 7554 7229 -169271936 -1352661 5242 -1689545344 2360 -10740 -26234
113.766 2 ATTITUDE 0.295193 3.105354 0.068577
113.782 2 INS 7554 7229 -169313184 -1352661 5242 -1689677696 3483 -4738 -17536
113.798 2 GPS 3 43820435 447813535 1804 653880 257 0 2395 294266500 30 0
113.814 2 ATTITUDE 0.291201 3.101416 0.072247
113.870 2 LINK_REPORT 2 -1 114 0 346428 7805 0 2961. 67. 32 124.58
113.905 2 INS 7554 7229 -169354448 -1352661 5242 -1689907200 10642 -3976 -11605
113.905 2 ROVER_CTRL 2.5 -0.061325 2486.719238 -0.85323 1400. 600. 1000. -211.700027 -85.855438 -16.093254 2.561325 0.
113.905 2 ROTORCRAFT_FP 7229 7554 169362704 5242 -1352661 1689932160 1202 289 12709 0 0 0 0 2486 0
113.906 2 GPS_INT 0 0 0 404515829 -37287643 704116 653880 0 0 0 32 12 294266500 88 27 3 1
113.906 2 ATTITUDE 0.288954 3.095934 0.071072
113.907 2 INS 7554 7229 -169395728 -1352661 5242 -1690031360 11299 -5939 -5010
113.907 2 SERIAL_COM 405 -8399 -10885 -10348 0 0 0 14 306 80 76 0 0 0 0 0
113.907 2 ATTITUDE 0.291141 3.100295 0.072518
113.959 2 GVF_PARAMETRIC 5 1 0.135857 6.,18.136719,41.308594,44.878906,19.75,29.046875,61.347656,53.699219,0.,0.,0.,0.,0.,0.,0.,0. -0.017633,0.230008
113.960 2 INS 7393 7239 -169436992 -1310718 62914 -1690238720 1383 -6679 -3921
113.960 2 ATTITUDE 0.285191 3.102149 0.066626
113.974 2 DATALINK_REPORT 3 96 27859 3077 0 5
113.991 2 INS 7393 7239 -169478256 -1310718 62914 -1690454912 -4002 -5859 -1779
114.017 2 GPS_INT 0 0 0 404515772 -37287638 704102 653866 0 0 0 32 12 294266750 88 27 3 1
114.017 2 ATTITUDE 0.297405 3.104273 0.07203
114.033 2 INS 7393 7239 -169519520 -1310718 62914 -1690649216 633 -1509 -2861
114.048 2 GPS 3 43820438 447813472 1786 653866 251 -4 2395 294266750 30 0
114.064 2 ATTITUDE 0.300471 3.103522 0.091343
114.097 2 INS 7393 7239 -169560800 -1310718 62914 -1690807680 -2546 -4707 -2120
114.113 2 ROTORCRAFT_FP 7239 7393 169569104 62914 -1310718 1690829056 1200 387 12709 0 0 0 0 2524 0
114.114 2 ATTITUDE 0.29083 3.102927 0.090599
114.167 2 INS 7393 7239 -169602112 -1310718 62914 -1690961280 -1093 -9938 1819
114.168 2 GPS_INT 0 0 0 404515772 -37287638 704102 653866 0 0 0 32 12 294266750 88 27 3 1
114.168 2 ATTITUDE 0.28959 3.104627 0.097681
114.197 2 INS 7232 7252 -169643408 -1363147 68157 -1691180928 -7891 -3742 -15918
114.198 2 ROVER_STATUS 0 58 3 2 1 406 7.8242
114.213 2 ATTITUDE 0.294937 3.090436 0.105853
114.246 2 INS 7232 7252 -169684688 -1357904 73400 -1691360256 -8019 -1584 -5727
114.261 2 ATTITUDE 0.291387 3.087418 0.104754
114.293 2 INS 7232 7252 -169725984 -1357904 73400 -1691617792 8803 -10180 -13364
114.294 2 GPS 3 43820443 447813408 1776 653863 260 -6 2395 294267000 30 0
114.320 2 GPS_INT 0 0 0 404515715 -37287632 704099 653863 0 0 0 32 12 294267000 88 27 3 1
114.320 2 ATTITUDE 0.284451 3.082972 0.092419
114.416 2 GVF_PARAMETRIC 5 1 0.138675 0.,0.199,0.199,0.546583,0.546583,0.05,61.347656,53.699219,0.,0.,0.,0.,0.,0.,0.,0. -0.02983,0.213315
114.417 2 INS 7232 7252 -169767280 -1357904 73400 -1691716224 282 -10321 -6671
114.417 2 ROVER_CTRL 2.5 -0.060216 2456.760254 -1.091335 1400. 600. 1000. -229.352966 -84.302666 -29.945374 2.560216 0.
114.417 2 ROTORCRAFT_FP 7252 7232 169775536 73400 -1357904 1691810560 1184 390 12637 0 0 0 0 2456 0
114.418 2 DL_VALUE 50 1.
114.418 2 ATTITUDE 0.288158 3.077819 0.093026
114.418 2 INS 7232 7252 -169808592 -1357904 73400 -1692001152 5010 -7860 -15464
114.418 2 SERIAL_COM 406 -10321 282 -6671 0 0 0 14 307 80 76 0 0 0 0 0
114.419 2 ATTITUDE 0.294312 3.082054 0.10016
114.431 2 INS 7063 7265 -169849920 -1352661 57671 -1692208384 4557 -10005 -28422
114.447 2 GPS_SOL 32 12 88 27
114.464 2 GPS_INT 0 0 0 404515656 -37287627 704130 653894 0 0 0 32 12 294267250 88 27 3 1
114.464 2 ATTITUDE 0.285051 3.083112 0.095615
114.480 2 INS 7063 7265 -169891216 -1352661 57671 -1692350848 4917 -6627 -13504
114.511 2 ATTITUDE 0.285931 3.079007 0.090343
114.542 2 ROTORCRAFT_NAV_STATUS 39 39 0. 0. 5 0 2
114.543 2 IMU_MAG_RAW 255 0 0 0
114.543 2 INS 7063 7265 -169932544 -1352661 57671 -1692537472 10073 -6393 -9358
114.543 2 GPS 3 43820447 447813343 1775 653894 258 -4 2395 294267250 30 0
114.558 2 ATTITUDE 0.293282 3.080374 0.097087
114.590 2 INS 7063 7265 -169973872 -1352661 57671 -1692775552 27 -5715 -12444
114.660 2 ROTORCRAFT_FP 7265 7063 169982128 57671 -1352661 1692835712 1174 358 12616 0 0 0 0 2479 0
114.660 2 GPS_INT 0 0 0 404515656 -37287627 704130 653894 0 0 0 32 12 294267250 88 27 3 1
114.661 2 ATTITUDE 0.289053 3.080663 0.088186
114.661 2 WP_MOVED_ENU 11 2337 14133 2974
114.661 2 WP_MOVED_ENU 11 2337 14133 2974
114.661 2 INS 7063 7265 -170015184 -1352661 57671 -1692948608 707 -6598 -804
114.662 2 STATIC_CONTROL 0 0. 0 0. 0. 0. 0. 0. 0. 0. 0. 0. 0.
114.662 2 ATTITUDE 0.285636 3.073249 0.07777
114.691 2 INS 6901 7275 -170056528 -1300233 68157 -1693150720 4319 -4737 354
114.707 2 ATTITUDE 0.291893 3.065494 0.085363
114.773 2 GVF_PARAMETRIC 5 1 0.14167 -6.,15.398438,4.558594,27.417969,28.609375,49.796875,50.96875,67.96875,0.,0.,0.,0.,0.,0.,0.,0. -0.050546,0.185703
114.774 2 INS 6901 7275 -170097856 -1300233 68157 -1693353216 -4401 -3555 -3942
114.778 2 GPS_INT 0 0 0 404515600 -37287621 704150 653914 0 0 0 32 12 294267500 91 27 3 1
114.779 2 ATTITUDE 0.283159 3.062878 0.078278
114.799 2 INS 6901 7275 -170139216 -1300233 68157 -1693514752 -1390 -5145 912
114.800 2 GPS 3 43820451 447813281 1770 653914 247 1 2395 294267500 30 0
114.814 2 ATTITUDE 0.290534 3.059016 0.079569
114.830 2 INS 6901 7275 -170180576 -1300233 68157 -1693755136 505 -3914 -9397
114.871 2 LINK_REPORT 2 -1 115 0 349639 7877 0 3211. 72. 32 124.58
114.872 2 ROVER_CTRL 2.5 -0.059615 2478.126221 -2.52121 1400. 600. 1000. -247.710556 -83.461525 8.940697 2.559615 0.
114.873 2 ROTORCRAFT_FP 7275 6901 170188896 68157 -1300233 1693738240 1196 329 12479 0 0 0 0 2478 0
114.873 2 ATTITUDE 0.291962 3.047682 0.08513
114.900 2 INS 6901 7275 -170221920 -1300233 68157 -1693905664 -5346 -1548 -5760
114.901 2 SERIAL_COM 406 -9824 2399 -1100 0 0 0 14 307 80 76 0 0 0 0 0
114.916 2 GPS_INT 0 0 0 404515600 -37287621 704150 653914 0 0 0 32 12 294267500 91 27 3 1
114.917 2 ATTITUDE 0.284924 3.036755 0.091157
114.932 2 INS 6740 7296 -170263264 -1326447 125829 -1694086400 470 -6478 -3502
114.964 2 ATTITUDE 0.284965 3.028412 0.094085
114.980 2 INS 6740 7296 -170304624 -1326447 125829 -1694245760 -1719 -6917 -5500
114.996 2 STATE_FILTER_STATUS 6 3 0
115.012 2 ATTITUDE 0.282187 3.019313 0.10002
115.028 2 INS 6740 7296 -170345984 -1326447 125829 -1694442240 4936 -6122 -14104
115.044 2 GPS 3 43820458 447813217 1756 653937 254 -6 2395 294267750 30 0
115.070 2 GPS_INT 0 0 0 404515543 -37287612 704173 653937 0 0 0 32 12 294267750 91 26 3 1
115.071 2 ATTITUDE 0.275361 3.007232 0.106584
115.086 2 INS 6740 7296 -170387360 -1326447 125829 -1694655744 -4838 -5826 -15020
115.113 2 ROTORCRAFT_FP 7296 6740 170395648 125829 -1326447 1694744064 1107 418 12284 0 0 0 0 2428 0
115.113 2 ATTITUDE 0.27614 2.99361 0.104059
115.154 2 GVF_PARAMETRIC 5 1 0.145061 6.,18.136719,41.308594,44.878906,19.75,29.046875,61.347656,53.699219,0.,0.,0.,0.,0.,0.,0.,0. -0.091452,0.22908
115.155 2 INS 6740 7296 -170428752 -1326447 125829 -1694857856 1919 -7377 -16412
115.155 2 ATTITUDE 0.271519 2.97843 0.110284
115.186 2 INS 6740 7296 -170470128 -1326447 125829 -1695018496 17189 -9841 -9342
115.218 2 GPS_INT 0 0 0 404515485 -37287598 704202 653966 0 0 0 32 12 294268000 88 27 3 1
115.219 2 ATTITUDE 0.278625 2.967362 0.116273
115.234 2 INS 6576 7326 -170511504 -1336933 235929 -1695234432 1131 -9168 -47
115.250 2 ATTITUDE 0.271475 2.9499 0.110533
115.295 2 INS 6576 7326 -170552912 -1336933 235929 -1695393536 -982 -7342 -10800
115.295 2 GPS 3 43820470 447813153 1723 653966 259 1 2395 294268000 30 0
115.311 2 ATTITUDE 0.269282 2.934339 0.110745
115.311 2 IMU_MAG_RAW 255 0 0 0
115.402 2 INS 6576 7326 -170594304 -1336933 235929 -1695555840 163 -3653 -6806
115.402 2 PONG 
115.402 2 ROVER_CTRL 2.5 -0.066924 2436.359863 -3.569346 1400. 600. 1000. -266.819946 -93.693069 -3.528595 2.566924 0.
115.403 2 ROTORCRAFT_FP 7326 6576 170602576 235929 -1336933 1695628288 1104 466 11982 0 0 0 0 2436 0
115.403 2 GPS_INT 0 0 0 404515485 -37287598 704202 653966 0 0 0 32 12 294268000 88 27 3 1
115.404 2 ATTITUDE 0.275094 2.923658 0.122155
115.404 2 INS 6576 7326 -170635696 -1336933 235929 -1695806720 4940 -8914 -14888
115.404 2 SERIAL_COM 407 -6587 3809 -14013 0 0 0 14 308 80 76 0 0 0 0 0
115.404 2 ATTITUDE 0.260112 2.908544 0.135236
115.434 2 INS 6417 7372 -170677120 -1268775 382729 -1695910912 -3110 -6619 -5081
115.450 2 ATTITUDE 0.26257 2.891988 0.142268
115.482 2 INS 6417 7372 -170718512 -1268775 382729 -1696077696 -5813 -6299 -14724
115.509 2 GPS_INT 0 0 0 404515429 -37287577 704209 653973 0 0 0 31 12 294268250 88 25 3 1
115.573 2 GVF_PARAMETRIC 5 1 0.149093 0.,0.199,0.199,0.546583,0.546583,0.05,61.347656,53.699219,0.,0.,0.,0.,0.,0.,0.,0. -0.132676,0.191602
115.574 2 INS 6417 7372 -170759904 -1268775 382729 -1696235264 -2404 -8314 -1337
115.574 2 GPS 3 43820487 447813090 1674 653973 253 -9 2395 294268250 30 0
115.575 2 ATTITUDE 0.260519 2.857232 0.163902
115.589 2 INS 6417 7372 -170801312 -1268775 382729 -1696435584 -2552 -9922 -12655
115.605 2 ROTORCRAFT_FP 7372 6417 170809584 382729 -1268775 1696468736 1020 672 11657 0 0 0 0 2527 0
115.606 2 ATTITUDE 0.252779 2.838997 0.164518
115.674 2 INS 6417 7372 -170842736 -1268775 382729 -1696610816 771 -9787 7776
115.675 2 STATIC_CONTROL 0 0. 0 0. 0. 0. 0. 0. 0. 0. 0. 0. 0.
115.675 2 GPS_INT 0 0 0 404515429 -37287577 704209 653973 0 0 0 31 12 294268250 88 25 3 1
115.676 2 ATTITUDE 0.257652 2.814576 0.173003
115.690 2 INS 6266 7434 -170884176 -1216347 482344 -1696835584 -1551 -12638 1702
115.690 2 ROVER_STATUS 0 55 3 2 1 407 7.850692
115.706 2 ATTITUDE 0.248904 2.798177 0.17999
115.738 2 INS 6266 7434 -170925616 -1216347 482344 -1697015808 -1528 -6988 832
115.754 2 ATTITUDE 0.231483 2.771133 0.180603
115.796 2 INS 6266 7434 -170967040 -1216347 482344 -1697238016 6625 -14970 -3846
115.797 2 GPS 3 43820510 447813031 1625 654009 250 6 2395 294268500 30 0
115.812 2 GPS_INT 0 0 0 404515376 -37287549 704245 654009 0 0 0 31 13 294268500 88 26 3 1
115.813 2 ATTITUDE 0.226002 2.749982 0.188328
115.828 2 INS 6266 7434 -171008480 -1216347 482344 -1697428736 9820 -5749 -21727
115.870 2 ROVER_CTRL 2.5 -0.040259 2503.312744 -4.641777 1400. 600. 1000. -282.695007 -56.362438 42.128563 2.540259 0.
115.871 2 ROTORCRAFT_FP 7434 6266 171016768 482344 -1216347 1697468160 930 771 11225 0 0 0 0 2503 0
115.871 2 ATTITUDE 0.224107 2.728329 0.197249
115.871 2 LINK_REPORT 2 -1 116 0 352724 7945 0 3085. 68. 33 96.54
115.896 2 INS 6266 7434 -171049920 -1216347 482344 -1697674368 2548 -1299 -23738
115.896 2 SERIAL_COM 407 -11567 10435 -5972 0 0 0 14 308 80 76 0 0 0 0 0
115.912 2 ATTITUDE 0.210381 2.704186 0.19699
115.912 2 WP_MOVED_ENU 12 760 1031 2560
115.928 2 WP_MOVED_ENU 12 760 1031 2560
115.987 2 GVF_PARAMETRIC 5 1 0.153033 -6.,15.398438,4.558594,27.417969,28.609375,49.796875,50.96875,67.96875,0.,0.,0.,0.,0.,0.,0.,0. -0.202383,0.192202
115.988 2 INS 6120 7508 -171091456 -1153432 613416 -1697777152 8320 -8313 -7795
115.989 2 GPS_INT 0 0 0 404515325 -37287514 704278 654042 0 0 0 31 13 294268750 85 27 3 1
115.989 2 DL_VALUE 51 0.5
115.989 2 ATTITUDE 0.2171 2.680551 0.200378
115.989 2 INS 6120 7508 -171132832 -1153432 613416 -1698008320 1069 -4690 -13071
116.003 2 ATTITUDE 0.207911 2.651129 0.209784
116.049 2 INS 6120 7508 -171174272 -1153432 613416 -1698135296 2081 -375 -5855
116.049 2 GPS 3 43820539 447812975 1567 654042 249 1 2395 294268750 30 0
116.050 2 ATTITUDE 0.190809 2.615307 0.211408
116.081 2 INS 6120 7508 -171215728 -1153432 613416 -1698327936 -10059 -15186 3269
116.140 2 ROTORCRAFT_FP 7508 6120 171224032 613416 -1153432 1698306688 772 862 10651 0 0 0 0 2466 0
116.141 2 GPS_INT 0 0 0 404515325 -37287514 704278 654042 0 0 0 31 13 294268750 85 27 3 1
116.141 2 ALIVE 122,195,7,233,5,247,195,75,60,187,26,129,128,90,246,93
116.142 2 ATTITUDE 0.195571 2.593225 0.212018
116.142 2 ROTORCRAFT_NAV_STATUS 41 41 0. 0. 5 0 2
116.142 2 IMU_MAG_RAW 255 0 0 0
116.143 2 INS 6120 7508 -171257248 -1153432 613416 -1698472832 -2679 -7649 -8828
116.156 2 ATTITUDE 0.179081 2.564682 0.227932
116.188 2 INS 5990 7600 -171298672 -1001389 775945 -1698687232 -4734 -8307 -946
116.204 2 ATTITUDE 0.179726 2.529086 0.231938
116.236 2 INS 5990 7600 -171340144 -1011874 781188 -1698892416 -5348 -9377 -3314
116.262 2 GPS_INT 0 0 0 404515279 -37287471 704284 654048 0 0 0 31 14 294269000 85 26 3 1
116.263 2 ATTITUDE 0.160134 2.496468 0.234012
116.303 2 INS 5990 7600 -171381632 -1011874 781188 -1699089408 -861 -8908 -1386
116.303 2 ENERGY 26 7.833031 1.375 10.770417 5.895658 0.092844 0.725558
116.304 2 GPS 3 43820576 447812923 1495 654048 243 -3 2395 294269000 30 0
116.304 2 ATTITUDE 0.159894 2.465988 0.246674
116.388 2 GVF_PARAMETRIC 5 1 0.156709 6.,18.136719,41.308594,44.878906,19.75,29.046875,61.347656,53.699219,0.,0.,0.,0.,0.,0.,0.,0. -0.240376,0.108877
116.389 2 INS 5990 7600 -171423088 -1011874 781188 -1699228160 -6768 -9823 5123
116.389 2 ROVER_CTRL 2.5 -0.023343 2552.249756 -5.333783 1400. 600. 1000. -292.982635 -32.679653 77.772141 2.523343 0.
116.389 2 ROTORCRAFT_FP 7600 5990 171431376 781188 -1011874 1699287936 634 1032 10044 0 0 0 0 2552 0
116.390 2 ATTITUDE 0.145341 2.442449 0.25236
116.390 2 INS 5990 7600 -171464592 -1011874 781188 -1699480448 -372 -3659 -17381
116.390 2 SERIAL_COM 408 -7086 1253 -10712 0 0 0 14 309 80 76 0 0 0 0 0
116.414 2 GPS_INT 0 0 0 404515279 -37287471 704284 654048 0 0 0 31 14 294269000 85 26 3 1
116.415 2 ATTITUDE 0.133025 2.413416 0.253833
116.442 2 INS 5870 7720 -171506096 -907017 964689 -1699589760 -2341 -12654 598
116.442 2 GPS_SOL 31 13 85 26
116.458 2 ATTITUDE 0.13243 2.379395 0.254238
116.490 2 INS 5870 7720 -171547584 -907017 964689 -1699881856 7292 -16101 -17759
116.506 2 ATTITUDE 0.122654 2.346617 0.255892
116.538 2 INS 5870 7720 -171589088 -907017 964689 -1699960576 -6980 817 -5872
116.538 2 GPS 3 43820621 447812875 1408 654089 253 13 2395 294269250 30 0
116.564 2 GPS_INT 0 0 0 404515236 -37287417 704325 654089 0 0 0 31 13 294269250 85 26 3 1
116.564 2 ATTITUDE 0.113241 2.319909 0.259865
116.580 2 INS 5870 7720 -171630592 -907017 964689 -1700191744 609 -5914 -5436
116.606 2 ROTORCRAFT_FP 7720 5870 171638880 964689 -907017 1700232832 454 1072 9416 0 0 0 0 2515 0
116.606 2 ATTITUDE 0.106215 2.285265 0.257013
116.652 2 INS 5870 7720 -171672080 -907017 964689 -1700348672 1453 -6953 -10420
116.653 2 STATIC_CONTROL 0 0. 0 0. 0. 0. 0. 0. 0. 0. 0. 0. 0.
116.653 2 ATTITUDE 0.095249 2.260314 0.269463
116.684 2 INS 5770 7854 -171713600 -671088 1069546 -1700493952 -5963 -7208 -3337
116.710 2 GPS_INT 0 0 0 404515201 -37287355 704365 654129 0 0 0 31 12 294269500 85 27 3 1
116.710 2 ATTITUDE 0.086851 2.224899 0.283371
116.751 2 GVF_PARAMETRIC 5 1 0.159567 0.,0.199,0.199,0.546583,0.546583,0.05,61.347656,53.699219,0.,0.,0.,0.,0.,0.,0.,0. -0.231015,0.023318
116.752 2 INS 5770 7854 -171755152 -671088 1069546 -1700731904 -606 -3495 -12327
116.752 2 ATTITUDE 0.07551 2.182682 0.288795
116.793 2 INS 5770 7854 -171796640 -671088 1069546 -1700857856 -9607 -9999 3784
116.793 2 GPS 3 43820673 447812836 1312 654129 241 10 2395 294269500 30 0
116.809 2 ATTITUDE 0.07211 2.145211 0.286894
116.825 2 INS 5770 7854 -171838144 -671088 1069546 -1701082752 -5573 -5338 -4266
116.872 2 LINK_REPORT 2 -1 117 0 355679 8012 0 2955. 67. 33 96.54
116.899 2 ROVER_CTRL 2.5 -0.003972 2535.39917 -5.041082 1400. 600. 1000. -296.614746 -5.560875 37.550926 2.503972 0.
116.899 2 ROTORCRAFT_FP 7854 5770 171846448 1069546 -671088 1701103616 259 1187 8726 0 0 0 0 2535 0
116.900 2 GPS_INT 0 0 0 404515201 -37287355 704365 654129 0 0 0 31 12 294269500 85 27 3 1
116.900 2 ATTITUDE 0.057033 2.114472 0.293431
116.900 2 INS 5770 7854 -171879680 -671088 1069546 -1701288192 -7789 -6712 -2408
116.901 2 SERIAL_COM 408 -3495 -606 -12327 0 0 0 14 309 80 76 0 0 0 0 0
116.901 2 ATTITUDE 0.035886 2.085288 0.292251
116.915 2 IMU_MAG_RAW 255 0 0 0
116.931 2 INS 5698 7997 -171921232 -435158 1106246 -1701514496 -5059 -11336 -10083
116.947 2 ATTITUDE 0.040513 2.052079 0.281305
116.979 2 INS 5698 7997 -171962784 -440401 1111489 -1701772672 3793 -9268 -25208
117.005 2 GPS_INT 0 0 0 404515176 -37287289 704379 654144 0 0 0 31 12 294269750 85 27 3 1
117.005 2 ATTITUDE 0.014878 2.019531 0.285853
117.037 2 INS 5698 7997 -172004336 -440401 1111489 -1701759616 1998 -13852 -1764
117.037 2 GPS 3 43820729 447812808 1220 654144 228 9 2395 294269750 30 0
117.052 2 ATTITUDE 0.008344 1.990479 0.293725
117.084 2 INS 5698 7997 -172045904 -440401 1111489 -1702096896 838 -13059 -4660
117.111 2 ROTORCRAFT_FP 7997 5698 172054224 1111489 -440401 1702161664 -32 1173 8078 0 0 0 0 2666 0
117.112 2 ATTITUDE -0.00299 1.964404 0.293864
117.162 2 GVF_PARAMETRIC 5 1 0.161778 -6.,15.398438,4.558594,27.417969,28.609375,49.796875,50.96875,67.96875,0.,0.,0.,0.,0.,0.,0.,0. -0.257137,-0.016041
117.163 2 INS 5698 7997 -172087440 -440401 1111489 -1702173952 3367 -556 1457
117.163 2 GPS_INT 0 0 0 404515176 -37287289 704379 654144 0 0 0 31 12 294269750 85 27 3 1
117.164 2 ATTITUDE -0.00348 1.93622 0.297512
117.190 2 INS 5698 7997 -172129008 -440401 1111489 -1702546048 -2569 2300 -12431
117.190 2 ROVER_STATUS 0 43 3 2 1 409 7.762383
117.206 2 ATTITUDE -0.023936 1.912964 0.288817
117.206 2 WP_MOVED_ENU 13 775 -1018 2560
117.221 2 WP_MOVED_ENU 13 775 -1018 2560
117.237 2 INS 5655 8148 -172170592 -209715 1195375 -1702680576 836 -16205 -9451
117.253 2 ATTITUDE -0.030538 1.888786 0.277829
117.286 2 INS 5655 8148 -172212160 -209715 1195375 -1702893824 -106 -13555 -8928
117.286 2 GPS 3 43820788 447812789 1112 654183 232 7 2395 294270000 30 0
117.312 2 GPS_INT 0 0 0 404515160 -37287219 704419 654183 0 0 0 31 11 294270000 85 26 3 1
117.313 2 ATTITUDE -0.026872 1.873501 0.284726
117.368 2 INS 5655 8148 -172253728 -209715 1195375 -1703082112 -363 -8446 -6707
117.368 2 ROVER_CTRL 2.5 0.056557 2727.039307 -3.654724 1400. 600. 1000. -289.106079 79.179382 137.305267 2.443443 0.
117.368 2 ROTORCRAFT_FP 8148 5655 172262080 1195375 -209715 1703111040 -127 1211 7604 0 0 0 0 2727 0
117.369 2 ATTITUDE -0.035431 1.845989 0.292288
117.394 2 INS 5655 8148 -172295296 -209715 1195375 -1703245568 -987 -6621 -5380
117.394 2 SERIAL_COM 409 -6628 2974 -15162 0 0 0 14 310 80 76 0 0 0 0 0
117.394 2 ATTITUDE -0.047936 1.830558 0.281323
117.426 2 INS 5629 8314 -172336880 -68157 1263532 -1703417344 4422 -4847 -3696
117.454 2 GPS_INT 0 0 0 404515152 -37287144 704395 654159 0 0 0 31 11 294270250 85 27 3 1
117.454 2 ATTITUDE -0.056666 1.810622 0.27551
117.485 2 INS 5629 8314 -172378464 -68157 1263532 -1703610112 -4195 -2889 3500
117.501 2 ATTITUDE -0.059666 1.795815 0.286853
117.566 2 GVF_PARAMETRIC 5 1 0.163908 6.,18.136719,41.308594,44.878906,19.75,29.046875,61.347656,53.699219,0.,0.,0.,0.,0.,0.,0.,0. -0.206806,-0.059963
117.566 2 INS 5629 8314 -172420080 -68157 1263532 -1703837824 695 782 -5796
117.566 2 GPS 3 43820852 447812780 1019 654159 243 -6 2395 294270250 30 0
117.567 2 DL_VALUE 52 0.5
117.567 2 ATTITUDE -0.066068 1.778704 0.288342
117.581 2 INS 5629 8314 -172461664 -68157 1263532 -1704040448 -4795 -1664 -2737
117.619 2 ROTORCRAFT_FP 8314 5629 172469984 1263532 -68157 1704079616 -283 1199 7249 0 0 0 0 2684 0
117.619 2 GPS_INT 0 0 0 404515152 -37287144 704395 654159 0 0 0 31 11 294270250 85 27 3 1
117.620 2 ATTITUDE -0.073544 1.763546 0.279563
117.648 2 INS 5629 8314 -172503280 -68157 1263532 -1704279808 -5167 -8263 -543
117.649 2 STATIC_CONTROL 0 0. 0 0. 0. 0. 0. 0. 0. 0. 0. 0. 0.
117.649 2 ATTITUDE -0.083245 1.75004 0.277374
117.681 2 INS 5624 8476 -172544880 5242 1247804 -1704487296 6466 -10047 -12251
117.696 2 ATTITUDE -0.094339 1.728359 0.279419
117.712 2 ROTORCRAFT_NAV_STATUS 42 42 0. 0. 5 0 2
117.713 2 IMU_MAG_RAW 255 0 0 0
117.728 2 INS 5624 8476 -172586528 5242 1247804 -1704677632 3780 -10227 -8623
117.754 2 GPS_INT 0 0 0 404515150 -37287069 704364 654128 0 0 0 31 12 294270500 85 27 3 1
117.755 2 ATTITUDE -0.093544 1.708615 0.277746
117.786 2 INS 5624 8476 -172628096 5242 1247804 -1704942336 8986 -8261 -17002
117.787 2 GPS 3 43820915 447812777 958 654128 239 -8 2395 294270500 30 0
117.802 2 ATTITUDE -0.093053 1.687159 0.262401
117.861 2 INS 5624 8476 -172669712 5242 1247804 -1705004544 -310 -7169 -2268
117.862 2 ROVER_CTRL 2.5 0.090538 2718.044434 -3.636116 1400. 600. 1000. -266.029877 126.753235 57.864189 2.409462 0.
117.862 2 ROTORCRAFT_FP 8476 5624 172678048 1247804 5242 1705068416 -352 1076 6869 0 0 0 0 2718 0
117.862 2 ATTITUDE -0.08423 1.667208 0.276104
117.873 2 LINK_REPORT 2 -1 118 0 358883 8084 0 3204. 72. 33 96.54
117.888 2 INS 5624 8476 -172711360 5242 1247804 -1705225728 6568 -8996 -15853
117.889 2 SERIAL_COM 409 1111 -7739 -3917 0 0 0 14 310 80 76 0 0 0 0 0
117.914 2 GPS_INT 0 0 0 404515150 -37287069 704364 654128 0 0 0 31 12 294270500 85 27 3 1
117.915 2 ATTITUDE -0.111582 1.65121 0.290808
117.954 2 GVF_PARAMETRIC 5 1 0.165932 0.,0.199,0.199,0.546583,0.546583,0.05,61.347656,53.699219,0.,0.,0.,0.,0.,0.,0.,0. -0.227076,-0.087134
117.954 2 INS 5632 8629 -172753056 146800 1268775 -1705435520 -6644 248 -1129
117.954 2 ATTITUDE -0.112965 1.62864 0.274046
117.985 2 INS 5632 8629 -172794640 146800 1274018 -1705598336 989 -5592 -908
118.001 2 ATTITUDE -0.118947 1.614302 0.269427
118.071 2 INS 5632 8629 -172836288 146800 1274018 -1705831552 -493 -2781 -4773
118.072 2 INS_REF 485058561 -31614701 411670235 404513171 -37290972 700771 650535 0.
118.072 2 GPS 3 43820976 447812780 893 654113 245 4 2395 294270750 30 0
118.072 2 GPS_INT 0 0 0 404515153 -37286997 704349 654113 0 0 0 32 13 294270750 85 27 3 1
118.073 2 ATTITUDE -0.132909 1.594862 0.283428
118.073 2 INS 5632 8629 -172877920 146800 1274018 -1706039424 -1009 -5364 -5249
118.103 2 ROTORCRAFT_FP 8629 5632 172886256 1274018 146800 1706038656 -534 1121 6484 0 0 0 0 2708 0
118.103 2 ATTITUDE -0.135201 1.57054 0.2751
118.134 2 INS 5632 8629 -172919584 146800 1274018 -1706308096 -3556 -2907 -4986
118.150 2 ATTITUDE -0.152844 1.550848 0.268061
118.182 2 INS 5632 8629 -172961248 146800 1274018 -1706417152 -4251 -9621 -3041
118.208 2 GPS_INT 0 0 0 404515153 -37286997 704349 654113 0 0 0 32 13 294270750 85 27 3 1
118.209 2 STATE_FILTER_STATUS 6 3 0
118.209 2 ATTITUDE -0.13631 1.529244 0.273716
118.224 2 INS 5655 8793 -173002928 241172 1300233 -1706666240 3354 2340 -15466
118.240 2 ATTITUDE -0.14698 1.516401 0.283825
118.287 2 INS 5655 8793 -173044608 241172 1300233 -1706837888 6751 4401 -18077
118.288 2 GPS 3 43821040 447812788 841 654104 253 -1 2395 294271000 30 0
118.303 2 ATTITUDE -0.144024 1.497283 0.277746
118.410 2 GVF_PARAMETRIC 5 1 0.168053 -6.,15.398438,4.558594,27.417969,28.609375,49.796875,50.96875,67.96875,0.,0.,0.,0.,0.,0.,0.,0. -0.182753,-0.103407
118.411 2 INS 5655 8793 -173086272 241172 1300233 -1707117568 7811 -10164 -20454
118.412 2 ROVER_CTRL 2.5 0.094389 2652.65918 -3.064487 1400. 600. 1000. -236.886047 132.144882 -42.033195 2.405611 0.
118.412 2 ROTORCRAFT_FP 8793 5655 173094592 1300233 241172 1707161216 -623 1082 6098 0 0 0 0 2652 0
118.413 2 GPS_INT 0 0 0 404515161 -37286922 704340 654104 0 0 0 32 13 294271000 85 27 3 1
118.413 2 ATTITUDE -0.146429 1.485764 0.258673
118.414 2 INS 5655 8793 -173127936 241172 1300233 -1707185664 394 -8824 -3789
118.414 2 SERIAL_COM 410 -5063 -4905 -9240 0 0 0 14 311 80 76 0 0 0 0 0
118.415 2 ATTITUDE -0.147033 1.46981 0.250444
118.436 2 INS 5690 8949 -173169616 356515 1221589 -1707445632 -2504 -4993 -8135
118.436 2 GPS_SOL 32 13 85 27
118.452 2 ATTITUDE -0.15556 1.452237 0.264951
118.484 2 INS 5690 8949 -173211296 367001 1221589 -1707593856 -1704 -414 -1213
118.514 2 GPS_INT 0 0 0 404515174 -37286850 704272 654036 0 0 0 32 13 294271250 85 27 3 1
118.515 2 ATTITUDE -0.163884 1.430782 0.262033
118.515 2 WP_MOVED_ENU 14 -760 -1031 2560
118.515 2 WP_MOVED_ENU 14 -760 -1031 2560
118.515 2 IMU_MAG_RAW 255 0 0 0
118.540 2 INS 5690 8949 -173252992 367001 1221589 -1707867392 7051 -6885 -6968
118.541 2 GPS 3 43821101 447812802 785 654036 244 0 2395 294271250 30 0
118.542 2 ATTITUDE -0.155327 1.415651 0.249184
118.572 2 INS 5690 8949 -173294672 367001 1221589 -1708033024 10112 -21429 -21558
118.601 2 ROTORCRAFT_FP 8949 5690 173303008 1221589 367001 1708078976 -668 1031 5766 0 0 0 0 2762 0
118.602 2 ATTITUDE -0.166135 1.400706 0.250724
118.660 2 INS 5690 8949 -173336368 367001 1221589 -1708320128 4254 -12954 -6974
118.660 2 STATIC_CONTROL 0 0. 0 0. 0. 0. 0. 0. 0. 0. 0. 0. 0.
118.661 2 GPS_INT 0 0 0 404515174 -37286850 704272 654036 0 0 0 32 13 294271250 85 27 3 1
118.661 2 ATTITUDE -0.157318 1.376399 0.245206
118.686 2 INS 5734 9108 -173378064 435158 1221589 -1708399616 2475 -913 -7323
118.686 2 ROVER_STATUS 0 48 3 2 1 410 7.780045
118.702 2 ATTITUDE -0.156857 1.372871 0.232308
118.745 2 GVF_PARAMETRIC 5 1 0.170287 6.,18.136719,41.308594,44.878906,19.75,29.046875,61.347656,53.699219,0.,0.,0.,0.,0.,0.,0.,0. -0.145802,-0.106659
118.745 2 INS 5734 9108 -173419744 440401 1221589 -1708592128 1123 1715 -6807
118.746 2 ATTITUDE -0.168346 1.370099 0.236968
118.776 2 INS 5734 9108 -173461456 440401 1221589 -1708798464 4353 -5250 -4925
118.813 2 GPS 3 43821162 447812818 742 654011 249 -15 2395 294271500 30 0
118.814 2 GPS_INT 0 0 0 404515189 -37286778 704247 654011 0 0 0 32 16 294271500 85 27 3 1
118.815 2 ALIVE 122,195,7,233,5,247,195,75,60,187,26,129,128,90,246,93
118.829 2 INS 5734 9108 -173503200 440401 1221589 -1709067392 12427 -8324 -22841
118.873 2 LINK_REPORT 2 -1 119 0 361885 8151 0 3002. 67. 33 96.54
118.881 2 ROVER_CTRL 2.5 0.095791 2691.529053 -1.977703 1400. 600. 1000. -207.766602 134.107208 -34.236908 2.404209 0.
118.881 2 ROTORCRAFT_FP 9108 5734 173511536 1221589 440401 1709136896 -717 943 5529 0 0 0 0 2691 0
118.882 2 ATTITUDE -0.175333 1.348021 0.23365
118.882 2 INS 5734 9108 -173544928 440401 1221589 -1709182208 1992 -7937 63
118.882 2 SERIAL_COM 410 -4774 -436 -8379 0 0 0 14 311 80 76 0 0 0 0 0
118.897 2 ATTITUDE -0.187729 1.337626 0.23518
118.929 2 INS 5788 9262 -173586672 435158 1258290 -1709453440 -868 -6891 -7838
118.955 2 GPS_INT 0 0 0 404515208 -37286707 704188 653952 0 0 0 32 15 294271750 87 27 3 1
118.956 2 ATTITUDE -0.168872 1.326912 0.233643
118.971 2 INS 5788 9262 -173628384 440401 1263532 -1709630848 -1025 -5533 3405
119.003 2 ATTITUDE -0.175419 1.325063 0.231391
119.019 2 INS 5788 9262 -173670112 440401 1263532 -1709828352 12349 -13227 -20677
119.035 2 GPS 3 43821223 447812839 723 653952 256 -9 2395 294271750 30 0
119.051 2 DATALINK_REPORT 4 97 28209 3050 0 5
119.051 2 ATTITUDE -0.170267 1.30989 0.231652
119.152 2 INS 5788 9262 -173711872 440401 1263532 -1710011648 3206 -6508 -11212
119.152 2 ROTORCRAFT_FP 9262 5788 173720208 1263532 440401 1710036608 -684 987 5334 0 0 0 0 2565 0
119.153 2 GPS_INT 0 0 0 404515208 -37286707 704188 653952 0 0 0 32 15 294271750 87 27 3 1
119.153 2 ATTITUDE -0.174738 1.295277 0.234512
119.153 2 GVF_PARAMETRIC 5 1 0.172462 0.,0.199,0.199,0.546583,0.546583,0.05,61.347656,53.699219,0.,0.,0.,0.,0.,0.,0.,0. -0.186422,-0.128267
119.154 2 INS 5788 9262 -173753632 440401 1263532 -1710231808 2557 -6659 -11621
119.154 2 DL_VALUE 53 0.199
119.154 2 ATTITUDE -0.176602 1.281321 0.223212
119.168 2 INS 5788 9262 -173795408 440401 1263532 -1710348928 -8506 2894 13
119.200 2 ATTITUDE -0.17602 1.268319 0.2228
119.232 2 INS 5852 9413 -173837168 529530 1158675 -1710506496 -2941 -1291 6854
119.258 2 GPS_INT 0 0 0 404515230 -37286638 704153 653917 0 0 0 32 16 294272000 87 27 3 1
119.259 2 ATTITUDE -0.165812 1.255823 0.223867
119.287 2 INS 5852 9413 -173878928 529530 1158675 -1710691328 3609 1073 131
119.287 2 GPS 3 43821281 447812863 689 653917 244 1 2395 294272000 30 0
119.303 2 ATTITUDE -0.172329 1.252669 0.226262
119.303 2 ROTORCRAFT_NAV_STATUS 44 44 0. 0. 5 0 2
119.319 2 IMU_MAG_RAW 255 0 0 0
119.367 2 INS 5852 9413 -173920704 529530 1158675 -1710867968 2600 -127 -1818
119.367 2 ROVER_CTRL 2.5 0.046437 2620.087891 -1.310281 1400. 600. 1000. -187.114334 65.011169 -57.530403 2.453563 0.
119.368 2 ROTORCRAFT_FP 9413 5852 173929104 1158675 529530 1710956288 -733 939 5117 0 0 0 0 2620 0
119.368 2 ATTITUDE -0.176261 1.247183 0.232153
119.368 2 INS 5852 9413 -173962480 529530 1158675 -1711100032 5484 -2037 -8062
119.409 2 SERIAL_COM 411 -7250 4531 -6531 0 0 0 14 312 80 76 0 0 0 0 0
119.409 2 GPS_INT 0 0 0 404515230 -37286638 704153 653917 0 0 0 32 16 294272000 87 27 3 1
119.410 2 ATTITUDE -0.172222 1.233518 0.230715
119.425 2 INS 5916 9553 -174004288 529530 1158675 -1711325696 -3413 2492 -4997
119.441 2 ATTITUDE -0.175175 1.229382 0.226648
119.473 2 INS 5916 9553 -174046048 534773 1163918 -1711581696 -9023 -4357 5309
119.489 2 ATTITUDE -0.165889 1.230235 0.214554
119.578 2 GVF_PARAMETRIC 5 1 0.174618 -6.,15.398438,4.558594,27.417969,28.609375,49.796875,50.96875,67.96875,0.,0.,0.,0.,0.,0.,0.,0. -0.158583,-0.115717
119.579 2 INS 5916 9553 -174087824 534773 1163918 -1711683840 -5989 3441 -1630
119.580 2 GPS 3 43821338 447812888 670 653884 245 2 2395 294272250 30 0
119.580 2 GPS_INT 0 0 0 404515253 -37286572 704120 653884 0 0 0 32 16 294272250 87 25 3 1
119.581 2 ATTITUDE -0.161231 1.217783 0.230776
119.581 2 INS 5916 9553 -174129632 534773 1163918 -1712055168 1084 5833 -18570
119.604 2 ROTORCRAFT_FP 9553 5916 174137984 1163918 534773 1712075776 -713 967 4989 0 0 0 0 2660 0
119.604 2 ATTITUDE -0.174272 1.214929 0.231796
119.620 2 INS 5916 9553 -174171424 534773 1163918 -1712168448 288 -3215 -13368
119.649 2 STATIC_CONTROL 0 0. 0 0. 0. 0. 0. 0. 0. 0. 0. 0. 0.
119.649 2 ATTITUDE -0.16768 1.215028 0.212748
119.681 2 INS 5977 9704 -174213232 550501 1179646 -1712368640 -5286 -13879 -12977
119.707 2 GPS_INT 0 0 0 404515274 -37286503 704076 653840 0 0 0 32 15 294272500 85 27 3 1
119.707 2 ATTITUDE -0.166509 1.207158 0.224267
119.723 2 INS 5977 9704 -174255040 550501 1184889 -1712597248 2815 -6130 -1756
119.739 2 ATTITUDE -0.171386 1.208476 0.219226
119.783 2 INS 5977 9704 -174296864 550501 1184889 -1712764544 -275 -1914 -7607
119.783 2 GPS 3 43821396 447812911 658 653840 250 -6 2395 294272500 30 0
119.799 2 ATTITUDE -0.169267 1.207046 0.202869
119.799 2 WP_MOVED_ENU 15 -775 1018 2560
119.814 2 WP_MOVED_ENU 15 -775 1018 2560
119.874 2 LINK_REPORT 2 -1 120 0 364787 8217 0 2902. 66. 33 96.54
119.887 2 INS 5977 9704 -174338672 550501 1184889 -1712964736 3658 -2035 -1663
119.887 2 ROVER_CTRL 2.5 0.029165 2609.075684 -1.236242 1400. 600. 1000. -175.600037 40.831375 -55.980682 2.470835 0.
119.887 2 ROTORCRAFT_FP 9704 5977 174347040 1184889 550501 1713042176 -732 865 4912 0 0 0 0 2609 0
119.888 2 GPS_INT 0 0 0 404515274 -37286503 704076 653840 0 0 0 32 15 294272500 85 27 3 1
119.888 2 ATTITUDE -0.183541 1.2022 0.212352
119.888 2 INS 5977 9704 -174380512 550501 1184889 -1713235456 2724 -7164 -3369
119.889 2 SERIAL_COM 411 1465 -2826 -4248 0 0 0 14 312 80 76 0 0 0 0 0
119.889 2 ATTITUDE -0.182829 1.186755 0.203998
119.943 2 GVF_PARAMETRIC 5 1 0.176642 6.,18.136719,41.308594,44.878906,19.75,29.046875,61.347656,53.699219,0.,0.,0.,0.,0.,0.,0.,0. -0.192264,-0.132584
119.944 2 INS 6039 9850 -174422336 581959 1142946 -1713363584 1847 -2174 -12015
119.944 2 ATTITUDE -0.191673 1.181403 0.203356
119.975 2 INS 6039 9850 -174464176 581959 1148189 -1713703040 -647 -5700 -6765
120.005 2 GPS_INT 0 0 0 404515296 -37286435 704040 653805 0 0 0 33 13 294272750 85 26 3 1
120.005 2 ATTITUDE -0.199999 1.16982 0.207494
120.032 2 INS 6039 9850 -174506016 581959 1148189 -1713725824 -1909 -10813 -1652
120.032 2 GPS 3 43821454 447812935 642 653805 247 11 2395 294272750 30 0
120.048 2 ATTITUDE -0.182955 1.15413 0.208609
120.080 2 INS 6039 9850 -174547856 581959 1148189 -1714086912 8969 898 -26816
120.110 2 ROTORCRAFT_FP 9850 6039 174556224 1148189 581959 1714088320 -768 861 4708 0 0 0 0 2657 0
120.111 2 ATTITUDE -0.187 1.150076 0.204002
120.111 2 IMU_MAG_RAW 255 0 0 0
120.126 2 INS 6039 9850 -174589712 581959 1148189 -1714257408 15005 -5310 -24321
120.142 2 GPS_INT 0 0 0 404515296 -37286435 704040 653805 0 0 0 33 13 294272750 85 26 3 1
120.142 2 ATTITUDE -0.197108 1.142849 0.198526
120.184 2 INS 6039 9850 -174631552 581959 1148189 -1714387968 -4989 -15096 -15831
120.184 2 ROVER_STATUS 0 51 3 2 1 412 7.8242
120.199 2 ATTITUDE -0.191281 1.139782 0.219506
120.215 2 INS 6105 9996 -174673424 618659 1085275 -1714665344 3664 -10004 -13093
120.247 2 ATTITUDE -0.190717 1.134183 0.212701
120.280 2 INS 6105 9996 -174715264 613416 1090518 -1714778624 8121 -1318 -12322
120.280 2 GPS 3 43821510 447812960 622 653723 240 -8 2395 294273000 30 0
120.306 2 GPS_INT 0 0 0 404515319 -37286369 703959 653723 0 0 0 32 14 294273000 90 26 3 1
120.306 2 ATTITUDE -0.197779 1.129807 0.193637
120.386 2 GVF_PARAMETRIC 5 1 0.178787 0.,0.199,0.199,0.546583,0.546583,0.05,61.347656,53.699219,0.,0.,0.,0.,0.,0.,0.,0. -0.163444,-0.120545
120.387 2 INS 6105 9996 -174757104 613416 1090518 -1715003136 1313 -13101 -5619
120.387 2 ROVER_CTRL 2.5 0.033208 2746.408447 -0.514589 1400. 600. 1000. -167.785217 46.491386 67.901611 2.466792 0.
120.387 2 ROTORCRAFT_FP 9996 6105 174765472 1090518 613416 1714996608 -784 803 4609 0 0 0 0 2746 0
120.388 2 PONG 
120.388 2 ATTITUDE -0.199275 1.128305 0.20283
120.388 2 INS 6105 9996 -174798976 613416 1090518 -1715109760 4325 -12667 -3882
120.388 2 SERIAL_COM 412 -13101 1313 -5619 0 0 0 14 313 80 76 0 0 0 0 0
120.389 2 ATTITUDE -0.198972 1.123081 0.208607
120.430 2 INS 6179 10129 -174840816 634387 1069546 -1715356672 -2147 -5547 586
120.431 2 GPS_SOL 32 13 90 26
120.448 2 GPS_INT 0 0 0 404515345 -37286307 703831 653595 0 0 0 32 13 294273250 90 26 3 1
120.448 2 ATTITUDE -0.211785 1.115612 0.207641
120.478 2 INS 6179 10129 -174882688 639630 1069546 -1715552256 632 -636 -5018
120.494 2 ATTITUDE -0.204116 1.106335 0.218645
120.526 2 INS 6179 10129 -174924576 639630 1069546 -1715825920 -2834 4622 -6556
120.527 2 GPS 3 43821563 447812988 606 653595 239 5 2395 294273250 30 0
120.542 2 ATTITUDE -0.197464 1.097132 0.225032
120.575 2 INS 6179 10129 -174966464 639630 1069546 -1716020608 369 1225 -4233
120.612 2 ROTORCRAFT_FP 10129 6179 174974848 1069546 639630 1716008320 -841 869 4479 0 0 0 0 2726 0
120.613 2 GPS_INT 0 0 0 404515345 -37286307 703831 653595 0 0 0 32 13 294273250 90 26 3 1
120.613 2 ATTITUDE -0.197224 1.098814 0.210345
120.641 2 INS 6179 10129 -175008368 639630 1069546 -1716147200 855 -9090 -7795
120.642 2 STATIC_CONTROL 0 0. 0 0. 0. 0. 0. 0. 0. 0. 0. 0. 0.
120.642 2 ATTITUDE -0.19954 1.08549 0.20685
120.673 2 INS 6251 10263 -175050272 644873 1022360 -1716459776 110 -5665 -15614
120.689 2 ATTITUDE -0.212347 1.084512 0.206406
120.754 2 GVF_PARAMETRIC 5 1 0.180978 -6.,15.398438,4.558594,27.417969,28.609375,49.796875,50.96875,67.96875,0.,0.,0.,0.,0.,0.,0.,0. -0.146217,-0.103948
120.755 2 INS 6251 10263 -175092192 644873 1027603 -1716617600 1917 -2474 -9546
120.755 2 GPS_INT 0 0 0 404515370 -37286247 703723 653488 0 0 0 32 14 294273500 90 26 3 1
120.755 2 DL_VALUE 54 0.199
120.755 2 ATTITUDE -0.199112 1.088826 0.197889
120.791 2 INS 6251 10263 -175134096 644873 1027603 -1716866944 -4109 -6193 -3630
120.791 2 ENERGY 29 7.771214 1.75 13.599625 5.966585 0.094927 0.741799
120.791 2 GPS 3 43821614 447813016 591 653488 233 -4 2395 294273500 30 0
120.792 2 ATTITUDE -0.201192 1.096742 0.210501
120.860 2 INS 6251 10263 -175176016 644873 1027603 -1717088000 -3589 -10243 -3340
120.861 2 ROVER_CTRL 2.5 0.059681 2810.462891 0.1618 1400. 600. 1000. -154.128784 83.55365 81.396103 2.440319 0.
120.861 2 ROTORCRAFT_FP 10263 6251 175184400 1027603 644873 1717039360 -806 835 4516 0 0 0 0 2810 0
120.862 2 ATTITUDE -0.200881 1.099565 0.207479
120.875 2 LINK_REPORT 2 -1 121 0 368102 8290 0 3315. 73. 34 81.34
120.876 2 INS 6251 10263 -175217952 644873 1027603 -1717241216 -406 2136 594
120.877 2 SERIAL_COM 412 -136 13167 -22231 0 0 0 14 313 80 76 0 0 0 0 0
120.926 2 GPS_INT 0 0 0 404515370 -37286247 703723 653488 0 0 0 32 14 294273500 90 26 3 1
120.926 2 ATTITUDE -0.1871 1.108565 0.194563
120.926 2 ROTORCRAFT_NAV_STATUS 45 45 0. 0. 5 0 2
120.926 2 IMU_MAG_RAW 255 0 0 0
120.927 2 INS 6320 10393 -175259872 634387 1095760 -1717402112 3910 -3823 -10288
120.941 2 ATTITUDE -0.197999 1.119037 0.205887
120.973 2 INS 6320 10393 -175301792 644873 1095760 -1717684736 5512 122 -7405
120.989 2 ATTITUDE -0.198879 1.126843 0.199493
121.031 2 INS 6320 10393 -175343728 644873 1095760 -1717771776 -3260 -6512 -8727
121.032 2 GPS 3 43821666 447813043 594 653454 243 1 2395 294273750 30 0
121.047 2 GPS_INT 0 0 0 404515395 -37286186 703690 653454 0 0 0 32 13 294273750 90 26 3 1
121.048 2 ATTITUDE -0.18066 1.124914 0.209458
121.063 2 INS 6320 10393 -175385680 644873 1095760 -1717898624 2678 -6912 -3416
121.108 2 ROTORCRAFT_FP 10393 6320 175394096 1095760 644873 1718020992 -791 940 4585 0 0 0 0 2828 0
121.109 2 ATTITUDE -0.200338 1.118434 0.234756
121.109 2 WP_MOVED_ENU 16 50798 51645 2557
121.109 2 WP_MOVED_ENU 16 50798 51645 2557
121.150 2 GVF_PARAMETRIC 5 1 0.183046 6.,18.136719,41.308594,44.878906,19.75,29.046875,61.347656,53.699219,0.,0.,0.,0.,0.,0.,0.,0. -0.18763,-0.123315
121.151 2 INS 6320 10393 -175427600 644873 1095760 -1718111232 10264 -2122 -1716
121.151 2 ATTITUDE -0.182467 1.123101 0.223076
121.165 2 INS 6320 10393 -175469536 644873 1095760 -1718216576 3541 -6603 5530
121.193 2 GPS_INT 0 0 0 404515395 -37286186 703690 653454 0 0 0 32 13 294273750 90 26 3 1
121.194 2 ATTITUDE -0.177042 1.137342 0.230382
121.225 2 INS 6389 10531 -175511488 608173 1111489 -1718529152 2075 -2855 -4353
121.241 2 ATTITUDE -0.161474 1.140832 0.230839
121.286 2 INS 6389 10531 -175553424 618659 1111489 -1718623104 5236 -10177 -14747
121.287 2 GPS 3 43821721 447813069 603 653401 243 -13 2395 294274000 30 0
121.287 2 ATTITUDE -0.168138 1.145773 0.231321
121.388 2 INS 6389 10531 -175595408 618659 1111489 -1718915712 -5487 -2851 -7455
121.389 2 ROVER_CTRL 2.5 0.084796 2788.925049 -0.585146 1400. 600. 1000. -131.068695 118.714333 1.788139 2.415204 0.
121.389 2 ROTORCRAFT_FP 10531 6389 175603792 1111489 618659 1718889600 -755 967 4705 0 0 0 0 2788 0
121.390 2 GPS_INT 0 0 0 404515419 -37286122 703637 653401 0 0 0 32 13 294274000 90 26 3 1
121.390 2 ATTITUDE -0.178946 1.152313 0.23554
121.390 2 INS 6389 10531 -175637360 618659 1111489 -1718980480 -7085 -7549 -13797
121.391 2 SERIAL_COM 413 854 -3635 -216 0 0 0 14 314 80 76 0 0 0 0 0
121.391 2 STATE_FILTER_STATUS 6 3 0
121.391 2 ATTITUDE -0.182281 1.147253 0.245836
121.420 2 INS 6443 10677 -175679312 482344 1163918 -1719308160 -3238 -9763 -8230
121.436 2 ATTITUDE -0.198095 1.147411 0.243057
121.468 2 INS 6443 10677 -175721312 482344 1163918 -1719487744 8801 -1228 -19786
121.494 2 GPS_INT 0 0 0 404515438 -37286055 703595 653359 0 0 0 32 12 294274250 90 26 3 1
121.495 2 ALIVE 122,195,7,233,5,247,195,75,60,187,26,129,128,90,246,93
121.495 2 ATTITUDE -0.199626 1.149263 0.220553
121.548 2 GVF_PARAMETRIC 5 1 0.185197 0.,0.199,0.199,0.546583,0.546583,0.05,61.347656,53.699219,0.,0.,0.,0.,0.,0.,0.,0. -0.156275,-0.119708
121.548 2 INS 6443 10677 -175763376 482344 1163918 -1719638528 -4415 -10344 -7822
121.548 2 GPS 3 43821778 447813090 640 653359 242 0 2395 294274250 30 0
121.549 2 ATTITUDE -0.194842 1.134241 0.229838
121.563 2 INS 6443 10677 -175805296 482344 1163918 -1719907712 3599 -8466 -14403
121.592 2 ROTORCRAFT_FP 10677 6443 175813744 1163918 482344 1719936512 -795 950 4642 0 0 0 0 375 0
121.593 2 ATTITUDE -0.187923 1.132242 0.237554
121.648 2 INS 6443 10677 -175847296 482344 1163918 -1720023680 3453 2699 -10000
121.648 2 STATIC_CONTROL 0 0. 0 0. 0. 0. 0. 0. 0. 0. 0. 0. 0.
121.649 2 GPS_INT 0 0 0 404515438 -37286055 703595 653359 0 0 0 32 12 294274250 90 26 3 1
121.649 2 ATTITUDE -0.184493 1.135531 0.246591
121.664 2 INS 6502 10823 -175889312 576716 1142946 -1720245376 4547 -3803 -7371
121.680 2 ROVER_STATUS 0 48 3 0 1 413 8.036141
121.696 2 ATTITUDE -0.183626 1.137327 0.249273
121.696 2 IMU_MAG_RAW 255 0 0 0
121.712 2 INS 6502 10823 -175931312 581959 1148189 -1720471424 -2330 -14779 -9961
121.744 2 ATTITUDE -0.172016 1.136531 0.272788
121.760 2 INS 6502 10823 -175973312 581959 1148189 -1720753024 10511 -1869 -24189
121.776 2 GPS 3 43821835 447813113 636 653349 246 2 2395 294274500 30 0
121.802 2 GPS_INT 0 0 0 404515459 -37285988 703585 653349 0 0 0 32 12 294274500 90 26 3 1
121.803 2 ATTITUDE -0.166979 1.144569 0.282285
121.855 2 INS 6502 10823 -176015328 581959 1148189 -1720953600 16835 -5441 -24394
121.861 2 ROVER_CTRL 2.5 0.086293 2817.442139 -0.585146 1400. 600. 1000. -122.876869 120.809509 20.027161 2.413707 0.
121.861 2 ROTORCRAFT_FP 10823 6502 176023712 1148189 581959 1720979072 -684 1178 4709 0 0 0 0 1170 0
121.861 2 ATTITUDE -0.170027 1.154116 0.280076
121.875 2 LINK_REPORT 2 -1 122 0 371178 8360 0 3076. 70. 34 81.34
121.881 2 INS 6502 10823 -176057328 581959 1148189 -1721071104 5864 -11347 -9504
121.881 2 SERIAL_COM 413 -2484 13078 -23701 0 0 0 14 314 80 76 0 0 0 0 0
121.882 2 ATTITUDE -0.177603 1.166951 0.282367
121.948 2 GVF_PARAMETRIC 5 1 0.187246 -6.,15.398438,4.558594,27.417969,28.609375,49.796875,50.96875,67.96875,0.,0.,0.,0.,0.,0.,0.,0. -0.182529,-0.149396
121.949 2 INS 6502 10823 -176099360 581959 1148189 -1721286912 5516 -5097 -8903
121.950 2 GPS_INT 0 0 0 404515479 -37285927 703554 653318 0 0 0 32 12 294274750 90 26 3 1
121.950 2 ATTITUDE -0.171568 1.169382 0.27739
121.963 2 INS 6558 10954 -176141376 424672 1011874 -1721525888 7310 -10338 -20735
121.995 2 ATTITUDE -0.170894 1.167197 0.280749
122.012 2 INS 6558 10954 -176183424 424672 1011874 -1721685376 2319 -3543 -5924
122.027 2 GPS 3 43821887 447813134 650 653318 211 -1 2395 294274750 30 0
122.043 2 ATTITUDE -0.166685 1.173911 0.275808
122.075 2 INS 6558 10954 -176225440 424672 1011874 -1721925120 2967 -6430 -5204
122.101 2 ROTORCRAFT_FP 10954 6558 176233888 1011874 424672 1721933056 -687 1130 4827 0 0 0 0 6555 0
122.102 2 GPS_INT 0 0 0 404515479 -37285927 703554 653318 0 0 0 32 12 294274750 90 26 3 1
122.102 2 ATTITUDE -0.170707 1.185891 0.279166
122.117 2 INS 6558 10954 -176267488 424672 1011874 -1722147200 4108 5571 -8035
122.133 2 ATTITUDE -0.186935 1.21162 0.237275
122.165 2 INS 6558 10954 -176309520 424672 1011874 -1722329344 5653 -13275 -2359
122.181 2 ATTITUDE -0.189959 1.231932 0.199053
122.213 2 INS 6602 11077 -176351568 367001 891288 -1722417408 2792 -21936 -11045
122.240 2 GPS_INT 0 0 0 404515494 -37285872 703563 653327 0 0 0 32 12 294275000 90 26 3 1
122.240 2 ATTITUDE -0.189015 1.233389 0.198069
122.272 2 INS 6602 11077 -176393616 367001 891288 -1722551168 -884 -7869 -6161
122.272 2 GPS 3 43821933 447813151 661 653327 186 13 2395 294275000 30 0
122.288 2 ATTITUDE -0.188243 1.229745 0.209598
122.391 2 GVF_PARAMETRIC 5 1 0.189009 6.,18.136719,41.308594,44.878906,19.75,29.046875,61.347656,53.699219,0.,0.,0.,0.,0.,0.,0.,0. -0.145237,-0.154964
122.392 2 INS 6602 11077 -176435696 367001 891288 -1722741504 3282 -12133 -5189
122.392 2 ROVER_CTRL 2.5 0.086293 2817.442139 -0.585146 1400. 600. 1000. -122.876869 120.809509 20.027161 2.413707 0.
122.393 2 ROTORCRAFT_FP 11077 6602 176444096 891288 367001 1722738048 -739 825 5042 0 0 0 0 7995 0
122.393 2 DL_VALUE 55 0.546583
122.394 2 ATTITUDE -0.174073 1.229713 0.203614
122.394 2 INS 6602 11077 -176477744 367001 891288 -1722964096 640 -16228 -9132
122.394 2 SERIAL_COM 414 -20914 -496 -18692 0 0 0 14 315 80 76 0 0 0 0 0
122.395 2 GPS_INT 0 0 0 404515494 -37285872 703563 653327 0 0 0 32 12 294275000 90 26 3 1
122.428 2 ATTITUDE -0.193915 1.235023 0.182231
122.428 2 WP_MOVED_ENU 17 51645 -50798 2557
122.428 2 WP_MOVED_ENU 17 51645 -50798 2557
122.429 2 INS 6648 11217 -176519792 487587 1373633 -1723005952 -7487 -3491 4954
122.429 2 GPS_SOL 32 12 90 25
122.444 2 ATTITUDE -0.173329 1.223437 0.205407
122.460 2 INS 6648 11217 -176561888 492830 1378876 -1723199488 -6963 -6847 1881
122.492 2 ATTITUDE -0.180629 1.221346 0.216673
122.492 2 ROTORCRAFT_NAV_STATUS 47 47 0. 0. 5 0 2
122.523 2 IMU_MAG_RAW 255 0 0 0
122.523 2 INS 6648 11217 -176603952 492830 1378876 -1723418368 5116 -14868 -15862
122.523 2 GPS 3 43821989 447813168 689 653361 280 21 2395 294275250 30 0
122.549 2 GPS_INT 0 0 0 404515510 -37285806 703597 653361 0 0 0 32 12 294275250 90 25 3 1
122.550 2 ATTITUDE -0.174765 1.22437 0.198044
122.565 2 INS 6648 11217 -176646016 492830 1378876 -1723475456 3361 -13190 -5756
122.591 2 ROTORCRAFT_FP 11217 6648 176654432 1378876 492830 1723532672 -722 846 4976 0 0 0 0 7995 0
122.592 2 ATTITUDE -0.175209 1.217226 0.215635
122.647 2 INS 6648 11217 -176688112 492830 1378876 -1723713664 2798 -1281 -11744
122.647 2 STATIC_CONTROL 0 0. 0 0. 0. 0. 0. 0. 0. 0. 0. 0. 0.
122.648 2 ATTITUDE -0.181473 1.215034 0.20899
122.663 2 INS 6712 11404 -176730176 623902 1656748 -1723834496 8387 -16358 -2094
122.689 2 GPS_INT 0 0 0 404515533 -37285720 703609 653373 0 0 0 32 14 294275500 87 26 3 1
122.689 2 ATTITUDE -0.187511 1.212902 0.233616
122.744 2 GVF_PARAMETRIC 5 1 0.191482 0.,0.199,0.199,0.546583,0.546583,0.05,61.347656,53.699219,0.,0.,0.,0.,0.,0.,0.,0. -0.088653,-0.170652
122.745 2 INS 6712 11404 -176772272 629145 1656748 -1724043904 19361 4719 -15287
122.745 2 ATTITUDE -0.191209 1.203497 0.229635
122.775 2 INS 6712 11404 -176814352 629145 1656748 -1724156672 -8374 -10224 -10469
122.775 2 GPS 3 43822063 447813193 690 653373 340 4 2395 294275500 30 0
122.791 2 ATTITUDE -0.194113 1.18245 0.227116
122.807 2 INS 6712 11404 -176856448 629145 1656748 -1724358656 -269 -1671 -7009
122.823 2 ROVER_CTRL 2.5 0.086293 2817.442139 -0.585146 1400. 600. 1000. -122.876869 120.809509 20.027161 2.413707 0.
122.850 2 ROTORCRAFT_FP 11404 6712 176864864 1656748 629145 1724545280 -902 957 4713 0 0 0 0 7995 0
122.876 2 LINK_REPORT 2 -1 123 0 374197 8427 0 3019. 67. 34 81.34
122.887 2 GPS_INT 0 0 0 404515533 -37285720 703609 653373 0 0 0 32 14 294275500 87 26 3 1
122.887 2 ATTITUDE -0.228842 1.132509 0.222684
122.887 2 INS 6712 11404 -176898544 629145 1656748 -1724572288 -10491 -8641 -13452
122.888 2 SERIAL_COM 414 4719 19361 -15287 0 0 0 14 315 80 76 0 0 0 0 0
122.888 2 ATTITUDE -0.240253 1.061042 0.21288
122.919 2 INS 6796 11612 -176940640 807402 1672477 -1724730496 -7152 5709 4107
122.935 2 ATTITUDE -0.27635 0.995326 0.199139
122.967 2 INS 6796 11612 -176982768 807402 1672477 -1725048960 -8594 2737 -2150
122.994 2 GPS_INT 0 0 0 404515563 -37285625 703607 653371 0 0 0 32 14 294275750 87 26 3 1
122.994 2 ATTITUDE -0.274111 0.939034 0.176559
123.024 2 INS 6796 11612 -177024864 807402 1672477 -1725331712 -18132 4275 -621
123.024 2 GPS 3 43822143 447813225 660 653371 356 0 2395 294275750 30 0
123.040 2 ATTITUDE -0.301987 0.883597 0.174846
123.085 2 INS 6796 11612 -177066992 807402 1672477 -1725595392 -6144 3958 506
123.085 2 ROTORCRAFT_FP 11612 6796 177075424 1672477 807402 1725599744 -1318 676 3469 0 0 0 0 7995 0
123.085 2 ATTITUDE -0.307607 0.824838 0.153769
123.173 2 GVF_PARAMETRIC 5 1 0.19415 -6.,15.398438,4.558594,27.417969,28.609375,49.796875,50.96875,67.96875,0.,0.,0.,0.,0.,0.,0.,0. -0.102991,-0.233296
123.174 2 INS_REF 485058561 -31614701 411670235 404513171 -37290972 700771 650535 0.
123.174 2 INS 6796 11612 -177109136 807402 1672477 -1725880320 12083 -16370 -44828
123.174 2 GPS_INT 0 0 0 404515563 -37285625 703607 653371 0 0 0 32 14 294275750 87 26 3 1
123.174 2 ATTITUDE -0.319684 0.777237 0.141924
123.175 2 INS 6796 11612 -177151280 807402 1672477 -1725997056 -6832 733 11284
123.175 2 ROVER_STATUS 0 44 3 0 1 415 7.409146
123.188 2 ATTITUDE -0.351099 0.717647 0.135226
123.221 2 INS 6924 11801 -177193408 1294990 1441790 -1726242176 -10115 13810 8351
123.237 2 ATTITUDE -0.358007 0.65572 0.108648
123.269 2 INS 6924 11801 -177235568 1294990 1447033 -1726531456 -5920 -15710 -10323
123.269 2 GPS 3 43822218 447813275 544 653347 371 2 2395 294276000 30 0
123.295 2 GPS_INT 0 0 0 404515608 -37285537 703583 653347 0 0 0 32 15 294276000 87 26 3 1
123.295 2 ATTITUDE -0.362344 0.604973 0.104901
123.295 2 IMU_MAG_RAW 255 0 0 0
123.310 2 INS 6924 11801 -177277712 1294990 1447033 -1726762240 3401 -7142 -16323
123.350 2 ROVER_CTRL 2.5 0.086293 2817.442139 -0.585146 1400. 600. 1000. -122.876869 120.809509 20.027161 2.413707 0.
123.351 2 ROTORCRAFT_FP 11801 6924 177286176 1447033 1294990 1726888448 -1475 314 2349 0 0 0 0 7995 0
123.351 2 ATTITUDE -0.396195 0.568666 0.073372
123.376 2 INS 6924 11801 -177319872 1294990 1447033 -1727077760 -2756 31057 -14830
123.376 2 SERIAL_COM 415 -4765 11885 -21696 0 0 0 14 316 80 76 0 0 0 0 0
123.392 2 ATTITUDE -0.381084 0.527058 0.053174
123.408 2 INS 6924 11801 -177362032 1294990 1447033 -1727327488 -9784 5106 -1272
123.437 2 GPS_INT 0 0 0 404515672 -37285469 703605 653369 0 0 0 32 15 294276250 87 25 3 1
123.437 2 ATTITUDE -0.379144 0.496377 0.056068
123.468 2 INS 7106 11950 -177404208 1672477 964689 -1727612032 16305 14056 -15861
123.484 2 ATTITUDE -0.387464 0.445364 0.034404
123.538 2 GVF_PARAMETRIC 5 1 0.197175 6.,18.136719,41.308594,44.878906,19.75,29.046875,61.347656,53.699219,0.,0.,0.,0.,0.,0.,0.,0. -0.04874,-0.209864
123.539 2 INS 7106 11950 -177446384 1672477 964689 -1727898752 -12720 -5179 -63
123.539 2 GPS 3 43822277 447813345 401 653369 370 2 2395 294276250 30 0
123.539 2 ATTITUDE -0.400798 0.403996 0.017911
123.569 2 INS 7106 11950 -177488576 1672477 964689 -1728246528 -3566 -11917 -20427
123.620 2 ROTORCRAFT_FP 11950 7106 177497008 964689 1672477 1728247040 -1653 -9 1594 0 0 0 0 7995 0
123.620 2 GPS_INT 0 0 0 404515672 -37285469 703605 653369 0 0 0 32 15 294276250 87 25 3 1
123.620 2 ATTITUDE -0.386799 0.374376 -0.017042
123.621 2 INS 7106 11950 -177530768 1672477 964689 -1728450048 -8157 -3583 -10687
123.621 2 STATIC_CONTROL 0 0. 0 0. 0. 0. 0. 0. 0. 0. 0. 0. 0.
123.635 2 ATTITUDE -0.379602 0.356547 -0.020467
123.667 2 INS 7106 11950 -177572960 1672477 964689 -1728726016 369 13695 -6727
123.683 2 ATTITUDE -0.371831 0.316017 -0.030731
123.699 2 WP_MOVED_ENU 18 -50798 -51645 2557
123.700 2 WP_MOVED_ENU 18 -50798 -51645 2557
123.715 2 INS 7308 12034 -177615168 1661991 398458 -1728959360 12630 -2035 -20179
123.752 2 GPS_INT 0 0 0 404515743 -37285430 703619 653383 0 0 0 32 15 294276500 85 26 3 1
123.753 2 AUTOPILOT_VERSION 60200 v6.2_unstable-650-g74eaf7c20-dirty
123.753 2 ATTITUDE -0.388732 0.284482 -0.074711
123.768 2 INS 7308 12034 -177657376 1661991 398458 -1729181696 -11385 1181 -3481
123.769 2 GPS 3 43822310 447813424 298 653383 327 29 2395 294276500 30 0
123.784 2 ATTITUDE -0.387318 0.261415 -0.077383
123.846 2 INS 7308 12034 -177699616 1661991 398458 -1729513984 273 3360 -14573
123.846 2 ROVER_CTRL 2.5 0.086293 2817.442139 -0.585146 1400. 600. 1000. -122.876869 120.809509 20.027161 2.413707 0.
123.847 2 ROTORCRAFT_FP 12034 7308 177708048 398458 1661991 1729530368 -1443 -313 1046 0 0 0 0 8040 0
123.847 2 ATTITUDE -0.339379 0.236158 -0.085928
123.877 2 LINK_REPORT 2 -1 124 0 377294 8496 0 3097. 69. 34 81.34
123.898 2 INS 7308 12034 -177741824 1661991 398458 -1729689728 -15901 3345 -8496
123.899 2 SERIAL_COM 415 11715 4922 488 0 0 0 14 316 80 76 0 0 0 0 0
123.899 2 GPS_INT 0 0 0 404515743 -37285430 703619 653383 0 0 0 32 15 294276500 85 26 3 1
123.899 2 ATTITUDE -0.36457 0.229695 -0.098114
123.936 2 GVF_PARAMETRIC 5 1 0.199458 0.,0.199,0.199,0.546583,0.546583,0.05,61.347656,53.699219,0.,0.,0.,0.,0.,0.,0.,0. -0.080346,-0.232044
123.937 2 INS 7521 12057 -177784064 1876949 -20971 -1729896960 2695 -3182 -15190
123.938 2 DL_VALUE 56 0.546583
123.938 2 ATTITUDE -0.354659 0.198873 -0.121675
123.967 2 INS 7521 12057 -177826304 1876949 -26214 -1730109952 -205 798 -4610
123.983 2 ATTITUDE -0.361498 0.171561 -0.131899
124.025 2 INS 7521 12057 -177868528 1876949 -26214 -1730338688 4847 -236 -12849
124.026 2 GPS 3 43822320 447813506 135 653395 359 18 2395 294276750 30 0
124.041 2 GPS_INT 0 0 0 404515817 -37285420 703631 653395 0 0 0 32 13 294276750 85 27 3 1
124.042 2 ATTITUDE -0.353431 0.125421 -0.13064
124.057 2 INS 7521 12057 -177910768 1876949 -26214 -1730563712 -10961 8495 -15879
124.100 2 ROTORCRAFT_FP 12057 7521 177919216 -26214 1876949 1730650880 -1424 -605 468 0 0 0 0 8025 0
124.101 2 ATTITUDE -0.330179 0.093822 -0.153561
124.101 2 ROTORCRAFT_NAV_STATUS 49 49 0. 0. 5 0 2
124.101 2 IMU_MAG_RAW 255 0 0 0
124.116 2 INS 7521 12057 -177953008 1876949 -26214 -1730856832 -4188 7665 -2422
124.116 2 DATALINK_REPORT 4 98 28561 3085 0 5
124.132 2 ATTITUDE -0.357862 0.051785 -0.146725
124.164 2 INS 7521 12057 -177995264 1876949 -26214 -1731125632 -14269 4738 -18742
124.190 2 GPS_INT 0 0 0 404515817 -37285420 703631 653395 0 0 0 32 13 294276750 85 27 3 1
124.191 2 ALIVE 122,195,7,233,5,247,195,75,60,187,26,129,128,90,246,93
124.191 2 ATTITUDE -0.330354 0.016777 -0.160757
124.206 2 INS 7749 12029 -178037520 1897920 -419430 -1731331328 -15173 -13108 -20467
124.238 2 ATTITUDE -0.305869 6.252267 -0.15915
124.254 2 INS 7749 12029 -178079776 1897920 -419430 -1731511296 -2807 -10739 -23928
124.270 2 GPS 3 43822309 447813595 0 653424 371 10 2395 294277000 30 0
124.286 2 ATTITUDE -0.344905 6.202587 -0.168763
124.394 2 GVF_PARAMETRIC 5 1 0.20207 -6.,15.398438,4.558594,27.417969,28.609375,49.796875,50.96875,67.96875,0.,0.,0.,0.,0.,0.,0.,0. -0.134527,-0.161416
124.394 2 INS 7749 12029 -178122032 1897920 -419430 -1731711232 13534 -1000 -23822
124.394 2 ROVER_CTRL 2.5 0.086293 2817.442139 -0.585146 1400. 600. 1000. -122.876869 120.809509 20.027161 2.413707 0.
124.395 2 ROTORCRAFT_FP 12029 7749 178130480 -419430 1897920 1731726336 -1409 -734 25289 0 0 0 0 8025 0
124.395 2 GPS_INT 0 0 0 404515897 -37285433 703660 653424 0 0 0 32 15 294277000 85 26 3 1
124.395 2 ATTITUDE -0.341257 6.161936 -0.1806
124.396 2 INS 7749 12029 -178164320 1897920 -419430 -1732020736 13016 7409 -11100
124.396 2 SERIAL_COM 416 7359 14956 -8618 0 0 0 14 317 80 76 0 0 0 0 0
124.396 2 ATTITUDE -0.332373 6.104508 -0.217112
124.420 2 INS 7964 11952 -178206608 1735391 -786431 -1732255232 -2573 7844 -8429
124.420 2 GPS_SOL 33 14 85 26
124.436 2 ATTITUDE -0.314351 6.050662 -0.244049
124.468 2 INS 7964 11952 -178248912 1745877 -786431 -1732431104 14049 14212 5566
124.484 2 GPS_INT 0 0 0 404515973 -37285468 703653 653417 0 0 0 33 14 294277250 85 26 3 1
124.485 2 ATTITUDE -0.280831 5.986794 -0.239721
124.516 2 INS 7964 11952 -178291200 1745877 -786431 -1732712832 4847 4334 -3943
124.516 2 GPS 3 43822280 447813679 3479 653417 365 -8 2395 294277250 30 0
124.532 2 ATTITUDE -0.28425 5.930629 -0.25786
124.564 2 INS 7964 11952 -178333504 1745877 -786431 -1732918912 6958 22630 11872
124.590 2 ROTORCRAFT_FP 11952 7964 178342000 -786431 1745877 1732929920 -1095 -1160 24139 0 0 0 0 8010 0
124.591 2 STATE_FILTER_STATUS 6 3 0
124.591 2 ATTITUDE -0.250641 5.878291 -0.284397
124.606 2 INS 7964 11952 -178375808 1745877 -786431 -1733237376 4734 9118 -4498
124.646 2 STATIC_CONTROL 0 0. 0 0. 0. 0. 0. 0. 0. 0. 0. 0. 0.
124.647 2 GPS_INT 0 0 0 404515973 -37285468 703653 653417 0 0 0 33 14 294277250 85 26 3 1
124.648 2 ATTITUDE -0.227219 5.833206 -0.300177
124.662 2 INS 7964 11952 -178418128 1745877 -786431 -1733567104 12443 -8959 -18882
124.662 2 ROVER_STATUS 0 40 3 0 1 416 7.400315
124.678 2 ATTITUDE -0.219631 5.791658 -0.309341
124.731 2 GVF_PARAMETRIC 5 1 0.204241 6.,18.136719,41.308594,44.878906,19.75,29.046875,61.347656,53.699219,0.,0.,0.,0.,0.,0.,0.,0. -0.253672,-0.101878
124.732 2 INS 8153 11829 -178460448 1410333 -1237318 -1733668864 12807 -2400 9279
124.732 2 ATTITUDE -0.221726 5.738669 -0.327419
124.773 2 INS 8153 11829 -178502784 1410333 -1237318 -1733922816 -2025 -1802 -12508
124.774 2 GPS 3 43822233 447813753 3342 653360 358 -13 2395 294277500 30 0
124.789 2 GPS_INT 0 0 0 404516039 -37285525 703596 653360 0 0 0 33 13 294277500 85 27 3 1
124.789 2 ATTITUDE -0.190144 5.68409 -0.335508
124.805 2 INS 8153 11829 -178545136 1410333 -1237318 -1734109952 4006 5104 -2376
124.872 2 ROVER_CTRL 2.5 0.086293 2817.442139 -0.585146 1400. 600. 1000. -122.876869 120.809509 20.027161 2.413707 0.
124.872 2 ROTORCRAFT_FP 11829 8153 178553648 -1237318 1410333 1734130176 -659 -1344 23198 0 0 0 0 7995 0
124.873 2 ATTITUDE -0.158709 5.64006 -0.324329
124.873 2 INS 8153 11829 -178587472 1410333 -1237318 -1734375680 13050 -2339 -30412
124.873 2 SERIAL_COM 416 4487 7598 -10704 0 0 0 14 317 80 76 0 0 0 0 0
124.873 2 ATTITUDE -0.153338 5.580191 -0.33616
124.877 2 LINK_REPORT 2 -1 125 0 380571 8570 0 3277. 74. 34 81.34
124.888 2 IMU_MAG_RAW 255 0 0 0
124.904 2 INS 8153 11829 -178629824 1410333 -1237318 -1734543104 11763 8248 -12494
124.936 2 GPS_INT 0 0 0 404516088 -37285604 703562 653326 0 0 0 33 12 294277750 90 25 3 1
124.937 2 ATTITUDE -0.13355 5.529102 -0.350965
124.952 2 INS 8291 11655 -178672176 990903 -1599076 -1734853504 22894 3147 1650
124.984 2 ATTITUDE -0.119483 5.477418 -0.359115
124.984 2 WP_MOVED_ENU 19 -51645 50798 2557
125.014 2 WP_MOVED_ENU 19 -51645 50798 2557
125.014 2 INS 8291 11655 -178714544 990903 -1599076 -1735017344 13217 -667 -5920
125.014 2 GPS 3 43822166 447813808 3166 653326 358 -14 2395 294277750 30 0
125.030 2 ATTITUDE -0.098907 5.438558 -0.353775
125.062 2 INS 8291 11655 -178756896 990903 -1599076 -1735188864 9788 -7914 -8960
125.099 2 ROTORCRAFT_FP 11655 8291 178765376 -1599076 990903 1735223168 -425 -1409 22171 0 0 0 0 7995 0
125.099 2 GPS_INT 0 0 0 404516088 -37285604 703562 653326 0 0 0 33 12 294277750 90 25 3 1
125.100 2 ATTITUDE -0.099365 5.393311 -0.347017
125.125 2 GVF_PARAMETRIC 5 1 0.205584 0.,0.199,0.199,0.546583,0.546583,0.05,61.347656,53.699219,0.,0.,0.,0.,0.,0.,0.,0. -0.348466,-0.124928
125.126 2 INS 8291 11655 -178799264 990903 -1599076 -1735348864 9656 -3374 -8288
125.126 2 ATTITUDE -0.082717 5.342937 -0.356207
125.157 2 INS 8291 11655 -178841648 990903 -1599076 -1735519104 9044 9497 2366
125.173 2 ATTITUDE -0.052908 5.302867 -0.356968
125.205 2 INS 8381 11448 -178884032 576716 -1798306 -1735797888 -2461 2876 6458
125.232 2 GPS_INT 0 0 0 404516120 -37285700 703517 653281 0 0 0 33 13 294278000 90 26 3 1
125.233 2 ATTITUDE -0.038135 5.2613 -0.351578
125.274 2 INS 8381 11448 -178926432 576716 -1798306 -1735988224 -11974 -6124 -20796
125.274 2 ENERGY 83 7.356161 4. 29.424643 6.175875 0.099315 0.774027
125.274 2 GPS 3 43822085 447813844 3009 653281 359 -14 2395 294278000 30 0
125.275 2 ATTITUDE -0.049059 5.209244 -0.341184
125.344 2 INS 8381 11448 -178968800 576716 -1798306 -1736117632 11580 10379 9543
125.344 2 ROVER_CTRL 2.5 0.086293 2817.442139 -0.585146 1400. 600. 1000. -122.876869 120.809509 20.027161 2.413707 0.
125.345 2 ROTORCRAFT_FP 11448 8381 178977264 -1798306 576716 1736157568 -211 -1461 21204 0 0 0 0 7995 0
125.346 2 ATTITUDE -0.028323 5.15964 -0.363497
125.346 2 PONG 
125.396 2 INS 8381 11448 -179011184 576716 -1798306 -1736490880 2039 -1737 -14121
125.396 2 SERIAL_COM 417 -3806 10572 -19972 0 0 0 14 318 80 76 0 0 0 0 0
125.397 2 GPS_INT 0 0 0 404516120 -37285700 703517 653281 0 0 0 33 13 294278000 90 26 3 1
125.397 2 ATTITUDE -0.00244 5.120363 -0.344552
125.412 2 INS 8381 11448 -179053584 576716 -1798306 -1736464768 2146 -877 -4966
125.428 2 ATTITUDE 0.021955 5.051466 -0.334058
125.460 2 INS 8417 11228 -179095984 104857 -1835006 -1736771200 18109 -1752 11773
125.475 2 ATTITUDE 0.045933 4.983095 -0.317357
125.561 2 GVF_PARAMETRIC 5 1 0.206025 -6.,15.398438,4.558594,27.417969,28.609375,49.796875,50.96875,67.96875,0.,0.,0.,0.,0.,0.,0.,0. -0.523655,-0.102528
125.562 2 INS 8417 11228 -179138384 104857 -1835006 -1736954496 20621 4846 103
125.562 2 GPS 3 43821999 447813858 2858 653236 350 -6 2395 294278250 30 0
125.562 2 GPS_INT 0 0 0 404516132 -37285801 703472 653236 0 0 0 33 13 294278250 90 26 3 1
125.563 2 DL_VALUE 57 0.
125.563 2 ATTITUDE 0.052879 4.926397 -0.31768
125.563 2 INS 8417 11228 -179180816 104857 -1835006 -1737203968 22756 -11584 1003
125.587 2 ROTORCRAFT_FP 11228 8417 179189296 -1835006 104857 1737240960 234 -1272 20088 0 0 0 0 7995 0
125.587 2 ATTITUDE 0.075847 4.893659 -0.308996
125.602 2 INS 8417 11228 -179223216 104857 -1835006 -1737318656 7893 -1162 -6620
125.632 2 STATIC_CONTROL 0 0. 0 0. 0. 0. 0. 0. 0. 0. 0. 0. 0.
125.632 2 ATTITUDE 0.108464 4.861248 -0.309445
125.664 2 INS 8417 11228 -179265632 104857 -1835006 -1737631872 16202 -5312 -3297
125.680 2 GPS_INT 0 0 0 404516124 -37285903 703403 653167 0 0 0 33 14 294278500 91 25 3 1
125.680 2 ATTITUDE 0.12837 4.856373 -0.321348
125.696 2 ROTORCRAFT_NAV_STATUS 50 50 0. 0. 5 0 2
125.696 2 IMU_MAG_RAW 255 0 0 0
125.712 2 INS 8391 11008 -179308080 -361758 -1808791 -1737841280 -6523 -8798 -24227
125.760 2 INS 8391 11008 -179350512 -361758 -1808791 -1737960064 5393 1869 -20696
125.776 2 GPS 3 43821913 447813850 2707 653167 351 -6 2395 294278500 30 0
125.776 2 ATTITUDE 0.104615 4.882617 -0.326615
125.808 2 INS 8391 11008 -179392960 -361758 -1808791 -1738167808 6603 1992 -5733
125.824 2 ROVER_CTRL 2.5 0.086293 2817.442139 -0.585146 1400. 600. 1000. -122.876869 120.809509 20.027161 2.413707 0.
125.874 2 ROTORCRAFT_FP 11008 8391 179401440 -1808791 -361758 1738086656 432 -1349 20064 0 0 0 0 7995 0
125.874 2 GPS_INT 0 0 0 404516124 -37285903 703403 653167 0 0 0 33 14 294278500 91 25 3 1
125.875 2 ATTITUDE 0.105153 4.89493 -0.316468
125.875 2 INS 8391 11008 -179435392 -361758 -1808791 -1738352512 278 -12429 -7293
125.875 2 ATTITUDE 0.112668 4.893982 -0.31864
125.877 2 LINK_REPORT 2 -1 126 0 383574 8638 0 3003. 68. 35 38.58
125.927 2 GVF_PARAMETRIC 5 1 0.205688 6.,18.136719,41.308594,44.878906,19.75,29.046875,61.347656,53.699219,0.,0.,0.,0.,0.,0.,0.,0. -0.605317,-0.099015
125.928 2 INS 8391 11008 -179477840 -361758 -1808791 -1738567936 -9726 368 -24582
125.928 2 ATTITUDE 0.116189 4.894948 -0.315149
125.958 2 INS 8337 10780 -179520288 -477101 -1960835 -1738695680 2129 55 -114
125.987 2 GPS_INT 0 0 0 404516104 -37286008 703376 653140 0 0 0 33 13 294278750 90 25 3 1
125.987 2 ATTITUDE 0.112816 4.886165 -0.326309
126.016 2 INS 8337 10780 -179562736 -477101 -1960835 -1739083776 9592 220 -810
126.016 2 GPS 3 43821824 447813829 2620 653140 383 -5 2395 294278750 30 0
126.031 2 ATTITUDE 0.114154 4.870543 -0.320831
126.048 2 INS 8337 10780 -179605216 -477101 -1960835 -1739195008 2035 13396 -893
126.079 2 ATTITUDE 0.130148 4.859392 -0.315972
126.112 2 INS 8337 10780 -179647664 -477101 -1960835 -1739429888 -1747 5811 -9133
126.128 2 GPS_INT 0 0 0 404516104 -37286008 703376 653140 0 0 0 33 13 294278750 90 25 3 1
126.128 2 ATTITUDE 0.126663 4.844513 -0.315449
126.170 2 INS 8337 10780 -179690128 -477101 -1960835 -1739619200 -2215 -12658 -9327
126.170 2 ROVER_STATUS 0 53 3 0 1 418 7.44447
126.170 2 ATTITUDE 0.107827 4.834434 -0.314048
126.202 2 INS 8273 10534 -179732608 -456130 -2081421 -1739813632 -4071 -582 -17623
126.234 2 ATTITUDE 0.095291 4.793 -0.305379
126.249 2 INS 8273 10534 -179775072 -456130 -2081421 -1740075392 9724 -8250 -37666
126.266 2 GPS 3 43821728 447813805 2593 653128 405 -1 2395 294279000 30 0
126.303 2 GPS_INT 0 0 0 404516082 -37286121 703363 653128 0 0 0 33 12 294279000 90 25 3 1
126.304 2 ATTITUDE 0.100481 4.731837 -0.313877
126.304 2 WP_MOVED_ENU 0 0 0 2560
126.304 2 WP_MOVED_ENU 0 0 0 2560
126.383 2 GVF_PARAMETRIC 5 1 0.204481 0.,0.199,0.199,0.546583,0.546583,0.05,61.347656,53.699219,0.,0.,0.,0.,0.,0.,0.,0. -0.773352,-0.093273
126.383 2 INS 8273 10534 -179817664 -456130 -2081421 -1740281472 206 -13085 -14234
126.383 2 ROVER_CTRL 2.5 0.086293 2817.442139 -0.585146 1400. 600. 1000. -122.876869 120.809509 20.027161 2.413707 0.
126.384 2 ROTORCRAFT_FP 10534 8273 179826064 -2081421 -456130 1740256000 486 -1277 19168 0 0 0 0 7995 0
126.384 2 ATTITUDE 0.129081 4.656351 -0.309002
126.384 2 INS 8273 10534 -179860064 -456130 -2081421 -1740447104 13927 -421 -28347
126.384 2 SERIAL_COM 418 -13085 206 -14234 0 0 0 14 319 80 76 0 0 0 0 0
126.385 2 ATTITUDE 0.123128 4.567975 -0.274634
126.398 2 INS 8273 10534 -179902544 -456130 -2081421 -1740520704 17302 -3684 1825
126.414 2 GPS_SOL 33 12 90 25
126.430 2 GPS_INT 0 0 0 404516054 -37286237 703396 653160 0 0 0 33 12 294279250 90 25 3 1
126.431 2 ATTITUDE 0.152752 4.491818 -0.260102
126.462 2 INS 8194 10283 -179945008 -817888 -2034235 -1740799360 26175 6942 -6145
126.478 2 ATTITUDE 0.163515 4.414144 -0.233831
126.478 2 IMU_MAG_RAW 255 0 0 0
126.510 2 INS 8194 10283 -179987520 -817888 -2034235 -1740919808 2536 3930 15469
126.511 2 GPS 3 43821629 447813775 2525 653160 415 6 2395 294279250 30 0
126.526 2 ATTITUDE 0.170979 4.346215 -0.213298
126.558 2 INS 8194 10283 -180030016 -817888 -2034235 -1741046528 15941 -20377 -9803
126.595 2 ROTORCRAFT_FP 10283 8194 180038512 -2034235 -817888 1741053568 706 -813 17617 0 0 0 0 7995 0
126.596 2 GPS_INT 0 0 0 404516054 -37286237 703396 653160 0 0 0 33 12 294279250 90 25 3 1
126.596 2 ATTITUDE 0.17168 4.267555 -0.197384
126.622 2 INS 8194 10283 -180072528 -817888 -2034235 -1741210752 11232 1656 1792
126.622 2 STATIC_CONTROL 0 0. 0 0. 0. 0. 0. 0. 0. 0. 0. 0. 0.
126.623 2 ATTITUDE 0.185934 4.20158 -0.170953
126.653 2 INS 8194 10283 -180115024 -817888 -2034235 -1741250304 14305 -12562 -3962
126.669 2 ATTITUDE 0.204609 4.136705 -0.144599
126.735 2 GVF_PARAMETRIC 5 1 0.202755 -6.,15.398438,4.558594,27.417969,28.609375,49.796875,50.96875,67.96875,0.,0.,0.,0.,0.,0.,0.,0. -0.841014,-0.043851
126.736 2 INS 8066 10060 -180157536 -1174404 -1625291 -1741454464 6687 -4332 -10443
126.736 2 GPS_INT 0 0 0 404516009 -37286340 703346 653110 0 0 0 33 14 294279500 90 25 3 1
126.737 2 ATTITUDE 0.202874 4.077731 -0.117249
126.750 2 INS 8066 10060 -180200064 -1174404 -1625291 -1741518976 12948 -1810 6285
126.766 2 GPS 3 43821541 447813726 2423 653110 382 -8 2395 294279500 30 0
126.767 2 ATTITUDE 0.227622 4.007742 -0.102235
126.798 2 INS 8066 10060 -180242576 -1174404 -1625291 -1741679616 3579 -18899 9486
126.814 2 ROVER_CTRL 2.5 0.086293 2817.442139 -0.585146 1400. 600. 1000. -122.876869 120.809509 20.027161 2.413707 0.
126.868 2 ROTORCRAFT_FP 10060 8066 180251120 -1625291 -1174404 1741589248 841 -400 16298 0 0 0 0 7995 0
126.869 2 ATTITUDE 0.239011 3.947246 -0.097122
126.869 2 INS 8066 10060 -180285088 -1174404 -1625291 -1741913088 19042 -16560 -32178
126.869 2 SERIAL_COM 418 -151 -7903 -31601 0 0 0 14 319 80 76 0 0 0 0 0
126.878 2 LINK_REPORT 2 -1 127 0 386500 8703 0 2926. 65. 35 38.58
126.895 2 GPS_INT 0 0 0 404516009 -37286340 703346 653110 0 0 0 33 14 294279500 90 25 3 1
126.895 2 ALIVE 122,195,7,233,5,247,195,75,60,187,26,129,128,90,246,93
126.895 2 ATTITUDE 0.224571 3.91089 -0.081773
126.910 2 INS 8066 10060 -180327616 -1174404 -1625291 -1741899136 21783 -24041 -19989
126.926 2 ATTITUDE 0.199327 3.859624 -0.065132
126.958 2 INS 7895 9886 -180370160 -1551891 -1121975 -1742063744 8443 -20161 -254
126.974 2 ATTITUDE 0.234217 3.794544 -0.03835
127.016 2 INS 7895 9886 -180412720 -1551891 -1121975 -1742017280 3920 -5355 -8374
127.017 2 GPS 3 43821474 447813658 2300 653095 364 -14 2395 294279750 30 0
127.042 2 GPS_INT 0 0 0 404515948 -37286419 703331 653095 0 0 0 33 15 294279750 90 26 3 1
127.043 2 ATTITUDE 0.236061 3.741725 -0.030538
127.058 2 INS 7895 9886 -180455248 -1551891 -1121975 -1742246144 7396 -6199 -3858
127.074 2 ROTORCRAFT_FP 9886 7895 180463760 -1121975 -1551891 1742271616 1034 -96 15228 0 0 0 0 7995 0
127.075 2 ATTITUDE 0.249 3.717433 -0.021879
127.128 2 GVF_PARAMETRIC 5 1 0.200193 6.,18.136719,41.308594,44.878906,19.75,29.046875,61.347656,53.699219,0.,0.,0.,0.,0.,0.,0.,0. -0.947201,-0.054046
127.128 2 INS 7895 9886 -180497776 -1551891 -1121975 -1742364544 4705 -11420 -11103
127.128 2 DL_VALUE 58 0.
127.128 2 ATTITUDE 0.284007 3.701565 -0.02744
127.159 2 INS 7895 9886 -180540320 -1551891 -1121975 -1742530432 20101 6898 -17935
127.175 2 GPS_INT 0 0 0 404515948 -37286419 703331 653095 0 0 0 33 15 294279750 90 26 3 1
127.176 2 ATTITUDE 0.276247 3.736525 -0.032738
127.207 2 INS 7895 9886 -180582864 -1551891 -1121975 -1742666752 5868 -12956 941
127.223 2 ATTITUDE 0.269633 3.769399 -0.054678
127.255 2 INS 7690 9784 -180625440 -1782577 -513801 -1742862720 9939 -1551 -3633
127.271 2 GPS 3 43821433 447813580 2140 653098 353 -1 2395 294280000 30 0
127.272 2 ATTITUDE 0.286268 3.79776 -0.054263
127.287 2 ROTORCRAFT_NAV_STATUS 52 52 0. 0. 5 0 2
127.287 2 IMU_MAG_RAW 255 0 0 0
127.303 2 INS 7690 9784 -180668016 -1782577 -513801 -1742971392 12178 -11976 -4196
127.341 2 ROVER_CTRL 2.5 0.086293 2817.442139 -0.585146 1400. 600. 1000. -122.876869 120.809509 20.027161 2.413707 0.
127.342 2 ROTORCRAFT_FP 9784 7690 180676480 -513801 -1782577 1743057536 1216 -242 15594 0 0 0 0 7995 0
127.370 2 GPS_INT 0 0 0 404515877 -37286466 703334 653098 0 0 0 33 14 294280000 90 26 3 1
127.371 2 ATTITUDE 0.300583 3.81157 -0.066322
127.371 2 INS 7690 9784 -180710528 -1782577 -513801 -1743201536 3971 -6753 1665
127.371 2 ATTITUDE 0.307527 3.831485 -0.061624
127.399 2 INS 7690 9784 -180753088 -1782577 -513801 -1743482240 5413 -2496 -18158
127.415 2 ATTITUDE 0.299541 3.838212 -0.088737
127.447 2 INS 7459 9722 -180795664 -1955592 -450887 -1743672448 -886 -8000 -30474
127.476 2 GPS_INT 0 0 0 404515796 -37286495 703331 653096 0 0 0 33 14 294280250 90 26 3 1
127.477 2 ATTITUDE 0.309654 3.840808 -0.070714
127.529 2 GVF_PARAMETRIC 5 1 0.196813 0.,0.199,0.199,0.546583,0.546583,0.05,61.347656,53.699219,0.,0.,0.,0.,0.,0.,0.,0. -0.936382,-0.097098
127.530 2 INS 7459 9722 -180838224 -1955592 -450887 -1743813376 10947 -6761 -1029
127.530 2 GPS 3 43821408 447813490 2015 653096 382 -8 2395 294280250 30 0
127.531 2 ATTITUDE 0.308857 3.840216 -0.064339
127.585 2 INS 7459 9722 -180880784 -1955592 -450887 -1744091520 6908 8025 -31887
127.585 2 ROTORCRAFT_FP 9722 7459 180889296 -450887 -1955592 1744128128 1305 -260 15711 0 0 0 0 7995 0
127.586 2 ATTITUDE 0.312783 3.833297 -0.074153
127.586 2 WP_MOVED_ENU 1 0 0 2560
127.586 2 WP_MOVED_ENU 1 0 0 2560
127.615 2 INS 7459 9722 -180923360 -1955592 -450887 -1744282112 5057 -3302 -7236
127.616 2 STATIC_CONTROL 0 0. 0 0. 0. 0. 0. 0. 0. 0. 0. 0. 0.
127.641 2 GPS_INT 0 0 0 404515796 -37286495 703331 653096 0 0 0 33 14 294280250 90 26 3 1
127.642 2 ATTITUDE 0.306076 3.821618 -0.07985
127.657 2 INS 7459 9722 -180965920 -1955592 -450887 -1744493952 -3085 -2447 -2549
127.657 2 ROVER_STATUS 0 53 3 0 1 419 7.44447
127.673 2 ATTITUDE 0.300026 3.815592 -0.065452
127.705 2 INS 7216 9653 -181008528 -2013264 -665845 -1744727808 898 3704 -8108
127.721 2 ATTITUDE 0.303658 3.810737 -0.071281
127.753 2 INS 7216 9653 -181051120 -2013264 -665845 -1744990720 8297 1160 -32976
127.790 2 GPS 3 43821380 447813395 1995 653073 403 -12 2395 294280500 30 0
127.791 2 GPS_INT 0 0 0 404515710 -37286527 703309 653073 0 0 0 33 14 294280500 93 25 3 1
127.791 2 STATE_FILTER_STATUS 6 3 0
127.791 2 ATTITUDE 0.32006 3.798797 -0.077556
127.833 2 INS 7216 9653 -181093712 -2013264 -665845 -1745076352 13763 3417 -15968
127.833 2 ROVER_CTRL 2.5 0.086293 2817.442139 -0.585146 1400. 600. 1000. -122.876869 120.809509 20.027161 2.413707 0.
127.834 2 ROTORCRAFT_FP 9653 7216 181102224 -665845 -2013264 1745195008 1263 -253 15552 0 0 0 0 7995 0
127.834 2 ATTITUDE 0.325905 3.791949 -0.059691
127.849 2 INS 7216 9653 -181136320 -2013264 -665845 -1745337344 6891 -6735 -9516
127.878 2 LINK_REPORT 2 -1 128 0 389476 8771 0 2976. 68. 35 38.58
127.880 2 SERIAL_COM 419 -23650 -5623 -9265 0 0 0 14 320 80 76 0 0 0 0 0
127.880 2 ATTITUDE 0.302107 3.77727 -0.0842
127.931 2 GVF_PARAMETRIC 5 1 0.191981 -6.,15.398438,4.558594,27.417969,28.609375,49.796875,50.96875,67.96875,0.,0.,0.,0.,0.,0.,0.,0. -0.828676,-0.027045
127.932 2 INS 7216 9653 -181178992 -2013264 -665845 -1745530240 10951 -4228 -2312
127.932 2 GPS_INT 0 0 0 404515622 -37286569 703317 653081 0 0 0 33 14 294280750 90 26 3 1
127.932 2 ATTITUDE 0.305718 3.7585 -0.076531
127.947 2 INS 6968 9561 -181221536 -2065692 -723516 -1745763968 5716 -12280 -1354
127.963 2 ATTITUDE 0.304778 3.745811 -0.08505
128.011 2 INS 6968 9561 -181264160 -2065692 -723516 -1745937792 6199 -5734 -9765
128.011 2 GPS 3 43821344 447813298 1992 653081 416 -5 2395 294280750 30 0
128.027 2 ATTITUDE 0.297172 3.738091 -0.079005
128.043 2 INS 6968 9561 -181306800 -2065692 -723516 -1746078080 3740 -1685 5019
128.107 2 ROTORCRAFT_FP 9561 6968 181315344 -723516 -2065692 1746071936 1174 -354 15315 0 0 0 0 7995 0
128.108 2 GPS_INT 0 0 0 404515622 -37286569 703317 653081 0 0 0 33 14 294280750 90 26 3 1
128.108 2 ATTITUDE 0.262402 3.743802 -0.06651
128.109 2 IMU_MAG_RAW 255 0 0 0
128.109 2 INS 6968 9561 -181349440 -2065692 -723516 -1746340608 7343 -7123 5382
128.123 2 ATTITUDE 0.266003 3.735933 -0.078863
128.155 2 INS 6968 9561 -181392096 -2065692 -723516 -1746537216 6442 -2773 1027
128.171 2 ATTITUDE 0.27935 3.731266 -0.069635
128.202 2 INS_REF 485058561 -31614701 411670235 404513171 -37290972 700771 650535 0.
128.202 2 INS 6712 9464 -181434720 -2039478 -812645 -1746777728 969 -5045 7684
128.229 2 GPS_INT 0 0 0 404515533 -37286613 703327 653091 0 0 0 34 14 294281000 87 26 3 1
128.229 2 ATTITUDE 0.26343 3.712473 -0.072546
128.260 2 INS 6712 9464 -181477360 -2039478 -812645 -1746962048 464 -12208 -3480
128.260 2 GPS 3 43821305 447813199 2006 653091 418 -12 2395 294281000 30 0
128.276 2 ATTITUDE 0.247808 3.708872 -0.054049
128.383 2 GVF_PARAMETRIC 5 1 0.185959 6.,18.136719,41.308594,44.878906,19.75,29.046875,61.347656,53.699219,0.,0.,0.,0.,0.,0.,0.,0. -0.702118,-0.059767
128.384 2 INS 6712 9464 -181520080 -2039478 -812645 -1747231744 5903 -10968 -3775
128.384 2 ROVER_CTRL 2.5 0.086293 2817.442139 -0.585146 1400. 600. 1000. -122.876869 120.809509 20.027161 2.413707 0.
128.384 2 ROTORCRAFT_FP 9464 6712 181528560 -812645 -2039478 1747223936 1026 -308 15162 0 0 0 0 7995 0
128.385 2 ATTITUDE 0.272091 3.703082 -0.078229
128.385 2 INS 6712 9464 -181562688 -2039478 -812645 -1747489920 -6700 -2444 -17453
128.385 2 SERIAL_COM 420 -38 8452 -23264 0 0 0 14 321 80 76 0 0 0 0 0
128.386 2 GPS_INT 0 0 0 404515533 -37286613 703327 653091 0 0 0 34 14 294281000 87 26 3 1
128.386 2 ATTITUDE 0.27646 3.686249 -0.082349
128.409 2 INS 6712 9464 -181605344 -2039478 -812645 -1747570432 15804 4643 -22681
128.409 2 GPS_SOL 34 15 87 26
128.425 2 ATTITUDE 0.278981 3.676027 -0.057859
128.441 2 INS 6464 9359 -181648000 -1997535 -854588 -1747739904 3371 2081 -10244
128.473 2 ATTITUDE 0.26721 3.66769 -0.067335
128.505 2 INS 6464 9359 -181690656 -1997535 -854588 -1747942528 -3708 -10427 -11417
128.505 2 GPS 3 43821263 447813102 2020 653108 413 2 2395 294281250 30 0
128.531 2 GPS_INT 0 0 0 404515445 -37286662 703344 653108 0 0 0 34 15 294281250 87 26 3 1
128.531 2 ATTITUDE 0.278023 3.666106 -0.071655
128.547 2 INS 6464 9359 -181733344 -1997535 -854588 -1748083968 4946 3434 -13414
128.573 2 ROTORCRAFT_FP 9359 6464 181741872 -854588 -1997535 1748195200 1244 -327 14988 0 0 0 0 7995 0
128.573 2 ATTITUDE 0.293653 3.661834 -0.07199
128.616 2 INS 6464 9359 -181776032 -1997535 -854588 -1748321280 -7440 -3776 -9314
128.616 2 STATIC_CONTROL 0 0. 0 0. 0. 0. 0. 0. 0. 0. 0. 0. 0.
128.617 2 ATTITUDE 0.295883 3.651552 -0.06245
128.648 2 INS 6464 9359 -181818720 -1997535 -854588 -1748509184 12140 7883 -15290
128.674 2 GPS_INT 0 0 0 404515445 -37286662 703344 653108 0 0 0 34 15 294281250 87 26 3 1
128.674 2 ATTITUDE 0.289116 3.644743 -0.07079
128.728 2 GVF_PARAMETRIC 5 1 0.18018 0.,0.199,0.199,0.546583,0.546583,0.05,61.347656,53.699219,0.,0.,0.,0.,0.,0.,0.,0. -0.507725,-0.024767
128.729 2 INS 6208 9254 -181861424 -2076178 -865074 -1748693888 5478 -1698 2196
128.729 2 DL_VALUE 59 0.
128.729 2 ATTITUDE 0.286485 3.642462 -0.067662
128.757 2 INS 6208 9254 -181904128 -2076178 -865074 -1748951552 -2615 -7451 -2686
128.758 2 GPS 3 43821221 447813002 2023 653095 428 3 2395 294281500 30 0
128.773 2 ATTITUDE 0.272753 3.642937 -0.078776
128.806 2 INS 6208 9254 -181946784 -2076178 -865074 -1749110400 8324 -1329 4801
128.865 2 ROVER_CTRL 2.5 0.086293 2817.442139 -0.585146 1400. 600. 1000. -122.876869 120.809509 20.027161 2.413707 0.
128.865 2 ROTORCRAFT_FP 9254 6208 181955376 -865074 -2076178 1749137920 1094 -311 14941 0 0 0 0 7995 0
128.865 2 GPS_INT 0 0 0 404515355 -37286711 703331 653095 0 0 0 34 15 294281500 89 25 3 1
128.870 2 ATTITUDE 0.273289 3.648588 -0.069335
128.870 2 INS 6208 9254 -181989488 -2076178 -865074 -1749313664 -3655 -9825 1999
128.870 2 SERIAL_COM 420 -1698 5478 2196 0 0 0 14 321 80 76 0 0 0 0 0
128.870 2 ATTITUDE 0.27728 3.656217 -0.07964
128.879 2 LINK_REPORT 2 -1 129 0 392626 8840 0 3150. 69. 35 38.58
128.908 2 ROTORCRAFT_NAV_STATUS 53 53 0. 0. 5 0 2
128.908 2 WP_MOVED_ENU 2 -276 -3691 2560
128.908 2 WP_MOVED_ENU 2 -276 -3691 2560
128.908 2 IMU_MAG_RAW 255 0 0 0
128.908 2 INS 6208 9254 -182032192 -2076178 -865074 -1749583104 -4186 -16022 -10769
128.923 2 ATTITUDE 0.275484 3.658519 -0.088662
128.940 2 INS 5952 9139 -182074912 -2091907 -880803 -1749808896 10097 -2095 -15652
128.972 2 GPS_INT 0 0 0 404515265 -37286763 703391 653155 0 0 0 34 14 294281750 87 26 3 1
128.972 2 ATTITUDE 0.262306 3.658784 -0.097408
129.016 2 INS 5952 9139 -182117632 -2091907 -880803 -1750002048 7663 2117 -9048
129.017 2 GPS 3 43821176 447812903 2026 653155 432 1 2395 294281750 30 0
129.017 2 ATTITUDE 0.261639 3.652353 -0.078984
129.048 2 INS 5952 9139 -182160368 -2091907 -880803 -1750153856 4331 720 3621
129.075 2 ROTORCRAFT_FP 9139 5952 182168912 -880803 -2091907 1750200832 1057 -396 14938 0 0 0 0 7995 0
129.075 2 ATTITUDE 0.263599 3.641422 -0.10046
129.154 2 GVF_PARAMETRIC 5 1 0.175311 -6.,15.398438,4.558594,27.417969,28.609375,49.796875,50.96875,67.96875,0.,0.,0.,0.,0.,0.,0.,0. -0.385085,-0.130085
129.154 2 INS 5952 9139 -182203104 -2091907 -880803 -1750484224 3183 -5845 -20332
129.155 2 GPS_INT 0 0 0 404515265 -37286763 703391 653155 0 0 0 34 14 294281750 87 26 3 1
129.155 2 ATTITUDE 0.27174 3.634802 -0.10174
129.155 2 INS 5952 9139 -182245824 -2091907 -880803 -1750661632 10906 -5869 -18557
129.155 2 ROVER_STATUS 0 54 3 0 1 421 7.576934
129.169 2 ATTITUDE 0.266728 3.622484 -0.104508
129.212 2 INS 5952 9139 -182288576 -2091907 -880803 -1750886400 2552 4687 -31795
129.213 2 DATALINK_REPORT 4 99 28912 3066 0 5
129.213 2 ATTITUDE 0.259478 3.626802 -0.083925
129.244 2 INS 5696 9021 -182331312 -2097150 -933231 -1751090944 3487 -5220 -37053
129.260 2 GPS 3 43821129 447812803 2034 653236 437 7 2395 294282000 30 0
129.317 2 GPS_INT 0 0 0 404515175 -37286817 703472 653236 0 0 0 34 13 294282000 87 26 3 1
129.317 2 ATTITUDE 0.245543 3.627758 -0.089378
129.318 2 INS 5696 9021 -182374048 -2097150 -933231 -1751258624 6449 -2501 -27861
129.318 2 ROVER_CTRL 2.5 0.086293 2817.442139 -0.585146 1400. 600. 1000. -122.876869 120.809509 20.027161 2.413707 0.
129.353 2 ROTORCRAFT_FP 9021 5696 182382592 -933231 -2097150 1751272064 1064 -376 14832 0 0 0 0 7995 0
129.354 2 ATTITUDE 0.245475 3.626913 -0.091276
129.354 2 INS 5696 9021 -182416800 -2097150 -933231 -1751499264 332 -6012 -7358
129.355 2 SERIAL_COM 421 2394 5335 9929 0 0 0 14 322 80 76 0 0 0 0 0
129.371 2 ATTITUDE 0.259008 3.623731 -0.096274
129.401 2 INS 5696 9021 -182459568 -2097150 -933231 -1751650560 -3948 -9100 -10252
129.428 2 GPS_INT 0 0 0 404515175 -37286817 703472 653236 0 0 0 34 13 294282000 87 26 3 1
129.428 2 ATTITUDE 0.246438 3.627597 -0.078412
129.443 2 INS 5437 8906 -182502336 -2102392 -901774 -1751775488 -3824 -5946 -5097
129.459 2 ATTITUDE 0.257289 3.622784 -0.087548
129.527 2 GVF_PARAMETRIC 5 1 0.171856 6.,18.136719,41.308594,44.878906,19.75,29.046875,61.347656,53.699219,0.,0.,0.,0.,0.,0.,0.,0. -0.329897,-0.267284
129.527 2 INS 5437 8906 -182545104 -2102392 -901774 -1751961472 2772 -9333 -1170
129.528 2 GPS 3 43821083 447812703 2032 653277 435 3 2395 294282250 30 0
129.528 2 ATTITUDE 0.264933 3.618008 -0.078734
129.542 2 INS 5437 8906 -182587888 -2102392 -901774 -1752266368 -10542 -9398 -14317
129.620 2 ROTORCRAFT_FP 8906 5437 182596448 -901774 -2102392 1752289152 1052 -336 14833 0 0 0 0 7995 0
129.621 2 GPS_INT 0 0 0 404515084 -37286871 703513 653277 0 0 0 34 12 294282250 90 26 3 1
129.621 2 ALIVE 122,195,7,233,5,247,195,75,60,187,26,129,128,90,246,93
129.622 2 ATTITUDE 0.243275 3.614739 -0.078705
129.622 2 INS 5437 8906 -182630672 -2102392 -901774 -1752464896 -231 -7873 8844
129.622 2 STATIC_CONTROL 0 0. 0 0. 0. 0. 0. 0. 0. 0. 0. 0. 0.
129.622 2 ATTITUDE 0.236747 3.617796 -0.099265
129.652 2 INS 5437 8906 -182673472 -2102392 -901774 -1752743040 -2573 -10454 -13078
129.668 2 ATTITUDE 0.237176 3.616425 -0.099348
129.684 2 IMU_MAG_RAW 255 0 0 0
129.700 2 INS 5176 8783 -182716272 -2118121 -985660 -1752892160 656 -10372 -9074
129.726 2 GPS_INT 0 0 0 404514993 -37286927 703568 653333 0 0 0 34 12 294282500 91 25 3 1
129.727 2 ATTITUDE 0.239902 3.60818 -0.108168
129.765 2 INS 5176 8783 -182759072 -2118121 -985660 -1753101824 -4927 -14110 -6478
129.766 2 ENERGY 83 7.603426 2.45 18.628395 6.366826 0.103417 0.804624
129.766 2 GPS 3 43821034 447812602 2042 653333 444 4 2395 294282500 30 0
129.766 2 ATTITUDE 0.238796 3.60551 -0.091988
129.835 2 INS 5176 8783 -182801872 -2118121 -985660 -1753311360 -6876 -11317 -13826
129.836 2 ROVER_CTRL 2.5 0.086293 2817.442139 -0.585146 1400. 600. 1000. -122.876869 120.809509 20.027161 2.413707 0.
129.836 2 ROTORCRAFT_FP 8783 5176 182810480 -985660 -2118121 1753417216 989 -406 14726 0 0 0 0 7995 0
129.837 2 ATTITUDE 0.246065 3.596764 -0.099661
129.851 2 INS 5176 8783 -182844672 -2118121 -985660 -1753437568 7273 1312 -10276
129.852 2 SERIAL_COM 421 -8206 -9736 -11859 0 0 0 14 322 80 76 0 0 0 0 0
129.877 2 GPS_INT 0 0 0 404514993 -37286927 703568 653333 0 0 0 34 12 294282500 91 25 3 1
129.878 2 ATTITUDE 0.260614 3.588893 -0.081227
129.880 2 LINK_REPORT 2 -1 130 0 395747 8911 0 3121. 71. 35 38.58
129.914 2 GVF_PARAMETRIC 5 1 0.168997 0.,0.199,0.199,0.546583,0.546583,0.05,61.347656,53.699219,0.,0.,0.,0.,0.,0.,0.,0. -0.248899,-0.314893
129.915 2 INS 5176 8783 -182887488 -2118121 -985660 -1753652096 3384 -3136 -3318
129.915 2 ATTITUDE 0.271639 3.582026 -0.075967
129.946 2 INS 4917 8663 -182930304 -2165307 -927988 -1753882112 -6307 -3361 -2368
129.962 2 ATTITUDE 0.263259 3.579407 -0.076164
130.021 2 INS 4917 8663 -182973120 -2165307 -927988 -1754006656 8914 878 -7737
130.021 2 GPS 3 43820986 447812500 2035 653383 449 10 2395 294282750 30 0
130.022 2 GPS_INT 0 0 0 404514901 -37286983 703619 653383 0 0 0 34 11 294282750 91 25 3 1
130.022 2 ATTITUDE 0.256742 3.585629 -0.068083
130.037 2 INS 4917 8663 -183015936 -2165307 -927988 -1754209536 -6835 -3723 -11275
130.069 2 ROTORCRAFT_FP 8663 4917 183024496 -927988 -2165307 1754203008 1094 -304 14703 0 0 0 0 7995 0
130.070 2 ATTITUDE 0.261999 3.586343 -0.085898
130.101 2 INS 4917 8663 -183058768 -2165307 -927988 -1754450560 -2774 -1676 -18200
130.117 2 ATTITUDE 0.268707 3.592079 -0.087674
130.149 2 INS 4917 8663 -183101600 -2165307 -927988 -1754624256 -673 2454 -3628
130.180 2 GPS_INT 0 0 0 404514901 -37286983 703619 653383 0 0 0 34 11 294282750 91 25 3 1
130.181 2 ATTITUDE 0.275475 3.586597 -0.08885
130.181 2 WP_MOVED_ENU 3 3942 4643 2974
130.181 2 WP_MOVED_ENU 3 3942 4643 2974
130.196 2 INS 4917 8663 -183144432 -2165307 -927988 -1754843136 6943 -6102 -8201
130.212 2 ATTITUDE 0.266953 3.583767 -0.093148
130.254 2 INS 4651 8537 -183187280 -2123364 -964689 -1755053184 8002 -8745 7232
130.255 2 GPS 3 43820937 447812397 2040 653429 444 2 2395 294283000 30 0
130.270 2 ATTITUDE 0.269888 3.580616 -0.100397
130.377 2 GVF_PARAMETRIC 5 1 0.16665 -6.,15.398438,4.558594,27.417969,28.609375,49.796875,50.96875,67.96875,0.,0.,0.,0.,0.,0.,0.,0. -0.253209,-0.484621
130.378 2 INS 4651 8537 -183230176 -2123364 -964689 -1755307392 10258 -6745 -1951
130.378 2 ROVER_CTRL 2.5 0.086293 2817.442139 -0.585146 1400. 600. 1000. -122.876869 120.809509 20.027161 2.413707 0.
130.378 2 ROTORCRAFT_FP 8537 4651 183238688 -964689 -2123364 1755310464 1073 -364 14701 0 0 0 0 7995 0
130.379 2 GPS_INT 0 0 0 404514808 -37287040 703665 653429 0 0 0 33 11 294283000 91 25 3 1
130.379 2 DL_VALUE 60 0.
130.379 2 ATTITUDE 0.271199 3.585424 -0.085633
130.379 2 INS 4651 8537 -183272992 -2123364 -964689 -1755509504 4707 4758 -16445
130.380 2 PONG 
130.380 2 SERIAL_COM 422 -7631 -9232 -933 0 0 0 14 323 80 76 0 0 0 0 0
130.380 2 ATTITUDE 0.274333 3.583389 -0.100895
130.406 2 INS 4651 8537 -183315824 -2123364 -964689 -1755728896 -1080 -3154 -3540
130.406 2 GPS_SOL 33 11 91 25
130.406 2 ATTITUDE 0.279103 3.59087 -0.093858
130.438 2 INS 4390 8417 -183358704 -2118121 -938474 -1755948544 548 3332 -17342
130.467 2 GPS_INT 0 0 0 404514716 -37287095 703663 653427 0 0 0 33 11 294283250 88 26 3 1
130.468 2 ATTITUDE 0.284082 3.620333 -0.0976
130.498 2 ROTORCRAFT_NAV_STATUS 55 55 0. 0. 5 0 2
130.498 2 IMU_MAG_RAW 255 0 0 0
130.498 2 INS 4390 8417 -183401632 -2118121 -938474 -1756172416 405 3622 -6046
130.499 2 GPS 3 43820889 447812296 2039 653427 440 -12 2395 294283250 30 0
130.514 2 ATTITUDE 0.283871 3.650128 -0.117022
130.546 2 INS 4390 8417 -183444464 -2118121 -938474 -1756448000 -19011 -5687 -25996
130.572 2 ROTORCRAFT_FP 8417 4390 183453072 -938474 -2118121 1756434176 1198 -475 15107 0 0 0 0 7995 0
130.573 2 ATTITUDE 0.288288 3.705768 -0.12158
130.588 2 INS 4390 8417 -183487344 -2118121 -938474 -1756643200 -9323 8291 -26763
130.604 2 STATIC_CONTROL 0 0. 0 0. 0. 0. 0. 0. 0. 0. 0. 0. 0.
130.657 2 GPS_INT 0 0 0 404514716 -37287095 703663 653427 0 0 0 33 11 294283250 88 26 3 1
130.658 2 ATTITUDE 0.295739 3.772431 -0.133868
130.658 2 INS 4390 8417 -183530208 -2118121 -938474 -1756890368 -1743 -2683 965
130.658 2 ROVER_STATUS 0 56 3 0 1 422 7.576934
130.658 2 ATTITUDE 0.312616 3.838257 -0.144751
130.712 2 GVF_PARAMETRIC 5 1 0.164493 6.,18.136719,41.308594,44.878906,19.75,29.046875,61.347656,53.699219,0.,0.,0.,0.,0.,0.,0.,0. -0.208462,-0.555905
130.713 2 INS 4139 8281 -183573104 -1861220 -1221589 -1757158912 -5582 4374 -14684
130.713 2 ATTITUDE 0.290765 3.900962 -0.162623
130.754 2 INS 4139 8281 -183615984 -1861220 -1221589 -1757406080 -12530 1411 -11834
130.754 2 GPS 3 43820835 447812198 2088 653409 423 -6 2395 294283500 30 0
130.770 2 GPS_INT 0 0 0 404514628 -37287158 703645 653409 0 0 0 33 12 294283500 88 25 3 1
130.770 2 ATTITUDE 0.261927 3.961752 -0.169949
130.786 2 INS 4139 8281 -183658880 -1861220 -1221589 -1757499008 -16395 6575 6197
130.827 2 ROVER_CTRL 2.5 0.086293 2817.442139 -0.585146 1400. 600. 1000. -122.876869 120.809509 20.027161 2.413707 0.
130.827 2 ROTORCRAFT_FP 8281 4139 183667456 -1221589 -1861220 1757689344 1038 -742 16398 0 0 0 0 7995 0
130.828 2 ATTITUDE 0.279741 4.027049 -0.187868
130.855 2 INS 4139 8281 -183701808 -1861220 -1221589 -1757918464 -22950 2130 -16387
130.855 2 SERIAL_COM 422 -2822 -18460 -10006 0 0 0 14 323 80 76 0 0 0 0 0
130.856 2 ATTITUDE 0.273909 4.091805 -0.225646
130.881 2 LINK_REPORT 2 -1 131 0 398828 8981 0 3081. 70. 36 72.55
130.887 2 INS 4139 8281 -183744720 -1861220 -1221589 -1758198272 -9238 -6078 306
130.916 2 GPS_INT 0 0 0 404514628 -37287158 703645 653409 0 0 0 33 12 294283500 88 25 3 1
130.916 2 ATTITUDE 0.255352 4.143386 -0.21741
130.948 2 INS 3942 8112 -183787680 -1284504 -1515190 -1758344320 -14106 -16237 -7810
130.948 2 STATE_FILTER_STATUS 6 3 0
130.964 2 ATTITUDE 0.202885 4.224487 -0.236937
130.996 2 INS 3942 8112 -183830608 -1284504 -1515190 -1758526464 862 1195 9569
130.996 2 GPS 3 43820768 447812122 2194 653420 378 8 2395 294283750 30 0
131.012 2 ATTITUDE 0.210019 4.282088 -0.2455
131.044 2 INS 3942 8112 -183873568 -1284504 -1515190 -1758890112 -25372 -4128 -14976
131.081 2 ROTORCRAFT_FP 8112 3942 183882160 -1515190 -1284504 1758918272 814 -1056 17726 0 0 0 0 7995 0
131.081 2 GPS_INT 0 0 0 404514559 -37287236 703656 653420 0 0 0 33 14 294283750 91 24 3 1
131.082 2 ATTITUDE 0.185164 4.350694 -0.26836
131.118 2 GVF_PARAMETRIC 5 1 0.162572 0.,0.199,0.199,0.546583,0.546583,0.05,61.347656,53.699219,0.,0.,0.,0.,0.,0.,0.,0. -0.256326,-0.711516
131.119 2 INS 3942 8112 -183916512 -1284504 -1515190 -1759136128 -12228 4900 700
131.119 2 ATTITUDE 0.165175 4.391139 -0.272256
131.134 2 INS 3942 8112 -183959456 -1284504 -1515190 -1759319680 -2233 6424 1094
131.166 2 ATTITUDE 0.144238 4.405912 -0.280478
131.198 2 INS 3942 8112 -184002416 -1284504 -1515190 -1759614848 10174 6973 -550
131.214 2 GPS_INT 0 0 0 404514514 -37287326 703642 653407 0 0 0 33 15 294284000 90 24 3 1
131.214 2 ATTITUDE 0.143611 4.391666 -0.290109
131.256 2 INS 3816 7915 -184045392 -713031 -1646262 -1759838976 4546 -553 -12146
131.256 2 GPS 3 43820691 447812073 2323 653407 341 -4 2395 294284000 30 0
131.257 2 ATTITUDE 0.142231 4.362893 -0.282309
131.272 2 IMU_MAG_RAW 255 0 0 0
131.288 2 INS 3816 7915 -184088352 -713031 -1646262 -1760117248 -19470 -7649 -24332
131.327 2 ROVER_CTRL 2.5 0.086293 2817.442139 -0.585146 1400. 600. 1000. -122.876869 120.809509 20.027161 2.413707 0.
131.327 2 ROTORCRAFT_FP 7915 3816 184096992 -1646262 -713031 1760173440 574 -1173 17807 0 0 0 0 7995 0
131.328 2 ATTITUDE 0.136957 4.331556 -0.288802
131.355 2 INS 3816 7915 -184131344 -713031 -1646262 -1760198016 139 5428 -5596
131.355 2 SERIAL_COM 423 -961 1243 968 0 0 0 14 324 80 76 0 0 0 0 0
131.372 2 GPS_INT 0 0 0 404514514 -37287326 703642 653407 0 0 0 33 15 294284000 90 24 3 1
131.372 2 ATTITUDE 0.122156 4.293888 -0.281849
131.387 2 INS 3816 7915 -184174304 -713031 -1646262 -1760563968 -8010 402 -20554
131.418 2 ATTITUDE 0.127373 4.262757 -0.292492
131.435 2 INS 3740 7687 -184217488 -445644 -2055207 -1760730368 7077 884 -13058
131.466 2 ATTITUDE 0.118426 4.24724 -0.275861
131.467 2 WP_MOVED_ENU 4 1167 10575 2972
131.482 2 WP_MOVED_ENU 4 1167 10575 2972
131.567 2 GVF_PARAMETRIC 5 1 0.160928 -6.,15.398438,4.558594,27.417969,28.609375,49.796875,50.96875,67.96875,0.,0.,0.,0.,0.,0.,0.,0. -0.366572,-0.778769
131.568 2 INS 3740 7687 -184260272 -445644 -2055207 -1761053952 -665 -8050 -15782
131.572 2 GPS 3 43820602 447812044 2482 653399 400 0 2395 294284250 30 0
131.573 2 GPS_INT 0 0 0 404514487 -37287431 703635 653399 0 0 0 33 15 294284250 91 26 3 1
131.573 2 ATTITUDE 0.102422 4.240581 -0.283451
131.573 2 INS 3740 7687 -184303280 -445644 -2055207 -1761258112 -6995 -15542 -36022
131.573 2 ROTORCRAFT_FP 7687 3740 184311872 -2055207 -445644 1761321984 392 -1158 17348 0 0 0 0 7995 0
131.574 2 ATTITUDE 0.104054 4.2367 -0.288837
131.583 2 INS 3740 7687 -184346288 -445644 -2055207 -1761371904 143 -287 -14474
131.599 2 STATIC_CONTROL 0 0. 0 0. 0. 0. 0. 0. 0. 0. 0. 0. 0.
131.614 2 ATTITUDE 0.102813 4.247612 -0.280472
131.647 2 INS 3740 7687 -184389280 -445644 -2055207 -1761576960 -2019 -10230 -7763
131.663 2 GPS_INT 0 0 0 404514487 -37287431 703635 653399 0 0 0 33 15 294284250 91 26 3 1
131.664 2 ATTITUDE 0.100447 4.239216 -0.274343
131.695 2 INS 3676 7434 -184432336 -498073 -2008021 -1761734784 5356 -8640 1956
131.710 2 ATTITUDE 0.09363 4.233794 -0.278168
131.753 2 INS 3676 7434 -184475360 -498073 -2008021 -1762037120 1800 -4139 -15372
131.753 2 GPS 3 43820503 447812020 2527 653409 393 0 2395 294284500 30 0
131.768 2 ATTITUDE 0.093726 4.205237 -0.268936
131.784 2 INS 3676 7434 -184518368 -498073 -2008021 -1762191360 15736 -3295 875
131.857 2 ROVER_CTRL 2.5 0.086293 2817.442139 -0.585146 1400. 600. 1000. -122.876869 120.809509 20.027161 2.413707 0.
131.857 2 ROTORCRAFT_FP 7434 3676 184526960 -2008021 -498073 1762119808 405 -1070 17134 0 0 0 0 7995 0
131.857 2 GPS_INT 0 0 0 404514465 -37287548 703645 653409 0 0 0 33 15 294284500 91 26 3 1
131.858 2 ATTITUDE 0.113038 4.172441 -0.250673
131.858 2 INS 3676 7434 -184561392 -498073 -2008021 -1762410496 9642 -8804 -6276
131.858 2 SERIAL_COM 423 5695 2696 -12074 0 0 0 14 324 80 76 0 0 0 0 0
131.858 2 ATTITUDE 0.111936 4.122379 -0.247289
131.881 2 LINK_REPORT 2 -1 132 0 401796 9047 0 2968. 66. 36 72.55
131.910 2 GVF_PARAMETRIC 5 1 0.159094 6.,18.136719,41.308594,44.878906,19.75,29.046875,61.347656,53.699219,0.,0.,0.,0.,0.,0.,0.,0. -0.398967,-0.794921
131.911 2 INS 3676 7434 -184604416 -498073 -2008021 -1762543104 5720 5902 -9789
131.911 2 DL_VALUE 61 255.
131.911 2 ATTITUDE 0.113374 4.080532 -0.233685
131.941 2 INS 3591 7180 -184647440 -786431 -2107635 -1762755328 7045 -9486 -6688
131.968 2 GPS_INT 0 0 0 404514435 -37287666 703686 653450 0 0 0 34 14 294284750 91 25 3 1
131.968 2 ATTITUDE 0.11002 4.039273 -0.225804
131.999 2 INS 3591 7180 -184690480 -786431 -2107635 -1762886016 551 -7722 -2749
131.999 2 GPS 3 43820402 447811988 2507 653450 428 2 2395 294284750 30 0
132.015 2 ATTITUDE 0.127647 3.995185 -0.196286
132.047 2 INS 3591 7180 -184733520 -786431 -2107635 -1763070848 2540 -5975 -11920
132.078 2 ROTORCRAFT_FP 7180 3591 184742128 -2107635 -786431 1763121280 551 -834 16185 0 0 0 0 7995 0
132.078 2 ATTITUDE 0.149352 3.928796 -0.204174
132.079 2 ROTORCRAFT_NAV_STATUS 57 57 0. 0. 5 0 2
132.079 2 IMU_MAG_RAW 255 0 0 0
132.094 2 INS 3591 7180 -184776560 -786431 -2107635 -1763250944 1713 -5428 -6299
132.110 2 GPS_INT 0 0 0 404514435 -37287666 703686 653450 0 0 0 34 14 294284750 91 25 3 1
132.110 2 ATTITUDE 0.172526 3.87952 -0.188809
132.142 2 INS 3591 7180 -184819616 -786431 -2107635 -1763464064 -3810 -18262 -6195
132.142 2 ROVER_STATUS 0 55 3 0 1 424 7.479794
132.157 2 ATTITUDE 0.174569 3.829339 -0.176681
132.190 2 INS 3591 7180 -184862672 -786431 -2107635 -1763433600 12152 -3025 -12395
132.206 2 ATTITUDE 0.170987 3.788153 -0.175455
132.248 2 INS 3466 6940 -184905728 -1200618 -1709177 -1763643904 -7 -24463 8549
132.249 2 GPS 3 43820309 447811940 2428 653481 397 6 2395 294285000 30 0
132.275 2 GPS_INT 0 0 0 404514391 -37287776 703716 653481 0 0 0 34 14 294285000 92 23 3 1
132.275 2 ALIVE 122,195,7,233,5,247,195,75,60,187,26,129,128,90,246,93
132.275 2 ATTITUDE 0.19756 3.775797 -0.175116
132.355 2 GVF_PARAMETRIC 5 1 0.157426 0.,0.199,0.199,0.546583,0.546583,0.05,61.347656,53.699219,0.,0.,0.,0.,0.,0.,0.,0. -0.538848,-0.874889
132.356 2 INS 3466 6940 -184948800 -1200618 -1709177 -1763761024 -3178 -12938 -4440
132.356 2 ROVER_CTRL 2.5 0.086293 2817.442139 -0.585146 1400. 600. 1000. -122.876869 120.809509 20.027161 2.413707 0.
132.357 2 ROTORCRAFT_FP 6940 3466 184957408 -1709177 -1200618 1763833088 864 -703 15466 0 0 0 0 7995 0
132.357 2 ATTITUDE 0.20596 3.790222 -0.176094
132.358 2 INS 3466 6940 -184991856 -1200618 -1709177 -1763986560 6080 -10257 9479
132.358 2 SERIAL_COM 424 -12938 -3178 -4440 0 0 0 14 325 80 76 0 0 0 0 0
132.358 2 ATTITUDE 0.196721 3.822125 -0.172595
132.397 2 INS 3466 6940 -185034928 -1200618 -1709177 -1764129408 -6798 -9653 -7590
132.398 2 GPS_SOL 34 14 92 23
132.414 2 GPS_INT 0 0 0 404514391 -37287776 703716 653481 0 0 0 34 14 294285000 92 23 3 1
132.414 2 ATTITUDE 0.199995 3.847054 -0.171303
132.445 2 INS 3302 6743 -185077984 -1436547 -1426062 -1764318080 -2705 -11113 -3147
132.461 2 ATTITUDE 0.21172 3.866812 -0.181
132.494 2 INS 3302 6743 -185121056 -1436547 -1426062 -1764473856 -346 -8867 -7843
132.494 2 GPS 3 43820232 447811876 2328 653480 386 -8 2395 294285250 30 0
132.509 2 ATTITUDE 0.227695 3.885059 -0.173784
132.541 2 INS 3302 6743 -185164128 -1436547 -1426062 -1764728064 2380 -6901 -14917
132.579 2 ROTORCRAFT_FP 6743 3302 185172784 -1426062 -1436547 1764709632 928 -740 15934 0 0 0 0 7995 0
132.579 2 GPS_INT 0 0 0 404514333 -37287866 703716 653480 0 0 0 34 14 294285250 91 25 3 1
132.580 2 ATTITUDE 0.228129 3.892655 -0.192106
132.608 2 INS 3302 6743 -185207216 -1436547 -1426062 -1764910848 4514 -3704 7610
132.609 2 STATIC_CONTROL 0 0. 0 0. 0. 0. 0. 0. 0. 0. 0. 0. 0.
132.609 2 ATTITUDE 0.22476 3.903296 -0.186125
132.640 2 INS 3302 6743 -185250336 -1436547 -1426062 -1765203456 -734 -10267 -1586
132.656 2 ATTITUDE 0.240483 3.905818 -0.196323
132.721 2 GVF_PARAMETRIC 5 1 0.15615 -6.,15.398438,4.558594,27.417969,28.609375,49.796875,50.96875,67.96875,0.,0.,0.,0.,0.,0.,0.,0. -0.573626,-0.941272
132.721 2 INS 3100 6568 -185293504 -1677720 -1457519 -1765280896 29 -5143 3917
132.721 2 GPS_INT 0 0 0 404514262 -37287947 703656 653421 0 0 0 34 15 294285500 91 25 3 1
132.722 2 ATTITUDE 0.241201 3.910577 -0.178129
132.746 2 INS 3100 6568 -185336560 -1677720 -1457519 -1765515904 -3211 -8548 576
132.747 2 GPS 3 43820163 447811798 2255 653421 423 1 2395 294285500 30 0
132.762 2 ATTITUDE 0.234105 3.91091 -0.188136
132.762 2 WP_MOVED_ENU 5 7019 11489 2974
132.778 2 WP_MOVED_ENU 5 7019 11489 2974
132.821 2 INS 3100 6568 -185379664 -1677720 -1457519 -1765643136 6004 -7785 -3443
132.822 2 ROVER_CTRL 2.5 0.086293 2817.442139 -0.585146 1400. 600. 1000. -122.876869 120.809509 20.027161 2.413707 0.
132.822 2 ROTORCRAFT_FP 6568 3100 185388336 -1457519 -1677720 1765781376 964 -775 16010 0 0 0 0 7995 0
132.823 2 ATTITUDE 0.236543 3.911781 -0.183592
132.875 2 INS 3100 6568 -185422784 -1677720 -1457519 -1765953408 -4434 -12161 -827
132.876 2 SERIAL_COM 424 -580 5216 -3461 0 0 0 14 325 80 76 0 0 0 0 0
132.876 2 GPS_INT 0 0 0 404514262 -37287947 703656 653421 0 0 0 34 15 294285500 91 25 3 1
132.877 2 ATTITUDE 0.249168 3.911672 -0.193808
132.877 2 IMU_MAG_RAW 255 0 0 0
132.882 2 LINK_REPORT 2 -1 133 0 404990 9119 0 3194. 72. 36 72.55
132.891 2 INS 3100 6568 -185465888 -1677720 -1457519 -1766116480 6441 663 -14766
132.907 2 ATTITUDE 0.248042 3.914174 -0.182163
132.939 2 INS 2885 6382 -185508992 -1703934 -1541405 -1766349568 7052 -9009 2516
132.955 2 ATTITUDE 0.234688 3.916595 -0.197154
132.997 2 INS 2885 6382 -185552128 -1714420 -1541405 -1766582528 -6694 -9248 -13978
132.998 2 GPS 3 43820088 447811714 2233 653428 438 4 2395 294285750 30 0
133.023 2 GPS_INT 0 0 0 404514186 -37288034 703664 653428 0 0 0 34 14 294285750 91 25 3 1
133.024 2 ATTITUDE 0.226768 3.924111 -0.188734
133.039 2 INS 2885 6382 -185595264 -1714420 -1541405 -1766804992 3316 -3213 -15383
133.066 2 ROTORCRAFT_FP 6382 2885 185603888 -1541405 -1714420 1766885376 915 -807 16055 0 0 0 0 7995 0
133.066 2 ATTITUDE 0.224307 3.929327 -0.20087
133.107 2 GVF_PARAMETRIC 5 1 0.155129 6.,18.136719,41.308594,44.878906,19.75,29.046875,61.347656,53.699219,0.,0.,0.,0.,0.,0.,0.,0. -0.684438,-1.108301
133.108 2 INS 2885 6382 -185638464 -1714420 -1541405 -1766970496 3245 -976 -8628
133.108 2 ATTITUDE 0.227169 3.932102 -0.196232
133.139 2 INS 2885 6382 -185681568 -1714420 -1541405 -1767257984 12566 -6099 -2272
133.165 2 GPS_INT 0 0 0 404514186 -37288034 703664 653428 0 0 0 34 14 294285750 91 25 3 1
133.166 2 ATTITUDE 0.236772 3.923901 -0.204979
133.181 2 INS 2885 6382 -185724704 -1714420 -1541405 -1767426432 679 -6928 -14004
133.213 2 ATTITUDE 0.232553 3.920269 -0.197916
133.229 2 INS 2672 6184 -185767840 -1719663 -1557133 -1767606528 7642 -3126 -2079
133.245 2 GPS 3 43820012 447811632 2225 653479 441 7 2395 294286000 30 0
133.275 2 INS_REF 485058561 -31614701 411670235 404513171 -37290972 700771 650535 0.
133.275 2 ATTITUDE 0.22398 3.914334 -0.195683
133.350 2 INS 2672 6184 -185810976 -1719663 -1557133 -1767812608 -5487 -11446 -3450
133.351 2 ROVER_CTRL 2.5 0.086293 2817.442139 -0.585146 1400. 600. 1000. -122.876869 120.809509 20.027161 2.413707 0.
133.351 2 ROTORCRAFT_FP 6184 2672 185819616 -1557133 -1719663 1767854080 899 -781 16064 0 0 0 0 7995 0
133.351 2 GPS_INT 0 0 0 404514112 -37288123 703715 653479 0 0 0 34 14 294286000 90 25 3 1
133.352 2 ATTITUDE 0.226301 3.91755 -0.196513
133.352 2 INS 2672 6184 -185854160 -1719663 -1557133 -1768015488 -2481 -9369 -18454
133.352 2 SERIAL_COM 425 -3948 2491 -3287 0 0 0 14 326 80 76 0 0 0 0 0
133.352 2 ATTITUDE 0.236142 3.915221 -0.208665
133.382 2 INS 2672 6184 -185897328 -1719663 -1557133 -1768272896 -5111 3554 -24026
133.398 2 ATTITUDE 0.231055 3.912515 -0.210942
133.430 2 INS 2460 5998 -185940480 -1688205 -1572862 -1768370560 -4352 -5396 502
133.459 2 GPS_INT 0 0 0 404514037 -37288210 703666 653430 0 0 0 34 14 294286250 91 26 3 1
133.460 2 ATTITUDE 0.224392 3.911468 -0.213207
133.512 2 GVF_PARAMETRIC 5 1 0.154424 0.,0.199,0.199,0.546583,0.546583,0.05,61.347656,53.699219,0.,0.,0.,0.,0.,0.,0.,0. -0.814463,-1.278372
133.513 2 INS 2460 5998 -185983664 -1688205 -1578105 -1768639488 2577 -7303 -133
133.513 2 GPS 3 43819937 447811550 2228 653430 440 1 2395 294286250 30 0
133.513 2 DL_VALUE 62 255.
133.513 2 ATTITUDE 0.228378 3.9037 -0.21716
133.544 2 INS 2460 5998 -186026848 -1688205 -1578105 -1768789376 5361 -6382 -130
133.560 2 ROTORCRAFT_FP 5998 2460 186035488 -1578105 -1688205 1768879488 998 -906 15974 0 0 0 0 7995 0
133.560 2 ATTITUDE 0.241292 3.90064 -0.213761
133.592 2 INS 2460 5998 -186070016 -1688205 -1578105 -1768996992 -6911 -8521 16346
133.636 2 STATIC_CONTROL 0 0. 0 0. 0. 0. 0. 0. 0. 0. 0. 0. 0.
133.637 2 GPS_INT 0 0 0 404514037 -37288210 703666 653430 0 0 0 34 14 294286250 91 26 3 1
133.637 2 ATTITUDE 0.245618 3.898214 -0.22003
133.637 2 INS 2460 5998 -186113216 -1688205 -1578105 -1769281024 -13226 -2277 -26033
133.637 2 ROVER_STATUS 0 60 3 0 1 425 7.594595
133.652 2 ATTITUDE 0.248399 3.900935 -0.209487
133.668 2 ROTORCRAFT_NAV_STATUS 58 58 0. 0. 5 0 2
133.668 2 IMU_MAG_RAW 255 0 0 0
133.684 2 INS 2242 5813 -186156416 -1724905 -1509948 -1769454848 4982 -14474 -8037
133.700 2 ATTITUDE 0.241825 3.896963 -0.195702
133.744 2 INS 2242 5813 -186199616 -1730148 -1515190 -1769517696 6251 -2391 -4428
133.745 2 GPS 3 43819865 447811466 2218 653414 437 13 2395 294286500 30 0
133.770 2 GPS_INT 0 0 0 404513961 -37288295 703650 653414 0 0 0 34 13 294286500 92 25 3 1
133.770 2 ATTITUDE 0.233326 3.895671 -0.193797
133.823 2 INS 2242 5813 -186242800 -1730148 -1515190 -1769777792 7642 -186 1937
133.823 2 ROVER_CTRL 2.5 0.086293 2817.442139 -0.585146 1400. 600. 1000. -122.876869 120.809509 20.027161 2.413707 0.
133.824 2 ROTORCRAFT_FP 5813 2242 186251440 -1515190 -1730148 1769788416 995 -857 15941 0 0 0 0 7995 0
133.824 2 ATTITUDE 0.227568 3.896944 -0.204688
133.849 2 INS 2242 5813 -186286016 -1730148 -1515190 -1770024448 -5074 -8798 -6747
133.849 2 SERIAL_COM 425 1144 -2118 -6306 0 0 0 14 326 80 76 0 0 0 0 0
133.850 2 ATTITUDE 0.247927 3.904937 -0.204444
133.883 2 LINK_REPORT 2 -1 134 0 407934 9185 0 2944. 66. 36 72.55
133.918 2 GVF_PARAMETRIC 5 1 0.15385 -6.,15.398438,4.558594,27.417969,28.609375,49.796875,50.96875,67.96875,0.,0.,0.,0.,0.,0.,0.,0. -0.869663,-1.367916
133.918 2 INS 2242 5813 -186329232 -1730148 -1515190 -1770237568 -1872 -2567 -7849
133.919 2 GPS_INT 0 0 0 404513961 -37288295 703650 653414 0 0 0 34 13 294286500 92 25 3 1
133.919 2 ATTITUDE 0.267927 3.908373 -0.201271
133.934 2 INS 2024 5629 -186372448 -1756363 -1536162 -1770486400 -14921 -9115 -40529
133.950 2 ATTITUDE 0.265974 3.927904 -0.213967
133.993 2 INS 2024 5629 -186415664 -1756363 -1541405 -1770644480 -1363 116 21
133.993 2 GPS 3 43819792 447811381 2214 653365 445 4 2395 294286750 30 0
134.009 2 ATTITUDE 0.27591 3.963076 -0.223467
134.041 2 INS 2024 5629 -186458896 -1756363 -1541405 -1770936064 -5928 -3995 -16584
134.089 2 ROTORCRAFT_FP 5629 2024 186467568 -1541405 -1756363 1770918912 1141 -969 16392 0 0 0 0 7995 0
134.090 2 GPS_INT 0 0 0 404513884 -37288380 703601 653365 0 0 0 34 14 294286750 91 26 3 1
134.090 2 ATTITUDE 0.263163 4.02537 -0.234153
134.090 2 WP_MOVED_ENU 6 7324 5056 2974
134.090 2 WP_MOVED_ENU 6 7324 5056 2974
134.091 2 INS 2024 5629 -186502112 -1756363 -1541405 -1771106944 -3374 -9332 5471
134.105 2 ATTITUDE 0.241504 4.097815 -0.244521
134.137 2 INS 2024 5629 -186545360 -1756363 -1541405 -1771437824 -6943 2315 -19609
134.137 2 STATE_FILTER_STATUS 6 3 0
134.153 2 ATTITUDE 0.239513 4.16747 -0.26214
134.185 2 INS 2024 5629 -186588624 -1756363 -1541405 -1771597952 -11215 1350 -18071
134.211 2 GPS_INT 0 0 0 404513884 -37288380 703601 653365 0 0 0 34 14 294286750 91 26 3 1
134.211 2 ATTITUDE 0.206159 4.230948 -0.261285
134.253 2 INS 1830 5424 -186631888 -1336933 -1793063 -1771916800 -29857 -2056 -22407
134.253 2 ENERGY 83 7.550441 2.675 20.19743 6.523259 0.107014 0.831651
134.253 2 GPS 3 43819712 447811305 2276 653347 426 19 2395 294287000 30 0
134.254 2 ATTITUDE 0.187035 4.320248 -0.276798
134.361 2 GVF_PARAMETRIC 5 1 0.153415 6.,18.136719,41.308594,44.878906,19.75,29.046875,61.347656,53.699219,0.,0.,0.,0.,0.,0.,0.,0. -1.010167,-1.532379
134.362 2 DATALINK_REPORT 4 100 29262 3062 0 5
134.362 2 INS 1830 5424 -186675152 -1336933 -1793063 -1772054912 -13395 3910 -18957
134.362 2 ROVER_CTRL 2.5 0.086293 2817.442139 -0.585146 1400. 600. 1000. -122.876869 120.809509 20.027161 2.413707 0.
134.362 2 ROTORCRAFT_FP 5424 1830 186683808 -1793063 -1336933 1772129536 715 -1140 17863 0 0 0 0 7995 0
134.363 2 ATTITUDE 0.155711 4.385971 -0.279276
134.363 2 INS 1830 5424 -186718416 -1336933 -1793063 -1772227072 -9305 -11957 -3368
134.363 2 SERIAL_COM 426 -6166 -893 -1010 0 0 0 14 327 80 76 0 0 0 0 0
134.364 2 GPS_INT 0 0 0 404513815 -37288474 703583 653347 0 0 0 34 15 294287000 91 25 3 1
134.364 2 ATTITUDE 0.148062 4.451862 -0.279941
134.392 2 INS 1830 5424 -186761680 -1336933 -1793063 -1772442496 -23302 -7392 -24067
134.392 2 GPS_SOL 34 15 91 25
134.408 2 ATTITUDE 0.120951 4.520143 -0.290169
134.440 2 INS 1702 5201 -186804960 -770702 -1897920 -1772624128 -8249 -10152 -2940
134.456 2 ATTITUDE 0.086674 4.577787 -0.311158
134.456 2 IMU_MAG_RAW 255 0 0 0
134.488 2 INS 1702 5201 -186848240 -765459 -1903163 -1772896768 -12141 -8935 -18439
134.488 2 GPS 3 43819624 447811256 2374 653344 390 13 2395 294287250 30 0
134.514 2 GPS_INT 0 0 0 404513770 -37288577 703580 653344 0 0 0 34 16 294287250 91 25 3 1
134.514 2 ATTITUDE 0.086203 4.610231 -0.306405
134.530 2 INS 1702 5201 -186891552 -765459 -1903163 -1773118976 -8305 -10502 -14598
134.557 2 ROTORCRAFT_FP 5201 1702 186900208 -1903163 -765459 1773146112 251 -1266 18914 0 0 0 0 7995 0
134.557 2 ATTITUDE 0.05087 4.621043 -0.322315
134.602 2 INS 1702 5201 -186934864 -765459 -1903163 -1773291520 -7715 -9126 -20017
134.603 2 STATIC_CONTROL 0 0. 0 0. 0. 0. 0. 0. 0. 0. 0. 0. 0.
134.603 2 ATTITUDE 0.071118 4.58274 -0.307461
134.635 2 INS 1702 5201 -186978128 -765459 -1903163 -1773476096 -25418 -17856 -6385
134.661 2 GPS_INT 0 0 0 404513770 -37288577 703580 653344 0 0 0 34 16 294287250 91 25 3 1
134.661 2 ATTITUDE 0.05123 4.5708 -0.310145
134.701 2 GVF_PARAMETRIC 5 1 0.152987 0.,0.199,0.199,0.546583,0.546583,0.05,61.347656,53.699219,0.,0.,0.,0.,0.,0.,0.,0. -1.085465,-1.586459
134.701 2 INS 1635 4961 -187021472 -298843 -2002778 -1773672448 -14832 -4359 -675
134.701 2 ATTITUDE 0.039509 4.555166 -0.311922
134.743 2 INS 1635 4961 -187064720 -304086 -2008021 -1773943424 -14582 -14924 -1790
134.743 2 GPS 3 43819531 447811231 2494 653332 386 2 2395 294287500 30 0
134.758 2 ATTITUDE 0.036794 4.545571 -0.333394
134.775 2 INS 1635 4961 -187108032 -304086 -2008021 -1774127360 1271 -2086 -25515
134.860 2 ROVER_CTRL 2.5 0.086293 2817.442139 -0.585146 1400. 600. 1000. -122.876869 120.809509 20.027161 2.413707 0.
134.860 2 ROTORCRAFT_FP 4961 1635 187116704 -2008021 -304086 1774164096 75 -1365 18555 0 0 0 0 7995 0
134.861 2 GPS_INT 0 0 0 404513747 -37288686 703568 653332 0 0 0 35 15 294287500 90 25 3 1
134.861 2 AUTOPILOT_VERSION 60200 v6.2_unstable-650-g74eaf7c20-dirty
134.861 2 ATTITUDE 0.022289 4.526507 -0.334037
134.861 2 INS 1635 4961 -187151344 -304086 -2008021 -1774342144 8625 -638 3258
134.862 2 SERIAL_COM 426 -4359 -14832 -675 0 0 0 14 327 80 76 0 0 0 0 0
134.862 2 ATTITUDE 0.011078 4.50576 -0.314683
134.876 2 INS 1635 4961 -187194656 -304086 -2008021 -1774567808 4685 -18238 -18615
134.884 2 LINK_REPORT 2 -1 135 0 411182 9257 0 3248. 72. 36 72.55
134.907 2 ATTITUDE 0.008211 4.464304 -0.295545
134.924 2 INS 1612 4707 -187238000 -52428 -2049964 -1774569600 10649 -3567 16851
134.966 2 GPS_INT 0 0 0 404513739 -37288804 703630 653394 0 0 0 35 15 294287750 89 26 3 1
134.966 2 ALIVE 122,195,7,233,5,247,195,75,60,187,26,129,128,90,246,93
134.966 2 ATTITUDE -0.002382 4.405887 -0.292577
134.991 2 INS 1612 4707 -187281328 -57671 -2055207 -1774891776 7340 -217 -23769
134.992 2 GPS 3 43819431 447811223 2590 653394 391 10 2395 294287750 30 0
135.007 2 ATTITUDE 0.003682 4.344745 -0.286607
135.023 2 INS 1612 4707 -187324672 -57671 -2055207 -1774971008 6881 -4588 1877
135.054 2 ROTORCRAFT_FP 4707 1612 187333328 -2055207 -57671 1775159936 86 -1089 17644 0 0 0 0 7995 0
135.055 2 ATTITUDE 0.002397 4.275214 -0.257526
135.119 2 GVF_PARAMETRIC 5 1 0.152439 -6.,15.398438,4.558594,27.417969,28.609375,49.796875,50.96875,67.96875,0.,0.,0.,0.,0.,0.,0.,0. -1.265014,-1.626867
135.119 2 INS 1612 4707 -187368016 -57671 -2055207 -1775210240 12278 -10821 -1807
135.120 2 GPS_INT 0 0 0 404513739 -37288804 703630 653394 0 0 0 35 15 294287750 89 26 3 1
135.120 2 DL_VALUE 63 255.
135.120 2 ATTITUDE 0.044457 4.200267 -0.268547
135.134 2 INS 1612 4707 -187411376 -57671 -2055207 -1775403648 9814 9126 -512
135.135 2 ROVER_STATUS 0 60 3 0 1 427 7.426808
135.150 2 ATTITUDE 0.101803 4.14608 -0.259347
135.182 2 INS 1612 4707 -187454704 -57671 -2055207 -1775677056 13120 -7906 -4113
135.198 2 ATTITUDE 0.098462 4.088392 -0.221251
135.240 2 INS 1569 4446 -187498064 -623902 -2112878 -1775774976 -2871 3134 -8985
135.241 2 GPS 3 43819329 447811207 2558 653460 420 21 2395 294288000 30 0
135.319 2 GPS_INT 0 0 0 404513724 -37288924 703696 653460 0 0 0 35 16 294288000 87 26 3 1
135.319 2 ATTITUDE 0.085234 4.016942 -0.225775
135.319 2 ROTORCRAFT_NAV_STATUS 60 60 0. 0. 5 0 2
135.320 2 IMU_MAG_RAW 255 0 0 0
135.320 2 INS 1569 4446 -187541424 -623902 -2112878 -1776024960 12007 -16046 -24901
135.320 2 ROVER_CTRL 2.5 0.086293 2817.442139 -0.585146 1400. 600. 1000. -122.876869 120.809509 20.027161 2.413707 0.
135.320 2 ROTORCRAFT_FP 4446 1569 187550096 -2112878 -623902 1776038016 446 -906 16343 0 0 0 0 7995 0
135.321 2 ATTITUDE 0.134222 3.985554 -0.218413
135.345 2 INS 1569 4446 -187584800 -623902 -2112878 -1776216832 -11256 -543 -34041
135.346 2 SERIAL_COM 427 -1876 -2935 6641 0 0 0 14 328 80 76 0 0 0 0 0
135.346 2 PONG 
135.346 2 ATTITUDE 0.152866 3.978976 -0.225298
135.361 2 WP_MOVED_ENU 7 12748 7436 2972
135.361 2 WP_MOVED_ENU 7 12748 7436 2972
135.377 2 INS 1569 4446 -187628160 -623902 -2112878 -1776291072 5764 -15354 -4296
135.404 2 GPS_INT 0 0 0 404513724 -37288924 703696 653460 0 0 0 35 16 294288000 87 26 3 1
135.404 2 ATTITUDE 0.148513 4.005118 -0.236807
135.435 2 INS 1482 4198 -187671520 -901774 -1814034 -1776545408 2862 1329 -10699
135.451 2 ATTITUDE 0.129123 4.038249 -0.216601
135.505 2 GVF_PARAMETRIC 5 1 0.151897 6.,18.136719,41.308594,44.878906,19.75,29.046875,61.347656,53.699219,0.,0.,0.,0.,0.,0.,0.,0. -1.450566,-1.68355
135.505 2 INS 1482 4198 -187714944 -912260 -1814034 -1776722816 -11270 -15033 -5902
135.506 2 GPS 3 43819232 447811174 2501 653508 386 23 2395 294288250 30 0
135.506 2 ATTITUDE 0.128965 4.058439 -0.225176
135.536 2 INS 1482 4198 -187758256 -912260 -1814034 -1776964480 -11202 -21220 -17691
135.562 2 ROTORCRAFT_FP 4198 1482 187766928 -1814034 -912260 1777027456 504 -950 16661 0 0 0 0 7995 0
135.563 2 GPS_INT 0 0 0 404513693 -37289038 703744 653508 0 0 0 36 16 294288250 91 24 3 1
135.563 2 ATTITUDE 0.132437 4.084237 -0.231361
135.578 2 INS 1482 4198 -187801616 -912260 -1814034 -1777043328 -3862 10886 -16873
135.604 2 STATIC_CONTROL 0 0. 0 0. 0. 0. 0. 0. 0. 0. 0. 0. 0.
135.605 2 ATTITUDE 0.151458 4.10051 -0.217047
135.636 2 INS 1482 4198 -187844992 -912260 -1814034 -1777182336 8786 -11599 13409
135.652 2 ATTITUDE 0.147123 4.112048 -0.216876
135.685 2 INS 1359 3975 -187888368 -1179646 -1745877 -1777561088 -22619 -3730 -30595
135.700 2 GPS_INT 0 0 0 404513650 -37289141 703811 653575 0 0 0 36 15 294288500 95 25 3 1
135.701 2 ATTITUDE 0.143241 4.128314 -0.233962
135.742 2 INS 1359 3975 -187931776 -1179646 -1751120 -1777676288 7830 173 721
135.742 2 GPS 3 43819145 447811127 2421 653575 402 1 2395 294288500 30 0
135.743 2 ATTITUDE 0.150121 4.137997 -0.2359
135.774 2 INS 1359 3975 -187975168 -1179646 -1751120 -1777941632 4457 -1799 2887
135.813 2 ROVER_CTRL 2.5 0.086293 2817.442139 -0.585146 1400. 600. 1000. -122.876869 120.809509 20.027161 2.413707 0.
135.814 2 ROTORCRAFT_FP 3975 1359 187983840 -1751120 -1179646 1777931136 666 -1027 16971 0 0 0 0 7995 0
135.814 2 ATTITUDE 0.161356 4.147585 -0.245912
135.857 2 INS 1359 3975 -188018576 -1179646 -1751120 -1778232704 1697 -6697 -1170
135.857 2 SERIAL_COM 427 -2496 -647 -3600 0 0 0 14 328 80 76 0 0 0 0 0
135.858 2 GPS_INT 0 0 0 404513650 -37289141 703811 653575 0 0 0 36 15 294288500 95 25 3 1
135.858 2 ATTITUDE 0.160796 4.156812 -0.242308
135.884 2 LINK_REPORT 2 -1 136 0 414197 9326 0 3015. 69. 37 37.87
135.898 2 GVF_PARAMETRIC 5 1 0.151414 0.,0.199,0.199,0.546583,0.546583,0.05,61.347656,53.699219,0.,0.,0.,0.,0.,0.,0.,0. -1.525045,-1.737912
135.899 2 INS 1359 3975 -188061984 -1179646 -1751120 -1778416512 875 1294 -22763
135.899 2 ATTITUDE 0.173786 4.158669 -0.232183
135.930 2 INS 1210 3747 -188105424 -1336933 -1871706 -1778596992 6499 -6227 -5773
135.946 2 ATTITUDE 0.16225 4.165105 -0.246143
135.988 2 INS 1210 3747 -188148848 -1336933 -1871706 -1778869248 3265 3315 -9953
135.988 2 GPS 3 43819055 447811070 2377 653629 438 14 2395 294288750 30 0
136.014 2 GPS_INT 0 0 0 404513598 -37289246 703865 653629 0 0 0 36 16 294288750 92 25 3 1
136.015 2 ATTITUDE 0.156225 4.181971 -0.242426
136.030 2 INS 1210 3747 -188192304 -1336933 -1871706 -1779032832 5568 -3779 14450
136.056 2 ROTORCRAFT_FP 3747 1210 188200976 -1871706 -1336933 1778993920 673 -970 17181 0 0 0 0 7980 0
136.057 2 ATTITUDE 0.169687 4.206351 -0.231858
136.057 2 IMU_MAG_RAW 255 0 0 0
136.072 2 INS 1210 3747 -188235712 -1336933 -1871706 -1779239936 2615 -7458 10839
136.104 2 ATTITUDE 0.170426 4.251002 -0.251322
136.120 2 INS 1210 3747 -188279152 -1336933 -1871706 -1779477376 -1966 625 -6511
136.151 2 GPS_INT 0 0 0 404513598 -37289246 703865 653629 0 0 0 36 16 294288750 92 25 3 1
136.152 2 ATTITUDE 0.17221 4.290985 -0.254818
136.183 2 INS 1210 3747 -188322576 -1336933 -1871706 -1779685248 5371 6753 2852
136.199 2 ATTITUDE 0.14282 4.336649 -0.246256
136.231 2 INS 1075 3509 -188366016 -996146 -1939863 -1779843456 5496 764 7185
136.231 2 GPS 3 43818962 447811017 2403 653641 415 7 2395 294289000 30 0
136.247 2 ATTITUDE 0.118839 4.370916 -0.243624
136.356 2 GVF_PARAMETRIC 5 1 0.151034 -6.,15.398438,4.558594,27.417969,28.609375,49.796875,50.96875,67.96875,0.,0.,0.,0.,0.,0.,0.,0. -1.69799,-1.85377
136.357 2 INS 1075 3509 -188409488 -996146 -1939863 -1780082944 648 -3142 931
136.358 2 ROVER_CTRL 2.5 0.086293 2817.442139 -0.585146 1400. 600. 1000. -122.876869 120.809509 20.027161 2.413707 0.
136.359 2 ROTORCRAFT_FP 3509 1075 188418176 -1939863 -996146 1780144384 441 -1015 17933 0 0 0 0 1140 0
136.361 2 GPS_INT 0 0 0 404513550 -37289355 703876 653641 0 0 0 37 16 294289000 92 25 3 1
136.362 2 ATTITUDE 0.118499 4.374726 -0.251372
136.362 2 INS 1075 3509 -188452960 -996146 -1939863 -1780317312 -4913 357 -5224
136.363 2 SERIAL_COM 428 5000 3143 -8932 0 0 0 14 329 80 76 0 0 0 0 0
136.365 2 ATTITUDE 0.12997 4.358779 -0.252206
136.371 2 INS 1075 3509 -188496432 -996146 -1939863 -1780576000 -10900 -431 -25094
136.386 2 GPS_SOL 37 16 92 25
136.402 2 ATTITUDE 0.124466 4.360817 -0.264565
136.434 2 INS 972 3269 -188539904 -770702 -1955592 -1780771328 -7265 6525 2659
136.450 2 GPS_INT 0 0 0 404513514 -37289466 703849 653613 0 0 0 37 21 294289250 92 25 3 1
136.450 2 ATTITUDE 0.102015 4.37805 -0.237111
136.492 2 INS 972 3269 -188583392 -770702 -1960835 -1781049344 -20311 -16285 -7008
136.492 2 GPS 3 43818868 447810978 2442 653613 400 1 2395 294289250 30 0
136.492 2 ATTITUDE 0.108162 4.387457 -0.22551
136.524 2 INS 972 3269 -188626880 -770702 -1960835 -1781196032 -1647 -6168 -4352
136.550 2 ROTORCRAFT_FP 3269 972 188635568 -1960835 -770702 1781209088 453 -934 17946 0 0 0 0 1125 0
136.551 2 ATTITUDE 0.10534 4.379913 -0.219782
136.609 2 INS 972 3269 -188670368 -770702 -1960835 -1781515008 -17271 -8892 -8867
136.609 2 STATIC_CONTROL 0 0. 0 0. 0. 0. 0. 0. 0. 0. 0. 0. 0.
136.610 2 GPS_INT 0 0 0 404513514 -37289466 703849 653613 0 0 0 37 21 294289250 92 25 3 1
136.610 2 ATTITUDE 0.11013 4.351636 -0.224056
136.636 2 INS 972 3269 -188713872 -770702 -1960835 -1781715968 2788 -4456 -22336
136.636 2 ROVER_STATUS 0 58 3 0 1 428 7.956664
136.652 2 ATTITUDE 0.109019 4.337057 -0.201494
136.652 2 WP_MOVED_ENU 8 13048 15705 2974
136.668 2 WP_MOVED_ENU 8 13048 15705 2974
136.706 2 GVF_PARAMETRIC 5 1 0.150704 6.,18.136719,41.308594,44.878906,19.75,29.046875,61.347656,53.699219,0.,0.,0.,0.,0.,0.,0.,0. -1.783599,-1.898923
136.706 2 INS 883 3033 -188757328 -602930 -1913649 -1781757824 6316 9996 -5608
136.706 2 DL_VALUE 64 1.
136.707 2 ATTITUDE 0.104056 4.352262 -0.188211
136.736 2 INS 883 3033 -188800832 -602930 -1913649 -1782006912 -634 -477 -20634
136.736 2 GPS 3 43818775 447810944 2484 653625 382 16 2395 294289500 30 0
136.762 2 GPS_INT 0 0 0 404513483 -37289575 703861 653625 0 0 0 38 25 294289500 95 24 3 1
136.762 2 ATTITUDE 0.091626 4.366508 -0.204935
136.816 2 INS 883 3033 -188844304 -602930 -1913649 -1782072192 -2943 7951 -8313
136.816 2 ROVER_CTRL 2.5 0.086293 2817.442139 -0.585146 1400. 600. 1000. -122.876869 120.809509 20.027161 2.413707 0.
136.817 2 ROTORCRAFT_FP 3033 883 188853008 -1913649 -602930 1782196224 384 -846 17899 0 0 0 0 1125 0
136.817 2 ATTITUDE 0.093904 4.369064 -0.198047
136.832 2 INS 883 3033 -188887808 -602930 -1913649 -1782397184 -125 -1579 -9340
136.832 2 SERIAL_COM 428 510 7810 -7846 0 0 0 14 329 80 76 0 0 0 0 0
136.848 2 ATTITUDE 0.08277 4.358101 -0.227659
136.864 2 ROTORCRAFT_NAV_STATUS 61 61 0. 0. 5 0 2
136.864 2 IMU_MAG_RAW 255 0 0 0
136.880 2 INS 883 3033 -188931328 -602930 -1913649 -1782614784 -4471 -12712 -13347
136.885 2 LINK_REPORT 2 -1 137 0 417340 9397 0 3143. 71. 37 37.87
136.896 2 GPS_INT 0 0 0 404513483 -37289575 703861 653625 0 0 0 38 25 294289500 95 24 3 1
136.896 2 ATTITUDE 0.070409 4.344999 -0.231265
136.928 2 INS 811 2808 -188974864 -587202 -1751120 -1782649088 3625 -6812 5046
136.944 2 ATTITUDE 0.07147 4.343473 -0.205065
136.986 2 INS 811 2808 -189018416 -587202 -1756363 -1782969728 -4535 -9369 -13167
136.986 2 GPS 3 43818687 447810916 2499 653604 352 -7 2395 294289750 30 0
137.002 2 ATTITUDE 0.091588 4.336231 -0.211907
137.018 2 INS 811 2808 -189061936 -587202 -1756363 -1783014784 1500 6270 -14194
137.060 2 ROTORCRAFT_FP 2808 811 189070640 -1756363 -587202 1783096576 382 -859 17738 0 0 0 0 1125 0
137.060 2 GPS_INT 0 0 0 404513457 -37289679 703840 653604 0 0 0 39 23 294289750 92 25 3 1
137.061 2 ATTITUDE 0.099213 4.331398 -0.200599
137.097 2 GVF_PARAMETRIC 5 1 0.150382 0.,0.199,0.199,0.546583,0.546583,0.05,61.347656,53.699219,0.,0.,0.,0.,0.,0.,0.,0. -1.956341,-1.966443
137.098 2 INS 811 2808 -189105472 -587202 -1756363 -1783240448 6078 -3269 2838
137.098 2 ATTITUDE 0.092717 4.32615 -0.190711
137.129 2 INS 811 2808 -189148992 -587202 -1756363 -1783467392 -9347 -13265 -15851
137.144 2 ATTITUDE 0.097615 4.326039 -0.192921
137.177 2 INS 811 2808 -189192528 -587202 -1756363 -1783575040 5800 -5841 -1503
137.203 2 GPS_INT 0 0 0 404513457 -37289679 703840 653604 0 0 0 39 23 294289750 92 25 3 1
137.203 2 ATTITUDE 0.115119 4.318707 -0.206229
137.234 2 INS 750 2600 -189236064 -408944 -1578105 -1783759616 1562 -8681 8276
137.234 2 GPS 3 43818606 447810894 2522 653576 310 -19 2395 294290000 30 0
137.250 2 ATTITUDE 0.124567 4.304579 -0.221269
137.308 2 INS 750 2600 -189279600 -408944 -1578105 -1783958784 -3628 -14434 2672
137.309 2 ROVER_CTRL 2.5 0.086293 2817.442139 -0.585146 1400. 600. 1000. -122.876869 120.809509 20.027161 2.413707 0.
137.309 2 ROTORCRAFT_FP 2600 750 189288320 -1578105 -408944 1784069248 494 -899 17631 0 0 0 0 1125 0
137.310 2 ATTITUDE 0.116199 4.308068 -0.21597
137.335 2 INS 750 2600 -189323168 -408944 -1578105 -1784211840 -5873 -13070 -10776
137.335 2 SERIAL_COM 429 -8447 -532 -1406 0 0 0 14 330 80 76 0 0 0 0 0
137.361 2 GPS_INT 0 0 0 404513436 -37289774 703812 653576 0 0 0 40 24 294290000 92 25 3 1
137.361 2 STATE_FILTER_STATUS 6 3 0
137.361 2 ATTITUDE 0.102577 4.314604 -0.221451
137.380 2 INS 750 2600 -189366736 -408944 -1578105 -1784426368 -3568 -8452 -9573
137.393 2 ATTITUDE 0.098195 4.310903 -0.21985
137.424 2 INS 691 2414 -189410304 -508558 -1326447 -1784479232 1123 -5256 5687
137.440 2 ATTITUDE 0.088508 4.315011 -0.194607
137.528 2 GVF_PARAMETRIC 5 1 0.150133 -6.,15.398438,4.558594,27.417969,28.609375,49.796875,50.96875,67.96875,0.,0.,0.,0.,0.,0.,0.,0. -2.104517,-2.017168
137.529 2 INS 691 2414 -189453952 -513801 -1331690 -1784724864 -5133 -14911 -3098
137.529 2 GPS 3 43818534 447810871 2507 653615 271 1 2395 294290250 30 0
137.529 2 GPS_INT 0 0 0 404513415 -37289859 703851 653615 0 0 0 40 26 294290250 91 25 3 1
137.530 2 ATTITUDE 0.091875 4.316359 -0.206105
137.530 2 INS 691 2414 -189497440 -513801 -1331690 -1784866944 609 -6936 -15979
137.544 2 ROTORCRAFT_FP 2414 691 189506160 -1331690 -513801 1784979200 375 -839 17652 0 0 0 0 1110 0
137.544 2 ATTITUDE 0.090521 4.307282 -0.203379
137.590 2 INS 691 2414 -189541024 -513801 -1331690 -1785076224 -174 -14464 1283
137.590 2 STATIC_CONTROL 0 0. 0 0. 0. 0. 0. 0. 0. 0. 0. 0. 0.
137.591 2 ATTITUDE 0.073568 4.307876 -0.212961
137.622 2 INS 691 2414 -189584624 -513801 -1331690 -1785323648 -214 -6648 -12259
137.660 2 GPS_INT 0 0 0 404513415 -37289859 703851 653615 0 0 0 40 26 294290250 91 25 3 1
137.661 2 ALIVE 122,195,7,233,5,247,195,75,60,187,26,129,128,90,246,93
137.662 2 ATTITUDE 0.07671 4.317913 -0.229835
137.662 2 IMU_MAG_RAW 255 0 0 0
137.675 2 INS 637 2260 -189628224 -382729 -1163918 -1785480832 -2843 -12874 -13909
137.691 2 ATTITUDE 0.08342 4.316684 -0.221019
137.734 2 INS 637 2260 -189671824 -387972 -1163918 -1785763072 -1895 -7291 -2141
137.735 2 GPS 3 43818473 447810850 2512 653609 233 -4 2395 294290500 30 0
137.750 2 ATTITUDE 0.08991 4.318102 -0.218922
137.766 2 INS 637 2260 -189715424 -387972 -1163918 -1785863296 1898 -5607 -251
137.782 2 ROVER_CTRL 2.5 0.086293 2817.442139 -0.585146 1400. 600. 1000. -122.876869 120.809509 20.027161 2.413707 0.
137.847 2 ROTORCRAFT_FP 2260 637 189724144 -1163918 -387972 1785925760 377 -893 17717 0 0 0 0 1095 0
137.848 2 GPS_INT 0 0 0 404513396 -37289930 703845 653609 0 0 0 41 25 294290500 94 25 3 1
137.849 2 ATTITUDE 0.089362 4.317916 -0.220975
137.850 2 INS 637 2260 -189759024 -387972 -1163918 -1786072960 4967 -793 7920
137.850 2 SERIAL_COM 429 -11850 -7044 -4180 0 0 0 14 330 80 76 0 0 0 0 0
137.850 2 ATTITUDE 0.095934 4.313994 -0.217006
137.886 2 LINK_REPORT 2 -1 138 0 420237 9461 0 2897. 64. 37 37.87
137.900 2 GVF_PARAMETRIC 5 1 0.149928 6.,18.136719,41.308594,44.878906,19.75,29.046875,61.347656,53.699219,0.,0.,0.,0.,0.,0.,0.,0. -2.159778,-2.041631
137.901 2 INS 637 2260 -189802624 -387972 -1163918 -1786227840 -764 -7241 -9137
137.902 2 ATTITUDE 0.09955 4.314006 -0.209853
137.915 2 INS 576 2127 -189846240 -555744 -1085275 -1786400640 -2931 -6913 -9467
137.963 2 GPS_INT 0 0 0 404513374 -37289992 703736 653500 0 0 0 42 25 294290750 91 25 3 1
137.964 2 ATTITUDE 0.107524 4.313149 -0.207182
137.965 2 WP_MOVED_ENU 9 17400 13747 2974
137.965 2 WP_MOVED_ENU 9 17400 13747 2974
137.979 2 INS 576 2127 -189889856 -555744 -1090518 -1786570496 6151 -13839 141
137.980 2 GPS 3 43818420 447810826 2468 653500 232 -4 2395 294290750 30 0
137.993 2 ATTITUDE 0.108352 4.305526 -0.206848
138.026 2 INS 576 2127 -189933456 -555744 -1090518 -1786801152 -380 -11798 -11111
138.052 2 ROTORCRAFT_FP 2127 576 189942192 -1090518 -555744 1786890368 453 -869 17616 0 0 0 0 1125 0
138.053 2 ATTITUDE 0.117293 4.296868 -0.210165
138.068 2 INS 576 2127 -189977088 -555744 -1090518 -1786992000 -2087 -4545 -9918
138.097 2 GPS_INT 0 0 0 404513374 -37289992 703736 653500 0 0 0 42 25 294290750 91 25 3 1
138.099 2 ATTITUDE 0.109096 4.291365 -0.207665
138.129 2 INS 576 2127 -190020720 -555744 -1090518 -1787284480 843 -6367 -12663
138.130 2 ROVER_STATUS 0 57 3 0 1 430 7.974325
138.145 2 ATTITUDE 0.116905 4.287854 -0.210593
138.177 2 INS 576 2127 -190064352 -555744 -1090518 -1787441536 -9562 -9035 -27268
138.193 2 ATTITUDE 0.124469 4.283363 -0.22138
138.235 2 INS 504 1999 -190107984 -508558 -1069546 -1787588480 -6109 -12968 -27790
138.236 2 GPS 3 43818370 447810799 2457 653365 225 -9 2395 294291000 30 0
138.252 2 GPS_INT 0 0 0 404513349 -37290051 703601 653365 0 0 0 42 22 294291000 91 25 3 1
138.253 2 ATTITUDE 0.123858 4.276206 -0.209253
