6.125 2 LINK_REPORT 2 -1 6 0 15113 339 0 3088. 71. 1 39.15
6.173 2 ROTORCRAFT_FP -6709 -4093 476570336 -1420819 -786431 1011980864 6932 -846 16135 0 0 0 0 4230 0
6.174 2 ATTITUDE 1.695414 3.940969 -0.200618
6.174 2 INS -4093 -6709 -476590080 -786431 -1420819 -1011768000 11564 -2321 9392
6.174 2 SERIAL_COM 856 -18804 19026 11260 0 0 0 14 247 80 76 0 0 0 0 0
6.198 2 GPS_INT 0 0 0 404514347 -37288138 707182 656947 0 0 0 51 20 292794750 122 19 3 1
6.199 2 ATTITUDE 1.690448 3.949788 -0.198861
6.199 2 IMU_MAG_RAW 255 0 0 0
6.214 2 INS -4093 -6709 -476614752 -786431 -1420819 -1011447424 18952 -5445 9825
6.230 2 ATTITUDE 1.694024 3.972745 -0.200044
6.262 2 INS -4093 -6709 -476639392 -786431 -1420819 -1011147456 19747 -8745 12916
6.336 2 INS -4193 -6886 -476664064 -791674 -1426062 -1010874560 19232 -12646 12308
6.337 2 GPS 3 43819932 447811855 2412 656910 310 2 2395 292795000 30 0
6.660 2 GPS_INT 0 0 0 404514312 -37288219 707146 656910 0 0 0 51 20 292795000 123 19 3 1
6.661 2 ATTITUDE 1.6853 3.988033 -0.20676
6.661 2 INS -4193 -6886 -476688704 -791674 -1426062 -1010563328 7139 -1648 14627
6.661 2 ROTORCRAFT_FP -6886 -4193 476693632 -1426062 -791674 1010507264 6920 -827 16351 0 0 0 0 4230 0
6.662 2 GVF_PARAMETRIC 5 1 0.152269 6.,-10.898438,12.269531,15.839844,-9.296875,0.007812,32.308594,24.65625,0.,0.,0.,0.,0.,0.,0.,0. -0.861233,-1.159334
6.663 2 INS -4193 -6886 -476713344 -791674 -1426062 -1010340544 10126 -9773 12036
6.663 2 ATTITUDE 1.681251 4.016697 -0.216244
6.664 2 INS -4193 -6886 -476737984 -791674 -1426062 -1010001600 19061 -8198 16171
6.664 2 GPS_INT 0 0 0 404514312 -37288219 707146 656910 0 0 0 51 20 292795000 123 19 3 1
6.664 2 ATTITUDE 1.680286 4.018212 -0.21032
6.664 2 INS -4300 -7060 -476762624 -739245 -1363147 -1009705536 25643 -20389 7753
6.664 2 ATTITUDE 1.681562 4.023929 -0.2052
6.665 2 INS -4300 -7060 -476787296 -739245 -1368390 -1009411648 11968 -2908 19011
6.665 2 GPS 3 43819864 447811813 2413 656920 296 -18 2395 292795250 30 0
6.665 2 ATTITUDE 1.672593 4.031957 -0.201735
6.682 2 INS -4300 -7060 -476811936 -739245 -1368390 -1009106240 15525 -14189 14458
6.683 2 ROVER_CTRL 2.5 0.034804 3890.123779 -2.440784 1400. 600. 1000. 1040.319092 48.726082 1.28746 2.465196 0.
6.685 2 ROTORCRAFT_FP -7060 -4300 476816864 -1368390 -739245 1009021504 6841 -819 16540 0 0 0 0 4230 0
6.690 2 GPS_INT 0 0 0 404514274 -37288299 707156 656920 0 0 0 51 19 292795250 119 18 3 1
6.690 2 ATTITUDE 1.66863 4.040938 -0.199482
6.690 2 INS -4300 -7060 -476836576 -739245 -1368390 -1008786880 6246 -7070 12617
6.691 2 SERIAL_COM 857 -6362 22099 9305 0 0 0 14 248 80 76 0 0 0 0 0
6.691 2 ATTITUDE 1.668298 4.042393 -0.198379
6.714 2 INS -4300 -7060 -476861216 -739245 -1368390 -1008518720 17933 -12267 11233
6.730 2 ATTITUDE 1.661701 4.06077 -0.195457
6.762 2 INS -4403 -7237 -476885856 -802159 -1426062 -1008196608 10528 -3237 15251
6.788 2 GPS_INT 0 0 0 404514238 -37288380 707131 656895 0 0 0 52 18 292795500 141 18 3 1
6.789 2 ATTITUDE 1.67221 4.069521 -0.192727
6.840 2 GVF_PARAMETRIC 5 1 0.151729 0.,0.2,0.2,0.841242,0.841242,0.05,32.308594,24.65625,0.,0.,0.,0.,0.,0.,0.,0. -0.985751,-1.248165
6.840 2 INS -4403 -7237 -476910496 -807402 -1426062 -1008001792 17098 -5886 5217
6.840 2 GPS 3 43819795 447811774 2409 656895 311 -18 2395 292795500 30 0
6.841 2 DL_VALUE 29 1.
6.841 2 ATTITUDE 1.660103 4.074974 -0.191839
6.855 2 INS -4403 -7237 -476935104 -807402 -1426062 -1007610944 1270 -540 14312
6.882 2 ROTORCRAFT_FP -7237 -4403 476940032 -1426062 -807402 1007573440 6800 -784 16686 0 0 0 0 4230 0
6.883 2 ATTITUDE 1.662114 4.080153 -0.188945
6.937 2 INS -4403 -7237 -476959680 -807402 -1426062 -1007317632 25404 -11122 13130
6.937 2 STATIC_CONTROL 0 0. 0 0. 0. 0. 0. 0. 0. 0. 0. 0. 0.
6.938 2 GPS_INT 0 0 0 404514238 -37288380 707131 656895 0 0 0 52 18 292795500 141 18 3 1
6.938 2 ATTITUDE 1.65104 4.096332 -0.185618
6.943 2 LINK_REPORT 2 -1 7 0 18073 402 0 2960. 63. 1 39.15
6.968 2 INS -4403 -7237 -476984288 -807402 -1426062 -1006996288 18499 -5624 10486
6.968 2 ROVER_STATUS 0 59 3 0 1 857 7.400315
6.984 2 ATTITUDE 1.654108 4.095377 -0.188907
6.984 2 ROTORCRAFT_NAV_STATUS 640 640 0. 0. 5 0 1
7.024 2 WP_MOVED_ENU 18 -50798 -51645 2557
7.025 2 WP_MOVED_ENU 18 -50798 -51645 2557
7.025 2 IMU_MAG_RAW 255 0 0 0
7.025 2 INS -4518 -7413 -477008896 -812645 -1384119 -1006664000 30210 -19067 13229
7.026 2 ATTITUDE 1.643919 4.102882 -0.188649
7.068 2 INS -4518 -7413 -477033472 -812645 -1384119 -1006350208 7583 -6393 13606
7.069 2 GPS 3 43819725 447811729 2402 656971 305 -6 2395 292795750 30 0
7.095 2 GPS_INT 0 0 0 404514197 -37288462 707207 656971 0 0 0 52 19 292795750 141 18 3 1
7.096 2 ATTITUDE 1.64893 4.11272 -0.188224
7.109 2 INS -4518 -7413 -477058080 -812645 -1384119 -1006096768 16200 -16518 6868
7.172 2 ROVER_CTRL 2.5 0.034804 3890.123779 -2.440784 1400. 600. 1000. 1040.319092 48.726082 1.28746 2.465196 0.
7.173 2 ROTORCRAFT_FP -7413 -4518 477062976 -1384119 -812645 1006028736 6758 -759 16884 0 0 0 0 4230 0
7.173 2 ATTITUDE 1.649717 4.11767 -0.193979
7.173 2 INS -4518 -7413 -477082656 -812645 -1384119 -1005753664 11654 -5588 11156
7.174 2 SERIAL_COM 857 -5224 9698 12463 0 0 0 14 248 80 76 0 0 0 0 0
7.174 2 ATTITUDE 1.656766 4.108964 -0.208648
7.261 2 GVF_PARAMETRIC 5 1 0.15124 -6.,-34.859375,-45.699219,-22.828125,-21.648438,-0.449219,0.71875,17.71875,0.,0.,0.,0.,0.,0.,0.,0. -1.041967,-1.300448
7.262 2 INS -4518 -7413 -477107200 -812645 -1384119 -1005596480 17997 -3513 1447
7.263 2 GPS_INT 0 0 0 404514197 -37288462 707207 656971 0 0 0 52 19 292795750 141 18 3 1
7.264 2 INS_REF 485057916 -31609623 411673221 404515786 -37285049 712727 662491 0.
7.264 2 ATTITUDE 1.654825 4.130472 -0.226221
7.264 2 INS -4518 -7413 -477131744 -812645 -1384119 -1005338368 16247 -7691 8118
7.276 2 ATTITUDE 1.671899 4.121571 -0.242058
7.318 2 INS -4623 -7587 -477156288 -728759 -1405090 -1005079744 19194 -10811 4916
7.319 2 GPS 3 43819657 447811690 2414 656988 301 -1 2395 292796000 30 0
7.334 2 ATTITUDE 1.67421 4.126933 -0.266279
7.390 2 INS -4623 -7587 -477180800 -728759 -1405090 -1004808064 19377 -18816 12866
7.391 2 ROTORCRAFT_FP -7587 -4623 477185696 -1405090 -728759 1004769344 6840 -1185 16920 0 0 0 0 4230 0
7.392 2 GPS_INT 0 0 0 404514161 -37288542 707224 656988 0 0 0 52 18 292796000 152 17 3 1
7.393 2 ATTITUDE 1.67737 4.126542 -0.299648
7.406 2 INS -4623 -7587 -477205280 -728759 -1405090 -1004613568 14429 -5153 7839
7.422 2 ATTITUDE 1.678342 4.126519 -0.332859
7.454 2 INS -4623 -7587 -477229760 -728759 -1405090 -1004422528 12162 -14852 6200
7.469 2 STATE_FILTER_STATUS 6 3 0
7.470 2 ATTITUDE 1.669456 4.129151 -0.358089
7.502 2 INS -4710 -7769 -477254272 -592444 -1525676 -1004218624 2141 -2919 10161
7.532 2 GPS_INT 0 0 0 404514130 -37288625 707164 656929 0 0 0 52 19 292796250 155 19 3 1
7.533 2 ATTITUDE 1.661359 4.126524 -0.380109
7.572 2 INS -4710 -7769 -477278784 -597687 -1530919 -1003982144 11667 -11850 13317
7.573 2 ENERGY 44 7.391484 2. 14.782969 7.519579 0.255381 1.91902
7.573 2 GPS 3 43819586 447811656 2449 656929 312 -11 2395 292796250 30 0
7.573 2 ATTITUDE 1.661581 4.134733 -0.40323
7.684 2 GVF_PARAMETRIC 5 1 0.150801 6.,-10.898438,12.269531,15.839844,-9.296875,0.007812,32.308594,24.65625,0.,0.,0.,0.,0.,0.,0.,0. -1.17126,-1.381349
7.686 2 INS -4710 -7769 -477303296 -597687 -1530919 -1003744832 4463 3514 17643
7.686 2 ROVER_CTRL 2.5 0.034804 3890.123779 -2.440784 1400. 600. 1000. 1040.319092 48.726082 1.28746 2.465196 0.
7.687 2 ROTORCRAFT_FP -7769 -4710 477308160 -1530919 -597687 1003669376 6761 -1716 16887 0 0 0 0 4230 0
7.687 2 ATTITUDE 1.648268 4.134432 -0.42311
7.688 2 INS -4710 -7769 -477327776 -597687 -1530919 -1003498304 11718 -19263 11107
7.688 2 SERIAL_COM 858 -12057 12261 7974 0 0 0 14 249 80 76 0 0 0 0 0
7.689 2 GPS_INT 0 0 0 404514130 -37288625 707164 656929 0 0 0 52 19 292796250 155 19 3 1
7.690 2 ATTITUDE 1.653112 4.124975 -0.424968
7.700 2 INS -4710 -7769 -477352256 -597687 -1530919 -1003268800 22467 -17159 237
7.716 2 GPS_SOL 52 19 155 19
7.732 2 ATTITUDE 1.650935 4.140476 -0.426852
7.748 2 INS -4782 -7956 -477376736 -414187 -1457519 -1003048768 5466 -2757 11817
7.780 2 ATTITUDE 1.646282 4.148619 -0.429809
7.780 2 IMU_MAG_RAW 255 0 0 0
7.812 2 INS -4782 -7956 -477401216 -414187 -1462762 -1002822528 21013 -11789 7360
7.813 2 GPS 3 43819512 447811628 2488 657009 289 2 2395 292796500 30 0
7.838 2 GPS_INT 0 0 0 404514104 -37288712 707245 657009 0 0 0 53 22 292796500 147 19 3 1
7.841 2 ATTITUDE 1.635998 4.141129 -0.431962
7.854 2 INS -4782 -7956 -477425696 -414187 -1462762 -1002493888 8634 -11238 14705
7.880 2 ROTORCRAFT_FP -7956 -4782 477430592 -1462762 -414187 1002407872 6712 -1762 17002 0 0 0 0 4230 0
7.880 2 ATTITUDE 1.646683 4.154627 -0.430565
7.926 2 INS -4782 -7956 -477450176 -414187 -1462762 -1002268160 24309 -13603 12414
7.926 2 STATIC_CONTROL 0 0. 0 0. 0. 0. 0. 0. 0. 0. 0. 0. 0.
7.927 2 ATTITUDE 1.632906 4.189842 -0.432444
7.944 2 LINK_REPORT 2 -1 8 0 21156 473 0 3083. 71. 1 39.15
7.957 2 INS -4782 -7956 -477474656 -414187 -1462762 -1001891776 14039 -8435 12753
7.984 2 GPS_INT 0 0 0 404514104 -37288712 707245 657009 0 0 0 53 22 292796500 147 19 3 1
7.984 2 ATTITUDE 1.637017 4.188974 -0.422437
8.025 2 GVF_PARAMETRIC 5 1 0.150368 0.,0.2,0.2,0.841242,0.841242,0.05,32.308594,24.65625,0.,0.,0.,0.,0.,0.,0.,0. -1.233822,-1.416475
8.026 2 INS -4846 -8135 -477499136 -445644 -1452276 -1001627008 10042 -4030 1151
8.030 2 ATTITUDE 1.632801 4.187042 -0.414301
8.066 2 INS -4846 -8135 -477523584 -445644 -1452276 -1001349632 16187 -1747 15248
8.067 2 GPS 3 43819443 447811604 2509 657091 289 -12 2395 292796750 30 0
8.082 2 ATTITUDE 1.642896 4.207303 -0.403386
8.098 2 INS -4846 -8135 -477548064 -445644 -1452276 -1001113344 13509 -4651 11716
8.172 2 ROVER_CTRL 2.5 0.034804 3890.123779 -2.440784 1400. 600. 1000. 1040.319092 48.726082 1.28746 2.465196 0.
8.172 2 ROTORCRAFT_FP -8135 -4846 477552960 -1452276 -445644 1001059008 6689 -1694 17254 0 0 0 0 4230 0
8.173 2 GPS_INT 0 0 0 404514082 -37288794 707327 657091 0 0 0 53 22 292796750 121 19 3 1
8.173 2 ATTITUDE 1.634512 4.22111 -0.41239
8.173 2 INS -4846 -8135 -477572544 -445644 -1452276 -1000848320 15203 -4238 11769
8.174 2 SERIAL_COM 858 -8254 27083 2235 0 0 0 14 249 80 76 0 0 0 0 0
8.174 2 ATTITUDE 1.622242 4.224129 -0.423243
8.204 2 INS -4846 -8135 -477596992 -445644 -1452276 -1000604096 13600 -1601 19646
8.219 2 ATTITUDE 1.621959 4.217972 -0.427646
8.251 2 DATALINK_REPORT 2 179 59864 3044 0 9
8.301 2 INS -4846 -8135 -477621472 -445644 -1452276 -1000336512 17997 -10876 13619
8.301 2 GPS_INT 0 0 0 404514082 -37288794 707327 657091 0 0 0 53 22 292796750 121 19 3 1
8.302 2 ALIVE 122,195,7,233,5,247,195,75,60,187,26,129,128,90,246,93
8.303 2 ATTITUDE 1.615386 4.231106 -0.420554
8.303 2 WP_MOVED_ENU 19 -51645 50798 2557
8.303 2 WP_MOVED_ENU 19 -51645 50798 2557
8.303 2 INS -4917 -8320 -477645952 -435158 -1541405 -1000010432 17359 -3720 14299
8.318 2 GPS 3 43819371 447811577 2527 657169 304 -13 2395 292797000 30 0
8.333 2 ATTITUDE 1.614043 4.241073 -0.414424
8.348 2 INS -4917 -8320 -477670368 -435158 -1541405 -999701440 8163 629 15079
8.379 2 ROTORCRAFT_FP -8320 -4917 477675264 -1541405 -435158 999616000 6640 -1660 17379 0 0 0 0 4230 0
8.379 2 ATTITUDE 1.620517 4.239332 -0.411121
8.443 2 GVF_PARAMETRIC 5 1 0.149916 -6.,-34.859375,-45.699219,-22.828125,-21.648438,-0.449219,0.71875,17.71875,0.,0.,0.,0.,0.,0.,0.,0. -1.366225,-1.475821
8.444 2 INS -4917 -8320 -477694784 -435158 -1541405 -999469952 13794 131 7747
8.444 2 GPS_INT 0 0 0 404514057 -37288878 707405 657169 0 0 0 53 21 292797000 141 19 3 1
8.445 2 DL_VALUE 30 15.
8.445 2 ATTITUDE 1.615529 4.256605 -0.401913
8.458 2 INS -4917 -8320 -477719168 -435158 -1541405 -999177408 24323 -9749 9583
8.459 2 ROVER_STATUS 0 60 3 0 1 859 7.382653
8.474 2 ATTITUDE 1.614851 4.261138 -0.389847
8.506 2 INS -4994 -8504 -477743520 -487587 -1499462 -998851776 22608 -6709 5460
8.522 2 ATTITUDE 1.612539 4.261729 -0.37337
8.564 2 INS -4994 -8504 -477767872 -487587 -1499462 -998520832 3795 1368 14712
8.565 2 GPS 3 43819298 447811547 2523 657340 300 3 2395 292797250 30 0
8.642 2 GPS_INT 0 0 0 404514030 -37288964 707576 657340 0 0 0 53 21 292797250 113 19 3 1
8.643 2 ATTITUDE 1.614089 4.256524 -0.356086
8.643 2 ROTORCRAFT_NAV_STATUS 642 642 0. 0. 5 0 1
8.643 2 IMU_MAG_RAW 255 0 0 0
8.644 2 INS -4994 -8504 -477792192 -487587 -1499462 -998216192 20937 -2459 10179
8.644 2 ROVER_CTRL 2.5 0.034804 3890.123779 -2.440784 1400. 600. 1000. 1040.319092 48.726082 1.28746 2.465196 0.
8.644 2 ROTORCRAFT_FP -8504 -4994 477797088 -1499462 -487587 998124352 6575 -1451 17466 0 0 0 0 4230 0
8.645 2 ATTITUDE 1.619637 4.271795 -0.340562
8.658 2 INS -4994 -8504 -477816544 -487587 -1499462 -997958592 22971 -19708 10779
8.659 2 SERIAL_COM 859 -6709 22608 5460 0 0 0 14 250 80 76 0 0 0 0 0
8.674 2 ATTITUDE 1.605771 4.290152 -0.323783
8.706 2 INS -4994 -8504 -477840864 -487587 -1499462 -997608832 16375 -10155 15139
8.723 2 GPS_INT 0 0 0 404514030 -37288964 707576 657340 0 0 0 53 21 292797250 113 19 3 1
8.723 2 ATTITUDE 1.59983 4.294215 -0.293795
8.755 2 INS -5071 -8686 -477865216 -592444 -1478490 -997253824 4813 -1213 19698
8.770 2 ATTITUDE 1.603496 4.288367 -0.283303
8.835 2 GVF_PARAMETRIC 5 1 0.149478 6.,-10.898438,12.269531,15.839844,-9.296875,0.007812,32.308594,24.65625,0.,0.,0.,0.,0.,0.,0.,0. -1.499678,-1.543056
8.836 2 INS -5071 -8686 -477889536 -597687 -1478490 -996981440 13238 -1654 10851
8.837 2 GPS 3 43819227 447811518 2499 657380 303 6 2395 292797500 30 0
8.837 2 ATTITUDE 1.591265 4.303123 -0.267095
8.850 2 INS -5071 -8686 -477913888 -597687 -1478490 -996660224 15786 -13963 12550
8.887 2 ROTORCRAFT_FP -8686 -5071 477918752 -1478490 -597687 996580416 6509 -1022 17634 0 0 0 0 4230 0
8.888 2 GPS_INT 0 0 0 404514003 -37289048 707615 657380 0 0 0 53 21 292797500 113 19 3 1
8.888 2 ATTITUDE 1.595505 4.301691 -0.24563
8.929 2 INS -5071 -8686 -477938208 -597687 -1478490 -996337536 5477 8903 12278
8.929 2 STATIC_CONTROL 0 0. 0 0. 0. 0. 0. 0. 0. 0. 0. 0. 0.
8.930 2 ATTITUDE 1.599215 4.314933 -0.238361
8.944 2 LINK_REPORT 2 -1 9 0 24324 544 0 3168. 71. 1 39.15
8.945 2 INS -5071 -8686 -477962528 -597687 -1478490 -996081600 13175 -6003 14156
8.977 2 ATTITUDE 1.592433 4.318323 -0.237192
9.009 2 INS -5155 -8862 -477986848 -692059 -1447033 -995728960 20609 -13157 8731
9.039 2 GPS_INT 0 0 0 404513973 -37289129 707659 657423 0 0 0 53 21 292797750 115 19 3 1
9.040 2 AUTOPILOT_VERSION 60200 v6.2_unstable-650-g74eaf7c20-dirty
9.040 2 ATTITUDE 1.59487 4.32069 -0.225195
9.065 2 INS -5155 -8862 -478011168 -692059 -1447033 -995495168 15106 3898 -1533
9.065 2 GPS 3 43819158 447811485 2469 657423 305 18 2395 292797750 30 0
9.066 2 ATTITUDE 1.591863 4.319594 -0.215715
9.097 2 INS -5155 -8862 -478035488 -692059 -1447033 -995198016 20682 -2490 19476
9.137 2 ROVER_CTRL 2.5 0.034804 3890.123779 -2.440784 1400. 600. 1000. 1040.319092 48.726082 1.28746 2.465196 0.
9.138 2 ROTORCRAFT_FP -8862 -5155 478040352 -1447033 -692059 995141312 6460 -919 17675 0 0 0 0 4230 0
9.138 2 ATTITUDE 1.574538 4.315464 -0.222128
9.165 2 INS -5155 -8862 -478059808 -692059 -1447033 -994816448 21067 -8516 19065
9.165 2 SERIAL_COM 859 -9287 1268 33914 0 0 0 14 250 80 76 0 0 0 0 0
9.181 2 GPS_INT 0 0 0 404513973 -37289129 707659 657423 0 0 0 53 21 292797750 115 19 3 1
9.181 2 ATTITUDE 1.584489 4.321597 -0.227872
9.222 2 GVF_PARAMETRIC 5 1 0.149102 0.,0.2,0.2,0.841242,0.841242,0.05,32.308594,24.65625,0.,0.,0.,0.,0.,0.,0.,0. -1.559487,-1.582552
9.223 2 INS -5155 -8862 -478084096 -692059 -1447033 -994562176 19285 -1483 9845
9.223 2 ATTITUDE 1.584902 4.325366 -0.231315
9.253 2 INS -5155 -8862 -478108416 -692059 -1447033 -994264640 36184 -3473 8487
9.269 2 ATTITUDE 1.572768 4.322955 -0.226254
9.312 2 INS -5253 -9041 -478132736 -718273 -1441790 -993971840 17338 -3036 8111
9.313 2 GPS 3 43819088 447811448 2451 657492 306 11 2395 292798000 30 0
9.338 2 GPS_INT 0 0 0 404513939 -37289211 707727 657492 0 0 0 53 22 292798000 135 19 3 1
9.338 2 ATTITUDE 1.574194 4.311788 -0.224779
9.353 2 INS -5253 -9041 -478157056 -718273 -1441790 -993715584 27431 -4551 8678
9.379 2 ROTORCRAFT_FP -9041 -5253 478161920 -1441790 -718273 993639936 6456 -898 17708 0 0 0 0 4230 0
9.380 2 ATTITUDE 1.576983 4.325139 -0.21643
9.380 2 IMU_MAG_RAW 255 0 0 0
9.395 2 INS -5253 -9041 -478181376 -718273 -1441790 -993486144 15679 -787 7452
9.427 2 ATTITUDE 1.5742 4.31374 -0.214796
9.443 2 INS -5253 -9041 -478205600 -718273 -1441790 -993156288 13711 1936 4009
9.474 2 GPS_INT 0 0 0 404513939 -37289211 707727 657492 0 0 0 53 22 292798000 135 19 3 1
9.474 2 ATTITUDE 1.576694 4.314121 -0.210056
9.506 2 INS -5342 -9210 -478229888 -681573 -1389361 -992930816 11094 -3446 12275
9.522 2 ATTITUDE 1.578196 4.308806 -0.207628
9.564 2 INS -5342 -9210 -478254112 -676330 -1394604 -992710208 24088 -8529 5102
9.565 2 GPS 3 43819021 447811413 2445 657497 295 2 2395 292798250 30 0
9.565 2 ATTITUDE 1.575682 4.299544 -0.207329
9.580 2 WP_MOVED_ENU 0 0 0 2560
9.580 2 WP_MOVED_ENU 0 0 0 2560
9.677 2 GVF_PARAMETRIC 5 1 0.1488 -6.,-34.859375,-45.699219,-22.828125,-21.648438,-0.449219,0.71875,17.71875,0.,0.,0.,0.,0.,0.,0.,0. -1.689027,-1.660848
9.677 2 INS -5342 -9210 -478278336 -676330 -1394604 -992430784 14612 -6023 9554
9.678 2 ROVER_CTRL 2.5 0.034804 3890.123779 -2.440784 1400. 600. 1000. 1040.319092 48.726082 1.28746 2.465196 0.
9.678 2 ROTORCRAFT_FP -9210 -5342 478283168 -1394604 -676330 992367552 6503 -871 17627 0 0 0 0 4230 0
9.679 2 ATTITUDE 1.585134 4.307463 -0.204188
9.679 2 INS -5342 -9210 -478302496 -676330 -1394604 -992275648 31106 -17226 -927
9.680 2 SERIAL_COM 860 -14760 50886 -5068 0 0 0 14 251 80 76 0 0 0 0 0
9.681 2 ATTITUDE 1.562789 4.316417 -0.210614
9.692 2 INS -5342 -9210 -478326656 -676330 -1394604 -991986368 7280 -4125 13566
9.708 2 GPS_SOL 53 21 115 19
9.724 2 ATTITUDE 1.565601 4.320175 -0.208929
9.756 2 INS -5440 -9387 -478350848 -681573 -1457519 -991721216 13624 -4309 14229
9.772 2 GPS_INT 0 0 0 404513873 -37289370 707773 657537 0 0 0 53 20 292798500 133 19 3 1
9.772 2 ATTITUDE 1.56605 4.317765 -0.204533
9.804 2 INS -5440 -9387 -478375008 -681573 -1457519 -991400768 14075 -4574 6193
9.804 2 GPS 3 43818952 447811376 2447 657537 306 2 2395 292798500 30 0
9.819 2 ATTITUDE 1.578544 4.296008 -0.198632
9.852 2 INS -5440 -9387 -478399200 -681573 -1457519 -991093248 3652 3699 12510
9.878 2 ROTORCRAFT_FP -9387 -5440 478404032 -1457519 -681573 991055360 6492 -771 17578 0 0 0 0 4230 0
9.878 2 ATTITUDE 1.589939 4.295045 -0.197925
9.893 2 INS -5440 -9387 -478423392 -681573 -1457519 -990918592 18532 -17370 5671
9.934 2 STATIC_CONTROL 0 0. 0 0. 0. 0. 0. 0. 0. 0. 0. 0. 0.
9.934 2 GPS_INT 0 0 0 404513873 -37289370 707773 657537 0 0 0 53 20 292798500 133 19 3 1
9.934 2 ATTITUDE 1.580935 4.295777 -0.200288
9.945 2 LINK_REPORT 2 -1 10 0 27281 610 0 2957. 66. 1 39.15
9.960 2 INS -5440 -9387 -478447552 -681573 -1457519 -990732416 24419 -13221 4914
9.960 2 ROVER_STATUS 0 60 3 0 1 860 7.382653
9.975 2 ATTITUDE 1.57578 4.305596 -0.196222
10.029 2 GVF_PARAMETRIC 5 1 0.148538 6.,-10.898438,12.269531,15.839844,-9.296875,0.007812,32.308594,24.65625,0.,0.,0.,0.,0.,0.,0.,0. -1.752231,-1.703999
10.029 2 INS -5537 -9556 -478471712 -660602 -1373633 -990552512 15654 -3110 -3722
10.030 2 DL_VALUE 31 1.
10.030 2 ATTITUDE 1.574171 4.307871 -0.187257
10.058 2 INS -5537 -9556 -478495872 -671088 -1373633 -990197056 11862 1149 15649
10.059 2 GPS 3 43818885 447811339 2444 657601 290 0 2395 292798750 30 0
10.085 2 GPS_INT 0 0 0 404513839 -37289449 707837 657601 0 0 0 53 20 292798750 133 19 3 1
10.085 2 ATTITUDE 1.567691 4.303399 -0.193729
10.138 2 INS -5537 -9556 -478520032 -671088 -1373633 -989927936 19468 -3579 12957
10.139 2 ROVER_CTRL 2.5 0.034804 3890.123779 -2.440784 1400. 600. 1000. 1040.319092 48.726082 1.28746 2.465196 0.
10.140 2 ROTORCRAFT_FP -9556 -5537 478524864 -1373633 -671088 989869312 6395 -807 17558 0 0 0 0 4230 0
10.140 2 ATTITUDE 1.571267 4.282434 -0.202128
10.164 2 INS -5537 -9556 -478544192 -671088 -1373633 -989659520 16689 123 7682
10.165 2 SERIAL_COM 860 -550 15093 7435 0 0 0 14 251 80 76 0 0 0 0 0
10.166 2 ATTITUDE 1.572007 4.294933 -0.197283
10.179 2 ROTORCRAFT_NAV_STATUS 644 644 0. 0. 5 0 1
10.180 2 IMU_MAG_RAW 255 0 0 0
10.195 2 INS -5537 -9556 -478568352 -671088 -1373633 -989405504 13577 -7715 9364
10.222 2 GPS_INT 0 0 0 404513839 -37289449 707837 657601 0 0 0 53 20 292798750 133 19 3 1
10.223 2 ATTITUDE 1.562352 4.30351 -0.190073
10.254 2 INS -5537 -9556 -478592512 -671088 -1373633 -989172352 8533 -1240 10158
10.270 2 ATTITUDE 1.556641 4.292947 -0.189784
10.302 2 INS -5642 -9738 -478616672 -718273 -1420819 -988910272 22527 -16073 8677
10.303 2 GPS 3 43818814 447811298 2436 657731 304 8 2395 292799000 30 0
10.318 2 ATTITUDE 1.563764 4.296347 -0.188437
10.350 2 INS -5642 -9738 -478640832 -723516 -1426062 -988673536 18640 -4951 14789
10.388 2 ROTORCRAFT_FP -9738 -5642 478645664 -1426062 -723516 988591488 6392 -765 17596 0 0 0 0 4230 0
10.388 2 GPS_INT 0 0 0 404513802 -37289532 707967 657731 0 0 0 53 20 292799000 170 17 3 1
10.388 2 ATTITUDE 1.576704 4.302772 -0.184864
10.425 2 GVF_PARAMETRIC 5 1 0.148307 0.,0.2,0.2,0.841242,0.841242,0.05,32.308594,24.65625,0.,0.,0.,0.,0.,0.,0.,0. -1.884543,-1.786841
10.425 2 INS -5642 -9738 -478665024 -723516 -1426062 -988477312 10320 -817 -1073
10.425 2 ATTITUDE 1.584678 4.289409 -0.189582
10.440 2 INS -5642 -9738 -478689152 -723516 -1426062 -988238016 1432 3014 9095
10.472 2 ATTITUDE 1.57283 4.306379 -0.186327
10.472 2 PONG 
10.504 2 INS -5747 -9917 -478713312 -718273 -1363147 -988013312 9063 -4960 13190
10.520 2 GPS_INT 0 0 0 404513766 -37289614 707960 657724 0 0 0 53 20 292799250 170 19 3 1
10.521 2 ATTITUDE 1.573663 4.303194 -0.187
10.552 2 INS -5747 -9917 -478737472 -718273 -1363147 -987792576 9564 -651 12906
10.553 2 GPS 3 43818744 447811259 2429 657724 293 2 2395 292799250 30 0
10.568 2 ATTITUDE 1.582191 4.281861 -0.190451
10.638 2 INS -5747 -9917 -478761632 -718273 -1363147 -987524800 33298 -7501 9687
10.638 2 ROVER_CTRL 2.5 0.034804 3890.123779 -2.440784 1400. 600. 1000. 1040.319092 48.726082 1.28746 2.465196 0.
10.639 2 ROTORCRAFT_FP -9917 -5747 478766496 -1363147 -718273 987472896 6568 -824 17550 0 0 0 0 4230 0
10.640 2 ATTITUDE 1.612669 4.303465 -0.193278
10.654 2 INS -5747 -9917 -478785760 -718273 -1363147 -987386816 22396 -19763 18120
10.655 2 SERIAL_COM 861 -8868 14068 17436 0 0 0 14 252 80 76 0 0 0 0 0
10.680 2 GPS_INT 0 0 0 404513766 -37289614 707960 657724 0 0 0 53 20 292799250 170 19 3 1
10.680 2 STATE_FILTER_STATUS 6 3 0
10.681 2 ATTITUDE 1.599542 4.298566 -0.194956
10.696 2 INS -5747 -9917 -478809888 -718273 -1363147 -987174976 20366 -9980 2258
10.711 2 ATTITUDE 1.599215 4.281099 -0.191424
10.743 2 INS -5834 -10091 -478834016 -655359 -1410333 -986958720 32243 -20045 3406
10.775 2 ATTITUDE 1.594299 4.28749 -0.202981
10.851 2 GVF_PARAMETRIC 5 1 0.148084 -6.,-34.859375,-45.699219,-22.828125,-21.648438,-0.449219,0.71875,17.71875,0.,0.,0.,0.,0.,0.,0.,0. -2.017896,-1.865896
10.852 2 INS -5834 -10091 -478858144 -665845 -1415576 -986713664 13238 -5413 10123
10.852 2 GPS 3 43818676 447811224 2440 657807 297 -2 2395 292799500 30 0
10.853 2 GPS_INT 0 0 0 404513734 -37289694 708043 657807 0 0 0 53 20 292799500 190 17 3 1
10.853 2 ATTITUDE 1.597345 4.285312 -0.208613
10.853 2 INS -5834 -10091 -478882240 -665845 -1415576 -986468736 14311 -8769 7166
10.881 2 ROTORCRAFT_FP -10091 -5834 478887040 -1415576 -665845 986441088 6502 -833 17546 0 0 0 0 4230 0
10.886 2 ATTITUDE 1.580273 4.288493 -0.206113
10.886 2 WP_MOVED_ENU 1 0 0 2560
10.886 2 WP_MOVED_ENU 1 0 0 2560
10.911 2 INS -5834 -10091 -478906336 -665845 -1415576 -986191104 13974 -466 16379
10.912 2 STATIC_CONTROL 0 0. 0 0. 0. 0. 0. 0. 0. 0. 0. 0. 0.
10.912 2 ATTITUDE 1.568837 4.287771 -0.193257
10.943 2 INS -5834 -10091 -478930400 -665845 -1415576 -985909504 17783 -5811 9239
10.945 2 LINK_REPORT 2 -1 11 0 30404 681 0 3123. 71. 2 30.86
10.980 2 GPS_INT 0 0 0 404513734 -37289694 708043 657807 0 0 0 53 20 292799500 190 17 3 1
10.981 2 ALIVE 122,195,7,233,5,247,195,75,60,187,26,129,128,90,246,93
10.981 2 ATTITUDE 1.565307 4.295197 -0.186957
10.981 2 IMU_MAG_RAW 255 0 0 0
10.996 2 INS -5936 -10270 -478954432 -723516 -1363147 -985630336 28963 -26954 7402
11.012 2 ATTITUDE 1.567819 4.287953 -0.189674
11.055 2 INS -5936 -10270 -478978496 -723516 -1363147 -985401344 20016 -18845 9851
11.055 2 GPS 3 43818606 447811185 2429 657982 294 8 2395 292799750 30 0
11.071 2 ATTITUDE 1.569847 4.272315 -0.187435
11.087 2 INS -5936 -10270 -479002528 -723516 -1363147 -985092672 1358 -2236 16864
11.103 2 ROVER_CTRL 2.5 0.034804 3890.123779 -2.440784 1400. 600. 1000. 1040.319092 48.726082 1.28746 2.465196 0.
11.163 2 ROTORCRAFT_FP -10270 -5936 479007328 -1363147 -723516 985071808 6479 -777 17517 0 0 0 0 4230 0
11.164 2 GPS_INT 0 0 0 404513699 -37289776 708217 657982 0 0 0 53 19 292799750 123 17 3 1
11.164 2 ATTITUDE 1.578331 4.274857 -0.1808
11.164 2 INS -5936 -10270 -479026560 -723516 -1363147 -984904448 15546 -11822 12850
11.164 2 SERIAL_COM 861 -3548 22005 10311 0 0 0 14 252 80 76 0 0 0 0 0
11.165 2 ATTITUDE 1.565988 4.272194 -0.176247
11.217 2 GVF_PARAMETRIC 5 1 0.147872 6.,-10.898438,12.269531,15.839844,-9.296875,0.007812,32.308594,24.65625,0.,0.,0.,0.,0.,0.,0.,0. -2.083124,-1.909972
11.218 2 INS -5936 -10270 -479050560 -723516 -1363147 -984581888 20381 -5410 13708
11.218 2 ATTITUDE 1.566066 4.267132 -0.184193
11.249 2 INS -5936 -10270 -479074560 -723516 -1363147 -984342720 17955 -900 15813
11.274 2 GPS_INT 0 0 0 404513699 -37289776 708217 657982 0 0 0 53 19 292799750 123 17 3 1
11.275 2 ATTITUDE 1.569001 4.274101 -0.180392
11.304 2 INS -6041 -10447 -479098560 -807402 -1441790 -984096512 14762 -14449 7535
11.304 2 GPS 3 43818536 447811145 2418 658131 315 29 2395 292800000 30 0
11.320 2 ATTITUDE 1.569301 4.282925 -0.169589
11.353 2 INS -6041 -10447 -479122592 -807402 -1441790 -983805248 10425 -2823 14584
11.368 2 ROTORCRAFT_FP -10447 -6041 479127392 -1441790 -807402 983816704 6398 -693 17537 0 0 0 0 4230 0
11.368 2 ATTITUDE 1.560001 4.278226 -0.163685
11.400 2 INS -6041 -10447 -479146592 -807402 -1441790 -983592448 255 5401 13740
11.416 2 GPS_INT 0 0 0 404513662 -37289859 708367 658131 0 0 0 53 21 292800000 123 18 3 1
11.416 2 ATTITUDE 1.566057 4.272608 -0.165491
11.448 2 INS -6041 -10447 -479170592 -807402 -1441790 -983356800 23996 -9886 19670
11.448 2 ROVER_STATUS 0 56 3 0 1 862 7.382653
11.464 2 ATTITUDE 1.559556 4.270693 -0.165535
11.496 2 INS -6144 -10634 -479194592 -655359 -1499462 -983002048 21710 -12807 12623
11.512 2 ATTITUDE 1.565012 4.267506 -0.157617
11.554 2 INS -6144 -10634 -479218592 -655359 -1499462 -982764736 18641 -1549 11196
11.554 2 GPS 3 43818463 447811106 2440 658253 311 6 2395 292800250 30 0
11.580 2 GPS_INT 0 0 0 404513626 -37289945 708489 658253 0 0 0 53 20 292800250 160 19 3 1
11.580 2 ATTITUDE 1.556421 4.270429 -0.154649
11.660 2 GVF_PARAMETRIC 5 1 0.147678 0.,0.2,0.2,0.841242,0.841242,0.05,32.308594,24.65625,0.,0.,0.,0.,0.,0.,0.,0. -2.221423,-1.994728
11.660 2 INS -6144 -10634 -479242592 -655359 -1499462 -982483072 29402 -16466 6595
11.661 2 ROVER_CTRL 2.5 0.034804 3890.123779 -2.440784 1400. 600. 1000. 1040.319092 48.726082 1.28746 2.465196 0.
11.661 2 ROTORCRAFT_FP -10634 -6144 479247392 -1499462 -655359 982448192 6374 -604 17524 0 0 0 0 4230 0
11.662 2 DL_VALUE 32 1.
11.662 2 ATTITUDE 1.552176 4.272049 -0.146277
11.662 2 INS -6144 -10634 -479266592 -655359 -1499462 -982166400 6827 -9649 18818
11.662 2 SERIAL_COM 862 -9055 19081 10896 0 0 0 14 253 80 76 0 0 0 0 0
11.663 2 ATTITUDE 1.552588 4.274604 -0.131524
11.704 2 INS -6144 -10634 -479290592 -655359 -1499462 -982001024 21946 -9936 10768
11.704 2 GPS_SOL 53 20 160 19
11.720 2 GPS_INT 0 0 0 404513626 -37289945 708489 658253 0 0 0 53 20 292800250 160 19 3 1
11.721 2 ATTITUDE 1.552915 4.278717 -0.124109
11.752 2 INS -6238 -10828 -479314592 -828374 -1488976 -981678976 21452 -1865 8264
11.768 2 ATTITUDE 1.563951 4.280285 -0.113973
11.768 2 ROTORCRAFT_NAV_STATUS 645 645 0. 0. 5 0 1
11.799 2 IMU_MAG_RAW 255 0 0 0
11.800 2 INS -6238 -10828 -479338528 -828374 -1488976 -981420416 12228 -4719 13905
11.801 2 GPS 3 43818387 447811069 2427 658369 324 21 2395 292800500 30 0
11.814 2 ATTITUDE 1.57173 4.28093 -0.114994
11.847 2 INS -6238 -10828 -479362528 -828374 -1488976 -981151232 15881 -5739 10059
11.912 2 ROTORCRAFT_FP -10828 -6238 479367360 -1488976 -828374 981087040 6448 -525 17497 0 0 0 0 4230 0
11.912 2 GPS_INT 0 0 0 404513592 -37290034 708605 658369 0 0 0 53 21 292800500 186 18 3 1
11.913 2 ATTITUDE 1.580884 4.266124 -0.129534
11.913 2 INS -6238 -10828 -479386496 -828374 -1488976 -980949248 29821 2636 7652
11.913 2 STATIC_CONTROL 0 0. 0 0. 0. 0. 0. 0. 0. 0. 0. 0. 0.
11.913 2 ATTITUDE 1.581502 4.265049 -0.148269
11.943 2 INS -6238 -10828 -479410432 -828374 -1488976 -980696640 13920 -8616 12685
11.946 2 LINK_REPORT 2 -1 12 0 33453 750 0 3049. 69. 2 30.86
11.959 2 ATTITUDE 1.585872 4.275713 -0.181469
12.068 2 GVF_PARAMETRIC 5 1 0.147481 -6.,-34.859375,-45.699219,-22.828125,-21.648438,-0.449219,0.71875,17.71875,0.,0.,0.,0.,0.,0.,0.,0. -2.292929,-2.035301
12.068 2 INS -6341 -11005 -479434464 -796917 -1368390 -980541120 21013 -16473 9944
12.069 2 GPS_INT 0 0 0 404513556 -37290116 708619 658383 0 0 0 53 22 292800750 130 19 3 1
12.069 2 ATTITUDE 1.589732 4.272254 -0.215638
12.069 2 INS -6341 -11005 -479458400 -796917 -1373633 -980402688 11520 -8318 -78
12.069 2 ENERGY 44 7.400315 1.95 14.430615 7.556046 0.25792 1.937763
12.070 2 GPS 3 43818317 447811029 2412 658383 302 19 2395 292800750 30 0
12.070 2 ATTITUDE 1.585237 4.260048 -0.243496
12.126 2 INS -6341 -11005 -479482400 -796917 -1373633 -980226880 21052 -11925 5516
12.127 2 ROVER_CTRL 2.5 0.034804 3890.123779 -2.440784 1400. 600. 1000. 1040.319092 48.726082 1.28746 2.465196 0.
12.128 2 ROTORCRAFT_FP -11005 -6341 479487168 -1373633 -796917 980201408 6535 -1058 17461 0 0 0 0 4230 0
12.128 2 ATTITUDE 1.597378 4.275568 -0.27018
12.192 2 INS -6341 -11005 -479506336 -796917 -1373633 -980051712 12216 -14123 4516
12.193 2 SERIAL_COM 862 -11925 21052 5516 0 0 0 14 253 80 76 0 0 0 0 0
12.193 2 GPS_INT 0 0 0 404513556 -37290116 708619 658383 0 0 0 53 22 292800750 130 19 3 1
12.194 2 ATTITUDE 1.595685 4.279259 -0.297865
12.194 2 WP_MOVED_ENU 2 -276 -3691 2560
12.194 2 WP_MOVED_ENU 2 -276 -3691 2560
12.194 2 INS -6341 -11005 -479530304 -796917 -1373633 -979892032 1995 -2839 7744
12.208 2 ATTITUDE 1.588223 4.272028 -0.316753
12.241 2 INS -6341 -11005 -479554240 -796917 -1373633 -979775744 22027 -5093 936
12.256 2 ATTITUDE 1.593715 4.251775 -0.335027
12.301 2 INS -6428 -11187 -479578144 -513801 -1546648 -979558400 9772 -3795 7467
12.302 2 GPS 3 43818245 447810996 2467 658356 310 3 2395 292801000 30 0
12.342 2 GPS_INT 0 0 0 404513526 -37290200 708592 658356 0 0 0 53 20 292801000 120 19 3 1
12.343 2 INS_REF 485057916 -31609623 411673221 404515786 -37285049 712727 662491 0.
12.343 2 ATTITUDE 1.602424 4.259348 -0.360541
12.343 2 INS -6428 -11187 -479602048 -508558 -1551891 -979524480 19825 -13930 354
12.369 2 ROTORCRAFT_FP -11187 -6428 479606848 -1551891 -508558 979467200 6586 -1607 17501 0 0 0 0 4230 0
12.369 2 ATTITUDE 1.608266 4.274375 -0.414556
12.412 2 GVF_PARAMETRIC 5 1 0.147307 6.,-10.898438,12.269531,15.839844,-9.296875,0.007812,32.308594,24.65625,0.,0.,0.,0.,0.,0.,0.,0. -2.429767,-2.112835
12.412 2 INS -6428 -11187 -479625952 -508558 -1551891 -979356160 22344 -8243 1370
12.413 2 ATTITUDE 1.613462 4.273603 -0.482155
12.443 2 INS -6428 -11187 -479649856 -508558 -1551891 -979281024 8014 -12309 10595
12.469 2 GPS_INT 0 0 0 404513526 -37290200 708592 658356 0 0 0 53 20 292801000 120 19 3 1
12.469 2 ATTITUDE 1.598603 4.273534 -0.557215
12.485 2 INS -6476 -11394 -479673728 -183500 -1646262 -979156864 18219 -13783 2962
12.516 2 ATTITUDE 1.594709 4.290542 -0.621288
12.548 2 INS -6476 -11394 -479697600 -183500 -1651505 -979043008 7770 -18854 -2098
12.549 2 GPS 3 43818166 447810978 2549 658358 316 15 2395 292801250 30 0
12.564 2 ATTITUDE 1.608232 4.287858 -0.698209
12.564 2 IMU_MAG_RAW 255 0 0 0
12.656 2 INS -6476 -11394 -479721472 -183500 -1651505 -978994240 8541 -14884 8835
12.657 2 ROVER_CTRL 2.5 0.034804 3890.123779 -2.440784 1400. 600. 1000. 1040.319092 48.726082 1.28746 2.465196 0.
12.657 2 ROTORCRAFT_FP -11394 -6476 479726240 -1651505 -183500 978988672 6563 -3070 17549 0 0 0 0 4230 0
12.658 2 GPS_INT 0 0 0 404513509 -37290294 708594 658358 0 0 0 54 21 292801250 185 17 3 1
12.658 2 ATTITUDE 1.607405 4.292073 -0.7712
12.658 2 INS -6476 -11394 -479745344 -183500 -1651505 -978914176 11986 -15036 3008
12.659 2 SERIAL_COM 863 -22149 15392 -244 0 0 0 14 254 80 76 0 0 0 0 0
12.659 2 ATTITUDE 1.605817 4.305237 -0.837524
12.688 2 INS -6476 -11394 -479769216 -183500 -1651505 -978807232 4070 -5494 -1832
12.704 2 ATTITUDE 1.602549 4.312963 -0.903082
12.736 2 INS -6476 -11394 -479793088 -183500 -1651505 -978640448 18723 -12138 -5428
12.764 2 GPS_INT 0 0 0 404513507 -37290389 708693 658458 0 0 0 54 24 292801500 185 17 3 1
12.765 2 ATTITUDE 1.601604 4.309142 -0.960969
12.829 2 GVF_PARAMETRIC 5 1 0.147054 0.,0.2,0.2,0.841242,0.841242,0.05,32.308594,24.65625,0.,0.,0.,0.,0.,0.,0.,0. -2.586141,-2.138048
12.830 2 INS -6481 -11599 -479816960 319815 -1499462 -978521152 17887 -9601 8782
12.831 2 GPS 3 43818085 447810977 2670 658458 292 29 2395 292801500 30 0
12.831 2 ATTITUDE 1.595744 4.329417 -1.01747
12.844 2 INS -6481 -11599 -479840768 319815 -1499462 -978461120 18095 -14739 188
12.861 2 ROTORCRAFT_FP -11599 -6481 479845536 -1499462 319815 978456320 6459 -4332 17788 0 0 0 0 4230 0
12.862 2 ATTITUDE 1.552558 4.365691 -1.081609
12.931 2 INS -6481 -11599 -479864608 319815 -1499462 -978256384 20957 -21317 9117
12.934 2 STATIC_CONTROL 0 0. 0 0. 0. 0. 0. 0. 0. 0. 0. 0. 0.
12.935 2 GPS_INT 0 0 0 404513507 -37290389 708693 658458 0 0 0 54 24 292801500 185 17 3 1
12.937 2 ATTITUDE 1.548407 4.371522 -1.146416
12.947 2 INS -6481 -11599 -479888448 319815 -1499462 -978098112 17376 -7635 8202
12.947 2 ROVER_STATUS 0 56 3 0 1 863 7.303175
12.948 2 LINK_REPORT 2 -1 13 0 36604 819 0 3151. 69. 2 30.86
12.962 2 ATTITUDE 1.534435 4.360498 -1.189613
12.994 2 INS -6440 -11776 -479912320 660602 -1174404 -977935872 23864 -19187 6892
13.010 2 ATTITUDE 1.527161 4.36836 -1.193734
13.052 2 INS -6440 -11776 -479936192 665845 -1179646 -977691392 14092 -8273 10965
13.052 2 GPS 3 43818016 447810993 2821 658629 258 30 2395 292801750 30 0
13.069 2 GPS_INT 0 0 0 404513521 -37290470 708865 658629 0 0 0 55 23 292801750 166 18 3 1
13.071 2 ATTITUDE 1.516941 4.387743 -1.182198
13.084 2 INS -6440 -11776 -479960032 665845 -1179646 -977443520 14913 -9536 8865
13.125 2 ROVER_CTRL 2.5 0.034804 3890.123779 -2.440784 1400. 600. 1000. 1040.319092 48.726082 1.28746 2.465196 0.
13.125 2 ROTORCRAFT_FP -11776 -6440 479964800 -1179646 665845 977388096 6298 -4803 17894 0 0 0 0 4230 0
13.126 2 ATTITUDE 1.529477 4.373336 -1.170373
13.155 2 INS -6440 -11776 -479983872 665845 -1179646 -977278784 15263 -10138 15465
13.156 2 SERIAL_COM 863 -12307 18052 4526 0 0 0 14 254 80 76 0 0 0 0 0
13.156 2 ATTITUDE 1.484167 4.41713 -1.166348
13.232 2 GVF_PARAMETRIC 5 1 0.146738 -6.,-34.859375,-45.699219,-22.828125,-21.648438,-0.449219,0.71875,17.71875,0.,0.,0.,0.,0.,0.,0.,0. -2.648672,-2.128562
13.233 2 INS -6440 -11776 -480007744 665845 -1179646 -977038848 13957 -8359 15207
13.233 2 GPS_INT 0 0 0 404513521 -37290470 708865 658629 0 0 0 55 23 292801750 166 18 3 1
13.234 2 DL_VALUE 33 0.
13.234 2 ATTITUDE 1.48737 4.424655 -1.172112
13.234 2 INS -6440 -11776 -480031584 665845 -1179646 -976763456 17018 -20266 14613
13.263 2 ATTITUDE 1.483917 4.437297 -1.176449
13.295 2 INS -6361 -11932 -480055424 739245 -1263532 -976603328 16832 -22431 17589
13.296 2 GPS 3 43817956 447811024 2906 658689 280 21 2395 292802000 30 0
13.311 2 ATTITUDE 1.456655 4.461269 -1.187085
13.311 2 DATALINK_REPORT 3 180 60215 3065 0 10
13.343 2 INS -6361 -11932 -480079264 739245 -1263532 -976389632 15286 -10018 12442
13.391 2 ROTORCRAFT_FP -11932 -6361 480084032 -1263532 739245 976314944 5967 -4847 18320 0 0 0 0 4230 0
13.392 2 GPS_INT 0 0 0 404513549 -37290542 708925 658689 0 0 0 55 22 292802000 117 19 3 1
13.392 2 ATTITUDE 1.45548 4.467779 -1.18932
13.392 2 ROTORCRAFT_NAV_STATUS 647 647 0. 0. 5 0 1
13.393 2 IMU_MAG_RAW 255 0 0 0
13.393 2 INS -6361 -11932 -480103104 739245 -1263532 -976209984 9073 -10029 3741
13.407 2 ATTITUDE 1.465358 4.46957 -1.18371
13.439 2 INS -6361 -11932 -480126944 739245 -1263532 -975926208 11448 -5315 10263
13.455 2 ATTITUDE 1.464723 4.466296 -1.164697
13.471 2 WP_MOVED_ENU 3 -8924 -2790 -87
13.471 2 WP_MOVED_ENU 3 -8924 -2790 -87
13.487 2 INS -6272 -12096 -480150784 760216 -1289747 -975700480 18267 -7291 8786
13.513 2 GPS_INT 0 0 0 404513580 -37290618 709033 658797 0 0 0 56 21 292802250 120 18 3 1
13.514 2 ATTITUDE 1.464995 4.466572 -1.129056
13.545 2 INS -6272 -12096 -480174624 760216 -1294990 -975453952 23551 2271 1836
13.545 2 GPS 3 43817891 447811059 2954 658797 285 30 2395 292802250 30 0
13.560 2 ATTITUDE 1.44447 4.484239 -1.064368
13.646 2 GVF_PARAMETRIC 5 1 0.146332 6.,-10.898438,12.269531,15.839844,-9.296875,0.007812,32.308594,24.65625,0.,0.,0.,0.,0.,0.,0.,0. -2.766289,-2.070655
13.647 2 INS -6272 -12096 -480198464 760216 -1294990 -975037312 16346 7607 14566
13.647 2 ROVER_CTRL 2.5 0.034804 3890.123779 -2.440784 1400. 600. 1000. 1040.319092 48.726082 1.28746 2.465196 0.
13.647 2 ROTORCRAFT_FP -12096 -6272 480203232 -1294990 760216 974959872 5879 -4213 18429 0 0 0 0 4230 0
13.648 2 ATTITUDE 1.446278 4.497557 -0.993912
13.648 2 INS -6272 -12096 -480222304 760216 -1294990 -974695296 18575 97 4991
13.648 2 SERIAL_COM 864 -13704 20166 4470 0 0 0 14 255 80 76 0 0 0 0 0
13.672 2 GPS_INT 0 0 0 404513580 -37290618 709033 658797 0 0 0 56 21 292802250 120 18 3 1
13.672 2 ALIVE 122,195,7,233,5,247,195,75,60,187,26,129,128,90,246,93
13.673 2 ATTITUDE 1.455635 4.500292 -0.920486
13.698 2 INS -6272 -12096 -480246144 760216 -1294990 -974316608 20414 11072 20635
13.699 2 GPS_SOL 56 21 120 18
13.713 2 ATTITUDE 1.455406 4.52139 -0.841519
13.730 2 INS -6272 -12096 -480269984 760216 -1294990 -973939904 27401 362 15245
13.761 2 ATTITUDE 1.450364 4.536808 -0.763752
13.794 2 INS -6202 -12285 -480293760 304086 -1567619 -973551424 22789 4044 21161
13.795 2 GPS 3 43817818 447811087 2871 658931 303 32 2395 292802500 30 0
13.820 2 GPS_INT 0 0 0 404513604 -37290705 709167 658931 0 0 0 57 22 292802500 120 18 3 1
13.821 2 ATTITUDE 1.43928 4.563074 -0.689854
13.836 2 INS -6202 -12285 -480317536 304086 -1567619 -973156416 20323 -3293 13103
13.863 2 ROTORCRAFT_FP -12285 -6202 480322304 -1567619 304086 973109248 5928 -2599 18685 0 0 0 0 4230 0
13.864 2 STATE_FILTER_STATUS 6 3 0
13.865 2 ATTITUDE 1.456433 4.566465 -0.605749
13.908 2 INS -6202 -12285 -480341280 304086 -1567619 -972798464 20622 -11289 19038
13.908 2 STATIC_CONTROL 0 0. 0 0. 0. 0. 0. 0. 0. 0. 0. 0. 0.
13.909 2 ATTITUDE 1.438335 4.574489 -0.542428
13.940 2 INS -6202 -12285 -480365024 304086 -1567619 -972438464 12916 8515 8889
13.947 2 LINK_REPORT 2 -1 14 0 39626 889 0 3022. 70. 2 30.86
13.966 2 GPS_INT 0 0 0 404513604 -37290705 709167 658931 0 0 0 57 22 292802500 120 18 3 1
13.967 2 ATTITUDE 1.459478 4.583798 -0.491365
14.007 2 GVF_PARAMETRIC 5 1 0.145866 0.,0.2,0.2,0.841242,0.841242,0.05,32.308594,24.65625,0.,0.,0.,0.,0.,0.,0.,0. -2.830693,-2.053489
14.008 2 INS -6190 -12482 -480388704 -188743 -1520433 -972036928 26890 -1854 10580
14.008 2 ATTITUDE 1.480325 4.589179 -0.459183
14.051 2 INS -6190 -12482 -480412416 -183500 -1520433 -971776320 29969 6882 4154
14.051 2 GPS 3 43817742 447811093 2734 659021 291 25 2395 292802750 30 0
14.051 2 ATTITUDE 1.463741 4.609206 -0.448909
14.082 2 INS -6190 -12482 -480436128 -183500 -1520433 -971397184 28004 1600 6867
14.154 2 ROVER_CTRL 2.5 0.034804 3890.123779 -2.440784 1400. 600. 1000. 1040.319092 48.726082 1.28746 2.465196 0.
14.154 2 ROTORCRAFT_FP -12482 -6190 480440864 -1520433 -183500 971362752 6038 -1824 18844 0 0 0 0 4230 0
14.154 2 GPS_INT 0 0 0 404513609 -37290795 709257 659021 0 0 0 57 21 292802750 120 19 3 1
14.155 2 ATTITUDE 1.474979 4.611179 -0.442302
14.155 2 INS -6190 -12482 -480459840 -183500 -1520433 -971043648 7587 -628 22094
14.155 2 SERIAL_COM 864 4768 15234 12252 0 0 0 14 255 80 76 0 0 0 0 0
14.155 2 ATTITUDE 1.476191 4.624999 -0.435907
14.171 2 IMU_MAG_RAW 255 0 0 0
14.185 2 INS -6190 -12482 -480483520 -183500 -1520433 -970828416 14446 4896 9950
14.201 2 ATTITUDE 1.474309 4.628618 -0.421543
14.233 2 INS -6190 -12482 -480507200 -183500 -1520433 -970545280 16172 5470 8116
14.260 2 GPS_INT 0 0 0 404513609 -37290795 709257 659021 0 0 0 57 21 292802750 120 19 3 1
14.261 2 ATTITUDE 1.485417 4.615647 -0.409557
14.292 2 INS -6220 -12672 -480530880 -351272 -1478490 -970285568 20444 6570 4565
14.293 2 GPS 3 43817667 447811082 2645 659098 290 18 2395 292803000 30 0
14.308 2 ATTITUDE 1.504822 4.623223 -0.429065
14.340 2 INS -6220 -12672 -480554560 -356515 -1483733 -970207808 17044 1443 5169
14.357 2 ROTORCRAFT_FP -12672 -6220 480559296 -1483733 -356515 970148800 6179 -1865 18950 0 0 0 0 4230 0
14.358 2 ATTITUDE 1.508238 4.623155 -0.464791
14.422 2 GVF_PARAMETRIC 5 1 0.145472 -6.,-34.859375,-45.699219,-22.828125,-21.648438,-0.449219,0.71875,17.71875,0.,0.,0.,0.,0.,0.,0.,0. -2.974361,-2.069136
14.423 2 INS -6220 -12672 -480578240 -356515 -1483733 -970053184 30056 5431 2457
14.424 2 GPS_INT 0 0 0 404513599 -37290883 709334 659098 0 0 0 57 21 292803000 120 19 3 1
14.425 2 ATTITUDE 1.500659 4.617376 -0.49526
14.447 2 INS -6220 -12672 -480601920 -356515 -1483733 -969823552 7650 4101 7622
14.447 2 ROVER_STATUS 0 55 3 0 1 865 7.364992
14.462 2 ATTITUDE 1.489779 4.62856 -0.51505
14.479 2 INS -6220 -12672 -480625600 -356515 -1483733 -969704512 14719 -2377 8272
14.510 2 ATTITUDE 1.504696 4.622789 -0.543758
14.543 2 INS -6246 -12866 -480649280 -110100 -1515190 -969451648 16621 -3391 12583
14.543 2 GPS 3 43817591 447811073 2654 659169 289 9 2395 292803250 30 0
14.569 2 GPS_INT 0 0 0 404513590 -37290972 709405 659169 0 0 0 57 19 292803250 119 20 3 1
14.569 2 ATTITUDE 1.503757 4.630941 -0.564333
14.622 2 INS -6246 -12866 -480672960 -110100 -1515190 -969385216 23999 -9632 6351
14.622 2 ROVER_CTRL 2.5 0.034804 3890.123779 -2.440784 1400. 600. 1000. 1040.319092 48.726082 1.28746 2.465196 0.
14.623 2 ROTORCRAFT_FP -12866 -6246 480677696 -1515190 -110100 969354880 6175 -2412 18987 0 0 0 0 4230 0
14.623 2 ATTITUDE 1.513566 4.632164 -0.605477
14.648 2 INS -6246 -12866 -480696640 -110100 -1515190 -969248640 19137 -18648 2542
14.649 2 SERIAL_COM 865 -2377 14719 8272 0 0 0 14 256 80 76 0 0 0 0 0
14.649 2 ATTITUDE 1.525621 4.631993 -0.659699
14.681 2 INS -6246 -12866 -480720320 -110100 -1515190 -969217728 5212 -4165 5572
14.709 2 GPS_INT 0 0 0 404513590 -37290972 709405 659169 0 0 0 57 19 292803250 119 20 3 1
14.710 2 ATTITUDE 1.492107 4.656363 -0.722608
14.741 2 INS -6246 -12866 -480744000 -110100 -1515190 -969138048 14226 -10906 -5896
14.757 2 ATTITUDE 1.50003 4.670922 -0.791855
14.773 2 WP_MOVED_ENU 4 -11699 3141 -89
14.773 2 WP_MOVED_ENU 4 -11699 3141 -89
14.838 2 GVF_PARAMETRIC 5 1 0.14515 6.,-10.898438,12.269531,15.839844,-9.296875,0.007812,32.308594,24.65625,0.,0.,0.,0.,0.,0.,0.,0. -3.11729,-2.079211
14.839 2 INS -6228 -13053 -480767680 220200 -1473247 -969013376 8936 -8942 3241
14.839 2 GPS 3 43817518 447811080 2718 659175 283 -3 2395 292803500 30 0
14.840 2 DL_VALUE 34 0.
14.840 2 ATTITUDE 1.497717 4.679882 -0.866645
14.840 2 INS -6228 -13053 -480791360 220200 -1473247 -968938752 17633 -10901 9365
14.874 2 ROTORCRAFT_FP -13053 -6228 480796096 -1473247 220200 968896320 6073 -3742 19258 0 0 0 0 4230 0
14.875 2 GPS_INT 0 0 0 404513596 -37291058 709411 659175 0 0 0 57 18 292803500 119 20 3 1
14.875 2 ATTITUDE 1.496064 4.709457 -0.940355
14.904 2 INS -6228 -13053 -480815040 220200 -1473247 -968846912 9924 -5415 11444
14.905 2 STATIC_CONTROL 0 0. 0 0. 0. 0. 0. 0. 0. 0. 0. 0. 0.
14.905 2 ATTITUDE 1.471437 4.740039 -1.015245
14.936 2 INS -6228 -13053 -480838688 220200 -1473247 -968720576 21379 -10698 -1691
14.948 2 LINK_REPORT 2 -1 15 0 42712 957 0 3086. 68. 2 30.86
14.952 2 ATTITUDE 1.452815 4.740811 -1.083886
14.968 2 ROTORCRAFT_NAV_STATUS 648 648 0. 0. 5 0 1
14.969 2 IMU_MAG_RAW 255 0 0 0
14.985 2 INS -6228 -13053 -480862400 220200 -1473247 -968655744 21649 -12949 1545
15.011 2 GPS_INT 0 0 0 404513613 -37291138 709544 659308 0 0 0 58 18 292803750 129 19 3 1
15.012 2 ATTITUDE 1.385765 4.82171 -1.14813
15.026 2 INS -6179 -13224 -480886048 655359 -1268775 -968558080 11136 -2979 4002
15.042 2 GPS 3 43817451 447811100 2831 659308 271 8 2395 292803750 30 0
15.058 2 ATTITUDE 1.339954 4.864362 -1.226368
15.119 2 INS -6179 -13224 -480909696 655359 -1268775 -968418112 16403 -12742 -11392
15.119 2 ROVER_CTRL 2.5 0.034804 3890.123779 -2.440784 1400. 600. 1000. 1040.319092 48.726082 1.28746 2.465196 0.
15.120 2 ROTORCRAFT_FP -13224 -6179 480914432 -1268775 655359 968365248 5347 -5182 20039 0 0 0 0 4230 0
15.121 2 ATTITUDE 1.271904 4.928017 -1.289647
15.174 2 INS -6179 -13224 -480933344 655359 -1268775 -968225536 34976 -3476 -5330
15.174 2 SERIAL_COM 865 -6287 13637 860 0 0 0 14 256 80 76 0 0 0 0 0
15.175 2 GPS_INT 0 0 0 404513613 -37291138 709544 659308 0 0 0 58 18 292803750 129 19 3 1
15.175 2 ATTITUDE 1.222417 4.982855 -1.355886
15.210 2 GVF_PARAMETRIC 5 1 0.144818 0.,0.2,0.2,0.841242,0.841242,0.05,32.308594,24.65625,0.,0.,0.,0.,0.,0.,0.,0. -3.177654,-2.067835
15.211 2 INS -6179 -13224 -480956992 655359 -1268775 -968059968 16357 -14467 6582
15.212 2 ATTITUDE 1.133612 5.08215 -1.420546
15.240 2 INS -6179 -13224 -480980640 655359 -1268775 -967913472 19980 -6269 5111
15.256 2 ATTITUDE 0.708182 5.495061 -1.458636
15.288 2 INS -6074 -13360 -481004288 1053817 -823131 -967671296 15212 -7401 14641
15.289 2 GPS 3 43817399 447811141 3015 659341 256 -3 2395 292804000 30 0
15.314 2 GPS_INT 0 0 0 404513650 -37291200 709577 659341 0 0 0 58 18 292804000 129 19 3 1
15.315 2 ATTITUDE -0.101698 0.018257 -1.484333
15.330 2 INS -6074 -13360 -481027936 1053817 -828374 -967436160 16140 -6277 11483
15.358 2 ROTORCRAFT_FP -13360 -6074 481032672 -828374 1053817 967380032 -2531 -6020 2186 0 0 0 0 4230 0
15.359 2 ATTITUDE -0.842621 0.748343 -1.45609
15.390 2 INS -6074 -13360 -481051616 1053817 -828374 -967270016 15114 -7674 6955
15.406 2 ATTITUDE -1.022539 0.935883 -1.398873
15.438 2 INS -6074 -13360 -481075296 1053817 -828374 -966979200 28874 -19476 13115
15.454 2 GPS_INT 0 0 0 404513650 -37291200 709577 659341 0 0 0 58 18 292804000 129 19 3 1
15.454 2 ATTITUDE -1.177578 1.087986 -1.331349
15.470 2 PONG 
15.486 2 INS -6074 -13360 -481098880 1053817 -828374 -966716608 22633 -10589 11287
15.502 2 ATTITUDE -1.285043 1.183346 -1.263108
15.544 2 INS -5934 -13434 -481122464 1294990 -419430 -966523840 14325 -3260 5819
15.544 2 GPS 3 43817370 447811197 3213 659401 259 19 2395 292804250 30 0
15.559 2 ATTITUDE -1.294176 1.183141 -1.193844
15.663 2 GVF_PARAMETRIC 5 1 0.144448 -6.,-34.859375,-45.699219,-22.828125,-21.648438,-0.449219,0.71875,17.71875,0.,0.,0.,0.,0.,0.,0.,0. -3.253359,-1.980248
15.664 2 INS -5934 -13434 -481146016 1294990 -419430 -966212928 29837 -15064 11584
15.665 2 ROVER_CTRL 2.5 0.034804 3890.123779 -2.440784 1400. 600. 1000. 1040.319092 48.726082 1.28746 2.465196 0.
15.665 2 ROTORCRAFT_FP -13434 -5934 481150752 -419430 1294990 966153152 -5437 -4684 4946 0 0 0 0 4230 0
15.666 2 GPS_INT 0 0 0 404513700 -37291234 709637 659401 0 0 0 58 18 292804250 120 19 3 1
15.667 2 ATTITUDE -1.34316 1.207971 -1.116528
15.667 2 INS -5934 -13434 -481169568 1294990 -419430 -965916928 21169 -8043 14557
15.667 2 SERIAL_COM 866 -10457 15407 7143 0 0 0 14 257 80 76 0 0 0 0 0
15.668 2 ATTITUDE -1.399394 1.236248 -1.049845
15.688 2 INS -5934 -13434 -481193120 1294990 -419430 -965628224 20824 -9713 14162
15.689 2 GPS_SOL 58 18 120 19
15.703 2 ATTITUDE -1.3954 1.234507 -0.979675
15.736 2 INS -5934 -13434 -481216640 1294990 -419430 -965355264 17563 -11190 8786
15.766 2 GPS_INT 0 0 0 404513753 -37291247 709690 659454 0 0 0 58 21 292804500 130 18 3 1
15.766 2 ATTITUDE -1.405239 1.211151 -0.913005
15.766 2 IMU_MAG_RAW 255 0 0 0
15.792 2 INS -5780 -13463 -481240160 1326447 99614 -965030976 26589 -10280 13823
15.792 2 GPS 3 43817360 447811256 3442 659454 254 23 2395 292804500 30 0
15.807 2 ATTITUDE -1.419611 1.198593 -0.853185
15.824 2 INS -5780 -13463 -481263680 1326447 99614 -964745664 14728 -9357 5366
15.856 2 ROTORCRAFT_FP -13463 -5780 481268384 99614 1326447 964679616 -5851 -3340 4829 0 0 0 0 4230 0
15.856 2 ATTITUDE -1.420226 1.166444 -0.79006
15.915 2 INS -5780 -13463 -481287200 1326447 99614 -964408896 11364 -11950 4961
15.916 2 STATIC_CONTROL 0 0. 0 0. 0. 0. 0. 0. 0. 0. 0. 0. 0.
15.918 2 GPS_INT 0 0 0 404513753 -37291247 709690 659454 0 0 0 58 21 292804500 130 18 3 1
15.919 2 ATTITUDE -1.422202 1.130717 -0.722801
15.942 2 INS -5780 -13463 -481310720 1326447 99614 -964046272 22737 -10111 9422
15.942 2 ROVER_STATUS 0 59 3 0 1 866 7.294344
15.948 2 LINK_REPORT 2 -1 16 0 45726 1025 0 3014. 68. 3 27.4
15.957 2 ATTITUDE -1.43705 1.104694 -0.655494
16.000 2 GVF_PARAMETRIC 5 1 0.144055 6.,-10.898438,12.269531,15.839844,-9.296875,0.007812,32.308594,24.65625,0.,0.,0.,0.,0.,0.,0.,0. -3.257288,-1.929616
16.000 2 INS -5780 -13463 -481334240 1326447 99614 -963691456 8485 -4288 6721
16.000 2 ATTITUDE -1.459921 1.078685 -0.598701
16.041 2 INS -5634 -13424 -481357760 1163918 492830 -963363712 12702 -8695 7107
16.042 2 GPS 3 43817375 447811313 26 659555 243 14 2395 292804750 30 0
16.120 2 GPS_INT 0 0 0 404513805 -37291230 709791 659555 0 0 0 59 27 292804750 166 17 3 1
16.120 2 ATTITUDE -1.467563 1.064672 -0.563763
16.120 2 WP_MOVED_ENU 5 -5844 4055 -87
16.121 2 WP_MOVED_ENU 5 -5844 4055 -87
16.121 2 INS -5634 -13424 -481381248 1163918 492830 -963129600 19227 -21389 7100
16.121 2 ROVER_CTRL 2.5 0.034804 3890.123779 -2.440784 1400. 600. 1000. 1040.319092 48.726082 1.28746 2.465196 0.
16.121 2 ROTORCRAFT_FP -13424 -5634 481385952 492830 1163918 963070592 -6062 -2287 4308 0 0 0 0 4230 0
16.122 2 ATTITUDE -1.475209 1.039693 -0.555707
16.146 2 INS -5634 -13424 -481404768 1163918 492830 -962889536 8414 -6725 5382
16.147 2 SERIAL_COM 866 -11110 17933 15090 0 0 0 14 257 80 76 0 0 0 0 0
16.147 2 ATTITUDE -1.482625 1.00144 -0.554137
16.178 2 INS -5634 -13424 -481428288 1163918 492830 -962661184 10643 -6921 5090
16.205 2 GPS_INT 0 0 0 404513805 -37291230 709791 659555 0 0 0 59 27 292804750 166 17 3 1
16.206 2 ATTITUDE -1.476692 0.960949 -0.558001
16.237 2 INS -5634 -13424 -481451808 1163918 492830 -962396416 36296 -25016 14033
16.252 2 ATTITUDE -1.481782 0.933776 -0.562439
16.284 2 INS -5470 -13355 -481475328 1331690 513801 -962215936 18333 -18640 1063
16.285 2 GPS 3 43817402 447811377 139 659493 273 17 2395 292805000 30 0
16.300 2 ATTITUDE -1.485333 0.910065 -0.564431
16.332 2 INS -5470 -13355 -481498848 1331690 513801 -961983616 13345 -7728 4659
16.413 2 ROTORCRAFT_FP -13355 -5470 481503552 513801 1331690 961964480 -6125 -2303 3674 0 0 0 0 4230 0
16.414 2 GPS_INT 0 0 0 404513863 -37291198 709729 659493 0 0 0 59 27 292805000 139 20 3 1
16.415 2 ALIVE 122,195,7,233,5,247,195,75,60,187,26,129,128,90,246,93
16.415 2 ATTITUDE -1.490373 0.882386 -0.559394
16.416 2 GVF_PARAMETRIC 5 1 0.14371 0.,0.2,0.2,0.841242,0.841242,0.05,32.308594,24.65625,0.,0.,0.,0.,0.,0.,0.,0. -3.209183,-1.816776
16.416 2 INS -5470 -13355 -481522336 1331690 513801 -961811520 22642 -9314 12087
16.417 2 DL_VALUE 35 0.
16.417 2 ATTITUDE -1.473846 0.869192 -0.5725
16.429 2 INS -5470 -13355 -481545856 1331690 513801 -961644672 14995 -6728 -4529
16.445 2 ATTITUDE -1.466469 0.841825 -0.573219
16.477 2 INS -5470 -13355 -481569344 1331690 513801 -961423808 15501 -7810 3191
16.503 2 GPS_INT 0 0 0 404513863 -37291198 709729 659493 0 0 0 59 27 292805000 139 20 3 1
16.504 2 ATTITUDE -1.481085 0.80832 -0.574658
16.545 2 INS -5286 -13286 -481592864 1378876 571473 -961221888 22270 -12953 12574
16.546 2 ENERGY 44 7.338499 2.2 16.144697 7.596992 0.260625 1.957593
16.546 2 GPS 3 43817430 447811448 187 659288 286 -4 2395 292805250 30 0
16.546 2 ATTITUDE -1.475802 0.793353 -0.581565
16.561 2 ROTORCRAFT_NAV_STATUS 650 650 0. 0. 5 0 1
16.562 2 IMU_MAG_RAW 255 0 0 0
16.617 2 INS -5286 -13286 -481616352 1378876 571473 -961028160 12093 -9103 -2101
16.619 2 ROVER_CTRL 2.5 0.034804 3890.123779 -2.440784 1400. 600. 1000. 1040.319092 48.726082 1.28746 2.465196 0.
16.619 2 ROTORCRAFT_FP -13286 -5286 481621056 571473 1378876 961004032 -6060 -2379 3193 0 0 0 0 4230 0
16.620 2 ATTITUDE -1.47941 0.772556 -0.581972
16.642 2 INS -5286 -13286 -481639840 1378876 571473 -960794560 13090 -17485 9549
16.643 2 SERIAL_COM 867 -17179 8353 7811 0 0 0 14 258 80 76 0 0 0 0 0
16.658 2 GPS_INT 0 0 0 404513927 -37291166 709524 659288 0 0 0 59 26 292805250 120 20 3 1
16.659 2 ATTITUDE -1.48255 0.755848 -0.583588
16.676 2 INS -5286 -13286 -481663360 1378876 571473 -960552640 10099 -23703 10610
16.706 2 ATTITUDE -1.477766 0.733793 -0.586578
16.722 2 INS -5286 -13286 -481686848 1378876 571473 -960374848 2810 -7392 8480
16.754 2 ATTITUDE -1.466292 0.707411 -0.584707
16.831 2 GVF_PARAMETRIC 5 1 0.143338 -6.,-34.859375,-45.699219,-22.828125,-21.648438,-0.449219,0.71875,17.71875,0.,0.,0.,0.,0.,0.,0.,0. -3.145001,-1.6866
16.832 2 INS -5114 -13207 -481710368 1294990 576716 -960159808 13218 -14667 7540
16.832 2 GPS 3 43817461 447811515 214 659212 271 0 2395 292805500 30 0
16.832 2 GPS_INT 0 0 0 404513987 -37291130 709448 659212 0 0 0 59 26 292805500 120 20 3 1
16.833 2 ATTITUDE -1.461138 0.685705 -0.58521
16.833 2 INS -5114 -13207 -481733792 1294990 576716 -959965312 6662 -12554 2527
16.857 2 ROTORCRAFT_FP -13207 -5114 481738464 576716 1294990 959922880 -5999 -2393 2809 0 0 0 0 4230 0
16.857 2 ATTITUDE -1.470603 0.681011 -0.584731
16.873 2 INS -5114 -13207 -481757216 1294990 576716 -959744512 15897 -15439 14492
16.903 2 STATIC_CONTROL 0 0. 0 0. 0. 0. 0. 0. 0. 0. 0. 0. 0.
16.904 2 ATTITUDE -1.47474 0.667244 -0.58621
16.935 2 INS -5114 -13207 -481780640 1294990 576716 -959519872 10894 -6978 8980
16.949 2 LINK_REPORT 2 -1 17 0 48814 1094 0 3088. 69. 3 27.4
16.961 2 GPS_INT 0 0 0 404513987 -37291130 709448 659212 0 0 0 59 26 292805500 120 20 3 1
16.962 2 ATTITUDE -1.482259 0.655652 -0.587087
16.976 2 INS -5114 -13207 -481804032 1294990 576716 -959325824 8861 -8163 8949
17.008 2 ATTITUDE -1.49049 0.654354 -0.586937
17.038 2 INS -4935 -13127 -481827456 1389361 623902 -959163072 5262 -12013 7380
17.038 2 GPS 3 43817493 447811584 230 658978 292 2 2395 292805750 30 0
17.039 2 STATE_FILTER_STATUS 6 3 0
17.054 2 ATTITUDE -1.483672 0.645256 -0.587867
17.142 2 INS -4935 -13127 -481850848 1389361 623902 -958915584 14842 -12013 7788
17.142 2 ROVER_CTRL 2.5 0.034804 3890.123779 -2.440784 1400. 600. 1000. 1040.319092 48.726082 1.28746 2.465196 0.
17.143 2 ROTORCRAFT_FP -13127 -4935 481855520 623902 1389361 958876416 -6080 -2414 2616 0 0 0 0 4230 0
17.143 2 GPS_INT 0 0 0 404514050 -37291093 709213 658978 0 0 0 59 25 292805750 112 20 3 1
17.144 2 ATTITUDE -1.481204 0.63871 -0.588927
17.144 2 INS -4935 -13127 -481874208 1389361 623902 -958706816 12079 -14144 7975
17.144 2 SERIAL_COM 867 -10506 7049 10288 0 0 0 14 258 80 76 0 0 0 0 0
17.145 2 ATTITUDE -1.47573 0.625412 -0.592566
17.197 2 GVF_PARAMETRIC 5 1 0.142999 6.,-10.898438,12.269531,15.839844,-9.296875,0.007812,32.308594,24.65625,0.,0.,0.,0.,0.,0.,0.,0. -3.107811,-1.625422
17.198 2 INS -4935 -13127 -481897568 1389361 623902 -958486720 13478 -13801 12425
17.198 2 ATTITUDE -1.471825 0.614028 -0.588314
17.229 2 INS -4935 -13127 -481920928 1389361 623902 -958225280 21493 -24298 16781
17.255 2 GPS_INT 0 0 0 404514050 -37291093 709213 658978 0 0 0 59 25 292805750 112 20 3 1
17.256 2 ATTITUDE -1.486543 0.610334 -0.586554
17.271 2 INS -4935 -13127 -481944288 1389361 623902 -958077952 8213 -8523 3947
17.287 2 GPS 3 43817518 447811657 212 658764 286 -18 2395 292806000 30 0
17.303 2 ATTITUDE -1.485417 0.593413 -0.583096
17.319 2 INS -4748 -13063 -481967648 1410333 498073 -957784256 11291 -24981 9792
17.407 2 ROTORCRAFT_FP -13063 -4748 481972320 498073 1410333 957759872 -6107 -2325 2400 0 0 0 0 4230 0
17.407 2 ATTITUDE -1.490949 0.584169 -0.568541
17.408 2 WP_MOVED_ENU 6 -5542 -2380 -87
17.408 2 WP_MOVED_ENU 6 -5542 -2380 -87
17.408 2 IMU_MAG_RAW 255 0 0 0
17.408 2 INS -4748 -13063 -481991040 1410333 498073 -957547200 11823 -16711 5130
17.408 2 INS_REF 485057916 -31609623 411673221 404515786 -37285049 712727 662491 0.
17.409 2 GPS_INT 0 0 0 404514116 -37291064 709000 658764 0 0 0 58 26 292806000 120 20 3 1
17.409 2 ATTITUDE -1.48972 0.586081 -0.54702
17.437 2 INS -4748 -13063 -482014400 1410333 498073 -957310976 11543 -13409 11915
17.437 2 ROVER_STATUS 0 57 3 0 1 868 7.338499
17.452 2 ATTITUDE -1.486441 0.563932 -0.513804
17.485 2 INS -4748 -13063 -482037760 1410333 498073 -956953472 8323 -13283 12866
17.500 2 ATTITUDE -1.480233 0.562841 -0.462677
17.532 2 INS -4561 -13004 -482061120 1384119 639630 -956573376 2490 -11913 12822
17.533 2 GPS 3 43817542 447811730 232 658637 292 -15 2395 292806250 30 0
17.559 2 GPS_INT 0 0 0 404514182 -37291036 708873 658637 0 0 0 58 25 292806250 112 20 3 1
17.559 2 ATTITUDE -1.495657 0.564274 -0.410686
17.639 2 GVF_PARAMETRIC 5 1 0.142625 0.,0.2,0.2,0.841242,0.841242,0.05,32.308594,24.65625,0.,0.,0.,0.,0.,0.,0.,0. -3.053856,-1.488279
17.639 2 INS -4561 -13004 -482084480 1384119 639630 -956311168 7459 -12900 12817
17.640 2 ROVER_CTRL 2.5 0.034804 3890.123779 -2.440784 1400. 600. 1000. 1040.319092 48.726082 1.28746 2.465196 0.
17.640 2 ROTORCRAFT_FP -13004 -4561 482089184 639630 1384119 956242624 -6069 -1548 2270 0 0 0 0 4230 0
17.640 2 ATTITUDE -1.473447 0.547885 -0.349043
17.640 2 INS -4561 -13004 -482107840 1384119 639630 -955864000 5279 -5815 9189
17.641 2 SERIAL_COM 868 -37336 9887 29300 0 0 0 14 259 80 76 0 0 0 0 0
17.654 2 ATTITUDE -1.468465 0.566993 -0.284829
17.686 2 INS -4561 -13004 -482131200 1384119 639630 -955449216 -8945 -8245 11285
17.686 2 GPS_SOL 58 25 112 20
17.712 2 GPS_INT 0 0 0 404514182 -37291036 708873 658637 0 0 0 58 25 292806250 112 20 3 1
17.712 2 ATTITUDE -1.475948 0.539762 -0.240663
17.727 2 INS -4561 -13004 -482154560 1384119 639630 -955140736 7913 -11064 15224
17.743 2 ATTITUDE -1.459453 0.539755 -0.184319
17.786 2 INS -4405 -12910 -482177920 943717 917503 -954669376 3274 -5395 9004
17.786 2 GPS 3 43817580 447811791 328 658435 253 -12 2395 292806500 30 0
17.801 2 ATTITUDE -1.472905 0.54804 -0.138499
17.817 2 INS -4405 -12910 -482201280 943717 917503 -954337280 -1741 -19015 14346
17.860 2 ROTORCRAFT_FP -12910 -4405 482205952 917503 943717 954278144 -5986 -466 2258 0 0 0 0 4230 0
17.860 2 GPS_INT 0 0 0 404514237 -37290992 708670 658435 0 0 0 58 25 292806500 120 20 3 1
17.860 2 ATTITUDE -1.452005 0.544403 -0.094088
17.902 2 INS -4405 -12910 -482224544 943717 917503 -953962560 10148 -7117 12328
17.903 2 STATIC_CONTROL 0 0. 0 0. 0. 0. 0. 0. 0. 0. 0. 0. 0.
17.903 2 ATTITUDE -1.443131 0.540614 -0.044845
17.919 2 INS -4405 -12910 -482247840 943717 917503 -953586816 17174 -17658 13534
17.949 2 LINK_REPORT 2 -1 18 0 51875 1163 0 3061. 69. 3 27.4
17.950 2 ATTITUDE -1.440585 0.545858 0.013559
18.015 2 GVF_PARAMETRIC 5 1 0.142256 -6.,-34.859375,-45.699219,-22.828125,-21.648438,-0.449219,0.71875,17.71875,0.,0.,0.,0.,0.,0.,0.,0. -3.010542,-1.437615
18.016 2 INS -4405 -12910 -482271104 943717 917503 -953136000 -4408 -6242 14072
18.016 2 GPS_INT 0 0 0 404514237 -37290992 708670 658435 0 0 0 58 25 292806500 120 20 3 1
18.017 2 DL_VALUE 36 0.
18.017 2 ATTITUDE -1.476919 0.54302 0.056674
18.031 2 INS -4285 -12776 -482294336 734002 1190132 -952735680 22327 -27481 19422
18.031 2 GPS 3 43817632 447811837 459 658145 268 -19 2395 292806750 30 0
18.046 2 ATTITUDE -1.44487 0.565049 0.109748
18.105 2 INS -4285 -12776 -482317536 734002 1190132 -952311296 12451 -5569 12494
18.106 2 ROVER_CTRL 2.5 0.034804 3890.123779 -2.440784 1400. 600. 1000. 1040.319092 48.726082 1.28746 2.465196 0.
18.106 2 ROTORCRAFT_FP -12776 -4285 482322176 1190132 734002 952277440 -5955 611 2415 0 0 0 0 4230 0
18.106 2 ATTITUDE -1.443274 0.603058 0.174691
18.135 2 INS -4285 -12776 -482340768 734002 1190132 -952036352 6814 -30274 10303
18.136 2 SERIAL_COM 868 -5569 12451 12494 0 0 0 14 259 80 76 0 0 0 0 0
18.161 2 GPS_INT 0 0 0 404514279 -37290931 708381 658145 0 0 0 58 24 292806750 112 20 3 1
18.162 2 ATTITUDE -1.44173 0.588452 0.224203
18.162 2 ROTORCRAFT_NAV_STATUS 652 652 0. 0. 5 0 1
18.163 2 IMU_MAG_RAW 255 0 0 0
18.177 2 INS -4285 -12776 -482364000 734002 1190132 -951554944 13816 -10144 36333
18.193 2 ATTITUDE -1.459227 0.583152 0.29412
18.225 2 INS -4285 -12776 -482387200 734002 1190132 -951296512 2146 896 2262
18.241 2 ATTITUDE -1.436463 0.622028 0.355999
18.284 2 INS -4216 -12625 -482410400 283115 1216347 -950892480 10068 -20020 17768
18.285 2 GPS 3 43817691 447811864 568 657921 239 -31 2395 292807000 30 0
18.310 2 GPS_INT 0 0 0 404514303 -37290862 708156 657921 0 0 0 58 23 292807000 119 19 3 1
18.311 2 ATTITUDE -1.434914 0.634483 0.413893
18.326 2 INS -4216 -12625 -482433600 288358 1216347 -950449920 13887 -12300 11933
18.352 2 ROTORCRAFT_FP -12625 -4216 482438240 1216347 288358 950401152 -5941 1868 2636 0 0 0 0 4230 0
18.353 2 ATTITUDE -1.453336 0.64628 0.478135
18.407 2 GVF_PARAMETRIC 5 1 0.142015 6.,-10.898438,12.269531,15.839844,-9.296875,0.007812,32.308594,24.65625,0.,0.,0.,0.,0.,0.,0.,0. -2.895021,-1.370678
18.408 2 INS -4216 -12625 -482456800 288358 1216347 -950050176 16021 -17145 4641
18.408 2 DATALINK_REPORT 3 181 60567 3080 0 10
18.408 2 ATTITUDE -1.43735 0.68062 0.549387
18.423 2 INS -4216 -12625 -482480000 288358 1216347 -949634816 19178 -15284 15149
18.449 2 GPS_INT 0 0 0 404514303 -37290862 708156 657921 0 0 0 58 23 292807000 119 19 3 1
18.450 2 ATTITUDE -1.425379 0.707186 0.606387
18.481 2 INS -4216 -12625 -482503200 288358 1216347 -949222400 15836 -10141 12519
18.497 2 ATTITUDE -1.443618 0.711127 0.65646
18.529 2 INS -4213 -12469 -482526400 -183500 1326447 -948919104 22979 -15201 -3395
18.529 2 GPS 3 43817752 447811865 761 657839 256 -22 2395 292807250 30 0
18.545 2 ATTITUDE -1.435297 0.744765 0.710429
18.637 2 INS -4213 -12469 -482549600 -183500 1326447 -948572288 9753 -11240 18314
18.637 2 ROVER_CTRL 2.5 0.034804 3890.123779 -2.440784 1400. 600. 1000. 1040.319092 48.726082 1.28746 2.465196 0.
18.638 2 ROTORCRAFT_FP -12469 -4213 482554240 1326447 -183500 948503040 -5805 3026 3142 0 0 0 0 4230 0
18.638 2 GPS_INT 0 0 0 404514305 -37290790 708074 657839 0 0 0 58 18 292807250 130 19 3 1
18.639 2 ATTITUDE -1.420764 0.780737 0.759252
18.639 2 INS -4213 -12469 -482572800 -183500 1326447 -948188160 5249 -8210 15904
18.639 2 SERIAL_COM 869 -9370 11036 5668 0 0 0 14 260 80 76 0 0 0 0 0
18.640 2 ATTITUDE -1.419876 0.78631 0.807971
18.653 2 WP_MOVED_ENU 7 -115 2 -89
18.653 2 WP_MOVED_ENU 7 -115 2 -89
18.669 2 INS -4213 -12469 -482596000 -183500 1326447 -947841472 25794 -9745 9345
18.701 2 ATTITUDE -1.422618 0.808442 0.868101
18.717 2 INS -4213 -12469 -482619168 -183500 1326447 -947534272 -5539 -2350 15997
18.747 2 GPS_INT 0 0 0 404514305 -37290790 708074 657839 0 0 0 58 18 292807250 130 19 3 1
18.748 2 ATTITUDE -1.421061 0.822066 0.932447
18.800 2 GVF_PARAMETRIC 5 1 0.141989 0.,0.2,0.2,0.841242,0.841242,0.05,32.308594,24.65625,0.,0.,0.,0.,0.,0.,0.,0. -2.833325,-1.370751
18.801 2 INS -4249 -12313 -482642336 -540016 1253047 -947137344 9781 -2178 22639
18.801 2 GPS 3 43817813 447811850 931 657743 261 -27 2395 292807500 30 0
18.801 2 ATTITUDE -1.432534 0.838844 0.99327
18.816 2 INS -4249 -12313 -482665440 -540016 1253047 -946919296 13181 -16593 16709
18.847 2 ROTORCRAFT_FP -12313 -4249 482670048 1253047 -540016 946826496 -5737 4207 3660 0 0 0 0 4230 0
18.847 2 ATTITUDE -1.392989 0.89884 1.049388
18.906 2 INS -4249 -12313 -482688512 -540016 1253047 -946508416 28360 -613 23670
18.907 2 STATIC_CONTROL 0 0. 0 0. 0. 0. 0. 0. 0. 0. 0. 0. 0.
18.907 2 GPS_INT 0 0 0 404514292 -37290718 707979 657743 0 0 0 59 19 292807500 123 19 3 1
18.908 2 ATTITUDE -1.403258 0.901238 1.100237
18.935 2 INS -4249 -12313 -482711584 -540016 1253047 -946131264 18077 -8615 7247
18.935 2 ROVER_STATUS 0 56 3 0 1 869 7.276682
18.950 2 LINK_REPORT 2 -1 19 0 55013 1233 0 3138. 70. 3 27.4
18.951 2 ATTITUDE -1.392925 0.902036 1.168382
18.951 2 IMU_MAG_RAW 255 0 0 0
18.967 2 INS -4249 -12313 -482734656 -540016 1253047 -945826432 17860 -12455 15974
18.999 2 ATTITUDE -1.395076 0.940509 1.238811
19.015 2 INS -4331 -12167 -482757728 -849345 1048575 -945610176 21520 -10459 13725
19.031 2 GPS 3 43817870 447811818 1105 657597 258 -33 2395 292807750 30 0
19.057 2 GPS_INT 0 0 0 404514263 -37290651 707833 657597 0 0 0 59 18 292807750 131 18 3 1
19.058 2 ALIVE 122,195,7,233,5,247,195,75,60,187,26,129,128,90,246,93
19.058 2 ATTITUDE -1.325856 1.021923 1.292919
19.111 2 INS -4331 -12167 -482780768 -849345 1048575 -945269952 15723 -10239 15934
19.111 2 ROVER_CTRL 2.5 0.034804 3890.123779 -2.440784 1400. 600. 1000. 1040.319092 48.726082 1.28746 2.465196 0.
19.112 2 ROTORCRAFT_FP -12167 -4331 482785376 1048575 -849345 945256832 -5243 5475 4417 0 0 0 0 4230 0
19.112 2 ATTITUDE -1.244891 1.110946 1.356207
19.127 2 INS -4331 -12167 -482803808 -849345 1048575 -944966784 12619 -15101 7966
19.127 2 SERIAL_COM 869 -13691 18835 16630 0 0 0 14 260 80 76 0 0 0 0 0
19.143 2 ATTITUDE -1.160662 1.201998 1.420984
19.207 2 GVF_PARAMETRIC 5 1 0.142241 -6.,-34.859375,-45.699219,-22.828125,-21.648438,-0.449219,0.71875,17.71875,0.,0.,0.,0.,0.,0.,0.,0. -2.718819,-1.411155
19.208 2 INS -4331 -12167 -482826848 -849345 1048575 -944868736 7301 -2806 12053
19.208 2 GPS_INT 0 0 0 404514263 -37290651 707833 657597 0 0 0 59 18 292807750 131 18 3 1
19.208 2 ATTITUDE -0.811461 1.557256 1.460364
19.223 2 INS -4331 -12167 -482849888 -849345 1048575 -944542784 40204 -13167 7172
19.238 2 ATTITUDE -0.295165 2.096105 1.506089
19.281 2 INS -4331 -12167 -482872928 -849345 1048575 -944211136 11694 -11034 77
19.281 2 GPS 3 43817913 447811771 1314 657634 241 -7 2395 292808000 30 0
19.297 2 ATTITUDE 0.751514 3.119953 1.511335
19.329 2 INS -4451 -12057 -482895968 -1101003 629145 -944128128 1616 -4253 12684
19.355 2 ROTORCRAFT_FP -12057 -4451 482900608 629145 -1101003 944062336 4132 6038 13897 0 0 0 0 4230 0
19.355 2 GPS_INT 0 0 0 404514221 -37290600 707870 657634 0 0 0 59 19 292808000 166 18 3 1
19.356 2 ATTITUDE 1.121137 3.507105 1.452375
19.371 2 INS -4451 -12057 -482919040 -1101003 629145 -944018240 26705 -6373 -1117
19.387 2 ATTITUDE 1.140226 3.521347 1.392364
19.419 2 INS -4451 -12057 -482942080 -1101003 629145 -943670336 -651 -37 14669
19.434 2 ATTITUDE 1.263013 3.643148 1.362866
19.467 2 INS -4451 -12057 -482965120 -1101003 629145 -943406784 16409 -12939 13055
19.494 2 GPS_INT 0 0 0 404514221 -37290600 707870 657634 0 0 0 59 19 292808000 166 18 3 1
19.495 2 ATTITUDE 1.400574 3.777641 1.334901
19.525 2 INS -4569 -11985 -482988128 -1017117 393215 -943217408 15813 -16128 1801
19.526 2 GPS 3 43817940 447811724 1434 657623 208 -25 2395 292808250 30 0
19.541 2 ATTITUDE 1.476747 3.839949 1.280505
19.644 2 GVF_PARAMETRIC 5 1 0.142633 6.,-10.898438,12.269531,15.839844,-9.296875,0.007812,32.308594,24.65625,0.,0.,0.,0.,0.,0.,0.,0. -2.653839,-1.494389
19.645 2 INS -4569 -11985 -483011168 -1017117 393215 -943111680 19198 -15030 -616
19.645 2 ROVER_CTRL 2.5 0.034804 3890.123779 -2.440784 1400. 600. 1000. 1040.319092 48.726082 1.28746 2.465196 0.
19.646 2 ROTORCRAFT_FP -11985 -4569 483015776 393215 -1017117 943050304 5865 5095 15485 0 0 0 0 4230 0
19.646 2 DL_VALUE 37 0.7
19.646 2 ATTITUDE 1.409333 3.760425 1.225644
19.646 2 INS -4569 -11985 -483034208 -1017117 393215 -942766912 24826 -13226 3993
19.646 2 SERIAL_COM 870 -6753 34882 3609 0 0 0 14 261 80 76 0 0 0 0 0
19.647 2 GPS_INT 0 0 0 404514179 -37290567 707859 657623 0 0 0 60 20 292808250 165 20 3 1
19.659 2 ATTITUDE 1.410733 3.762038 1.199628
19.677 2 INS -4569 -11985 -483057248 -1017117 393215 -942496384 19854 -9334 13923
19.677 2 GPS_SOL 60 20 165 20
19.691 2 ATTITUDE 1.44075 3.801297 1.191232
19.724 2 INS -4569 -11985 -483080288 -1017117 393215 -942243264 24945 -13379 11712
19.739 2 ATTITUDE 1.428416 3.770437 1.181923
19.756 2 ROTORCRAFT_NAV_STATUS 653 653 0. 0. 5 0 1
19.756 2 IMU_MAG_RAW 255 0 0 0
19.798 2 INS -4689 -11944 -483103328 -1216347 188743 -942023872 14270 -12884 12021
19.799 2 GPS 3 43817957 447811677 1589 657536 234 -18 2395 292808500 30 0
19.799 2 GPS_INT 0 0 0 404514137 -37290547 707771 657536 0 0 0 60 24 292808500 135 19 3 1
19.800 2 ATTITUDE 1.391542 3.729407 1.179534
19.814 2 INS -4689 -11944 -483126336 -1216347 188743 -941703168 13176 -5710 19099
19.843 2 ROTORCRAFT_FP -11944 -4689 483130944 188743 -1216347 941584448 5751 4863 15258 0 0 0 0 4230 0
19.844 2 ATTITUDE 1.460032 3.776911 1.1909
19.886 2 INS -4689 -11944 -483149376 -1216347 188743 -941502976 16215 -15801 5111
19.886 2 STATIC_CONTROL 0 0. 0 0. 0. 0. 0. 0. 0. 0. 0. 0. 0.
19.886 2 ATTITUDE 1.454303 3.78378 1.19647
19.917 2 INS -4689 -11944 -483172384 -1216347 188743 -941265856 -6082 -4252 13869
19.951 2 LINK_REPORT 2 -1 20 0 57968 1300 0 2955. 67. 3 27.4
19.958 2 GPS_INT 0 0 0 404514137 -37290547 707771 657536 0 0 0 60 24 292808500 135 19 3 1
19.959 2 ATTITUDE 1.397249 3.695682 1.195008
19.959 2 WP_MOVED_ENU 8 184 8271 -87
19.959 2 WP_MOVED_ENU 8 184 8271 -87
19.997 2 GVF_PARAMETRIC 5 1 0.143065 0.,0.2,0.2,0.841242,0.841242,0.05,32.308594,24.65625,0.,0.,0.,0.,0.,0.,0.,0. -2.645227,-1.530047
19.998 2 INS -4689 -11944 -483195424 -1216347 188743 -940976512 3860 -18081 10477
19.998 2 ATTITUDE 1.40036 3.681812 1.19405
20.013 2 INS -4825 -11906 -483218400 -1342176 283115 -940732416 5248 -16067 6
20.029 2 GPS 3 43817971 447811624 1635 657437 260 -24 2395 292808750 30 0
20.045 2 ATTITUDE 1.394259 3.666296 1.196766
20.061 2 INS -4825 -11906 -483241408 -1342176 283115 -940482816 7252 -8933 16443
20.077 2 ROVER_CTRL 2.5 0.034804 3890.123779 -2.440784 1400. 600. 1000. 1040.319092 48.726082 1.28746 2.465196 0.
20.146 2 ROTORCRAFT_FP -11906 -4825 483245984 283115 -1342176 940386624 5624 4924 14883 0 0 0 0 4230 0
20.147 2 GPS_INT 0 0 0 404514089 -37290530 707673 657437 0 0 0 60 26 292808750 113 20 3 1
20.147 2 AUTOPILOT_VERSION 60200 v6.2_unstable-650-g74eaf7c20-dirty
20.147 2 ATTITUDE 1.374355 3.635607 1.20368
20.148 2 INS -4825 -11906 -483264384 -1342176 283115 -940242368 6351 -18302 9423
20.148 2 SERIAL_COM 870 -14921 21284 18873 0 0 0 14 261 80 76 0 0 0 0 0
20.148 2 ATTITUDE 1.400215 3.648006 1.203642
20.162 2 INS -4825 -11906 -483287328 -1342176 283115 -939932480 10043 -14967 3946
20.194 2 ATTITUDE 1.439577 3.678212 1.214873
20.210 2 INS -4825 -11906 -483310240 -1342176 283115 -939767232 2337 -8219 11450
20.242 2 GPS_INT 0 0 0 404514089 -37290530 707673 657437 0 0 0 60 26 292808750 113 20 3 1
20.243 2 STATE_FILTER_STATUS 6 3 0
20.243 2 ATTITUDE 1.403707 3.645683 1.223195
20.274 2 INS -4825 -11906 -483333184 -1342176 283115 -939551104 6311 -17266 16497
20.274 2 GPS 3 43817988 447811568 1652 657364 252 -15 2395 292809000 30 0
20.290 2 ATTITUDE 1.414066 3.629208 1.221226
20.322 2 INS -4968 -11860 -483356096 -1289747 293601 -939350592 13114 -20676 -3294
20.339 2 ROTORCRAFT_FP -11860 -4968 483360672 293601 -1289747 939242688 5678 5026 14774 0 0 0 0 4230 0
20.340 2 ATTITUDE 1.376425 3.601309 1.224783
20.403 2 GVF_PARAMETRIC 5 1 0.143572 -6.,-34.859375,-45.699219,-22.828125,-21.648438,-0.449219,0.71875,17.71875,0.,0.,0.,0.,0.,0.,0.,0. -2.620805,-1.626812
20.403 2 INS -4968 -11860 -483378976 -1289747 293601 -939041088 -432 -9069 13203
20.403 2 GPS_INT 0 0 0 404514039 -37290509 707600 657364 0 0 0 61 25 292809000 115 20 3 1
20.404 2 ATTITUDE 1.406702 3.587628 1.231244
20.428 2 INS -4968 -11860 -483401856 -1289747 293601 -938719104 5012 -7349 11518
20.428 2 ROVER_STATUS 0 58 3 0 1 871 7.294344
20.444 2 ATTITUDE 1.488413 3.68482 1.231564
20.476 2 INS -4968 -11860 -483424736 -1289747 293601 -938580288 1355 -15277 -1468
20.476 2 PONG 
20.492 2 ATTITUDE 1.461344 3.641434 1.240402
20.524 2 INS -5112 -11806 -483447648 -1426062 403701 -938285312 13929 -9633 19379
20.525 2 GPS 3 43818009 447811511 1644 657133 282 -42 2395 292809250 30 0
20.550 2 GPS_INT 0 0 0 404513988 -37290484 707369 657133 0 0 0 61 23 292809250 113 20 3 1
20.551 2 ATTITUDE 1.435602 3.597304 1.242373
20.551 2 IMU_MAG_RAW 255 0 0 0
20.604 2 INS -5112 -11806 -483470528 -1426062 403701 -938040064 11396 -12466 10200
20.604 2 ROVER_CTRL 2.5 0.034804 3890.123779 -2.440784 1400. 600. 1000. 1040.319092 48.726082 1.28746 2.465196 0.
20.605 2 ROTORCRAFT_FP -11806 -5112 483475104 403701 -1426062 937944960 5807 5099 14701 0 0 0 0 4230 0
20.605 2 ATTITUDE 1.45317 3.621997 1.243289
20.631 2 INS -5112 -11806 -483493408 -1426062 403701 -937791232 19253 -13333 -1916
20.631 2 SERIAL_COM 871 -15277 1355 -1468 0 0 0 14 262 80 76 0 0 0 0 0
20.632 2 ATTITUDE 1.482481 3.639319 1.247524
20.663 2 INS -5112 -11806 -483516288 -1426062 403701 -937526656 6730 -14102 7290
20.691 2 GPS_INT 0 0 0 404513988 -37290484 707369 657133 0 0 0 61 23 292809250 113 20 3 1
20.692 2 ATTITUDE 1.448506 3.591131 1.245493
20.723 2 INS -5112 -11806 -483539168 -1426062 403701 -937278656 -1427 -13689 14195
20.739 2 ATTITUDE 1.436413 3.55488 1.240147
20.793 2 GVF_PARAMETRIC 5 1 0.144073 6.,-10.898438,12.269531,15.839844,-9.296875,0.007812,32.308594,24.65625,0.,0.,0.,0.,0.,0.,0.,0. -2.608728,-1.670483
20.793 2 INS -5263 -11745 -483562080 -1499462 319815 -936978304 4754 -16005 10717
20.794 2 GPS 3 43818032 447811452 1662 656954 292 -24 2395 292809500 30 0
20.794 2 ATTITUDE 1.45084 3.57745 1.243002
20.808 2 INS -5263 -11745 -483584960 -1499462 319815 -936730688 7638 -8439 15844
20.850 2 ROTORCRAFT_FP -11745 -5263 483589536 319815 -1499462 936694208 5897 5109 14630 0 0 0 0 4230 0
20.850 2 GPS_INT 0 0 0 404513935 -37290456 707190 656954 0 0 0 61 22 292809500 115 19 3 1
20.851 2 ATTITUDE 1.436049 3.561296 1.244724
20.893 2 INS -5263 -11745 -483607840 -1499462 319815 -936498624 23430 -25639 13419
20.893 2 STATIC_CONTROL 0 0. 0 0. 0. 0. 0. 0. 0. 0. 0. 0. 0.
20.894 2 ATTITUDE 1.429729 3.551286 1.245917
20.909 2 INS -5263 -11745 -483630720 -1499462 319815 -936175168 12044 -24079 14664
20.941 2 ATTITUDE 1.45196 3.556971 1.245919
20.952 2 LINK_REPORT 2 -1 21 0 61143 1371 0 3175. 71. 4 32.87
20.973 2 INS -5263 -11745 -483653600 -1499462 319815 -935975168 14058 -17868 2842
20.989 2 GPS_INT 0 0 0 404513935 -37290456 707190 656954 0 0 0 61 22 292809500 115 19 3 1
20.989 2 ATTITUDE 1.430766 3.526512 1.247724
21.031 2 INS -5419 -11688 -483676480 -1546648 309329 -935718464 10773 -12485 12799
21.031 2 ENERGY 44 7.356161 2. 14.712321 7.640046 0.263434 1.978144
21.031 2 GPS 3 43818054 447811391 1675 656748 302 -17 2395 292809750 30 0
21.032 2 ATTITUDE 1.407228 3.495517 1.254079
21.063 2 INS -5419 -11688 -483699296 -1546648 309329 -935441216 12238 -14211 15081
21.102 2 ROVER_CTRL 2.5 0.034804 3890.123779 -2.440784 1400. 600. 1000. 1040.319092 48.726082 1.28746 2.465196 0.
21.103 2 ROTORCRAFT_FP -11688 -5419 483703872 309329 -1546648 935434752 5811 5124 14369 0 0 0 0 4230 0
21.104 2 ATTITUDE 1.413252 3.504583 1.255047
21.128 2 INS -5419 -11688 -483722176 -1546648 309329 -935190016 12537 -17375 13569
21.128 2 SERIAL_COM 871 -14957 10059 17334 0 0 0 14 262 80 76 0 0 0 0 0
21.144 2 GPS_INT 0 0 0 404513880 -37290430 706983 656748 0 0 0 61 20 292809750 115 19 3 1
21.144 2 ATTITUDE 1.413522 3.494099 1.248748
21.186 2 GVF_PARAMETRIC 5 1 0.144647 0.,0.2,0.2,0.841242,0.841242,0.05,32.308594,24.65625,0.,0.,0.,0.,0.,0.,0.,0. -2.572684,-1.777336
21.186 2 INS -5419 -11688 -483745024 -1546648 309329 -934881280 7480 -10980 8229
21.187 2 DL_VALUE 38 2.
21.187 2 ATTITUDE 1.461421 3.531906 1.246074
21.218 2 INS -5419 -11688 -483767872 -1546648 309329 -934695232 6178 -14684 8059
21.234 2 ATTITUDE 1.465706 3.53197 1.246413
21.250 2 WP_MOVED_ENU 9 4536 6312 -87
21.250 2 WP_MOVED_ENU 9 4536 6312 -87
21.276 2 INS -5419 -11688 -483790688 -1546648 309329 -934495424 -708 -13814 6352
21.276 2 GPS 3 43818078 447811327 1676 656579 310 -15 2395 292810000 30 0
21.302 2 GPS_INT 0 0 0 404513823 -37290401 706815 656579 0 0 0 61 19 292810000 117 19 3 1
21.302 2 ATTITUDE 1.45947 3.512897 1.24208
21.317 2 INS -5583 -11624 -483813504 -1599076 340786 -934218240 11475 -24508 5464
21.359 2 ROTORCRAFT_FP -11624 -5583 483818080 340786 -1599076 934140544 6008 5105 14417 0 0 0 0 4230 0
21.359 2 ATTITUDE 1.478796 3.525557 1.24245
21.359 2 ROTORCRAFT_NAV_STATUS 655 655 0. 0. 5 0 1
21.360 2 IMU_MAG_RAW 255 0 0 0
21.360 2 INS -5583 -11624 -483836256 -1599076 340786 -933954368 11569 -17962 13225
21.390 2 ATTITUDE 1.473894 3.508584 1.243292
21.406 2 INS -5583 -11624 -483859040 -1599076 340786 -933700608 7924 -13516 11039
21.439 2 GPS_INT 0 0 0 404513823 -37290401 706815 656579 0 0 0 61 19 292810000 117 19 3 1
21.439 2 ATTITUDE 1.486349 3.521312 1.2497
21.470 2 INS -5583 -11624 -483881792 -1599076 340786 -933433088 5095 -7698 10015
21.486 2 ATTITUDE 1.500969 3.535123 1.249568
21.519 2 INS -5752 -11566 -483904512 -1641019 319815 -933153664 10092 -9848 16382
21.519 2 GPS 3 43818101 447811261 1683 656284 319 -7 2395 292810250 30 0
21.534 2 ATTITUDE 1.495684 3.521683 1.247991
21.643 2 GVF_PARAMETRIC 5 1 0.145194 -6.,-34.859375,-45.699219,-22.828125,-21.648438,-0.449219,0.71875,17.71875,0.,0.,0.,0.,0.,0.,0.,0. -2.534585,-1.895449
21.643 2 INS -5752 -11566 -483927232 -1641019 319815 -932911168 3712 -12190 9704
21.644 2 ROVER_CTRL 2.5 0.034804 3890.123779 -2.440784 1400. 600. 1000. 1040.319092 48.726082 1.28746 2.465196 0.
21.644 2 ROTORCRAFT_FP -11566 -5752 483931776 319815 -1641019 932908864 6145 5123 14407 0 0 0 0 4230 0
21.644 2 GPS_INT 0 0 0 404513763 -37290373 706520 656284 0 0 0 61 18 292810250 117 18 3 1
21.645 2 ATTITUDE 1.478872 3.494964 1.250784
21.645 2 INS -5752 -11566 -483949952 -1641019 319815 -932663488 13089 -23886 13161
21.645 2 SERIAL_COM 872 -11268 11350 18540 0 0 0 14 263 80 76 0 0 0 0 0
21.645 2 ATTITUDE 1.475203 3.482713 1.252552
21.673 2 INS -5752 -11566 -483972672 -1641019 319815 -932458368 -725 -15668 5728
21.674 2 GPS_SOL 61 18 117 18
21.689 2 ATTITUDE 1.435955 3.453738 1.266089
21.721 2 INS -5752 -11566 -483995392 -1641019 319815 -932124672 379 -10512 19987
21.748 2 GPS_INT 0 0 0 404513763 -37290373 706520 656284 0 0 0 61 18 292810250 117 18 3 1
21.748 2 ALIVE 122,195,7,233,5,247,195,75,60,187,26,129,128,90,246,93
21.748 2 ATTITUDE 1.446199 3.470931 1.304068
21.776 2 INS -5926 -11496 -484018112 -1593834 367001 -931912320 627 -14074 5040
21.777 2 GPS 3 43818127 447811193 1675 656231 313 -2 2395 292810500 30 0
21.777 2 ATTITUDE 1.369638 3.401076 1.367719
21.808 2 INS -5926 -11496 -484040832 -1593834 367001 -931693632 4743 -21180 12496
21.837 2 ROTORCRAFT_FP -11496 -5926 484045376 367001 -1593834 931703104 5376 5744 13579 0 0 0 0 4230 0
21.838 2 ATTITUDE 1.204882 3.221301 1.435685
21.897 2 INS -5926 -11496 -484063584 -1593834 367001 -931453120 -2276 -15640 5774
21.898 2 STATIC_CONTROL 0 0. 0 0. 0. 0. 0. 0. 0. 0. 0. 0. 0.
21.898 2 GPS_INT 0 0 0 404513702 -37290342 706467 656231 0 0 0 61 17 292810500 117 19 3 1
21.899 2 ATTITUDE 0.959041 2.993303 1.511986
21.923 2 INS -5926 -11496 -484086336 -1593834 367001 -931277504 -3296 -16952 10687
21.923 2 ROVER_STATUS 0 60 3 0 1 872 7.373822
21.939 2 ATTITUDE -0.5826 1.459913 1.536408
21.952 2 LINK_REPORT 2 -1 22 0 64256 1442 0 3113. 71. 4 32.87
21.982 2 GVF_PARAMETRIC 5 1 0.145733 6.,-10.898438,12.269531,15.839844,-9.296875,0.007812,32.308594,24.65625,0.,0.,0.,0.,0.,0.,0.,0. -2.517983,-1.950761
21.982 2 INS -5926 -11496 -484109056 -1593834 367001 -931074624 5703 -21706 11319
21.982 2 ATTITUDE -1.57403 0.461705 1.475634
22.023 2 INS -6087 -11404 -484131776 -1363147 901774 -930818752 6036 -17425 10879
22.024 2 GPS 3 43818163 447811129 1579 656046 312 -11 2395 292810750 30 0
22.049 2 GPS_INT 0 0 0 404513645 -37290299 706282 656046 0 0 0 60 17 292810750 117 19 3 1
22.050 2 ATTITUDE -1.661428 0.410288 1.3909
22.079 2 INS -6087 -11404 -484154496 -1363147 901774 -930614848 -7766 -15894 20509
22.080 2 ROVER_CTRL 2.5 0.034804 3890.123779 -2.440784 1400. 600. 1000. 1040.319092 48.726082 1.28746 2.465196 0.
22.120 2 ROTORCRAFT_FP -11404 -6087 484159040 901774 -1363147 930574848 -6605 5525 1792 0 0 0 0 4230 0
22.121 2 ATTITUDE -1.637479 0.413193 1.307796
22.121 2 INS -6087 -11404 -484177216 -1363147 901774 -930517952 16234 -15699 2384
22.121 2 SERIAL_COM 872 -24684 3457 11728 0 0 0 14 263 80 76 0 0 0 0 0
22.136 2 ATTITUDE -1.633848 0.419422 1.241125
22.136 2 IMU_MAG_RAW 255 0 0 0
22.168 2 INS -6087 -11404 -484199936 -1363147 901774 -930335296 -23344 -6933 11737
22.184 2 GPS_INT 0 0 0 404513645 -37290299 706282 656046 0 0 0 60 17 292810750 117 19 3 1
22.184 2 ATTITUDE -1.668814 0.428788 1.170072
22.216 2 INS -6087 -11404 -484222656 -1363147 901774 -930252672 -12840 -15675 6671
22.232 2 ATTITUDE -1.615909 0.466445 1.100544
22.274 2 INS -6087 -11404 -484245376 -1363147 901774 -930119936 -1311 -22334 -17453
22.274 2 GPS 3 43818163 447811129 1579 656046 312 -11 2395 292810750 30 0
22.290 2 ATTITUDE -1.639644 0.476658 1.042387
22.306 2 INS -6218 -11269 -484268096 -922746 1195375 -930055040 -10351 -9959 3483
22.347 2 ROTORCRAFT_FP -11269 -6218 484272672 1195375 -922746 930012352 -6565 4105 2055 0 0 0 0 4230 0
22.348 2 GPS_INT 0 0 0 404513599 -37290237 706288 656052 0 0 0 61 16 292811000 133 18 3 1
22.348 2 ATTITUDE -1.6077 0.513526 0.983982
22.387 2 GVF_PARAMETRIC 5 1 0.146278 0.,0.2,0.2,0.841242,0.841242,0.05,32.308594,24.65625,0.,0.,0.,0.,0.,0.,0.,0. -2.439491,-2.053612
22.388 2 INS -6218 -11269 -484290816 -922746 1195375 -929849216 4182 -12979 12710
22.389 2 ATTITUDE -1.618365 0.529568 0.929971
22.418 2 INS -6218 -11269 -484313536 -922746 1195375 -929749888 -1589 -15202 11256
22.434 2 ATTITUDE -1.616921 0.554516 0.868447
22.492 2 INS_REF 485057916 -31609623 411673221 404515786 -37285049 712727 662491 0.
22.492 2 INS -6218 -11269 -484336256 -922746 1195375 -929568960 4305 -21069 13774
22.493 2 GPS_INT 0 0 0 404513599 -37290237 706288 656052 0 0 0 61 16 292811000 133 18 3 1
22.493 2 ATTITUDE -1.637113 0.58889 0.804789
22.521 2 INS -6305 -11110 -484358944 -555744 1331690 -929541440 4508 -13200 10427
22.521 2 GPS 3 43818276 447811044 1311 656019 276 -5 2395 292811250 30 0
22.537 2 ATTITUDE -1.618362 0.607952 0.735578
22.537 2 WP_MOVED_ENU 10 -686 -1218 -87
22.553 2 WP_MOVED_ENU 10 -686 -1218 -87
22.596 2 INS -6305 -11110 -484381664 -555744 1331690 -929355904 32708 -56141 9534
22.597 2 ROVER_CTRL 2.5 0.034804 3890.123779 -2.440784 1400. 600. 1000. 1040.319092 48.726082 1.28746 2.465196 0.
22.598 2 ROTORCRAFT_FP -11110 -6305 484386208 1331690 -555744 929390464 -6697 2848 2560 0 0 0 0 4230 0
22.599 2 ATTITUDE -1.63006 0.640514 0.668725
22.638 2 INS -6305 -11110 -484404352 -555744 1331690 -929349120 19225 -21724 11935
22.638 2 SERIAL_COM 873 -32723 14872 4506 0 0 0 14 264 80 76 0 0 0 0 0
22.639 2 GPS_INT 0 0 0 404513569 -37290164 706255 656019 0 0 0 61 17 292811250 133 18 3 1
22.639 2 ATTITUDE -1.643397 0.676344 0.591978
22.654 2 INS -6305 -11110 -484427072 -555744 1331690 -929334848 11526 -19442 7177
22.686 2 ATTITUDE -1.636212 0.71708 0.518591
22.718 2 INS -6305 -11110 -484449792 -555744 1331690 -929310592 2760 -17919 6097
22.734 2 ATTITUDE -1.623946 0.760643 0.448908
22.809 2 GVF_PARAMETRIC 5 1 0.146756 -6.,-34.859375,-45.699219,-22.828125,-21.648438,-0.449219,0.71875,17.71875,0.,0.,0.,0.,0.,0.,0.,0. -2.387218,-2.07711
22.810 2 INS -6330 -10946 -484472512 89128 1336933 -929175872 -1 -21757 14155
22.810 2 GPS 3 43818340 447811033 1060 656033 257 9 2395 292811500 30 0
22.810 2 GPS_INT 0 0 0 404513560 -37290089 706269 656033 0 0 0 62 20 292811500 121 18 3 1
22.811 2 DL_VALUE 39 6.
22.811 2 ATTITUDE -1.646908 0.797315 0.374876
22.811 2 INS -6330 -10946 -484495232 83886 1336933 -929212096 5868 -17811 6246
22.835 2 ROTORCRAFT_FP -10946 -6330 484499776 1336933 83886 929155520 -6692 1332 3371 0 0 0 0 4230 0
22.835 2 ATTITUDE -1.615629 0.834072 0.293525
22.881 2 INS -6330 -10946 -484517952 83886 1336933 -929079488 3934 -4173 3173
22.881 2 STATIC_CONTROL 0 0. 0 0. 0. 0. 0. 0. 0. 0. 0. 0. 0.
22.882 2 ATTITUDE -1.616212 0.877508 0.225503
22.913 2 INS -6330 -10946 -484540672 83886 1336933 -928870464 15940 -14706 7662
22.939 2 GPS_INT 0 0 0 404513560 -37290089 706269 656033 0 0 0 62 20 292811500 121 18 3 1
22.939 2 ATTITUDE -1.614344 0.909419 0.209201
22.940 2 ROTORCRAFT_NAV_STATUS 656 656 0. 0. 5 0 1
22.953 2 LINK_REPORT 2 -1 23 0 67391 1511 0 3135. 69. 4 32.87
22.955 2 IMU_MAG_RAW 255 0 0 0
22.955 2 INS -6330 -10946 -484563360 83886 1336933 -928723712 18585 -6720 1640
22.987 2 ATTITUDE -1.600917 0.940788 0.22171
23.003 2 INS -6292 -10780 -484586080 424672 1326447 -928526272 18918 -9327 5346
23.019 2 GPS 3 43818405 447811048 889 655906 267 1 2395 292811750 30 0
23.040 2 ATTITUDE -1.59764 0.972979 0.227122
23.126 2 INS -6292 -10780 -484608800 429915 1326447 -928209216 20347 -13366 13998
23.126 2 ROVER_CTRL 2.5 0.034804 3890.123779 -2.440784 1400. 600. 1000. 1040.319092 48.726082 1.28746 2.465196 0.
23.127 2 ROTORCRAFT_FP -10780 -6292 484613344 1326447 429915 928170176 -6547 929 4041 0 0 0 0 4230 0
23.127 2 GPS_INT 0 0 0 404513574 -37290012 706142 655906 0 0 0 62 24 292811750 117 18 3 1
23.128 2 ATTITUDE -1.597718 0.996899 0.228975
23.128 2 INS -6292 -10780 -484631520 429915 1326447 -927938560 10033 -11844 10165
23.128 2 SERIAL_COM 873 -5139 13020 12522 0 0 0 14 264 80 76 0 0 0 0 0
23.128 2 ATTITUDE -1.598294 1.024588 0.242117
23.182 2 GVF_PARAMETRIC 5 1 0.147174 6.,-10.898438,12.269531,15.839844,-9.296875,0.007812,32.308594,24.65625,0.,0.,0.,0.,0.,0.,0.,0. -2.266727,-2.063717
23.182 2 INS -6292 -10780 -484654144 429915 1326447 -927692544 13274 -13443 6845
23.183 2 ATTITUDE -1.601815 1.042874 0.244457
23.211 2 INS -6292 -10780 -484676800 429915 1326447 -927399296 11173 -6348 8147
23.237 2 GPS_INT 0 0 0 404513574 -37290012 706142 655906 0 0 0 62 24 292811750 117 18 3 1
23.238 2 ATTITUDE -1.60181 1.066118 0.239851
23.253 2 INS -6292 -10780 -484699424 429915 1326447 -927196160 19548 -140 7521
23.269 2 GPS 3 43818405 447811048 889 655906 267 1 2395 292811750 30 0
23.284 2 ATTITUDE -1.605292 1.077299 0.225108
23.300 2 INS -6246 -10611 -484722080 346029 1363147 -926959808 40486 -2247 7837
23.333 2 ROTORCRAFT_FP -10611 -6246 484726592 1363147 346029 926957824 -6637 831 4446 0 0 0 0 4230 0
23.333 2 ATTITUDE -1.622418 1.098055 0.186892
23.365 2 INS -6246 -10611 -484744704 346029 1363147 -926831360 24596 -4666 6031
23.381 2 GPS_INT 0 0 0 404513590 -37289934 706148 655912 0 0 0 63 29 292812000 113 19 3 1
23.381 2 ATTITUDE -1.621165 1.116264 0.14455
23.422 2 INS -6246 -10611 -484767264 346029 1363147 -926626624 11540 -5046 1794
23.423 2 ROVER_STATUS 0 60 3 0 1 874 7.276682
23.423 2 STATE_FILTER_STATUS 6 3 0
23.423 2 ATTITUDE -1.617293 1.12335 0.096292
23.459 2 INS -6246 -10611 -484789856 346029 1363147 -926537792 20307 -14271 13369
23.470 2 DATALINK_REPORT 3 182 60917 3053 0 10
23.486 2 ATTITUDE -1.629974 1.130281 0.036775
23.503 2 INS -6179 -10442 -484812416 597687 1268775 -926414912 1757 -11623 -7235
23.518 2 GPS 3 43818538 447811091 736 655898 269 1 2395 292812250 30 0
23.545 2 GPS_INT 0 0 0 404513613 -37289856 706134 655898 0 0 0 64 35 292812250 122 19 3 1
23.546 2 ATTITUDE -1.654417 1.127494 -0.022813
23.625 2 GVF_PARAMETRIC 5 1 0.147493 0.,0.2,0.2,0.841242,0.841242,0.05,32.308594,24.65625,0.,0.,0.,0.,0.,0.,0.,0. -2.141109,-2.01324
23.625 2 INS -6179 -10442 -484835072 597687 1268775 -926406464 8241 -1204 -1061
23.626 2 ROVER_CTRL 2.5 0.034804 3890.123779 -2.440784 1400. 600. 1000. 1040.319092 48.726082 1.28746 2.465196 0.
23.626 2 ROTORCRAFT_FP -10442 -6179 484839584 1268775 597687 926308672 -6719 -249 4676 0 0 0 0 4230 0
23.626 2 ATTITUDE -1.640702 1.141595 -0.090155
23.626 2 INS -6179 -10442 -484857632 597687 1268775 -926257600 10250 -3927 -168
23.627 2 SERIAL_COM 874 -2327 28640 5037 0 0 0 14 265 80 76 0 0 0 0 0
23.627 2 ATTITUDE -1.636777 1.158023 -0.155127
23.667 2 INS -6179 -10442 -484880224 597687 1268775 -926121344 13659 -7210 1873
23.668 2 GPS_SOL 64 35 122 19
23.683 2 GPS_INT 0 0 0 404513613 -37289856 706134 655898 0 0 0 64 35 292812250 122 19 3 1
23.684 2 ATTITUDE -1.658454 1.157222 -0.218952
23.715 2 INS -6179 -10442 -484902784 597687 1268775 -926065024 16514 -1514 -807
23.731 2 ATTITUDE -1.633832 1.177082 -0.264707
23.731 2 IMU_MAG_RAW 255 0 0 0
23.763 2 INS -6085 -10298 -484925376 891288 1043332 -925862208 19319 834 5204
23.764 2 GPS 3 43818594 447811127 594 655841 263 -3 2395 292812500 30 0
23.779 2 ATTITUDE -1.651092 1.174787 -0.281518
23.811 2 INS -6085 -10298 -484947968 891288 1043332 -925666240 14112 -6633 7053
23.884 2 ROTORCRAFT_FP -10298 -6085 484952480 1043332 891288 925630336 -6740 -1184 4790 0 0 0 0 4230 0
23.885 2 GPS_INT 0 0 0 404513646 -37289790 706077 655841 0 0 0 65 42 292812500 112 20 3 1
23.885 2 ATTITUDE -1.646029 1.168442 -0.290537
23.885 2 WP_MOVED_ENU 11 -10526 6699 -87
23.886 2 WP_MOVED_ENU 11 -10526 6699 -87
23.886 2 INS -6085 -10298 -484970560 891288 1043332 -925468672 18786 -10964 6428
23.886 2 STATIC_CONTROL 0 0. 0 0. 0. 0. 0. 0. 0. 0. 0. 0. 0.
23.886 2 ATTITUDE -1.644156 1.159607 -0.290212
23.900 2 INS -6085 -10298 -484993120 891288 1043332 -925232064 27519 865 18888
23.932 2 ATTITUDE -1.619288 1.146778 -0.296079
23.953 2 LINK_REPORT 2 -1 24 0 70387 1580 0 2996. 69. 4 32.87
23.986 2 GVF_PARAMETRIC 5 1 0.14773 -6.,-34.859375,-45.699219,-22.828125,-21.648438,-0.449219,0.71875,17.71875,0.,0.,0.,0.,0.,0.,0.,0. -2.090215,-1.971643
23.986 2 INS -6085 -10298 -485015744 891288 1043332 -924955584 29423 -22087 13559
23.986 2 GPS_INT 0 0 0 404513646 -37289790 706077 655841 0 0 0 65 42 292812500 112 20 3 1
23.987 2 ATTITUDE -1.617476 1.139563 -0.29958
24.017 2 INS -5975 -10176 -485038272 975174 1022360 -924741184 26637 -4017 12303
24.017 2 GPS 3 43818642 447811170 517 655918 271 16 2395 292812750 30 0
24.033 2 ATTITUDE -1.606234 1.133459 -0.300649
24.049 2 INS -5975 -10176 -485060832 975174 1022360 -924398848 14466 -3571 11847
24.091 2 ROVER_CTRL 2.5 0.034804 3890.123779 -2.440784 1400. 600. 1000. 1040.319092 48.726082 1.28746 2.465196 0.
24.092 2 ROTORCRAFT_FP -10176 -5975 485065344 1022360 975174 924371712 -6624 -1254 4640 0 0 0 0 4230 0
24.093 2 ATTITUDE -1.615983 1.133126 -0.302896
24.133 2 INS -5975 -10176 -485083424 975174 1022360 -924197824 24075 -15820 17078
24.134 2 SERIAL_COM 874 -3571 14466 11847 0 0 0 14 265 80 76 0 0 0 0 0
24.134 2 GPS_INT 0 0 0 404513685 -37289734 706154 655918 0 0 0 65 37 292812750 112 20 3 1
24.135 2 ATTITUDE -1.619059 1.117963 -0.318075
24.149 2 INS -5975 -10176 -485105984 975174 1022360 -923912000 16777 -8267 8233
24.185 2 ATTITUDE -1.630659 1.108391 -0.33889
24.213 2 INS -5975 -10176 -485128544 975174 1022360 -923652480 28287 -11256 12855
24.229 2 ATTITUDE -1.649824 1.11356 -0.36951
24.261 2 INS -5975 -10176 -485151072 975174 1022360 -923563776 55176 -21850 13778
24.261 2 GPS 3 43818688 447811217 478 655971 275 12 2395 292813000 30 0
24.288 2 GPS_INT 0 0 0 404513728 -37289680 706207 655971 0 0 0 65 35 292813000 112 20 3 1
24.289 2 ATTITUDE -1.661484 1.101932 -0.425992
24.304 2 INS -5854 -10060 -485173632 1022360 1011874 -923422528 23518 -3718 2655
24.330 2 ROTORCRAFT_FP -10060 -5854 485178144 1011874 1022360 923438208 -6815 -1897 4515 0 0 0 0 4230 0
24.331 2 ATTITUDE -1.652436 1.09823 -0.496148
24.385 2 GVF_PARAMETRIC 5 1 0.147854 6.,-10.898438,12.269531,15.839844,-9.296875,0.007812,32.308594,24.65625,0.,0.,0.,0.,0.,0.,0.,0. -2.000051,-1.878881
24.385 2 INS -5854 -10060 -485196192 1022360 1011874 -923293824 8894 -2668 2719
24.386 2 DL_VALUE 40 0.7
24.386 2 ATTITUDE -1.661665 1.071178 -0.563224
24.400 2 INS -5854 -10060 -485218752 1022360 1011874 -923201088 28012 4315 3258
24.441 2 GPS_INT 0 0 0 404513728 -37289680 706207 655971 0 0 0 65 35 292813000 112 20 3 1
24.442 2 ALIVE 122,195,7,233,5,247,195,75,60,187,26,129,128,90,246,93
24.442 2 ATTITUDE -1.683794 1.061216 -0.642832
24.457 2 INS -5854 -10060 -485241312 1022360 1011874 -923084672 12141 12952 -3245
24.473 2 ATTITUDE -1.665298 1.072075 -0.712726
24.515 2 INS -5716 -9971 -485263872 1211104 545259 -922913472 22012 -5557 3123
24.515 2 GPS 3 43818723 447811270 366 656049 255 22 2395 292813250 30 0
24.531 2 ATTITUDE -1.676661 1.06159 -0.779651
24.531 2 ROTORCRAFT_NAV_STATUS 658 658 0. 0. 5 0 1
24.626 2 IMU_MAG_RAW 255 0 0 0
24.626 2 INS -5716 -9971 -485286432 1211104 550501 -922805568 22676 -7116 4168
24.626 2 ROVER_CTRL 2.5 0.034804 3890.123779 -2.440784 1400. 600. 1000. 1040.319092 48.726082 1.28746 2.465196 0.
24.627 2 ROTORCRAFT_FP -9971 -5716 485290944 550501 1211104 922776384 -6817 -3347 4321 0 0 0 0 4230 0
24.627 2 GPS_INT 0 0 0 404513776 -37289640 706285 656049 0 0 0 65 33 292813250 113 20 3 1
24.628 2 ATTITUDE -1.661731 1.054572 -0.828914
24.628 2 INS -5716 -9971 -485308992 1211104 550501 -922484416 22556 1527 14672
24.628 2 SERIAL_COM 875 1038 10841 3988 0 0 0 14 266 80 76 0 0 0 0 0
24.628 2 ATTITUDE -1.673928 1.074533 -0.839703
24.658 2 INS -5716 -9971 -485331520 1211104 550501 -922319936 26669 -2348 20182
24.674 2 ATTITUDE -1.662284 1.058201 -0.829087
24.706 2 INS -5716 -9971 -485354080 1211104 550501 -922151616 18731 -11395 6908
24.732 2 GPS_INT 0 0 0 404513776 -37289640 706285 656049 0 0 0 65 33 292813250 113 20 3 1
24.732 2 ATTITUDE -1.641094 0.993875 -0.824409
24.785 2 GVF_PARAMETRIC 5 1 0.147872 0.,0.2,0.2,0.841242,0.841242,0.05,32.308594,24.65625,0.,0.,0.,0.,0.,0.,0.,0. -1.965904,-1.824416
24.786 2 INS -5552 -9917 -485376640 1415576 387972 -921823296 12188 -5729 8214
24.786 2 GPS 3 43818745 447811334 257 656157 281 24 2395 292813500 30 0
24.786 2 ATTITUDE -1.652923 0.993266 -0.823403
24.801 2 INS -5552 -9917 -485399136 1415576 393215 -921564992 15228 -8736 17529
24.829 2 ROTORCRAFT_FP -9917 -5552 485403648 393215 1415576 921503936 -6732 -3381 4092 0 0 0 0 4230 0
24.829 2 ATTITUDE -1.646583 0.990437 -0.826123
24.887 2 INS -5552 -9917 -485421600 1415576 393215 -921312000 16990 -16252 16037
24.888 2 STATIC_CONTROL 0 0. 0 0. 0. 0. 0. 0. 0. 0. 0. 0. 0.
24.889 2 GPS_INT 0 0 0 404513834 -37289614 706393 656157 0 0 0 65 34 292813500 120 18 3 1
24.890 2 ATTITUDE -1.646349 0.97085 -0.83326
24.914 2 INS -5552 -9917 -485444096 1415576 393215 -921050432 7032 -3273 12790
24.914 2 ROVER_STATUS 0 55 3 0 1 875 7.303175
24.930 2 ATTITUDE -1.641891 0.955838 -0.835711
24.954 2 LINK_REPORT 2 -1 25 0 73479 1648 0 3092. 68. 4 32.87
24.962 2 INS -5552 -9917 -485466592 1415576 393215 -920808000 8575 -13387 4306
24.977 2 ATTITUDE -1.641699 0.923173 -0.832581
25.010 2 INS -5365 -9868 -485489088 1431304 335544 -920526528 21214 -16320 13625
25.010 2 GPS 3 43818764 447811406 192 656241 282 25 2395 292813750 30 0
25.036 2 GPS_INT 0 0 0 404513899 -37289592 706476 656241 0 0 0 65 30 292813750 119 20 3 1
25.036 2 ATTITUDE -1.640945 0.905116 -0.830759
25.052 2 INS -5365 -9868 -485511584 1431304 335544 -920263936 13399 -833 12115
25.090 2 ROVER_CTRL 2.5 0.034804 3890.123779 -2.440784 1400. 600. 1000. 1040.319092 48.726082 1.28746 2.465196 0.
25.091 2 ROTORCRAFT_FP -9868 -5365 485516096 335544 1431304 920197376 -6725 -3400 3708 0 0 0 0 4230 0
25.092 2 ATTITUDE -1.641892 0.895003 -0.828237
25.118 2 INS -5365 -9868 -485534016 1431304 335544 -919979776 14740 -9358 12502
25.118 2 SERIAL_COM 875 -13178 15006 10341 0 0 0 14 266 80 76 0 0 0 0 0
25.119 2 ATTITUDE -1.661563 0.898052 -0.827052
25.134 2 WP_MOVED_ENU 12 760 1031 2560
25.134 2 WP_MOVED_ENU 12 760 1031 2560
25.209 2 GVF_PARAMETRIC 5 1 0.147699 -6.,-34.859375,-45.699219,-22.828125,-21.648438,-0.449219,0.71875,17.71875,0.,0.,0.,0.,0.,0.,0.,0. -1.922626,-1.690051
25.209 2 INS -5365 -9868 -485556416 1431304 335544 -919749184 7216 -15412 8203
25.210 2 GPS_INT 0 0 0 404513899 -37289592 706476 656241 0 0 0 65 30 292813750 119 20 3 1
25.210 2 ATTITUDE -1.654493 0.861078 -0.82197
25.210 2 INS -5365 -9868 -485578848 1431304 335544 -919474944 10057 -7189 6336
25.224 2 ATTITUDE -1.638875 0.85278 -0.824045
25.266 2 INS -5365 -9868 -485601280 1431304 335544 -919146176 15994 -15848 21065
25.267 2 GPS 3 43818764 447811406 192 656241 282 25 2395 292813750 30 0
25.267 2 ATTITUDE -1.661618 0.847382 -0.820386
25.299 2 INS -5181 -9825 -485623680 1384119 330301 -918957888 9594 -12284 4485
25.353 2 ROTORCRAFT_FP -9825 -5181 485628192 330301 1384119 918898496 -6811 -3359 3417 0 0 0 0 4230 0
25.353 2 GPS_INT 0 0 0 404513964 -37289572 706485 656249 0 0 0 65 27 292814000 113 20 3 1
25.353 2 ATTITUDE -1.660067 0.822556 -0.822556
25.354 2 IMU_MAG_RAW 255 0 0 0
25.354 2 INS -5181 -9825 -485646112 1384119 330301 -918671168 13894 -9808 10304
25.368 2 ATTITUDE -1.665809 0.813667 -0.820738
25.400 2 INS -5181 -9825 -485668512 1384119 330301 -918402304 11543 -12748 9706
25.416 2 ATTITUDE -1.675665 0.799215 -0.826661
25.448 2 INS -5181 -9825 -485690912 1384119 330301 -918164736 13622 -15079 11928
25.477 2 GPS_INT 0 0 0 404513964 -37289572 706485 656249 0 0 0 65 27 292814000 113 20 3 1
25.477 2 ATTITUDE -1.657233 0.770687 -0.833014
25.477 2 PONG 
25.518 2 INS -4981 -9779 -485713312 1478490 408944 -917893248 14326 -16849 11131
25.519 2 ENERGY 44 7.303175 2.175 15.884405 7.679794 0.266152 1.998004
25.519 2 GPS 3 43818801 447811556 158 656223 294 12 2395 292814250 30 0
25.519 2 ATTITUDE -1.656429 0.756424 -0.835585
25.615 2 GVF_PARAMETRIC 5 1 0.147423 6.,-10.898438,12.269531,15.839844,-9.296875,0.007812,32.308594,24.65625,0.,0.,0.,0.,0.,0.,0.,0. -1.882773,-1.544638
25.616 2 INS -4981 -9779 -485735712 1483733 408944 -917567232 17383 -22856 15318
25.616 2 ROVER_CTRL 2.5 0.034804 3890.123779 -2.440784 1400. 600. 1000. 1040.319092 48.726082 1.28746 2.465196 0.
25.616 2 ROTORCRAFT_FP -9779 -4981 485740192 408944 1483733 917480256 -6776 -3417 3076 0 0 0 0 4230 0
25.616 2 ATTITUDE -1.667433 0.752232 -0.836999
25.617 2 INS -4981 -9779 -485758112 1483733 408944 -917305216 5426 -14659 4615
25.617 2 SERIAL_COM 876 -7299 11535 9126 0 0 0 14 267 80 76 0 0 0 0 0
25.630 2 GPS_INT 0 0 0 404514034 -37289550 706459 656223 0 0 0 65 25 292814250 122 20 3 1
25.631 2 ATTITUDE -1.670334 0.74605 -0.83603
25.662 2 INS -4981 -9779 -485780512 1483733 408944 -917064768 13041 -18276 9789
25.662 2 GPS_SOL 65 25 122 20
25.677 2 ATTITUDE -1.661 0.710629 -0.831198
25.709 2 INS -4981 -9779 -485802912 1483733 408944 -916781312 9622 -9544 3354
25.725 2 ATTITUDE -1.672475 0.707464 -0.828916
25.757 2 INS -4787 -9720 -485825312 1410333 414187 -916522560 9096 -22131 7075
25.758 2 GPS 3 43818825 447811632 163 656227 281 14 2395 292814500 30 0
25.783 2 GPS_INT 0 0 0 404514103 -37289523 706463 656227 0 0 0 64 24 292814500 113 20 3 1
25.784 2 ATTITUDE -1.684921 0.698105 -0.821901
25.799 2 INS -4787 -9720 -485847712 1405090 419430 -916221248 15809 -33421 17338
25.826 2 ROTORCRAFT_FP -9720 -4787 485852192 419430 1405090 916192000 -6848 -3362 2772 0 0 0 0 4230 0
25.827 2 ATTITUDE -1.672997 0.667976 -0.822258
25.872 2 INS -4787 -9720 -485870112 1405090 419430 -915957440 4152 -15804 7510
25.873 2 STATIC_CONTROL 0 0. 0 0. 0. 0. 0. 0. 0. 0. 0. 0. 0.
25.873 2 ATTITUDE -1.671386 0.662942 -0.824433
25.904 2 INS -4787 -9720 -485892480 1405090 419430 -915677568 10809 -6371 10557
25.930 2 GPS_INT 0 0 0 404514103 -37289523 706463 656227 0 0 0 64 24 292814500 113 20 3 1
25.931 2 ATTITUDE -1.664434 0.65466 -0.82552
25.954 2 LINK_REPORT 2 -1 26 0 76505 1716 0 3026. 68. 5 33.28
25.972 2 GVF_PARAMETRIC 5 1 0.147072 0.,0.2,0.2,0.841242,0.841242,0.05,32.308594,24.65625,0.,0.,0.,0.,0.,0.,0.,0. -1.852276,-1.47621
25.972 2 INS -4787 -9720 -485914880 1405090 419430 -915370688 10145 -23904 10995
25.972 2 DL_VALUE 41 2.
25.972 2 ATTITUDE -1.660762 0.636707 -0.820941
26.013 2 INS -4592 -9661 -485937280 1468005 403701 -915040896 12987 -11009 6660
26.014 2 GPS 3 43818848 447811707 158 656206 291 16 2395 292814750 30 0
26.014 2 ATTITUDE -1.685449 0.634658 -0.81254
26.045 2 INS -4592 -9661 -485959680 1468005 403701 -914788864 7978 -9170 6499
26.119 2 ROVER_CTRL 2.5 0.034804 3890.123779 -2.440784 1400. 600. 1000. 1040.319092 48.726082 1.28746 2.465196 0.
26.119 2 ROTORCRAFT_FP -9661 -4592 485964160 403701 1468005 914768768 -6924 -3348 2580 0 0 0 0 4230 0
26.120 2 GPS_INT 0 0 0 404514171 -37289496 706441 656206 0 0 0 64 22 292814750 113 20 3 1
26.120 2 ATTITUDE -1.673413 0.615679 -0.81969
26.121 2 INS -4592 -9661 -485982080 1468005 403701 -914497472 16492 -7732 8885
26.121 2 SERIAL_COM 876 -24736 16153 24696 0 0 0 14 267 80 76 0 0 0 0 0
26.121 2 ATTITUDE -1.686377 0.607241 -0.828644
26.134 2 ROTORCRAFT_NAV_STATUS 660 660 0. 0. 5 0 1
26.134 2 IMU_MAG_RAW 255 0 0 0
26.150 2 INS -4592 -9661 -486004384 1468005 403701 -914259200 12502 -21114 11391
26.166 2 ATTITUDE -1.68979 0.596295 -0.838265
26.198 2 INS -4592 -9661 -486026688 1468005 403701 -914029760 4664 -6712 5532
26.224 2 GPS_INT 0 0 0 404514171 -37289496 706441 656206 0 0 0 64 22 292814750 113 20 3 1
26.224 2 ATTITUDE -1.687927 0.577919 -0.847498
26.256 2 INS -4592 -9661 -486048992 1468005 403701 -913689408 10529 -16187 14910
26.256 2 GPS 3 43818848 447811707 158 656206 291 16 2395 292814750 30 0
26.272 2 ATTITUDE -1.706977 0.593325 -0.844714
26.304 2 INS -4400 -9605 -486071264 1473247 424672 -913522752 6465 -18721 1981
26.330 2 ROTORCRAFT_FP -9605 -4400 486075712 424672 1473247 913517248 -6973 -3473 2342 0 0 0 0 4230 0
26.331 2 ATTITUDE -1.705172 0.560615 -0.856678
26.380 2 GVF_PARAMETRIC 5 1 0.146708 -6.,-34.859375,-45.699219,-22.828125,-21.648438,-0.449219,0.71875,17.71875,0.,0.,0.,0.,0.,0.,0.,0. -1.800531,-1.33178
26.381 2 INS -4400 -9605 -486093568 1473247 424672 -913271424 1977 -4967 -7809
26.381 2 GPS_INT 0 0 0 404514239 -37289470 706487 656251 0 0 0 63 22 292815000 113 20 3 1
26.382 2 ATTITUDE -1.698668 0.560618 -0.883276
26.409 2 INS -4400 -9605 -486115776 1473247 424672 -912964480 7912 -14659 14414
26.409 2 ROVER_STATUS 0 56 3 0 1 877 7.285513
26.425 2 ATTITUDE -1.712835 0.545091 -0.946298
26.426 2 WP_MOVED_ENU 13 775 -1018 2560
26.456 2 WP_MOVED_ENU 13 775 -1018 2560
26.457 2 INS -4400 -9605 -486138048 1473247 424672 -912749184 11053 -14090 8287
26.472 2 ATTITUDE -1.762338 0.563344 -1.023361
26.528 2 INS -4198 -9564 -486160320 1530919 162529 -912540608 11511 -21010 2535
26.528 2 GPS 3 43818887 447811861 112 656197 295 15 2395 292815250 30 0
26.529 2 GPS_INT 0 0 0 404514310 -37289452 706433 656197 0 0 0 63 20 292815250 119 19 3 1
26.529 2 ATTITUDE -1.767893 0.580307 -1.091916
26.544 2 INS -4198 -9564 -486182624 1536162 162529 -912298816 10738 -24428 10433
26.585 2 ROVER_CTRL 2.5 0.034804 3890.123779 -2.440784 1400. 600. 1000. 1040.319092 48.726082 1.28746 2.465196 0.
26.585 2 ROTORCRAFT_FP -9564 -4198 486187072 162529 1536162 912265088 -7291 -4657 2406 0 0 0 0 4230 0
26.586 2 ATTITUDE -1.800164 0.580003 -1.171357
26.627 2 INS -4198 -9564 -486204864 1536162 162529 -912083264 24794 -2870 9666
26.627 2 SERIAL_COM 877 -14090 11053 8287 0 0 0 14 268 80 76 0 0 0 0 0
26.628 2 STATE_FILTER_STATUS 6 3 0
26.628 2 ATTITUDE -1.83005 0.620752 -1.258705
26.671 2 INS -4198 -9564 -486227104 1536162 162529 -911786560 6663 -14611 6577
26.671 2 GPS_INT 0 0 0 404514310 -37289452 706433 656197 0 0 0 63 20 292815250 119 19 3 1
26.672 2 ATTITUDE -1.911661 0.696027 -1.336689
26.703 2 INS -4198 -9564 -486249376 1536162 162529 -911524288 16851 -10952 6192
26.719 2 ATTITUDE -2.037427 0.812421 -1.408766
26.785 2 GVF_PARAMETRIC 5 1 0.146269 6.,-10.898438,12.269531,15.839844,-9.296875,0.007812,32.308594,24.65625,0.,0.,0.,0.,0.,0.,0.,0. -1.775579,-1.262277
26.785 2 INS -4003 -9589 -486271616 1478490 -414187 -911191360 21374 -8871 6966
26.786 2 GPS 3 43818878 447811937 3591 656214 294 10 2395 292815500 30 0
26.786 2 ATTITUDE -2.388998 1.157511 -1.463404
26.799 2 INS -4003 -9589 -486293856 1488976 -414187 -910982016 13733 -9840 2266
26.836 2 ROTORCRAFT_FP -9589 -4003 486298304 -414187 1488976 910933632 -10938 -6104 5987 0 0 0 0 4230 0
26.837 2 GPS_INT 0 0 0 404514378 -37289463 706450 656214 0 0 0 62 16 292815500 119 19 3 1
26.837 2 ATTITUDE -2.974711 1.753597 -1.509725
26.866 2 INS -4003 -9589 -486316096 1488976 -414187 -910672384 17281 -11961 13154
26.867 2 STATIC_CONTROL 0 0. 0 0. 0. 0. 0. 0. 0. 0. 0. 0. 0.
26.867 2 ATTITUDE 2.20172 2.844145 -1.488113
26.898 2 INS -4003 -9589 -486338336 1488976 -414187 -910319424 10048 -17973 18354
26.913 2 ATTITUDE 1.929449 3.133959 -1.417193
26.930 2 IMU_MAG_RAW 255 0 0 0
26.946 2 INS -4003 -9589 -486360576 1488976 -414187 -910063872 11605 -9358 8447
26.955 2 LINK_REPORT 2 -1 27 0 79641 1787 0 3136. 71. 5 33.28
26.972 2 GPS_INT 0 0 0 404514378 -37289463 706450 656214 0 0 0 62 16 292815500 119 19 3 1
26.973 2 ATTITUDE 1.870664 3.206385 -1.374
27.003 2 INS -3845 -9669 -486382784 1011874 -870317 -909801600 8701 -20199 9974
27.004 2 GPS 3 43818847 447811999 3449 656298 254 16 2395 292815750 30 0
27.019 2 ATTITUDE 1.86563 3.206062 -1.360764
27.078 2 INS -3845 -9669 -486405024 1006632 -870317 -909493824 13324 -1765 14506
27.079 2 ROVER_CTRL 2.5 0.034804 3890.123779 -2.440784 1400. 600. 1000. 1040.319092 48.726082 1.28746 2.465196 0.
27.079 2 ROTORCRAFT_FP -9669 -3845 486409472 -870317 1006632 909443072 7736 -5562 13044 0 0 0 0 4230 0
27.080 2 ATTITUDE 1.892839 3.181108 -1.358647
27.108 2 INS -3845 -9669 -486427232 1006632 -870317 -909188544 11152 -17923 8184
27.108 2 SERIAL_COM 877 -15541 14261 14461 0 0 0 14 268 80 76 0 0 0 0 0
27.134 2 GPS_INT 0 0 0 404514434 -37289500 706534 656298 0 0 0 61 14 292815750 121 19 3 1
27.134 2 ALIVE 122,195,7,233,5,247,195,75,60,187,26,129,128,90,246,93
27.134 2 ATTITUDE 1.967447 3.122018 -1.36056
27.176 2 GVF_PARAMETRIC 5 1 0.145647 0.,0.2,0.2,0.841242,0.841242,0.05,32.308594,24.65625,0.,0.,0.,0.,0.,0.,0.,0. -1.805156,-1.136875
27.177 2 INS -3845 -9669 -486449440 1006632 -870317 -908961856 13233 -16268 27331
27.177 2 ATTITUDE 1.91115 3.18379 -1.362715
27.191 2 INS -3845 -9669 -486471680 1006632 -870317 -908740544 6260 -22104 12149
27.222 2 ATTITUDE 1.813359 3.286969 -1.358711
27.254 2 INS -3845 -9669 -486493920 1006632 -870317 -908403840 9631 -18152 1139
27.255 2 GPS 3 43818847 447811999 3449 656298 254 17 2395 292815750 30 0
27.281 2 GPS_INT 0 0 0 404514434 -37289500 706534 656298 0 0 0 61 14 292815750 121 19 3 1
27.281 2 ATTITUDE 1.872922 3.226919 -1.355078
27.297 2 INS -3717 -9776 -486516096 1132461 -880803 -908234688 6277 -10397 8618
27.323 2 ROTORCRAFT_FP -9776 -3717 486520512 -880803 1132461 908149312 7630 -5583 13273 0 0 0 0 4230 0
27.323 2 ATTITUDE 1.848904 3.25446 -1.363636
27.355 2 INS -3717 -9776 -486538272 1132461 -880803 -907922688 9630 -19338 22772
27.371 2 ATTITUDE 1.820246 3.294067 -1.359748
27.403 2 INS -3717 -9776 -486560448 1132461 -880803 -907612224 9719 -21297 13754
27.419 2 GPS_INT 0 0 0 404514480 -37289550 706644 656408 0 0 0 61 14 292816000 121 20 3 1
27.419 2 ATTITUDE 1.886616 3.248789 -1.344778
27.450 2 INS -3717 -9776 -486582592 1132461 -880803 -907485184 9887 -13307 2642
27.466 2 ATTITUDE 1.827761 3.301281 -1.348209
27.508 2 INS -3589 -9894 -486604704 1069546 -901774 -907197312 12973 -39368 15658
27.509 2 GPS 3 43818760 447812100 3266 656449 266 9 2395 292816250 30 0
27.524 2 ATTITUDE 1.720148 3.424336 -1.347139
27.540 2 INS_REF 485057916 -31609623 411673221 404515786 -37285049 712727 662491 0.
27.621 2 GVF_PARAMETRIC 5 1 0.145004 -6.,-34.859375,-45.699219,-22.828125,-21.648438,-0.449219,0.71875,17.71875,0.,0.,0.,0.,0.,0.,0.,0. -1.881799,-1.050127
27.622 2 INS -3589 -9894 -486626784 1069546 -901774 -906878208 8027 -13983 4751
27.622 2 ROVER_CTRL 2.5 0.034804 3890.123779 -2.440784 1400. 600. 1000. 1040.319092 48.726082 1.28746 2.465196 0.
27.623 2 ROTORCRAFT_FP -9894 -3589 486631200 -901774 1069546 906857920 7222 -5523 13862 0 0 0 0 4230 0
27.623 2 DL_VALUE 42 6.
27.623 2 ATTITUDE 1.769597 3.383323 -1.346016
27.624 2 INS -3589 -9894 -486648864 1069546 -901774 -906660544 12574 -15905 15583
27.624 2 SERIAL_COM 878 -37132 3997 3883 0 0 0 14 269 80 76 0 0 0 0 0
27.624 2 ATTITUDE 1.785476 3.371895 -1.348711
27.652 2 INS -3589 -9894 -486670944 1069546 -901774 -906403968 5666 -18440 15261
27.652 2 GPS_SOL 61 14 119 20
27.668 2 ATTITUDE 1.790615 3.36732 -1.348927
27.700 2 INS -3589 -9894 -486693056 1069546 -901774 -906111616 15399 -27519 7957
27.768 2 GPS_INT 0 0 0 404514524 -37289604 706685 656449 0 0 0 61 14 292816250 119 20 3 1
27.768 2 ATTITUDE 1.82579 3.342932 -1.350084
27.769 2 ROTORCRAFT_NAV_STATUS 661 661 0. 0. 5 0 1
27.769 2 WP_MOVED_ENU 14 -760 -1031 2560
27.769 2 WP_MOVED_ENU 14 -760 -1031 2560
27.770 2 IMU_MAG_RAW 255 0 0 0
27.770 2 INS -3453 -10001 -486715136 1142946 -870317 -905917888 4809 -24490 8540
27.771 2 GPS 3 43818718 447812154 3246 656542 275 5 2395 292816500 30 0
27.771 2 ATTITUDE 1.81758 3.357309 -1.354171
27.799 2 INS -3453 -10001 -486737248 1148189 -870317 -905690432 14979 -9989 14671
27.826 2 ROTORCRAFT_FP -10001 -3453 486741664 -870317 1148189 905599872 7175 -5578 14032 0 0 0 0 4230 0
27.826 2 ATTITUDE 1.735203 3.443361 -1.3571
27.841 2 INS -3453 -10001 -486759328 1148189 -870317 -905383552 10078 -22973 4726
27.880 2 STATIC_CONTROL 0 0. 0 0. 0. 0. 0. 0. 0. 0. 0. 0. 0.
27.881 2 GPS_INT 0 0 0 404514572 -37289654 706778 656542 0 0 0 60 14 292816500 118 20 3 1
27.881 2 ATTITUDE 1.780957 3.403591 -1.353092
27.906 2 INS -3453 -10001 -486781440 1148189 -870317 -905141632 9200 -18034 7033
27.906 2 ROVER_STATUS 0 57 3 0 1 878 7.303175
27.922 2 ATTITUDE 1.769053 3.408185 -1.357626
27.955 2 LINK_REPORT 2 -1 28 0 82642 1856 0 3001. 69. 5 33.28
27.965 2 GVF_PARAMETRIC 5 1 0.144241 6.,-10.898438,12.269531,15.839844,-9.296875,0.007812,32.308594,24.65625,0.,0.,0.,0.,0.,0.,0.,0. -1.909095,-1.015276
27.966 2 INS -3453 -10001 -486803584 1148189 -870317 -904930816 8085 -18859 9149
27.966 2 ATTITUDE 1.734204 3.450366 -1.352292
28.006 2 INS -3325 -10114 -486825664 1142946 -880803 -904639360 7725 -10710 3142
28.007 2 GPS 3 43818674 447812204 3236 656579 275 5 2395 292816750 30 0
28.032 2 GPS_INT 0 0 0 404514617 -37289706 706815 656579 0 0 0 60 13 292816750 111 20 3 1
28.032 2 ATTITUDE 1.728869 3.475623 -1.348453
28.085 2 INS -3325 -10114 -486847744 1142946 -880803 -904427776 5916 -34174 8477
28.086 2 ROVER_CTRL 2.5 0.034804 3890.123779 -2.440784 1400. 600. 1000. 1040.319092 48.726082 1.28746 2.465196 0.
28.086 2 ROTORCRAFT_FP -10114 -3325 486852160 -880803 1142946 904361984 7002 -5482 14395 0 0 0 0 4230 0
28.086 2 ATTITUDE 1.671225 3.550746 -1.339272
28.101 2 INS -3325 -10114 -486869824 1142946 -880803 -904124800 3532 -8818 8575
28.101 2 SERIAL_COM 878 -6204 11626 12700 0 0 0 14 269 80 76 0 0 0 0 0
28.117 2 ATTITUDE 1.690261 3.53143 -1.326021
28.149 2 INS -3325 -10114 -486891904 1142946 -880803 -903845696 9738 -16818 11691
28.165 2 GPS_INT 0 0 0 404514617 -37289706 706815 656579 0 0 0 60 13 292816750 111 20 3 1
28.165 2 ATTITUDE 1.725698 3.500375 -1.322422
28.197 2 INS -3325 -10114 -486913984 1142946 -880803 -903578624 12286 -12239 13186
28.213 2 ATTITUDE 1.680196 3.546042 -1.317706
28.255 2 INS -3325 -10114 -486936064 1142946 -880803 -903351232 13920 -12863 7862
28.255 2 GPS 3 43818674 447812204 3236 656579 276 5 2395 292816750 30 0
28.271 2 ATTITUDE 1.647621 3.588535 -1.30001
28.287 2 INS -3205 -10242 -486958144 1127218 -938474 -902993280 7890 -25796 20133
28.329 2 ROTORCRAFT_FP -10242 -3205 486962560 -938474 1127218 902953344 6793 -5256 14678 0 0 0 0 4230 0
28.329 2 GPS_INT 0 0 0 404514660 -37289764 706870 656635 0 0 0 59 14 292817000 111 20 3 1
28.330 2 ATTITUDE 1.654141 3.594965 -1.271186
28.366 2 GVF_PARAMETRIC 5 1 0.143492 0.,0.2,0.2,0.841242,0.841242,0.05,32.308594,24.65625,0.,0.,0.,0.,0.,0.,0.,0. -1.990622,-0.935561
28.367 2 INS -3205 -10242 -486980224 1127218 -938474 -902749056 7745 -18448 8060
28.367 2 ATTITUDE 1.629633 3.625601 -1.2315
28.398 2 INS -3205 -10242 -487002304 1127218 -938474 -902440192 14944 -3161 11570
28.414 2 ATTITUDE 1.644292 3.624622 -1.174902
28.446 2 INS -3205 -10242 -487024384 1127218 -938474 -902115392 15345 -21474 13493
28.472 2 GPS_INT 0 0 0 404514660 -37289764 706870 656635 0 0 0 59 14 292817000 111 20 3 1
28.473 2 ATTITUDE 1.606524 3.674476 -1.105983
28.504 2 INS -3082 -10378 -487046432 938474 -1184889 -901799360 16847 -10019 11354
28.504 2 GPS 3 43818573 447812299 3143 656731 287 11 2395 292817250 30 0
28.520 2 ATTITUDE 1.570544 3.731188 -1.032192
28.520 2 IMU_MAG_RAW 255 0 0 0
28.536 2 INS -3082 -10378 -487068448 933231 -1184889 -901346368 17129 -16736 13382
28.621 2 DATALINK_REPORT 3 183 61267 3057 0 11
28.621 2 ROVER_CTRL 2.5 0.034804 3890.123779 -2.440784 1400. 600. 1000. 1040.319092 48.726082 1.28746 2.465196 0.
28.621 2 ROTORCRAFT_FP -10378 -3082 487072832 -1184889 933231 901293248 6412 -4072 15313 0 0 0 0 4230 0
28.622 2 ATTITUDE 1.572046 3.749892 -0.961076
28.622 2 INS -3082 -10378 -487090432 933231 -1184889 -900999808 16352 -1250 3904
28.622 2 SERIAL_COM 879 2725 11520 16525 0 0 0 14 270 80 76 0 0 0 0 0
28.623 2 GPS_INT 0 0 0 404514702 -37289826 706967 656731 0 0 0 58 15 292817250 111 20 3 1
28.623 2 ATTITUDE 1.564082 3.785492 -0.890586
28.637 2 INS -3082 -10378 -487112416 933231 -1184889 -900662336 20206 -11841 18419
28.669 2 ATTITUDE 1.522334 3.831354 -0.819507
28.701 2 INS -3082 -10378 -487134368 933231 -1184889 -900240384 18250 -17326 9471
28.716 2 ATTITUDE 1.550889 3.847764 -0.748579
28.794 2 GVF_PARAMETRIC 5 1 0.142677 -6.,-34.859375,-45.699219,-22.828125,-21.648438,-0.449219,0.71875,17.71875,0.,0.,0.,0.,0.,0.,0.,0. -2.029226,-0.9088
28.794 2 INS -3008 -10542 -487156352 482344 -1378876 -899794944 12184 -1676 14142
28.795 2 GPS 3 43818509 447812329 3007 656794 278 0 2395 292817500 30 0
28.795 2 GPS_INT 0 0 0 404514728 -37289902 707030 656794 0 0 0 58 16 292817500 118 19 3 1
28.795 2 ATTITUDE 1.553096 3.878054 -0.670409
28.795 2 INS -3008 -10542 -487178304 487587 -1384119 -899384896 4173 3360 25534
28.821 2 ROTORCRAFT_FP -10542 -3008 487182688 -1384119 487587 899302912 6361 -2579 16013 0 0 0 0 4230 0
28.821 2 ATTITUDE 1.545056 3.931045 -0.596715
28.836 2 INS -3008 -10542 -487200256 487587 -1384119 -898918720 20595 -12455 17779
28.867 2 STATIC_CONTROL 0 0. 0 0. 0. 0. 0. 0. 0. 0. 0. 0. 0.
28.867 2 ATTITUDE 1.54297 3.966644 -0.529103
28.899 2 INS -3008 -10542 -487222176 487587 -1384119 -898414592 10332 -8227 8864
28.915 2 GPS_INT 0 0 0 404514728 -37289902 707030 656794 0 0 0 58 16 292817500 118 19 3 1
28.915 2 ATTITUDE 1.562123 3.991574 -0.457192
28.947 2 INS -3008 -10542 -487244096 487587 -1384119 -898056896 3237 -2460 24225
28.956 2 LINK_REPORT 2 -1 29 0 85707 1922 0 3065. 66. 5 33.28
28.963 2 ATTITUDE 1.544106 4.035884 -0.391885
29.005 2 INS -3008 -10542 -487266016 487587 -1384119 -897663744 19074 -22714 22339
29.005 2 GPS 3 43818444 447812339 2831 656779 254 -17 2395 292817750 30 0
29.033 2 ATTITUDE 1.516834 4.07099 -0.326731
29.034 2 WP_MOVED_ENU 15 -775 1018 2560
29.034 2 WP_MOVED_ENU 15 -775 1018 2560
29.108 2 INS -2982 -10711 -487287936 -47185 -1336933 -897006976 25110 -21497 21831
29.109 2 ROVER_CTRL 2.5 0.034804 3890.123779 -2.440784 1400. 600. 1000. 1040.319092 48.726082 1.28746 2.465196 0.
29.109 2 ROTORCRAFT_FP -10711 -2982 487292320 -1336933 -47185 896918272 6326 -1155 16735 0 0 0 0 4230 0
29.110 2 GPS_INT 0 0 0 404514737 -37289979 707015 656779 0 0 0 57 16 292817750 111 20 3 1
29.110 2 ATTITUDE 1.552042 4.096202 -0.259006
29.110 2 INS -2982 -10711 -487309856 -47185 -1336933 -896623808 25175 -15208 18697
29.110 2 SERIAL_COM 879 -3798 416 17015 0 0 0 14 270 80 76 0 0 0 0 0
29.111 2 ATTITUDE 1.548329 4.130446 -0.200944
29.166 2 GVF_PARAMETRIC 5 1 0.141953 6.,-10.898438,12.269531,15.839844,-9.296875,0.007812,32.308594,24.65625,0.,0.,0.,0.,0.,0.,0.,0. -2.14726,-0.888818
29.166 2 INS -2982 -10711 -487331776 -47185 -1336933 -896259456 23991 -29177 10249
29.166 2 DL_VALUE 43 0.7
29.167 2 ATTITUDE 1.530818 4.160433 -0.139024
29.197 2 INS -2982 -10711 -487353664 -47185 -1336933 -895809856 5802 -672 16616
29.214 2 GPS_INT 0 0 0 404514737 -37289979 707015 656779 0 0 0 57 16 292817750 111 20 3 1
29.214 2 ATTITUDE 1.528782 4.208765 -0.077152
29.245 2 INS -2982 -10711 -487375584 -47185 -1336933 -895347520 24112 -21895 10272
29.246 2 GPS 3 43818444 447812339 2831 656779 254 -17 2395 292817750 30 0
29.261 2 ATTITUDE 1.52231 4.235585 -0.012771
29.294 2 INS -3028 -10872 -487397472 -450887 -1294990 -894927808 23974 -11034 14062
29.334 2 ROTORCRAFT_FP -10872 -3028 487401856 -1300233 -445644 894821056 6287 86 17457 0 0 0 0 4230 0
29.335 2 ATTITUDE 1.539014 4.271547 0.044808
29.335 2 ROTORCRAFT_NAV_STATUS 663 663 0. 0. 5 0 1
29.335 2 IMU_MAG_RAW 255 0 0 0
29.336 2 INS -3028 -10872 -487419328 -445644 -1300233 -894553216 38327 -15203 -569
29.366 2 GPS_INT 0 0 0 404514722 -37290054 707069 656834 0 0 0 57 19 292818000 111 20 3 1
29.366 2 ATTITUDE 1.519718 4.290298 0.115051
29.397 2 INS -3028 -10872 -487441120 -445644 -1300233 -894068160 11882 -1666 17567
29.398 2 ROVER_STATUS 0 58 3 0 1 880 7.285513
29.413 2 ATTITUDE 1.549841 4.299668 0.183595
29.445 2 INS -3028 -10872 -487462912 -445644 -1300233 -893752832 32402 -8701 11848
29.461 2 ATTITUDE 1.538752 4.321714 0.239022
29.503 2 INS -3028 -10872 -487484704 -445644 -1300233 -893327744 6406 -2181 14958
29.504 2 GPS 3 43818320 447812285 2508 656885 260 -3 2395 292818250 30 0
29.519 2 GPS_INT 0 0 0 404514687 -37290124 707121 656885 0 0 0 56 20 292818250 113 20 3 1
29.520 2 ATTITUDE 1.540199 4.325687 0.312485
29.604 2 GVF_PARAMETRIC 5 1 0.141543 0.,0.2,0.2,0.841242,0.841242,0.05,32.308594,24.65625,0.,0.,0.,0.,0.,0.,0.,0. -2.261839,-0.956697
29.605 2 INS -3125 -11023 -487506496 -775945 -1127218 -892906624 13677 -14059 24896
29.605 2 ROVER_CTRL 2.5 0.034804 3890.123779 -2.440784 1400. 600. 1000. 1040.319092 48.726082 1.28746 2.465196 0.
29.606 2 ROTORCRAFT_FP -11023 -3125 487510848 -1127218 -775945 892827072 6278 1365 17766 0 0 0 0 4230 0
29.606 2 ATTITUDE 1.534392 4.335597 0.354043
29.606 2 INS -3125 -11023 -487528256 -775945 -1127218 -892458944 9354 -5595 13764
29.607 2 SERIAL_COM 880 -7678 16054 18196 0 0 0 14 271 80 76 0 0 0 0 0
29.607 2 ATTITUDE 1.551791 4.333884 0.414385
29.650 2 INS -3125 -11023 -487550016 -775945 -1127218 -892115008 2509 -2521 19295
29.650 2 GPS_SOL 56 20 113 20
29.666 2 GPS_INT 0 0 0 404514687 -37290124 707121 656885 0 0 0 56 20 292818250 113 20 3 1
29.667 2 ATTITUDE 1.550808 4.349291 0.466761
29.682 2 INS -3125 -11023 -487571776 -775945 -1127218 -891781056 29692 -7096 17211
29.714 2 ATTITUDE 1.539119 4.351323 0.533067
29.746 2 INS -3125 -11023 -487593568 -775945 -1127218 -891323584 14840 -11099 14978
29.746 2 GPS 3 43818272 447812229 2330 656970 271 -1 2395 292818500 30 0
29.762 2 ATTITUDE 1.545962 4.348344 0.602752
29.794 2 INS -3269 -11146 -487615328 -1137703 -870317 -890930560 16175 -12899 22334
29.867 2 ROTORCRAFT_FP -11146 -3269 487619712 -870317 -1137703 890839168 6305 2634 17778 0 0 0 0 4230 0
29.868 2 GPS_INT 0 0 0 404514637 -37290181 707206 656970 0 0 0 56 21 292818500 113 19 3 1
29.868 2 STATE_FILTER_STATUS 6 3 0
29.868 2 ALIVE 122,195,7,233,5,247,195,75,60,187,26,129,128,90,246,93
29.868 2 ATTITUDE 1.550178 4.339778 0.670767
29.869 2 INS -3269 -11146 -487637088 -1137703 -870317 -890530880 25642 -1253 22165
29.869 2 STATIC_CONTROL 0 0. 0 0. 0. 0. 0. 0. 0. 0. 0. 0. 0.
29.869 2 ATTITUDE 1.552493 4.337547 0.738886
29.884 2 INS -3269 -11146 -487658848 -1137703 -870317 -890199552 22319 -18897 9825
29.915 2 ATTITUDE 1.533023 4.321248 0.802925
29.956 2 LINK_REPORT 2 -1 30 0 88680 1991 0 2973. 69. 5 33.28
29.979 2 GVF_PARAMETRIC 5 1 0.141459 -6.,-34.859375,-45.699219,-22.828125,-21.648438,-0.449219,0.71875,17.71875,0.,0.,0.,0.,0.,0.,0.,0. -2.308052,-1.016215
29.980 2 INS -3269 -11146 -487680576 -1137703 -870317 -889798720 16537 -4253 18868
29.980 2 GPS_INT 0 0 0 404514637 -37290181 707206 656970 0 0 0 56 21 292818500 113 19 3 1
29.981 2 ATTITUDE 1.532865 4.288713 0.859085
30.005 2 INS -3269 -11146 -487702304 -1137703 -870317 -889396480 38839 -15532 11149
30.005 2 ENERGY 44 7.267851 2.3 16.716057 7.72016 0.268913 2.018163
30.006 2 GPS 3 43818241 447812164 2171 657074 254 6 2395 292818750 30 0
30.006 2 ATTITUDE 1.551868 4.314967 0.916838
30.076 2 INS -3435 -11223 -487724064 -1279261 -398458 -889157760 13928 -16268 8350
30.076 2 ROVER_CTRL 2.5 0.034804 3890.123779 -2.440784 1400. 600. 1000. 1040.319092 48.726082 1.28746 2.465196 0.
30.077 2 ROTORCRAFT_FP -11223 -3435 487728416 -398458 -1279261 889092544 6334 3919 17668 0 0 0 0 4230 0
30.077 2 ATTITUDE 1.538683 4.306088 0.980286
30.130 2 INS -3435 -11223 -487745792 -1279261 -398458 -888806912 15336 -17063 16482
30.130 2 SERIAL_COM 880 -16268 13928 8350 0 0 0 14 271 80 76 0 0 0 0 0
30.131 2 GPS_INT 0 0 0 404514578 -37290216 707309 657074 0 0 0 56 20 292818750 127 20 3 1
30.131 2 ATTITUDE 1.52626 4.27785 1.040466
30.131 2 IMU_MAG_RAW 255 0 0 0
30.146 2 INS -3435 -11223 -487767520 -1279261 -398458 -888425280 10605 -9651 12449
30.162 2 ATTITUDE 1.566459 4.302053 1.090787
30.195 2 INS -3435 -11223 -487789216 -1279261 -398458 -888210944 14503 -12707 5575
30.210 2 ATTITUDE 1.55528 4.295039 1.147208
30.252 2 INS -3435 -11223 -487810944 -1279261 -398458 -887873664 22508 -17397 3768
30.252 2 GPS 3 43818241 447812164 2171 657074 254 6 2395 292818750 30 0
30.268 2 GPS_INT 0 0 0 404514578 -37290216 707309 657074 0 0 0 56 20 292818750 127 20 3 1
30.268 2 ATTITUDE 1.557668 4.29345 1.21027
30.284 2 INS -3619 -11253 -487832576 -1468005 -36700 -887476544 1423 -4934 16170
30.327 2 ROTORCRAFT_FP -11253 -3619 487836896 -36700 -1468005 887448448 6432 5093 17677 0 0 0 0 4230 0
30.327 2 ATTITUDE 1.573012 4.30912 1.266328
30.328 2 WP_MOVED_ENU 16 50798 51645 2557
30.328 2 WP_MOVED_ENU 16 50798 51645 2557
30.367 2 GVF_PARAMETRIC 5 1 0.141687 6.,-10.898438,12.269531,15.839844,-9.296875,0.007812,32.308594,24.65625,0.,0.,0.,0.,0.,0.,0.,0. -2.352429,-1.148411
30.367 2 INS -3619 -11253 -487854176 -1468005 -36700 -887216960 10654 -7269 23351
30.368 2 ATTITUDE 1.577362 4.296312 1.326371
30.384 2 INS -3619 -11253 -487875840 -1468005 -36700 -886921152 9699 -16734 18136
30.412 2 GPS_INT 0 0 0 404514513 -37290230 707338 657102 0 0 0 56 19 292819000 127 19 3 1
30.412 2 ATTITUDE 1.595212 4.314556 1.375337
30.444 2 INS -3619 -11253 -487897472 -1468005 -36700 -886649984 5921 -6296 6576
30.459 2 ATTITUDE 1.660059 4.378972 1.431758
30.475 2 PONG 
30.502 2 INS -3619 -11253 -487919104 -1468005 -36700 -886428544 12388 -15745 1044
30.502 2 GPS 3 43818238 447812022 1826 657150 269 9 2395 292819250 30 0
30.503 2 ATTITUDE 1.608405 4.31972 1.486869
30.534 2 INS -3801 -11230 -487940704 -1347418 435158 -886065024 9512 -11780 9767
30.606 2 ROVER_CTRL 2.5 0.034804 3890.123779 -2.440784 1400. 600. 1000. 1040.319092 48.726082 1.28746 2.465196 0.
30.609 2 ROTORCRAFT_FP -11230 -3801 487945056 435158 -1347418 886056704 7218 6216 18310 0 0 0 0 4230 0
30.609 2 GPS_INT 0 0 0 404514450 -37290219 707386 657150 0 0 0 56 18 292819250 114 19 3 1
30.610 2 ATTITUDE 1.818464 4.535895 1.542253
30.610 2 INS -3801 -11230 -487962336 -1347418 435158 -885760512 4311 -9588 16455
30.610 2 SERIAL_COM 881 -11255 34313 22780 0 0 0 14 272 80 76 0 0 0 0 0
30.611 2 ATTITUDE -2.220091 0.502075 1.532656
30.638 2 INS -3801 -11230 -487983936 -1347418 435158 -885542976 12377 -13083 7067
30.654 2 ATTITUDE -1.8394 0.884136 1.4755
30.686 2 INS -3801 -11230 -488005536 -1347418 435158 -885289664 1928 -13752 7050
30.712 2 GPS_INT 0 0 0 404514450 -37290219 707386 657150 0 0 0 56 18 292819250 114 19 3 1
30.713 2 ATTITUDE -1.841112 0.887491 1.420866
30.765 2 GVF_PARAMETRIC 5 1 0.142198 0.,0.2,0.2,0.841242,0.841242,0.05,32.308594,24.65625,0.,0.,0.,0.,0.,0.,0.,0. -2.351863,-1.205669
30.766 2 INS -3801 -11230 -488027136 -1347418 435158 -885086976 50004 -19007 5979
30.766 2 GPS 3 43818267 447811960 1643 657124 269 7 2395 292819500 30 0
30.766 2 DL_VALUE 44 2.
30.766 2 ATTITUDE -1.772184 0.974148 1.364359
30.780 2 INS -3960 -11153 -488048736 -1195375 749731 -884841408 16223 -6384 14183
30.812 2 ROTORCRAFT_FP -11153 -3960 488053056 749731 -1195375 884791104 -7223 5438 4030 0 0 0 0 4230 0
30.812 2 ATTITUDE -1.747752 1.009266 1.303137
30.869 2 INS -3960 -11153 -488070336 -1195375 749731 -884569088 7527 -10688 16463
30.870 2 STATIC_CONTROL 0 0. 0 0. 0. 0. 0. 0. 0. 0. 0. 0. 0.
30.870 2 GPS_INT 0 0 0 404514394 -37290184 707360 657124 0 0 0 56 16 292819500 132 19 3 1
30.870 2 ATTITUDE -1.805825 0.962918 1.249775
30.895 2 INS -3960 -11153 -488091936 -1195375 749731 -884468096 33933 -7375 10693
30.896 2 ROVER_STATUS 0 58 3 0 1 881 7.25902
30.911 2 ATTITUDE -1.743496 1.035293 1.19248
30.912 2 ROTORCRAFT_NAV_STATUS 664 664 0. 0. 5 0 1
30.942 2 IMU_MAG_RAW 255 0 0 0
30.943 2 INS -3960 -11153 -488113504 -1195375 749731 -884289216 4204 -6950 2244
30.957 2 LINK_REPORT 2 -1 31 0 91920 2064 0 3240. 73. 6 31.6
30.958 2 ATTITUDE -1.681391 1.115011 1.125958
30.991 2 INS -3960 -11153 -488135072 -1195375 749731 -883982016 4896 -14278 4546
30.991 2 GPS 3 43818309 447811909 1485 657072 239 -7 2395 292819750 30 0
31.018 2 GPS_INT 0 0 0 404514349 -37290134 707308 657072 0 0 0 56 16 292819750 113 20 3 1
31.018 2 ATTITUDE -1.692007 1.13691 1.074327
31.033 2 INS -4085 -11046 -488156672 -828374 938474 -883715264 1967 -8415 16860
31.073 2 ROVER_CTRL 2.5 0.034804 3890.123779 -2.440784 1400. 600. 1000. 1040.319092 48.726082 1.28746 2.465196 0.
31.074 2 ROTORCRAFT_FP -11046 -4085 488160992 938474 -828374 883703616 -6960 4248 4688 0 0 0 0 4230 0
31.074 2 ATTITUDE -1.698107 1.141405 1.019886
31.101 2 INS -4085 -11046 -488178272 -828374 938474 -883590272 46118 -2017 -3027
31.102 2 SERIAL_COM 881 -16620 11673 12358 0 0 0 14 272 80 76 0 0 0 0 0
31.102 2 ATTITUDE -1.708774 1.16694 0.953042
31.196 2 GVF_PARAMETRIC 5 1 0.142846 -6.,-34.859375,-45.699219,-22.828125,-21.648438,-0.449219,0.71875,17.71875,0.,0.,0.,0.,0.,0.,0.,0. -2.290385,-1.300262
31.196 2 INS -4085 -11046 -488199872 -828374 938474 -883365632 -2035 -11307 2439
31.197 2 GPS_INT 0 0 0 404514349 -37290134 707308 657072 0 0 0 56 16 292819750 113 20 3 1
31.197 2 AUTOPILOT_VERSION 60200 v6.2_unstable-650-g74eaf7c20-dirty
31.197 2 ATTITUDE -1.707546 1.206667 0.891014
31.197 2 INS -4085 -11046 -488221472 -828374 938474 -883174400 23232 -13621 14702
31.207 2 ATTITUDE -1.68828 1.24353 0.83458
31.239 2 INS -4085 -11046 -488243040 -828374 938474 -882983104 30774 154 3834
31.240 2 GPS 3 43818309 447811909 1485 657072 239 -8 2395 292819750 30 0
31.255 2 ATTITUDE -1.671378 1.273042 0.780802
31.287 2 INS -4177 -10910 -488264640 -529530 1263532 -882715328 12498 -10832 10997
31.324 2 ROTORCRAFT_FP -10910 -4177 488268960 1263532 -529530 882691136 -6840 3117 5309 0 0 0 0 4230 0
31.325 2 GPS_INT 0 0 0 404514317 -37290071 707279 657043 0 0 0 56 18 292820000 172 18 3 1
31.326 2 ATTITUDE -1.672011 1.306896 0.749619
31.340 2 INS -4177 -10910 -488286240 -529530 1263532 -882477440 13948 -6004 1501
31.356 2 ATTITUDE -1.679375 1.341666 0.745941
31.388 2 INS -4177 -10910 -488307840 -529530 1263532 -882273984 8538 -4117 2630
31.404 2 ATTITUDE -1.652707 1.36636 0.742107
31.436 2 INS -4177 -10910 -488329376 -529530 1263532 -881915904 5325 -5893 8831
31.463 2 GPS_INT 0 0 0 404514317 -37290071 707279 657043 0 0 0 56 18 292820000 172 18 3 1
31.464 2 ATTITUDE -1.674827 1.367521 0.742493
31.494 2 INS -4177 -10910 -488350912 -529530 1263532 -881728768 9583 -839 5023
31.494 2 GPS 3 43818425 447811844 1216 657094 265 5 2395 292820250 30 0
31.510 2 ATTITUDE -1.675537 1.402132 0.737193
31.619 2 GVF_PARAMETRIC 5 1 0.143451 6.,-10.898438,12.269531,15.839844,-9.296875,0.007812,32.308594,24.65625,0.,0.,0.,0.,0.,0.,0.,0. -2.182898,-1.350963
31.620 2 INS -4252 -10746 -488372448 -524287 1279261 -881410176 4550 -6821 6117
31.620 2 ROVER_CTRL 2.5 0.034804 3890.123779 -2.440784 1400. 600. 1000. 1040.319092 48.726082 1.28746 2.465196 0.
31.621 2 ROTORCRAFT_FP -10746 -4252 488376736 1279261 -524287 881362560 -6831 3018 5774 0 0 0 0 4230 0
31.622 2 ATTITUDE -1.675277 1.41682 0.733666
31.622 2 INS -4252 -10746 -488393952 -524287 1279261 -881080320 23973 181 16183
31.623 2 SERIAL_COM 882 -3688 25618 6959 0 0 0 14 273 80 76 0 0 0 0 0
31.624 2 GPS_INT 0 0 0 404514291 -37289996 707330 657094 0 0 0 56 18 292820250 122 19 3 1
31.624 2 ATTITUDE -1.678758 1.441981 0.737411
31.625 2 WP_MOVED_ENU 17 51645 -50798 2557
31.625 2 WP_MOVED_ENU 17 51645 -50798 2557
31.645 2 INS -4252 -10746 -488415424 -524287 1279261 -880932480 11732 3171 6091
31.645 2 GPS_SOL 56 18 122 19
31.661 2 ATTITUDE -1.65253 1.492354 0.740683
31.677 2 INS -4252 -10746 -488436896 -524287 1279261 -880544960 3911 -7062 7701
31.709 2 ATTITUDE -1.664623 1.497718 0.736423
31.709 2 IMU_MAG_RAW 255 0 0 0
31.741 2 INS -4252 -10746 -488458336 -524287 1279261 -880241408 22643 -1756 20232
31.741 2 GPS 3 43818490 447811816 1164 657022 278 -4 2395 292820500 30 0
31.767 2 GPS_INT 0 0 0 404514266 -37289919 707257 657022 0 0 0 56 17 292820500 122 20 3 1
31.768 2 ATTITUDE -1.665227 1.506631 0.737262
31.783 2 INS -4323 -10577 -488479776 -550501 1347418 -879971776 14320 -9072 14099
31.809 2 ROTORCRAFT_FP -10577 -4323 488484064 1347418 -550501 879900928 -6830 3043 6205 0 0 0 0 4215 0
31.809 2 ATTITUDE -1.674026 1.524146 0.745309
31.841 2 INS -4323 -10577 -488501216 -550501 1347418 -879662400 16854 3876 10245
31.841 2 STATIC_CONTROL 0 0. 0 0. 0. 0. 0. 0. 0. 0. 0. 0. 0.
31.857 2 ATTITUDE -1.67668 1.528878 0.746003
31.889 2 INS -4323 -10577 -488522656 -550501 1347418 -879404992 15043 -4381 17866
31.905 2 GPS_INT 0 0 0 404514266 -37289919 707257 657022 0 0 0 56 17 292820500 122 20 3 1
31.906 2 ATTITUDE -1.662026 1.546662 0.74859
31.958 2 LINK_REPORT 2 -1 32 0 94898 2130 0 2978. 66. 6 31.6
31.959 2 GVF_PARAMETRIC 5 1 0.144118 0.,0.2,0.2,0.841242,0.841242,0.05,32.308594,24.65625,0.,0.,0.,0.,0.,0.,0.,0. -2.129057,-1.361712
31.960 2 INS -4323 -10577 -488544096 -550501 1347418 -879079616 17944 2641 9774
31.960 2 ATTITUDE -1.662061 1.579688 0.757976
31.991 2 INS -4323 -10577 -488565536 -550501 1347418 -878783232 5122 35 6567
31.991 2 GPS 3 43818557 447811785 1132 657033 275 -2 2395 292820750 30 0
32.007 2 ATTITUDE -1.661628 1.591733 0.763546
32.099 2 INS -4400 -10408 -488586976 -503316 1352661 -878432896 6667 -6511 9619
32.099 2 ROVER_CTRL 2.5 0.034804 3890.123779 -2.440784 1400. 600. 1000. 1040.319092 48.726082 1.28746 2.465196 0.
32.100 2 ROTORCRAFT_FP -10408 -4400 488591264 1352661 -503316 878345792 -6839 3127 6506 0 0 0 0 4230 0
32.100 2 GPS_INT 0 0 0 404514239 -37289840 707269 657033 0 0 0 56 17 292820750 124 20 3 1
32.101 2 ATTITUDE -1.686176 1.579471 0.770187
32.101 2 INS -4400 -10408 -488608416 -503316 1352661 -878241024 8331 -4596 1244
32.101 2 SERIAL_COM 882 -259 26919 22361 0 0 0 14 273 80 76 0 0 0 0 0
32.101 2 ATTITUDE -1.669892 1.599189 0.772801
32.131 2 INS -4400 -10408 -488629856 -503316 1352661 -877919552 6826 3122 6809
32.147 2 ATTITUDE -1.669345 1.612198 0.770004
32.179 2 INS -4400 -10408 -488651296 -503316 1352661 -877599488 15073 1357 8862
32.207 2 GPS_INT 0 0 0 404514239 -37289840 707269 657033 0 0 0 56 17 292820750 124 20 3 1
32.207 2 ATTITUDE -1.682805 1.614337 0.760449
32.239 2 INS -4400 -10408 -488672704 -503316 1352661 -877314048 26552 1940 15958
32.239 2 GPS 3 43818557 447811785 1132 657033 276 -3 2395 292820750 30 0
32.255 2 ATTITUDE -1.693473 1.624466 0.757127
32.287 2 INS -4472 -10232 -488694112 -634387 1352661 -877038528 9584 1809 1570
32.303 2 ROTORCRAFT_FP -10232 -4472 488698400 1352661 -634387 876993472 -6932 3101 6770 0 0 0 0 4230 0
32.303 2 ATTITUDE -1.681216 1.661122 0.765285
32.367 2 GVF_PARAMETRIC 5 1 0.144747 -6.,-34.859375,-45.699219,-22.828125,-21.648438,-0.449219,0.71875,17.71875,0.,0.,0.,0.,0.,0.,0.,0. -2.005119,-1.405894
32.368 2 INS -4472 -10232 -488715552 -634387 1352661 -876668928 22218 -2447 21409
32.368 2 GPS_INT 0 0 0 404514214 -37289760 707279 657044 0 0 0 56 16 292821000 124 20 3 1
32.368 2 DL_VALUE 45 6.
32.368 2 ATTITUDE -1.682761 1.65132 0.762537
32.393 2 INS -4472 -10232 -488736992 -634387 1352661 -876369216 22689 -1701 11892
32.393 2 ROVER_STATUS 0 57 3 0 1 883 7.303175
32.408 2 ATTITUDE -1.682563 1.655108 0.763498
32.425 2 INS -4472 -10232 -488758432 -634387 1352661 -876092928 23670 -953 20114
32.457 2 ATTITUDE -1.688476 1.666264 0.759849
32.489 2 INS -4472 -10232 -488779872 -634387 1352661 -875713984 26289 2502 18864
32.489 2 GPS 3 43818625 447811757 1141 657044 286 10 2395 292821000 30 0
32.572 2 GPS_INT 0 0 0 404514214 -37289760 707279 657044 0 0 0 56 16 292821000 124 20 3 1
32.572 2 ALIVE 122,195,7,233,5,247,195,75,60,187,26,129,128,90,246,93
32.573 2 ATTITUDE -1.704889 1.68288 0.753966
32.573 2 ROTORCRAFT_NAV_STATUS 666 666 0. 0. 5 0 1
32.573 2 IMU_MAG_RAW 255 0 0 0
32.573 2 INS -4536 -10058 -488801280 -524287 1394604 -875473984 24696 -3444 11749
32.574 2 ROVER_CTRL 2.5 0.034804 3890.123779 -2.440784 1400. 600. 1000. 1040.319092 48.726082 1.28746 2.465196 0.
32.574 2 ROTORCRAFT_FP -10058 -4536 488805536 1394604 -524287 875442432 -6979 3102 6904 0 0 0 0 4230 0
32.574 2 ATTITUDE -1.699006 1.685404 0.75302
32.588 2 INS -4536 -10058 -488822688 -524287 1394604 -875198784 44201 17254 22694
32.588 2 SERIAL_COM 883 -953 23670 20114 0 0 0 14 274 80 76 0 0 0 0 0
32.604 2 INS_REF 485057916 -31609623 411673221 404515786 -37285049 712727 662491 0.
32.619 2 ATTITUDE -1.693299 1.700252 0.759619
32.635 2 INS -4536 -10058 -488844064 -524287 1394604 -874949120 32175 2851 18951
32.652 2 GPS_INT 0 0 0 404514191 -37289679 707244 657008 0 0 0 56 17 292821250 124 19 3 1
32.652 2 ATTITUDE -1.682338 1.721807 0.758498
32.683 2 INS -4536 -10058 -488865440 -524287 1394604 -874560064 20517 2416 15901
32.699 2 ATTITUDE -1.696866 1.705375 0.754407
32.764 2 GVF_PARAMETRIC 5 1 0.145402 6.,-10.898438,12.269531,15.839844,-9.296875,0.007812,32.308594,24.65625,0.,0.,0.,0.,0.,0.,0.,0. -1.949953,-1.415228
32.765 2 INS -4536 -10058 -488886784 -524287 1394604 -874328960 12498 7008 9378
32.765 2 GPS 3 43818693 447811731 1123 657008 285 -6 2395 292821250 30 0
32.765 2 ATTITUDE -1.696385 1.716422 0.758806
32.779 2 INS -4587 -9868 -488908096 -634387 1473247 -874048128 9233 6605 7955
32.817 2 ROTORCRAFT_FP -9868 -4587 488912352 1473247 -634387 873975744 -6897 3120 7094 0 0 0 0 4215 0
32.817 2 GPS_INT 0 0 0 404514173 -37289592 707150 656914 0 0 0 56 17 292821500 122 20 3 1
32.817 2 ATTITUDE -1.686897 1.74012 0.762516
32.846 2 INS -4587 -9868 -488929408 -634387 1473247 -873675328 7271 5950 7300
32.847 2 STATIC_CONTROL 0 0. 0 0. 0. 0. 0. 0. 0. 0. 0. 0. 0.
32.847 2 ATTITUDE -1.693713 1.722999 0.764203
32.878 2 INS -4587 -9868 -488950688 -634387 1473247 -873286080 7145 1498 8366
32.894 2 ATTITUDE -1.714964 1.718153 0.768707
32.910 2 WP_MOVED_ENU 18 -50798 -51645 2557
32.910 2 WP_MOVED_ENU 18 -50798 -51645 2557
32.926 2 INS -4587 -9868 -488971968 -634387 1473247 -873021824 30755 14179 15114
32.954 2 GPS_INT 0 0 0 404514173 -37289592 707150 656914 0 0 0 56 17 292821500 122 20 3 1
32.955 2 ATTITUDE -1.716449 1.747882 0.771169
32.959 2 LINK_REPORT 2 -1 33 0 98161 2203 0 3263. 73. 6 31.6
32.996 2 INS -4587 -9868 -488993248 -634387 1473247 -872778112 4056 -4590 11026
32.997 2 GPS 3 43818767 447811710 1127 656914 307 -3 2395 292821500 30 0
32.997 2 STATE_FILTER_STATUS 6 3 0
32.997 2 ATTITUDE -1.711058 1.749312 0.767536
33.067 2 INS -4654 -9687 -489014560 -644873 1394604 -872457664 18611 10756 9806
33.068 2 ROVER_CTRL 2.5 0.034804 3890.123779 -2.440784 1400. 600. 1000. 1040.319092 48.726082 1.28746 2.465196 0.
33.068 2 ROTORCRAFT_FP -9687 -4654 489018816 1394604 -644873 872382208 -7042 3139 7145 0 0 0 0 4215 0
33.069 2 ATTITUDE -1.718806 1.744775 0.766958
33.093 2 INS -4654 -9687 -489035840 -644873 1394604 -872220736 10110 2934 3083
33.094 2 SERIAL_COM 883 1611 20860 15872 0 0 0 14 274 80 76 0 0 0 0 0
33.110 2 GPS_INT 0 0 0 404514150 -37289508 707107 656871 0 0 0 56 17 292821750 157 19 3 1
33.110 2 ATTITUDE -1.718058 1.752145 0.763978
33.150 2 GVF_PARAMETRIC 5 1 0.146119 0.,0.2,0.2,0.841242,0.841242,0.05,32.308594,24.65625,0.,0.,0.,0.,0.,0.,0.,0. -1.818287,-1.446169
33.151 2 INS -4654 -9687 -489057120 -644873 1394604 -871845504 21127 -396 14735
33.151 2 ATTITUDE -1.726591 1.748749 0.755276
33.181 2 INS -4654 -9687 -489078400 -644873 1394604 -871508864 21125 6128 14646
33.197 2 ATTITUDE -1.738251 1.743955 0.748475
33.239 2 INS -4654 -9687 -489099680 -644873 1394604 -871244352 33740 -218 27561
33.240 2 GPS 3 43818838 447811684 1136 656871 294 -12 2395 292821750 30 0
33.265 2 GPS_INT 0 0 0 404514150 -37289508 707107 656871 0 0 0 56 17 292821750 157 19 3 1
33.266 2 ATTITUDE -1.71041 1.775857 0.738856
33.281 2 INS -4725 -9510 -489120960 -576716 1473247 -870998592 28433 11977 17033
33.307 2 ROTORCRAFT_FP -9510 -4725 489125216 1473247 -576716 870901760 -6966 3010 7364 0 0 0 0 4230 0
33.308 2 ATTITUDE -1.697517 1.79772 0.733863
33.308 2 IMU_MAG_RAW 255 0 0 0
33.323 2 INS -4725 -9510 -489142240 -571473 1473247 -870588544 18313 8618 10867
33.355 2 ATTITUDE -1.726368 1.791896 0.728912
33.371 2 INS -4725 -9510 -489163520 -571473 1473247 -870332480 -699 1298 2043
33.404 2 GPS_INT 0 0 0 404514124 -37289427 707112 656876 0 0 0 56 17 292822000 113 19 3 1
33.404 2 ATTITUDE -1.708791 1.794021 0.726584
33.436 2 INS -4725 -9510 -489184800 -571473 1473247 -869978432 15391 380 9374
33.451 2 ATTITUDE -1.730146 1.776217 0.729198
33.483 2 INS -4725 -9510 -489206080 -571473 1473247 -869738880 8883 1856 -4941
33.483 2 GPS 3 43818906 447811655 1123 656876 303 -12 2395 292822000 30 0
33.499 2 ATTITUDE -1.74825 1.786317 0.730979
33.609 2 GVF_PARAMETRIC 5 1 0.146769 -6.,-34.859375,-45.699219,-22.828125,-21.648438,-0.449219,0.71875,17.71875,0.,0.,0.,0.,0.,0.,0.,0. -1.686687,-1.489343
33.609 2 INS -4797 -9320 -489227360 -634387 1494219 -869544576 3309 1745 3961
33.610 2 ROVER_CTRL 2.5 0.034804 3890.123779 -2.440784 1400. 600. 1000. 1040.319092 48.726082 1.28746 2.465196 0.
33.610 2 ROTORCRAFT_FP -9320 -4797 489231616 1494219 -634387 869499072 -7082 2991 7349 0 0 0 0 4230 0
33.611 2 GPS_INT 0 0 0 404514099 -37289340 707026 656790 0 0 0 57 19 292822250 119 20 3 1
33.611 2 ATTITUDE -1.72832 1.812239 0.735467
33.612 2 INS -4797 -9320 -489248608 -634387 1494219 -869192448 10221 540 11993
33.612 2 SERIAL_COM 884 10353 11300 6445 0 0 0 14 275 80 76 0 0 0 0 0
33.612 2 ATTITUDE -1.714762 1.812422 0.738125
33.622 2 DATALINK_REPORT 3 184 61619 3092 0 11
33.638 2 INS -4797 -9320 -489269856 -634387 1494219 -868842880 20391 4243 11668
33.639 2 GPS_SOL 57 19 119 20
33.654 2 ATTITUDE -1.716787 1.820536 0.73333
33.670 2 INS -4797 -9320 -489291104 -634387 1494219 -868642688 11065 10609 5986
33.702 2 GPS_INT 0 0 0 404514099 -37289340 707026 656790 0 0 0 57 19 292822250 119 20 3 1
33.702 2 ATTITUDE -1.697561 1.828061 0.727244
33.734 2 INS -4797 -9320 -489312320 -634387 1494219 -868244288 22595 9102 19325
33.734 2 GPS 3 43818980 447811626 1126 656790 310 -23 2395 292822250 30 0
33.750 2 ATTITUDE -1.713428 1.825137 0.724796
33.782 2 INS -4874 -9136 -489333472 -592444 1546648 -867983168 17566 1398 8825
33.798 2 ROTORCRAFT_FP -9136 -4874 489337728 1546648 -592444 867880704 -7052 2970 7502 0 0 0 0 4230 0
33.798 2 ATTITUDE -1.723105 1.822027 0.727389
33.868 2 INS -4874 -9136 -489354656 -592444 1546648 -867701824 16361 9390 14857
33.869 2 STATIC_CONTROL 0 0. 0 0. 0. 0. 0. 0. 0. 0. 0. 0. 0.
33.869 2 GPS_INT 0 0 0 404514072 -37289255 707017 656781 0 0 0 57 21 292822500 122 19 3 1
33.870 2 ATTITUDE -1.727737 1.833087 0.732746
33.884 2 INS -4874 -9136 -489375808 -592444 1546648 -867341504 12763 -1230 9675
33.884 2 ROVER_STATUS 0 59 3 0 1 884 7.329668
33.900 2 ATTITUDE -1.725461 1.853885 0.733827
33.955 2 GVF_PARAMETRIC 5 1 0.147471 6.,-10.898438,12.269531,15.839844,-9.296875,0.007812,32.308594,24.65625,0.,0.,0.,0.,0.,0.,0.,0. -1.629693,-1.504719
33.956 2 INS -4874 -9136 -489396928 -592444 1546648 -866981760 11263 2274 14112
33.956 2 DL_VALUE 46 2.
33.956 2 ATTITUDE -1.731466 1.845715 0.738334
33.959 2 LINK_REPORT 2 -1 34 0 101190 2271 0 3029. 68. 6 31.6
33.985 2 INS -4874 -9136 -489418048 -592444 1546648 -866696320 13982 -3965 9086
33.985 2 GPS 3 43819052 447811596 1117 656781 317 -20 2395 292822500 30 0
34.011 2 GPS_INT 0 0 0 404514072 -37289255 707017 656781 0 0 0 57 21 292822500 122 19 3 1
34.011 2 ATTITUDE -1.755475 1.819816 0.734355
34.065 2 INS -4945 -8954 -489439168 -592444 1431304 -866384320 13943 7890 7582
34.065 2 ROVER_CTRL 2.5 0.034804 3890.123779 -2.440784 1400. 600. 1000. 1040.319092 48.726082 1.28746 2.465196 0.
34.066 2 ROTORCRAFT_FP -8954 -4945 489443392 1431304 -592444 866399360 -7163 3027 7513 0 0 0 0 4230 0
34.066 2 ATTITUDE -1.745645 1.844517 0.73112
34.092 2 INS -4945 -8954 -489460288 -592444 1431304 -866075648 17843 10292 8802
34.092 2 SERIAL_COM 884 10286 21154 13649 0 0 0 14 275 80 76 0 0 0 0 0
34.093 2 ATTITUDE -1.743445 1.846025 0.726112
34.108 2 ROTORCRAFT_NAV_STATUS 668 668 0. 0. 5 0 1
34.108 2 IMU_MAG_RAW 255 0 0 0
34.124 2 INS -4945 -8954 -489481408 -592444 1431304 -865793024 3268 1113 8954
34.151 2 GPS_INT 0 0 0 404514047 -37289171 707045 656809 0 0 0 57 20 292822750 181 20 3 1
34.151 2 ATTITUDE -1.741346 1.849423 0.724386
34.183 2 INS -4945 -8954 -489502528 -592444 1431304 -865496896 19362 9308 9019
34.199 2 ATTITUDE -1.732504 1.849808 0.725298
34.215 2 WP_MOVED_ENU 19 -51645 50798 2557
34.215 2 WP_MOVED_ENU 19 -51645 50798 2557
34.241 2 INS -4945 -8954 -489523648 -592444 1431304 -865206656 15657 10045 8219
34.241 2 GPS 3 43819123 447811568 1120 656809 296 -14 2395 292822750 30 0
34.241 2 ATTITUDE -1.72981 1.856196 0.727122
34.273 2 INS -5009 -8770 -489544768 -571473 1488976 -864820288 23270 20369 20064
34.312 2 ROTORCRAFT_FP -8770 -5009 489548992 1488976 -571473 864767040 -7096 2985 7608 0 0 0 0 4230 0
34.313 2 GPS_INT 0 0 0 404514025 -37289086 707003 656768 0 0 0 58 20 292823000 111 20 3 1
34.313 2 ATTITUDE -1.736075 1.861275 0.724367
34.350 2 GVF_PARAMETRIC 5 1 0.148143 0.,0.2,0.2,0.841242,0.841242,0.05,32.308594,24.65625,0.,0.,0.,0.,0.,0.,0.,0. -1.499904,-1.545413
34.351 2 INS -5009 -8770 -489565888 -571473 1488976 -864495552 26131 4147 9248
34.351 2 ATTITUDE -1.736435 1.867928 0.728453
34.380 2 INS -5009 -8770 -489587008 -571473 1488976 -864204736 27693 7684 16596
34.396 2 ATTITUDE -1.757371 1.839336 0.726094
34.429 2 INS -5009 -8770 -489608128 -571473 1488976 -863881920 12848 11824 3640
34.455 2 GPS_INT 0 0 0 404514025 -37289086 707003 656768 0 0 0 58 20 292823000 111 20 3 1
34.455 2 ATTITUDE -1.759372 1.86091 0.728479
34.496 2 INS -5009 -8770 -489629248 -571473 1488976 -863621248 10347 -5814 9821
34.496 2 ENERGY 44 7.303175 1.95 14.241192 7.75728 0.271575 2.03758
34.496 2 GPS 3 43819195 447811543 1113 656768 305 -20 2395 292823000 30 0
34.497 2 ATTITUDE -1.744451 1.873413 0.729373
34.565 2 INS -5063 -8576 -489650368 -602930 1562376 -863240896 15289 6168 10272
34.566 2 ROVER_CTRL 2.5 0.034804 3890.123779 -2.440784 1400. 600. 1000. 1040.319092 48.726082 1.28746 2.465196 0.
34.567 2 ROTORCRAFT_FP -8576 -5063 489654592 1562376 -602930 863202496 -7191 2976 7604 0 0 0 0 4230 0
34.567 2 ATTITUDE -1.7594 1.861555 0.729661
34.582 2 INS -5063 -8576 -489671456 -602930 1562376 -863020480 20361 10073 12020
34.582 2 SERIAL_COM 885 7599 11029 9020 0 0 0 14 276 80 76 0 0 0 0 0
34.608 2 GPS_INT 0 0 0 404514005 -37288997 706885 656650 0 0 0 58 20 292823250 115 20 3 1
34.609 2 ATTITUDE -1.740975 1.880705 0.727146
34.624 2 INS -5063 -8576 -489692544 -602930 1562376 -862683136 7189 3309 7039
34.640 2 ATTITUDE -1.744194 1.868412 0.715191
34.673 2 INS -5063 -8576 -489713664 -602930 1562376 -862342528 13211 9833 3246
34.690 2 ATTITUDE -1.749066 1.878078 0.71719
34.780 2 GVF_PARAMETRIC 5 1 0.148865 -6.,-34.859375,-45.699219,-22.828125,-21.648438,-0.449219,0.71875,17.71875,0.,0.,0.,0.,0.,0.,0.,0. -1.440277,-1.55276
34.780 2 INS -5063 -8576 -489734720 -602930 1562376 -862015552 18953 3652 12568
34.781 2 GPS 3 43819270 447811520 1111 656650 320 -19 2395 292823250 30 0
34.781 2 GPS_INT 0 0 0 404514005 -37288997 706885 656650 0 0 0 58 20 292823250 115 20 3 1
34.781 2 ATTITUDE -1.762132 1.876644 0.71716
34.781 2 INS -5140 -8389 -489755776 -587202 1452276 -861708672 45035 44819 19260
34.796 2 ROTORCRAFT_FP -8389 -5140 489759968 1452276 -587202 861689536 -7231 2941 7694 0 0 0 0 4230 0
34.796 2 ATTITUDE -1.752374 1.886958 0.718591
34.842 2 INS -5140 -8389 -489776768 -587202 1452276 -861366016 25194 6944 18926
34.842 2 STATIC_CONTROL 0 0. 0 0. 0. 0. 0. 0. 0. 0. 0. 0. 0.
34.842 2 ATTITUDE -1.736067 1.882694 0.722654
34.873 2 INS -5140 -8389 -489797728 -587202 1452276 -861032448 15082 877 9599
34.900 2 GPS_INT 0 0 0 404513979 -37288911 706835 656600 0 0 0 58 19 292823500 139 19 3 1
34.900 2 ATTITUDE -1.722626 1.888154 0.743132
34.900 2 IMU_MAG_RAW 255 0 0 0
34.931 2 INS -5140 -8389 -489818752 -587202 1452276 -860656000 24528 6820 20630
34.947 2 ATTITUDE -1.720501 1.882931 0.78916
34.959 2 LINK_REPORT 2 -1 35 0 104233 2339 0 3043. 68. 6 31.6
34.979 2 INS -5140 -8389 -489839712 -587202 1452276 -860225216 18348 19747 17665
34.980 2 GPS 3 43819343 447811490 1115 656600 299 -13 2395 292823500 30 0
34.995 2 ATTITUDE -1.768243 1.848054 0.852433
35.103 2 INS -5217 -8212 -489860704 -718273 1389361 -859857600 10701 26071 22013
35.104 2 ROVER_CTRL 2.5 0.034804 3890.123779 -2.440784 1400. 600. 1000. 1040.319092 48.726082 1.28746 2.465196 0.
35.104 2 ROTORCRAFT_FP -8212 -5217 489864896 1389361 -718273 859825024 -7234 3669 7555 0 0 0 0 4230 0
35.105 2 GPS_INT 0 0 0 404513952 -37288830 706875 656639 0 0 0 58 18 292823750 166 18 3 1
35.105 2 ATTITUDE -1.774402 1.840761 0.91676
35.106 2 INS -5217 -8212 -489881664 -718273 1389361 -859518720 9574 -1069 8136
35.106 2 SERIAL_COM 885 20034 16187 13762 0 0 0 14 276 80 76 0 0 0 0 0
35.107 2 ATTITUDE -1.794096 1.803334 0.985276
35.145 2 GVF_PARAMETRIC 5 1 0.149607 6.,-10.898438,12.269531,15.839844,-9.296875,0.007812,32.308594,24.65625,0.,0.,0.,0.,0.,0.,0.,0. -1.313575,-1.600791
35.146 2 INS -5217 -8212 -489902656 -718273 1389361 -859144640 6059 11718 7541
35.147 2 ATTITUDE -1.828345 1.775531 1.0522
35.175 2 INS -5217 -8212 -489923648 -718273 1389361 -858741248 13239 20482 9083
35.201 2 GPS_INT 0 0 0 404513952 -37288830 706875 656639 0 0 0 58 18 292823750 166 18 3 1
35.202 2 ALIVE 122,195,7,233,5,247,195,75,60,187,26,129,128,90,246,93
35.202 2 ATTITUDE -1.885333 1.712265 1.110132
35.217 2 INS -5217 -8212 -489944608 -718273 1389361 -858362176 10778 21495 20335
35.233 2 GPS 3 43819411 447811460 1143 656639 298 -8 2395 292823750 30 0
35.249 2 ATTITUDE -1.962703 1.645051 1.171502
35.281 2 INS -5217 -8212 -489965568 -718273 1389361 -858021184 14573 18077 11785
35.307 2 ROTORCRAFT_FP -8064 -5324 489969792 1043332 -964689 857923456 -8177 4985 6594 0 0 0 0 4215 0
35.308 2 ATTITUDE -2.029176 1.580335 1.237033
35.323 2 INS -5324 -8064 -489986528 -964689 1043332 -857587264 19935 33451 13337
35.349 2 GPS_INT 0 0 0 404513914 -37288761 706864 656628 0 0 0 58 16 292824000 167 19 3 1
35.350 2 ATTITUDE -2.127484 1.475745 1.293761
35.365 2 INS -5324 -8064 -490007488 -964689 1043332 -857229504 2670 7890 13454
35.381 2 ROVER_STATUS 0 58 3 0 1 886 7.312006
35.397 2 ATTITUDE -2.254035 1.34724 1.328503
35.429 2 INS -5324 -8064 -490028448 -964689 1043332 -856809472 24732 24699 16604
35.445 2 ATTITUDE -2.4529 1.137735 1.375256
35.477 2 INS -5324 -8064 -490049376 -964689 1043332 -856460288 4463 11679 12334
35.477 2 GPS 3 43819469 447811417 1201 656628 272 -6 2395 292824000 30 0
35.516 2 GPS_INT 0 0 0 404513914 -37288761 706864 656628 0 0 0 58 16 292824000 167 19 3 1
35.517 2 PONG 
35.517 2 ATTITUDE -2.792228 0.824837 1.395542
35.517 2 WP_MOVED_ENU 0 0 0 2560
35.517 2 WP_MOVED_ENU 0 0 0 2560
35.609 2 GVF_PARAMETRIC 5 1 0.150258 0.,0.2,0.2,0.841242,0.841242,0.05,32.308594,24.65625,0.,0.,0.,0.,0.,0.,0.,0. -1.271183,-1.631437
35.611 2 INS -5457 -7956 -490070272 -1268775 697302 -856109248 17585 21296 2244
35.612 2 ROVER_CTRL 2.5 0.034804 3890.123779 -2.440784 1400. 600. 1000. 1040.319092 48.726082 1.28746 2.465196 0.
35.613 2 ROTORCRAFT_FP -7956 -5457 490074464 697302 -1268775 856016320 -12419 5739 2372 0 0 0 0 4215 0
35.615 2 DL_VALUE 47 1.
35.615 2 ATTITUDE 3.131856 0.470942 1.397124
35.616 2 INS -5457 -7956 -490091200 -1268775 697302 -855713792 10951 -2495 13593
35.617 2 SERIAL_COM 886 15613 1019 14450 0 0 0 14 277 80 76 0 0 0 0 0
35.618 2 ATTITUDE 2.771776 0.117714 1.380218
35.633 2 INS -5457 -7956 -490112096 -1268775 697302 -855414656 7754 12728 19981
35.633 2 GPS_SOL 59 15 166 20
35.649 2 GPS_INT 0 0 0 404513867 -37288711 706893 656657 0 0 0 59 15 292824250 166 20 3 1
35.649 2 ATTITUDE 2.577302 6.209754 1.35635
35.680 2 INS -5457 -7956 -490132992 -1268775 697302 -855116672 23304 27772 9016
35.696 2 ATTITUDE 2.380296 5.992336 1.328354
35.699 2 ROTORCRAFT_NAV_STATUS 669 669 0. 0. 5 0 1
35.727 2 IMU_MAG_RAW 255 0 0 0
35.727 2 INS -5457 -7956 -490153856 -1268775 697302 -854786176 5673 8753 12302
35.728 2 GPS 3 43819511 447811365 1366 656657 277 -1 2395 292824250 30 0
35.743 2 ATTITUDE 2.225211 5.858634 1.286849
35.775 2 INS -5616 -7900 -490174688 -1336933 188743 -854411456 13551 18315 19286
35.812 2 ROTORCRAFT_FP -7900 -5616 490178848 188743 -1336933 854328704 8907 5162 23783 0 0 0 0 4215 0
35.813 2 GPS_INT 0 0 0 404513811 -37288686 706971 656735 0 0 0 59 19 292824500 166 20 3 1
35.813 2 ATTITUDE 2.19208 5.816537 1.241917
35.842 2 INS -5616 -7900 -490195520 -1336933 188743 -854173376 18508 17135 -2485
35.842 2 STATIC_CONTROL 0 0. 0 0. 0. 0. 0. 0. 0. 0. 0. 0. 0.
35.843 2 ATTITUDE 2.086023 5.699293 1.189309
35.874 2 INS -5616 -7900 -490216352 -1336933 188743 -853872256 3555 5036 13056
35.890 2 ATTITUDE 2.006553 5.631343 1.134178
35.954 2 GVF_PARAMETRIC 5 1 0.150901 -6.,-34.859375,-45.699219,-22.828125,-21.648438,-0.449219,0.71875,17.71875,0.,0.,0.,0.,0.,0.,0.,0. -1.221608,-1.735764
35.955 2 INS -5616 -7900 -490237184 -1336933 188743 -853555392 21016 23791 11557
35.955 2 GPS_INT 0 0 0 404513811 -37288686 706971 656735 0 0 0 59 19 292824500 166 20 3 1
35.955 2 ATTITUDE 2.000144 5.613626 1.079432
35.960 2 LINK_REPORT 2 -1 36 0 107414 2411 0 3181. 72. 7 71.82
35.981 2 INS -5616 -7900 -490257952 -1336933 188743 -853353856 22311 37118 -6498
35.981 2 GPS 3 43819532 447811302 1558 656735 258 11 2395 292824500 30 0
35.997 2 ATTITUDE 1.941505 5.544263 1.02318
36.013 2 INS -5780 -7900 -490278752 -1253047 -214957 -853057216 12228 14186 14670
36.029 2 ROVER_CTRL 2.5 0.034804 3890.123779 -2.440784 1400. 600. 1000. 1040.319092 48.726082 1.28746 2.465196 0.
36.056 2 ROTORCRAFT_FP -7900 -5780 490282912 -214957 -1253047 852988096 7890 4078 22536 0 0 0 0 4230 0
36.056 2 ATTITUDE 1.919895 5.485534 0.974368
36.098 2 INS -5780 -7900 -490299552 -1253047 -214957 -852774272 18743 24255 5249
36.098 2 SERIAL_COM 886 14186 12228 14670 0 0 0 14 277 80 76 0 0 0 0 0
36.099 2 GPS_INT 0 0 0 404513754 -37288686 706977 656741 0 0 0 59 25 292824750 121 19 3 1
36.099 2 ATTITUDE 1.913763 5.481749 0.916098
36.114 2 INS -5780 -7900 -490320352 -1253047 -214957 -852575296 23078 26537 1405
36.145 2 ATTITUDE 1.885143 5.419477 0.852122
36.178 2 INS -5780 -7900 -490341152 -1253047 -214957 -852348224 7748 7644 9525
36.178 2 STATE_FILTER_STATUS 6 3 0
36.194 2 ATTITUDE 1.855957 5.370614 0.796065
36.226 2 INS -5780 -7900 -490361952 -1253047 -214957 -852083840 9876 -594 7609
36.226 2 GPS 3 43819531 447811239 1737 656741 241 -14 2395 292824750 30 0
36.252 2 GPS_INT 0 0 0 404513754 -37288686 706977 656741 0 0 0 59 25 292824750 121 19 3 1
36.252 2 ATTITUDE 1.866409 5.329024 0.739037
36.268 2 INS -5780 -7900 -490382752 -1253047 -214957 -851926912 14793 13104 4305
36.295 2 ROTORCRAFT_FP -7948 -5931 490386912 -550501 -1263532 851908992 7548 2874 21755 0 0 0 0 4215 0
36.295 2 ATTITUDE 1.823342 5.286593 0.678934
36.337 2 GVF_PARAMETRIC 5 1 0.151311 6.,-10.898438,12.269531,15.839844,-9.296875,0.007812,32.308594,24.65625,0.,0.,0.,0.,0.,0.,0.,0. -1.250412,-1.852726
36.338 2 INS -5931 -7948 -490403520 -1263532 -550501 -851639488 5186 3396 11931
36.338 2 ATTITUDE 1.821213 5.237688 0.627261
36.369 2 INS -5931 -7948 -490424288 -1263532 -550501 -851374208 13494 5931 7720
36.395 2 GPS_INT 0 0 0 404513700 -37288708 706976 656740 0 0 0 59 35 292825000 121 19 3 1
36.395 2 ATTITUDE 1.821175 5.189698 0.56996
36.427 2 INS -5931 -7948 -490445088 -1263532 -550501 -851128448 13057 10297 9816
36.442 2 ATTITUDE 1.828044 5.154098 0.518663
36.474 2 INS -5931 -7948 -490465888 -1263532 -550501 -850935232 26161 11435 10584
36.475 2 GPS 3 43819512 447811179 1911 656740 262 15 2395 292825000 30 0
36.490 2 ATTITUDE 1.805467 5.099436 0.464187
36.506 2 IMU_MAG_RAW 255 0 0 0
36.598 2 INS -6069 -8028 -490486688 -975174 -713031 -850654848 25005 9416 10777
36.599 2 ROVER_CTRL 2.5 0.034804 3890.123779 -2.440784 1400. 600. 1000. 1040.319092 48.726082 1.28746 2.465196 0.
36.599 2 ROTORCRAFT_FP -8028 -6069 490490816 -713031 -975174 850626432 7407 1751 20790 0 0 0 0 4215 0
36.599 2 GPS_INT 0 0 0 404513652 -37288745 707035 656799 0 0 0 61 58 292825250 127 16 3 1
36.600 2 ATTITUDE 1.81143 5.050174 0.405277
36.600 2 INS -6069 -8028 -490507456 -975174 -713031 -850459904 21373 5982 6929
36.600 2 SERIAL_COM 887 15146 15039 11338 0 0 0 14 278 80 76 0 0 0 0 0
36.600 2 ATTITUDE 1.807391 4.994526 0.350538
36.614 2 INS -6069 -8028 -490528224 -975174 -713031 -850329792 14586 8175 12283
36.647 2 ATTITUDE 1.787625 4.935338 0.296183
36.664 2 INS -6069 -8028 -490549024 -975174 -713031 -850064128 22646 9540 10672
36.696 2 GPS_INT 0 0 0 404513652 -37288745 707035 656799 0 0 0 61 58 292825250 127 16 3 1
36.697 2 ATTITUDE 1.789565 4.90473 0.232023
36.746 2 GVF_PARAMETRIC 5 1 0.151511 0.,0.2,0.2,0.841242,0.841242,0.05,32.308594,24.65625,0.,0.,0.,0.,0.,0.,0.,0. -1.287105,-1.903345
36.746 2 INS -6069 -8028 -490569792 -975174 -713031 -849913088 8998 -3965 10110
36.746 2 GPS 3 43819480 447811126 1995 656799 229 -1 2395 292825250 30 0
36.747 2 ATTITUDE 1.784418 4.833533 0.169613
36.761 2 INS -6167 -8138 -490590592 -592444 -1080032 -849701440 29201 -1814 10943
36.852 2 ROTORCRAFT_FP -8138 -6167 490594752 -1080032 -592444 849693632 7294 556 19628 0 0 0 0 4230 0
36.853 2 ATTITUDE 1.775701 4.766117 0.116053
36.853 2 WP_MOVED_ENU 1 0 0 2560
36.853 2 WP_MOVED_ENU 1 0 0 2560
36.853 2 INS -6167 -8138 -490611392 -592444 -1080032 -849499136 19443 4317 9403
36.854 2 STATIC_CONTROL 0 0. 0 0. 0. 0. 0. 0. 0. 0. 0. 0. 0.
36.855 2 GPS_INT 0 0 0 404513618 -37288795 707053 656817 0 0 0 63 52 292825500 124 18 3 1
36.855 2 ATTITUDE 1.779125 4.733668 0.073302
36.878 2 INS -6167 -8138 -490632128 -592444 -1080032 -849225280 19573 8601 10131
36.878 2 ROVER_STATUS 0 60 3 0 1 887 7.232528
36.894 2 ATTITUDE 1.778759 4.697127 0.053611
36.910 2 INS -6167 -8138 -490652896 -592444 -1080032 -849049536 20195 -3943 9737
36.942 2 ATTITUDE 1.752558 4.659767 0.048676
36.960 2 LINK_REPORT 2 -1 37 0 110336 2477 0 2922. 66. 7 71.82
36.974 2 INS -6167 -8138 -490673632 -592444 -1080032 -848710400 14583 4043 11048
36.975 2 GPS 3 43819438 447811089 2139 656817 233 0 2395 292825500 30 0
37.000 2 GPS_INT 0 0 0 404513618 -37288795 707053 656817 0 0 0 63 52 292825500 124 18 3 1
37.001 2 ATTITUDE 1.7541 4.645654 0.055758
37.056 2 INS -6243 -8289 -490694368 -581959 -1357904 -848498880 14119 -4430 10586
37.056 2 ROVER_CTRL 2.5 0.034804 3890.123779 -2.440784 1400. 600. 1000. 1040.319092 48.726082 1.28746 2.465196 0.
37.057 2 ROTORCRAFT_FP -8289 -6243 490698528 -1357904 -581959 848430400 7180 246 19001 0 0 0 0 4215 0
37.057 2 ATTITUDE 1.748893 4.624281 0.059873
37.082 2 INS -6243 -8289 -490715072 -581959 -1357904 -848219648 10358 -2395 13357
37.083 2 SERIAL_COM 887 -5679 26574 -2430 0 0 0 14 278 80 76 0 0 0 0 0
37.083 2 ATTITUDE 1.724595 4.580093 0.054099
37.162 2 GVF_PARAMETRIC 5 1 0.15147 -6.,-34.859375,-45.699219,-22.828125,-21.648438,-0.449219,0.71875,17.71875,0.,0.,0.,0.,0.,0.,0.,0. -1.388961,-1.971372
37.163 2 INS -6243 -8289 -490735744 -581959 -1357904 -847733120 33763 1042 17484
37.164 2 GPS_INT 0 0 0 404513591 -37288865 707076 656840 0 0 0 65 44 292825750 123 19 3 1
37.165 2 DL_VALUE 48 0.1
37.165 2 ATTITUDE 1.737208 4.567213 0.047846
37.176 2 INS -6243 -8289 -490756384 -581959 -1357904 -847408832 9104 -8648 16630
37.191 2 ATTITUDE 1.737122 4.563338 0.050276
37.223 2 INS -6243 -8289 -490777056 -581959 -1357904 -847045376 13513 -1742 17463
37.224 2 GPS 3 43819378 447811059 2348 656840 281 10 2395 292825750 30 0
37.239 2 ATTITUDE 1.738436 4.526194 0.054372
37.328 2 INS -6243 -8289 -490797728 -581959 -1357904 -846737728 13936 2217 15356
37.329 2 ROTORCRAFT_FP -8450 -6320 490801856 -1258290 -613416 846678784 7100 224 18420 0 0 0 0 4230 0
37.329 2 GPS_INT 0 0 0 404513563 -37288939 707110 656875 0 0 0 66 41 292826000 123 20 3 1
37.329 2 ATTITUDE 1.735504 4.499638 0.05452
37.330 2 ROTORCRAFT_NAV_STATUS 671 671 0. 0. 5 0 1
37.330 2 IMU_MAG_RAW 255 0 0 0
37.330 2 INS -6320 -8450 -490818400 -618659 -1263532 -846446912 12370 -3112 11717
37.344 2 ATTITUDE 1.724484 4.502779 0.050814
37.360 2 INS -6320 -8450 -490839040 -618659 -1263532 -846136448 9520 -4311 15682
37.392 2 ATTITUDE 1.717893 4.481779 0.050168
37.424 2 INS -6320 -8450 -490859680 -618659 -1263532 -845775488 17484 2816 11110
37.440 2 GPS_INT 0 0 0 404513563 -37288939 707110 656875 0 0 0 66 41 292826000 123 20 3 1
37.441 2 ATTITUDE 1.716692 4.463757 0.046825
37.472 2 INS -6320 -8450 -490880320 -618659 -1263532 -845447488 12353 1029 10678
37.472 2 GPS 3 43819315 447811029 2395 656875 267 0 2395 292826000 30 0
37.488 2 ATTITUDE 1.730336 4.47582 0.040174
37.575 2 GVF_PARAMETRIC 5 1 0.151264 6.,-10.898438,12.269531,15.839844,-9.296875,0.007812,32.308594,24.65625,0.,0.,0.,0.,0.,0.,0.,0. -1.447021,-2.004368
37.576 2 INS -6397 -8611 -490900960 -545259 -1368390 -845167552 13648 -8067 9012
37.576 2 ROVER_CTRL 2.5 0.034804 3890.123779 -2.440784 1400. 600. 1000. 1040.319092 48.726082 1.28746 2.465196 0.
37.577 2 ROTORCRAFT_FP -8611 -6397 490905088 -1368390 -545259 845108480 7045 177 18306 0 0 0 0 4230 0
37.577 2 ATTITUDE 1.719159 4.460126 0.038757
37.577 2 INS -6397 -8611 -490921600 -545259 -1368390 -844816128 23775 -4851 9217
37.578 2 SERIAL_COM 888 -3381 7261 21094 0 0 0 14 279 80 76 0 0 0 0 0
37.599 2 GPS_INT 0 0 0 404513536 -37289013 707201 656965 0 0 0 67 37 292826250 123 19 3 1
37.600 2 ATTITUDE 1.715884 4.430175 0.045268
37.626 2 INS -6397 -8611 -490942240 -545259 -1368390 -844500672 17660 -5579 12146
37.626 2 GPS_SOL 67 37 123 19
37.642 2 ATTITUDE 1.709838 4.425648 0.045019
37.658 2 INS -6397 -8611 -490962880 -545259 -1368390 -844170560 16068 -3122 14802
37.690 2 INS_REF 485057916 -31609623 411673221 404515786 -37285049 712727 662491 0.
37.690 2 ATTITUDE 1.712588 4.438053 0.034633
37.722 2 INS -6397 -8611 -490983488 -545259 -1368390 -843848256 26082 -12993 8392
37.722 2 GPS 3 43819252 447810999 2441 656965 279 24 2395 292826250 30 0
37.748 2 GPS_INT 0 0 0 404513536 -37289013 707201 656965 0 0 0 67 37 292826250 123 19 3 1
37.748 2 ATTITUDE 1.714893 4.432556 0.034497
37.764 2 INS -6458 -8775 -491004128 -487587 -1405090 -843465536 13489 -5783 15792
37.790 2 ROTORCRAFT_FP -8775 -6458 491008256 -1405090 -487587 843422016 7016 148 18120 0 0 0 0 4215 0
37.790 2 ATTITUDE 1.703323 4.411634 0.041721
37.836 2 INS -6458 -8775 -491024768 -487587 -1405090 -843162560 2001 -2726 16032
37.836 2 STATIC_CONTROL 0 0. 0 0. 0. 0. 0. 0. 0. 0. 0. 0. 0.
37.837 2 ATTITUDE 1.691636 4.404799 0.047946
37.868 2 INS -6458 -8775 -491045344 -487587 -1405090 -842788160 42259 -9833 3201
37.894 2 GPS_INT 0 0 0 404513515 -37289089 707159 656923 0 0 0 67 33 292826500 114 18 3 1
37.894 2 ALIVE 122,195,7,233,5,247,195,75,60,187,26,129,128,90,246,93
37.895 2 ATTITUDE 1.705531 4.418055 0.055766
37.936 2 GVF_PARAMETRIC 5 1 0.150946 0.,0.2,0.2,0.841242,0.841242,0.05,32.308594,24.65625,0.,0.,0.,0.,0.,0.,0.,0. -1.566926,-2.062532
37.937 2 INS -6458 -8775 -491065952 -487587 -1405090 -842416512 10151 -17790 9723
37.937 2 ATTITUDE 1.710388 4.415976 0.068383
37.961 2 LINK_REPORT 2 -1 38 0 113473 2546 0 3137. 69. 7 71.82
37.978 2 INS -6458 -8775 -491086528 -487587 -1405090 -842074432 16949 -6929 14636
37.978 2 GPS 3 43819187 447810976 2473 656923 283 12 2395 292826500 30 0
37.978 2 ATTITUDE 1.69399 4.411015 0.079161
38.010 2 INS -6515 -8939 -491107072 -608173 -1431304 -841670400 26179 -8396 13425
38.083 2 ROVER_CTRL 2.5 0.034804 3890.123779 -2.440784 1400. 600. 1000. 1040.319092 48.726082 1.28746 2.465196 0.
38.083 2 ROTORCRAFT_FP -8939 -6515 491111168 -1431304 -608173 841550464 6931 324 18091 0 0 0 0 4230 0
38.084 2 GPS_INT 0 0 0 404513495 -37289164 707009 656773 0 0 0 68 32 292826750 123 19 3 1
38.085 2 ATTITUDE 1.702532 4.411185 0.082859
38.085 2 INS -6515 -8939 -491127584 -608173 -1431304 -841245312 17250 -9556 13325
38.085 2 SERIAL_COM 888 2628 10542 15456 0 0 0 14 279 80 76 0 0 0 0 0
38.085 2 ATTITUDE 1.719523 4.397953 0.083545
38.124 2 WP_MOVED_ENU 2 -276 -3691 2560
38.125 2 WP_MOVED_ENU 2 -276 -3691 2560
38.125 2 IMU_MAG_RAW 255 0 0 0
38.125 2 INS -6515 -8939 -491148096 -608173 -1431304 -841036800 22344 -6620 11471
38.140 2 ATTITUDE 1.709329 4.393592 0.082256
38.157 2 INS -6515 -8939 -491168576 -608173 -1431304 -840671040 20674 -6459 15665
38.190 2 GPS_INT 0 0 0 404513495 -37289164 707009 656773 0 0 0 68 32 292826750 123 19 3 1
38.190 2 ATTITUDE 1.728503 4.40733 0.090013
38.221 2 INS -6515 -8939 -491189056 -608173 -1431304 -840367360 9926 -2210 15239
38.221 2 GPS 3 43819124 447810955 2471 656773 296 5 2395 292826750 30 0
38.236 2 ATTITUDE 1.720205 4.388244 0.092746
38.269 2 INS -6515 -8939 -491209536 -608173 -1431304 -840112064 27430 -14051 16627
38.285 2 ROTORCRAFT_FP -8939 -6515 491213632 -1431304 -608173 839976640 6965 348 17892 0 0 0 0 4215 0
38.285 2 ATTITUDE 1.725938 4.366216 0.084864
38.349 2 GVF_PARAMETRIC 5 1 0.15062 -6.,-34.859375,-45.699219,-22.828125,-21.648438,-0.449219,0.71875,17.71875,0.,0.,0.,0.,0.,0.,0.,0. -1.687827,-2.116377
38.350 2 INS -6584 -9103 -491230016 -597687 -1389361 -839766464 24046 5569 -2662
38.350 2 GPS_INT 0 0 0 404513470 -37289239 707028 656792 0 0 0 67 31 292827000 119 20 3 1
38.351 2 ATTITUDE 1.731843 4.398211 0.074482
38.374 2 INS -6584 -9103 -491250496 -597687 -1389361 -839474816 22033 -22429 13849
38.375 2 ROVER_STATUS 0 55 3 0 1 889 7.276682
38.390 2 ATTITUDE 1.70762 4.39151 0.068115
38.407 2 INS -6584 -9103 -491270976 -597687 -1389361 -839058752 3371 7579 20152
38.438 2 ATTITUDE 1.742387 4.368466 0.066958
38.471 2 INS -6584 -9103 -491291456 -597687 -1389361 -838820800 22395 2778 13618
38.471 2 GPS 3 43819060 447810928 2469 656792 287 9 2395 292827000 30 0
38.497 2 GPS_INT 0 0 0 404513470 -37289239 707028 656792 0 0 0 67 31 292827000 119 20 3 1
38.497 2 ATTITUDE 1.758637 4.408103 0.082947
38.550 2 INS -6648 -9239 -491311936 -508558 -1132461 -838430592 18154 -1010 16696
38.551 2 ROVER_CTRL 2.5 0.034804 3890.123779 -2.440784 1400. 600. 1000. 1040.319092 48.726082 1.28746 2.465196 0.
38.552 2 ROTORCRAFT_FP -9239 -6648 491316032 -1132461 -508558 838329088 7267 380 18095 0 0 0 0 4230 0
38.552 2 ATTITUDE 1.795685 4.42216 0.101792
38.577 2 INS -6648 -9239 -491332416 -508558 -1132461 -837958848 14620 2062 12553
38.578 2 SERIAL_COM 889 7579 3371 20152 0 0 0 14 280 80 76 0 0 0 0 0
38.593 2 ATTITUDE 1.855777 4.434314 0.121978
38.610 2 INS -6648 -9239 -491352896 -508558 -1132461 -837648384 13549 -17477 14986
38.638 2 GPS_INT 0 0 0 404513448 -37289302 706920 656684 0 0 0 68 33 292827250 119 19 3 1
38.638 2 ATTITUDE 1.863558 4.395391 0.135694
38.670 2 INS -6648 -9239 -491373376 -508558 -1132461 -837311872 11728 -664 13065
38.688 2 ATTITUDE 1.871963 4.359521 0.14389
38.689 2 DATALINK_REPORT 3 185 61968 3044 0 11
38.750 2 GVF_PARAMETRIC 5 1 0.150351 6.,-10.898438,12.269531,15.839844,-9.296875,0.007812,32.308594,24.65625,0.,0.,0.,0.,0.,0.,0.,0. -1.734274,-2.145865
38.750 2 INS -6648 -9239 -491393856 -508558 -1132461 -837177728 14584 -217 6273
38.751 2 GPS 3 43819006 447810904 2464 656684 236 0 2395 292827250 30 0
38.751 2 DL_VALUE 49 0.05
38.751 2 ATTITUDE 1.869542 4.355103 0.121892
38.765 2 INS -6720 -9367 -491414304 -681573 -1116732 -837075648 14187 -1317 5202
38.803 2 ROTORCRAFT_FP -9367 -6720 491418400 -1116732 -681573 837067840 7555 388 17890 0 0 0 0 4230 0
38.803 2 GPS_INT 0 0 0 404513423 -37289362 706890 656654 0 0 0 68 48 292827500 133 18 3 1
38.804 2 ATTITUDE 1.823716 4.374235 0.072669
38.833 2 INS -6720 -9367 -491434752 -681573 -1116732 -836990336 13186 -4506 1632
38.833 2 STATIC_CONTROL 0 0. 0 0. 0. 0. 0. 0. 0. 0. 0. 0. 0.
38.834 2 ATTITUDE 1.71796 4.380251 0.001798
38.864 2 INS -6720 -9367 -491455232 -681573 -1116732 -836895616 7253 -14416 9503
38.880 2 ATTITUDE 1.687515 4.336061 -0.080333
38.896 2 ROTORCRAFT_NAV_STATUS 672 672 0. 0. 5 0 1
38.897 2 IMU_MAG_RAW 255 0 0 0
38.912 2 INS -6720 -9367 -491475680 -681573 -1116732 -836905728 29904 -24954 -9930
38.938 2 GPS_INT 0 0 0 404513423 -37289362 706890 656654 0 0 0 68 48 292827500 133 18 3 1
38.939 2 ATTITUDE 1.6309 4.268412 -0.127837
38.954 2 INS -6720 -9367 -491496128 -681573 -1116732 -836646720 13951 8722 16164
38.962 2 LINK_REPORT 2 -1 39 0 116593 2617 0 3120. 71. 7 71.82
38.980 2 ENERGY 44 7.285513 1.95 14.206751 7.794814 0.27426 2.057112
38.981 2 GPS 3 43818955 447810876 2426 656654 249 8 2395 292827500 30 0
38.981 2 ATTITUDE 1.648475 4.261556 -0.141901
39.026 2 INS -6776 -9518 -491516608 -183500 -1389361 -836355520 18231 3809 833
39.027 2 ROVER_CTRL 2.5 0.034804 3890.123779 -2.440784 1400. 600. 1000. 1040.319092 48.726082 1.28746 2.465196 0.
39.068 2 ROTORCRAFT_FP -9518 -6776 491520704 -1389361 -183500 836394624 6876 -625 17645 0 0 0 0 4230 0
39.069 2 ATTITUDE 1.676992 4.350752 -0.165931
39.069 2 INS -6776 -9518 -491537088 -183500 -1389361 -836243200 26128 -35562 -144
39.069 2 SERIAL_COM 889 -21108 47203 2562 0 0 0 14 280 80 76 0 0 0 0 0
39.097 2 GPS_INT 0 0 0 404513403 -37289431 706954 656718 0 0 0 69 38 292827750 129 18 3 1
39.098 2 ATTITUDE 1.709673 4.353584 -0.216718
39.133 2 GVF_PARAMETRIC 5 1 0.150111 0.,0.2,0.2,0.841242,0.841242,0.05,32.308594,24.65625,0.,0.,0.,0.,0.,0.,0.,0. -1.838037,-2.199373
39.135 2 INS -6776 -9518 -491557568 -183500 -1389361 -836126016 17583 -274 8855
39.136 2 ATTITUDE 1.700081 4.324645 -0.267587
39.163 2 INS -6776 -9518 -491578016 -183500 -1389361 -835778496 16971 -13230 18038
39.179 2 ATTITUDE 1.71883 4.312064 -0.326876
39.221 2 INS -6776 -9518 -491598464 -183500 -1389361 -835551808 13195 -693 10612
39.221 2 GPS 3 43818896 447810855 2508 656718 266 46 2395 292827750 30 0
39.247 2 GPS_INT 0 0 0 404513403 -37289431 706954 656718 0 0 0 69 38 292827750 129 18 3 1
39.248 2 ATTITUDE 1.78693 4.287922 -0.391641
39.263 2 INS -6776 -9518 -491618848 -183500 -1389361 -835267328 6002 -6041 2059
39.289 2 ROTORCRAFT_FP -9671 -6784 491622944 -1468005 52428 835342080 7559 -1700 17380 0 0 0 0 4230 0
39.290 2 ATTITUDE 1.834219 4.243568 -0.42641
39.305 2 INS -6784 -9671 -491639232 57671 -1473247 -835094528 9057 -7958 13327
39.337 2 ATTITUDE 1.825716 4.274316 -0.427242
39.353 2 INS -6784 -9671 -491659584 57671 -1473247 -834684672 84 8942 22973
39.396 2 GPS_INT 0 0 0 404513401 -37289501 706808 656572 0 0 0 70 32 292828000 121 20 3 1
39.397 2 STATE_FILTER_STATUS 6 3 0
39.397 2 ATTITUDE 1.867914 4.303116 -0.422899
39.397 2 WP_MOVED_ENU 3 -8924 -2790 -87
39.398 2 WP_MOVED_ENU 3 -8924 -2790 -87
39.412 2 INS -6784 -9671 -491679904 57671 -1473247 -834387392 25702 -8119 6285
39.428 2 ATTITUDE 1.91259 4.329089 -0.423051
39.470 2 INS -6784 -9671 -491700224 57671 -1473247 -834125248 10930 -4470 11428
39.470 2 GPS 3 43818837 447810853 2625 656572 280 -11 2395 292828000 30 0
39.486 2 ATTITUDE 1.930589 4.338318 -0.436216
39.596 2 GVF_PARAMETRIC 5 1 0.149831 -6.,-34.859375,-45.699219,-22.828125,-21.648438,-0.449219,0.71875,17.71875,0.,0.,0.,0.,0.,0.,0.,0. -1.891384,-2.207034
39.597 2 INS -6786 -9820 -491720576 41943 -1347418 -833876160 8519 -1248 11493
39.598 2 ROVER_CTRL 2.5 0.034804 3890.123779 -2.440784 1400. 600. 1000. 1040.319092 48.726082 1.28746 2.465196 0.
39.598 2 ROTORCRAFT_FP -9820 -6786 491724640 -1347418 41943 833840704 7945 -1816 17780 0 0 0 0 4230 0
39.599 2 GPS_INT 0 0 0 404513400 -37289570 706564 656329 0 0 0 71 36 292828250 122 19 3 1
39.600 2 ATTITUDE 1.92748 4.335217 -0.444673
39.600 2 INS -6786 -9820 -491740896 41943 -1347418 -833670464 13555 2209 11284
39.600 2 SERIAL_COM 890 -23189 47780 10181 0 0 0 14 281 80 76 0 0 0 0 0
39.600 2 ATTITUDE 1.88241 4.324809 -0.448098
39.620 2 INS -6786 -9820 -491761216 41943 -1347418 -833379712 3493 -253 10228
39.620 2 GPS_SOL 71 36 122 19
39.636 2 ATTITUDE 1.848543 4.300647 -0.448533
39.668 2 INS -6786 -9820 -491781536 41943 -1347418 -833184640 27459 2245 3300
39.698 2 GPS_INT 0 0 0 404513400 -37289570 706564 656329 0 0 0 71 36 292828250 122 19 3 1
39.699 2 ATTITUDE 1.769551 4.354018 -0.462667
39.699 2 IMU_MAG_RAW 255 0 0 0
39.714 2 INS -6786 -9820 -491801856 41943 -1347418 -832947072 18150 -3943 11369
39.714 2 GPS 3 43818778 447810852 2665 656329 256 -26 2395 292828250 30 0
39.730 2 ATTITUDE 1.683013 4.406345 -0.467401
39.762 2 INS -6760 -9971 -491822176 283115 -1389361 -832431040 6421 4011 19989
39.788 2 ROTORCRAFT_FP -9971 -6760 491826272 -1389361 283115 832359744 6890 -1896 18102 0 0 0 0 4230 0
39.788 2 ATTITUDE 1.696543 4.42796 -0.456474
39.804 2 INS -6760 -9971 -491842496 283115 -1389361 -832045056 13801 3146 12429
39.845 2 STATIC_CONTROL 0 0. 0 0. 0. 0. 0. 0. 0. 0. 0. 0. 0.
39.845 2 GPS_INT 0 0 0 404513409 -37289639 706322 656086 0 0 0 72 30 292828500 127 20 3 1
39.846 2 ATTITUDE 1.720394 4.438666 -0.451388
39.871 2 INS -6760 -9971 -491862816 283115 -1389361 -831742144 21490 -18283 15336
39.871 2 ROVER_STATUS 0 55 3 0 1 890 7.25902
39.887 2 ATTITUDE 1.722886 4.447177 -0.438834
39.940 2 GVF_PARAMETRIC 5 1 0.149487 6.,-10.898438,12.269531,15.839844,-9.296875,0.007812,32.308594,24.65625,0.,0.,0.,0.,0.,0.,0.,0. -2.001312,-2.203059
39.941 2 INS -6760 -9971 -491883104 283115 -1389361 -831423168 15728 1049 13388
39.941 2 ATTITUDE 1.717785 4.466793 -0.432163
39.962 2 LINK_REPORT 2 -1 40 0 119621 2685 0 3028. 68. 7 71.82
39.969 2 INS -6760 -9971 -491903392 283115 -1389361 -831199232 25117 -7381 7989
39.969 2 GPS 3 43818720 447810863 2742 656086 270 -48 2395 292828500 30 0
39.995 2 GPS_INT 0 0 0 404513409 -37289639 706322 656086 0 0 0 72 30 292828500 127 20 3 1
39.995 2 ATTITUDE 1.697549 4.495843 -0.43126
40.049 2 INS -6714 -10117 -491923680 283115 -1226832 -830833728 19761 -4435 11296
40.049 2 ROVER_CTRL 2.5 0.034804 3890.123779 -2.440784 1400. 600. 1000. 1040.319092 48.726082 1.28746 2.465196 0.
40.050 2 ROTORCRAFT_FP -10117 -6714 491927744 -1226832 283115 830772608 6945 -1731 18447 0 0 0 0 4230 0
40.050 2 ATTITUDE 1.686352 4.506818 -0.422084
40.065 2 INS -6714 -10117 -491944000 283115 -1226832 -830514240 21887 1189 10844
40.065 2 SERIAL_COM 890 -3095 18401 11277 0 0 0 14 281 80 76 0 0 0 0 0
40.081 2 ATTITUDE 1.685403 4.517887 -0.416104
40.113 2 INS -6714 -10117 -491964320 283115 -1226832 -830177088 16735 -10796 13958
40.129 2 GPS_INT 0 0 0 404513424 -37289707 706223 655987 0 0 0 73 30 292828750 137 18 3 1
40.129 2 ATTITUDE 1.688313 4.534106 -0.407435
40.161 2 INS -6714 -10117 -491984608 283115 -1226832 -829840064 19834 -2929 11303
40.176 2 ATTITUDE 1.695292 4.533055 -0.397791
40.219 2 INS -6714 -10117 -492004864 283115 -1226832 -829568512 29116 -8287 9995
40.219 2 GPS 3 43818662 447810880 2775 655987 239 -34 2395 292828750 30 0
40.234 2 ATTITUDE 1.689264 4.547241 -0.387024
40.251 2 INS -6714 -10117 -492025088 283115 -1226832 -829303232 10185 7219 10980
40.293 2 ROTORCRAFT_FP -10117 -6714 492029152 -1226832 283115 829216832 6869 -1565 18711 0 0 0 0 4230 0
40.293 2 GPS_INT 0 0 0 404513424 -37289707 706223 655987 0 0 0 73 30 292828750 137 18 3 1
40.294 2 ATTITUDE 1.67928 4.581177 -0.371435
40.330 2 GVF_PARAMETRIC 5 1 0.149164 0.,0.2,0.2,0.841242,0.841242,0.05,32.308594,24.65625,0.,0.,0.,0.,0.,0.,0.,0. -2.050927,-2.190608
40.331 2 INS -6694 -10283 -492045344 178257 -1452276 -829013504 30440 -11082 13294
40.331 2 DL_VALUE 50 1.
40.331 2 ATTITUDE 1.676963 4.597661 -0.372541
40.361 2 INS -6694 -10283 -492065568 178257 -1452276 -828676224 29848 -6130 13559
40.377 2 ATTITUDE 1.681714 4.590602 -0.373263
40.410 2 INS -6694 -10283 -492085728 178257 -1452276 -828398912 18311 2572 9663
40.436 2 GPS_INT 0 0 0 404513432 -37289783 706113 655877 0 0 0 74 31 292829000 122 19 3 1
40.437 2 ATTITUDE 1.677979 4.605569 -0.370263
40.452 2 INS -6694 -10283 -492105920 178257 -1452276 -828117504 17212 -2690 13367
40.468 2 GPS 3 43818598 447810889 2772 655877 278 -32 2395 292829000 30 0
40.468 2 PONG 
40.483 2 ATTITUDE 1.672221 4.623935 -0.363125
40.484 2 ROTORCRAFT_NAV_STATUS 674 674 0. 0. 5 0 1
40.499 2 IMU_MAG_RAW 255 0 0 0
40.540 2 INS -6684 -10475 -492126080 52428 -1677720 -827783488 30975 -7021 16018
40.540 2 ROVER_CTRL 2.5 0.034804 3890.123779 -2.440784 1400. 600. 1000. 1040.319092 48.726082 1.28746 2.465196 0.
40.541 2 ROTORCRAFT_FP -10475 -6684 492130112 -1677720 57671 827719232 6876 -1453 18929 0 0 0 0 4215 0
40.541 2 ATTITUDE 1.672859 4.624411 -0.354324
40.555 2 INS -6684 -10475 -492146240 57671 -1677720 -827451072 20239 -1326 9079
40.595 2 SERIAL_COM 891 2180 19357 -2364 0 0 0 14 282 80 76 0 0 0 0 0
40.595 2 GPS_INT 0 0 0 404513436 -37289871 706130 655894 0 0 0 74 32 292829250 122 19 3 1
40.596 2 ALIVE 122,195,7,233,5,247,195,75,60,187,26,129,128,90,246,93
40.596 2 ATTITUDE 1.667535 4.634414 -0.345207
40.610 2 INS -6684 -10475 -492166464 57671 -1677720 -827210048 11826 -1772 8049
40.626 2 ATTITUDE 1.66458 4.658495 -0.344049
40.658 2 INS -6684 -10475 -492186624 57671 -1677720 -826916224 3054 4671 5121
40.674 2 ATTITUDE 1.664828 4.667539 -0.347363
40.690 2 WP_MOVED_ENU 4 -11699 3141 -89
40.690 2 WP_MOVED_ENU 4 -11699 3141 -89
40.787 2 GVF_PARAMETRIC 5 1 0.148691 -6.,-34.859375,-45.699219,-22.828125,-21.648438,-0.449219,0.71875,17.71875,0.,0.,0.,0.,0.,0.,0.,0. -2.181073,-2.186785
40.787 2 INS -6684 -10475 -492206784 57671 -1677720 -826587008 4852 -7930 13759
40.788 2 GPS 3 43818524 447810894 2743 655894 319 -2 2395 292829250 30 0
40.788 2 GPS_INT 0 0 0 404513436 -37289871 706130 655894 0 0 0 74 32 292829250 122 19 3 1
40.789 2 ATTITUDE 1.658733 4.662341 -0.351181
40.789 2 INS -6684 -10677 -492226944 110100 -1625291 -826305152 21589 1107 14497
40.789 2 ROTORCRAFT_FP -10677 -6684 492230976 -1625291 104857 826262720 6771 -1425 19083 0 0 0 0 4230 0
40.790 2 ATTITUDE 1.65589 4.66227 -0.346871
40.802 2 INS -6684 -10677 -492247104 104857 -1625291 -825978304 37264 1598 13220
40.832 2 STATIC_CONTROL 0 0. 0 0. 0. 0. 0. 0. 0. 0. 0. 0. 0.
40.832 2 ATTITUDE 1.654813 4.671265 -0.339137
40.863 2 INS -6684 -10677 -492267264 104857 -1625291 -825703488 13596 838 11063
40.879 2 GPS_INT 0 0 0 404513436 -37289964 706119 655883 0 0 0 75 35 292829500 129 18 3 1
40.880 2 ATTITUDE 1.648827 4.668371 -0.33334
40.911 2 INS -6684 -10677 -492287392 104857 -1625291 -825430720 5408 -4307 11891
40.927 2 ATTITUDE 1.647511 4.693483 -0.328547
40.962 2 LINK_REPORT 2 -1 41 0 122661 2754 0 3040. 69. 8 22.75
40.969 2 INS -6684 -10677 -492307520 104857 -1625291 -825153024 16593 -137 12873
40.970 2 GPS 3 43818445 447810895 2741 655883 310 -2 2395 292829500 30 0
40.970 2 ATTITUDE 1.651401 4.691476 -0.331432
41.001 2 INS -6676 -10885 -492327680 73400 -1667234 -824852416 4960 5251 10314
41.075 2 ROVER_CTRL 2.5 0.034804 3890.123779 -2.440784 1400. 600. 1000. 1040.319092 48.726082 1.28746 2.465196 0.
41.076 2 ROTORCRAFT_FP -10885 -6676 492331712 -1667234 78643 824825088 6796 -1408 19182 0 0 0 0 4215 0
41.076 2 GPS_INT 0 0 0 404513438 -37290060 706186 655950 0 0 0 75 30 292829750 129 18 3 1
41.077 2 ATTITUDE 1.660951 4.683672 -0.350646
41.077 2 INS -6676 -10885 -492347840 78643 -1667234 -824620736 18894 -1168 9283
41.077 2 SERIAL_COM 891 -1134 20243 9639 0 0 0 14 282 80 76 0 0 0 0 0
41.078 2 ATTITUDE 1.671887 4.695014 -0.36842
41.128 2 GVF_PARAMETRIC 5 1 0.14823 6.,-10.898438,12.269531,15.839844,-9.296875,0.007812,32.308594,24.65625,0.,0.,0.,0.,0.,0.,0.,0. -2.331655,-2.191554
41.129 2 INS -6676 -10885 -492368000 78643 -1667234 -824427328 13037 429 6202
41.129 2 ATTITUDE 1.659909 4.701103 -0.396492
41.160 2 INS -6676 -10885 -492388160 78643 -1667234 -824182016 9873 1208 6426
41.186 2 GPS_INT 0 0 0 404513438 -37290060 706186 655950 0 0 0 75 30 292829750 129 18 3 1
41.187 2 ATTITUDE 1.6713 4.698321 -0.434149
41.215 2 INS -6676 -10885 -492408320 78643 -1667234 -824019136 8303 8059 11711
41.215 2 GPS 3 43818363 447810898 2732 655950 318 3 2395 292829750 30 0
41.231 2 ATTITUDE 1.664963 4.709924 -0.478009
41.263 2 INS -6676 -10885 -492428480 78643 -1667234 -823851008 17674 -4107 -2401
41.293 2 ROTORCRAFT_FP -10885 -6676 492432512 -1667234 78643 823811200 6820 -2083 19290 0 0 0 0 4230 0
41.294 2 ATTITUDE 1.674106 4.714728 -0.528892
41.294 2 IMU_MAG_RAW 255 0 0 0
41.309 2 INS -6666 -11100 -492448640 241172 -1593834 -823685824 22438 -4129 6128
41.325 2 GPS_INT 0 0 0 404513442 -37290158 706101 655865 0 0 0 75 25 292830000 121 19 3 1
41.325 2 ATTITUDE 1.678232 4.713881 -0.578522
41.357 2 INS -6666 -11100 -492468800 241172 -1593834 -823587840 36348 -5278 7082
41.357 2 ROVER_STATUS 0 57 3 0 1 892 7.320837
41.373 2 ATTITUDE 1.681625 4.706709 -0.640232
41.405 2 INS -6666 -11100 -492488960 241172 -1593834 -823484928 46682 -8887 -4155
41.421 2 ATTITUDE 1.683292 4.711575 -0.714122
41.464 2 INS -6666 -11100 -492509120 241172 -1593834 -823283392 16730 1604 14531
41.464 2 GPS 3 43818280 447810903 2764 655865 306 -3 2395 292830000 30 0
41.490 2 GPS_INT 0 0 0 404513442 -37290158 706101 655865 0 0 0 75 25 292830000 121 19 3 1
41.490 2 ATTITUDE 1.690268 4.710133 -0.789483
41.572 2 GVF_PARAMETRIC 5 1 0.147832 0.,0.2,0.2,0.841242,0.841242,0.05,32.308594,24.65625,0.,0.,0.,0.,0.,0.,0.,0. -2.406958,-2.195476
41.573 2 INS -6630 -11292 -492529184 634387 -1399847 -823205952 10215 2619 13173
41.574 2 ROVER_CTRL 2.5 0.034804 3890.123779 -2.440784 1400. 600. 1000. 1040.319092 48.726082 1.28746 2.465196 0.
41.574 2 ROTORCRAFT_FP -11292 -6630 492533216 -1399847 634387 823166016 6845 -3411 19359 0 0 0 0 4230 0
41.575 2 ATTITUDE 1.663494 4.720197 -0.868796
41.575 2 INS -6630 -11292 -492549344 634387 -1399847 -823084032 19990 4449 2786
41.575 2 SERIAL_COM 892 -3988 4354 14898 0 0 0 14 283 80 76 0 0 0 0 0
41.576 2 ATTITUDE 1.629336 4.762691 -0.938684
41.614 2 INS -6630 -11292 -492569440 634387 -1399847 -822914496 22834 -8929 1803
41.614 2 GPS_SOL 74 23 134 18
41.630 2 GPS_INT 0 0 0 404513454 -37290247 706052 655816 0 0 0 74 23 292830250 134 18 3 1
41.630 2 ATTITUDE 1.630012 4.806643 -1.007316
41.662 2 INS -6630 -11292 -492589568 634387 -1399847 -822636928 12570 -5723 1312
41.678 2 ATTITUDE 1.686064 4.759308 -1.082332
41.710 2 INS -6630 -11292 -492609632 634387 -1399847 -822401280 26300 -15606 10246
41.710 2 GPS 3 43818205 447810917 2842 655816 293 1 2395 292830250 30 0
41.726 2 ATTITUDE 1.784632 4.629415 -1.160614
41.758 2 INS -6540 -11448 -492629696 1006632 -1085275 -822299712 27070 -29002 2021
41.795 2 ROTORCRAFT_FP -11448 -6540 492633696 -1085275 1011874 822284800 7407 -4935 18876 0 0 0 0 4215 0
41.796 2 GPS_INT 0 0 0 404513486 -37290319 706047 655811 0 0 0 74 21 292830500 136 19 3 1
41.796 2 ATTITUDE 1.825805 4.588143 -1.236393
41.825 2 INS -6540 -11448 -492649728 1011874 -1085275 -822088448 3673 1960 11534
41.825 2 STATIC_CONTROL 0 0. 0 0. 0. 0. 0. 0. 0. 0. 0. 0. 0.
41.826 2 ATTITUDE 1.864738 4.511942 -1.307874
41.857 2 INS -6540 -11448 -492669792 1011874 -1085275 -821933440 26304 -5015 6505
41.873 2 ATTITUDE 1.896113 4.517106 -1.370451
41.939 2 GVF_PARAMETRIC 5 1 0.147362 -6.,-34.859375,-45.699219,-22.828125,-21.648438,-0.449219,0.71875,17.71875,0.,0.,0.,0.,0.,0.,0.,0. -2.533449,-2.154876
41.940 2 INS -6540 -11448 -492689824 1011874 -1085275 -821721856 18225 -3048 8890
41.940 2 GPS_INT 0 0 0 404513486 -37290319 706047 655811 0 0 0 74 21 292830500 136 19 3 1
41.941 2 DL_VALUE 51 0.5
41.941 2 ATTITUDE 1.994525 4.428607 -1.426371
41.963 2 INS -6540 -11448 -492709856 1011874 -1085275 -821487936 26124 -8835 3196
41.963 2 GPS 3 43818144 447810953 2981 655811 283 11 2395 292830500 30 0
41.964 2 LINK_REPORT 2 -1 42 0 125808 2823 0 3147. 69. 8 22.75
41.979 2 ATTITUDE 2.147723 4.263001 -1.478804
41.979 2 WP_MOVED_ENU 5 -5844 4055 -87
42.038 2 WP_MOVED_ENU 5 -5844 4055 -87
42.038 2 INS -6415 -11555 -492729888 1226832 -566230 -821219072 12802 -343 10030
42.038 2 ROVER_CTRL 2.5 0.034804 3890.123779 -2.440784 1400. 600. 1000. 1040.319092 48.726082 1.28746 2.465196 0.
42.039 2 ROTORCRAFT_FP -11555 -6415 492733920 -566230 1226832 821192448 10680 -6172 15574 0 0 0 0 4230 0
42.039 2 ATTITUDE 2.822184 3.599182 -1.521404
42.064 2 INS -6415 -11555 -492749920 1226832 -566230 -820974912 37107 -17761 12672
42.064 2 SERIAL_COM 892 -343 12802 10030 0 0 0 14 283 80 76 0 0 0 0 0
42.103 2 GPS_INT 0 0 0 404513530 -37290368 705996 655760 0 0 0 73 21 292830750 141 18 3 1
42.103 2 ATTITUDE -2.316797 2.461463 -1.503274
42.104 2 ROTORCRAFT_NAV_STATUS 676 676 0. 0. 5 0 1
42.104 2 IMU_MAG_RAW 255 0 0 0
42.104 2 INS -6415 -11555 -492769920 1226832 -566230 -820749696 19647 -7512 5149
42.118 2 ATTITUDE -1.865759 2.00498 -1.456822
42.151 2 INS -6415 -11555 -492789920 1226832 -566230 -820399936 18477 -3606 6736
42.167 2 ATTITUDE -1.777147 1.911104 -1.400014
42.213 2 INS -6415 -11555 -492809920 1226832 -566230 -820118656 23266 -5050 17416
42.213 2 GPS 3 43818103 447811002 3171 655760 258 32 2395 292830750 30 0
42.252 2 GPS_INT 0 0 0 404513530 -37290368 705996 655760 0 0 0 73 21 292830750 141 18 3 1
42.252 2 AUTOPILOT_VERSION 60200 v6.2_unstable-650-g74eaf7c20-dirty
42.257 2 ATTITUDE -1.769821 1.884024 -1.371647
42.257 2 INS -6415 -11555 -492829920 1226832 -566230 -819845888 19260 -528 8845
42.278 2 ROTORCRAFT_FP -11555 -6415 492833920 -566230 1226832 819854464 -7296 -5590 7692 0 0 0 0 4230 0
42.278 2 ATTITUDE -1.751031 1.838383 -1.366096
42.321 2 GVF_PARAMETRIC 5 1 0.14697 6.,-10.898438,12.269531,15.839844,-9.296875,0.007812,32.308594,24.65625,0.,0.,0.,0.,0.,0.,0.,0. -2.567004,-2.114192
42.321 2 INS -6284 -11601 -492850048 1237318 -136314 -819585280 21782 -974 8692
42.321 2 ATTITUDE -1.747059 1.82952 -1.37165
42.352 2 INS -6284 -11601 -492869920 1237318 -136314 -819349312 28818 -1570 13218
42.378 2 GPS_INT 0 0 0 404513577 -37290390 706076 655840 0 0 0 73 24 292831000 134 18 3 1
42.378 2 ATTITUDE -1.737757 1.796854 -1.380335
42.410 2 INS -6284 -11601 -492889920 1237318 -136314 -819120064 31756 -166 14318
42.425 2 ATTITUDE -1.77955 1.821413 -1.384114
42.458 2 INS -6284 -11601 -492909920 1237318 -136314 -818877824 20493 4406 14450
42.458 2 GPS 3 43818085 447811054 3350 655840 238 30 2395 292831000 30 0
42.474 2 ATTITUDE -1.76841 1.80841 -1.390492
42.576 2 INS -6133 -11624 -492929920 1347418 -157286 -818703552 22756 -20 -2377
42.577 2 ROVER_CTRL 2.5 0.034804 3890.123779 -2.440784 1400. 600. 1000. 1040.319092 48.726082 1.28746 2.465196 0.
42.577 2 ROTORCRAFT_FP -11624 -6133 492933920 -157286 1352661 818668352 -7055 -5740 7223 0 0 0 0 4230 0
42.578 2 GPS_INT 0 0 0 404513629 -37290400 706099 655863 0 0 0 72 21 292831250 131 18 3 1
42.578 2 ATTITUDE -1.706176 1.753644 -1.40759
42.579 2 INS -6133 -11624 -492949920 1352661 -157286 -818357248 30048 -3760 12591
42.579 2 SERIAL_COM 893 3255 15542 13366 0 0 0 14 284 80 76 0 0 0 0 0
42.579 2 STATE_FILTER_STATUS 6 3 0
42.580 2 ATTITUDE -1.684511 1.717283 -1.414622
42.608 2 INS -6133 -11624 -492969920 1352661 -157286 -818135168 12862 8501 6596
42.624 2 ATTITUDE -1.669499 1.684718 -1.416087
42.657 2 INS -6133 -11624 -492989856 1352661 -157286 -817933056 15874 -351 1559
42.673 2 GPS_INT 0 0 0 404513629 -37290400 706099 655863 0 0 0 72 21 292831250 131 18 3 1
42.673 2 ATTITUDE -1.658617 1.676454 -1.428306
42.726 2 GVF_PARAMETRIC 5 1 0.146574 0.,0.2,0.2,0.841242,0.841242,0.05,32.308594,24.65625,0.,0.,0.,0.,0.,0.,0.,0. -2.586181,-2.011748
42.727 2 INS -6133 -11624 -493009824 1352661 -157286 -817606080 28753 -2901 7530
42.727 2 GPS 3 43818077 447811112 3464 655863 260 21 2395 292831250 30 0
42.727 2 ATTITUDE -1.724341 1.720227 -1.440531
42.757 2 INS -5982 -11645 -493029760 1357904 -225443 -817410560 20805 7694 7749
42.758 2 INS_REF 485057916 -31609623 411673221 404515786 -37285049 712727 662491 0.
42.784 2 ROTORCRAFT_FP -11645 -5982 493033760 -225443 1357904 817337408 -7229 -5915 7199 0 0 0 0 4230 0
42.784 2 ATTITUDE -1.796062 1.787745 -1.446555
42.838 2 INS -5982 -11645 -493049760 1357904 -225443 -817160128 23339 -891 9273
42.839 2 STATIC_CONTROL 0 0. 0 0. 0. 0. 0. 0. 0. 0. 0. 0. 0.
42.839 2 GPS_INT 0 0 0 404513682 -37290410 706102 655866 0 0 0 72 20 292831500 166 17 3 1
42.840 2 ATTITUDE -1.800474 1.8008 -1.446655
42.854 2 INS -5982 -11645 -493069728 1357904 -225443 -816914432 20266 92 417
42.855 2 ROVER_STATUS 0 58 3 0 1 893 7.241358
42.870 2 ATTITUDE -1.739393 1.722519 -1.443865
42.886 2 IMU_MAG_RAW 255 0 0 0
42.902 2 INS -5982 -11645 -493089664 1357904 -225443 -816581760 43006 3515 8863
42.918 2 ATTITUDE -1.774659 1.754302 -1.444643
42.960 2 INS -5982 -11645 -493109632 1357904 -225443 -816359808 27557 -2465 -1695
42.961 2 GPS 3 43818069 447811171 3488 655866 263 12 2395 292831500 30 0
42.963 2 LINK_REPORT 2 -1 43 0 128881 2893 0 3073. 70. 8 22.75
42.986 2 GPS_INT 0 0 0 404513682 -37290410 706102 655866 0 0 0 72 20 292831500 166 17 3 1
42.986 2 ATTITUDE -1.841316 1.824029 -1.448144
43.002 2 INS -5831 -11668 -493129600 1389361 -204472 -816119552 30851 2916 6285
43.039 2 ROVER_CTRL 2.5 0.034804 3890.123779 -2.440784 1400. 600. 1000. 1040.319092 48.726082 1.28746 2.465196 0.
43.040 2 ROTORCRAFT_FP -11668 -5831 493133600 -204472 1389361 816093248 -7507 -5930 7347 0 0 0 0 4230 0
43.040 2 ATTITUDE -1.798574 1.754014 -1.451117
43.065 2 INS -5831 -11668 -493149536 1389361 -204472 -815854976 17384 -617 8115
43.066 2 SERIAL_COM 893 -3119 19747 12289 0 0 0 14 284 80 76 0 0 0 0 0
43.066 2 ATTITUDE -1.800117 1.759157 -1.450605
43.131 2 GVF_PARAMETRIC 5 1 0.14617 -6.,-34.859375,-45.699219,-22.828125,-21.648438,-0.449219,0.71875,17.71875,0.,0.,0.,0.,0.,0.,0.,0. -2.595747,-1.902012
43.131 2 INS -5831 -11668 -493169472 1389361 -204472 -815589952 15482 3220 8098
43.131 2 GPS_INT 0 0 0 404513736 -37290420 706147 655911 0 0 0 71 17 292831750 136 17 3 1
43.132 2 ATTITUDE -1.791985 1.740295 -1.445621
43.146 2 INS -5831 -11668 -493189280 1389361 -204472 -815341824 23616 -2924 8328
43.178 2 ATTITUDE -1.77912 1.727103 -1.439244
43.194 2 INS -5831 -11668 -493209184 1389361 -204472 -815068608 12278 2649 9928
43.211 2 GPS 3 43818061 447811231 3504 655911 268 36 2395 292831750 30 0
43.226 2 ATTITUDE -1.785418 1.729226 -1.437947
43.242 2 INS -5831 -11668 -493229024 1389361 -204472 -814825664 10929 -5166 4567
43.306 2 ROTORCRAFT_FP -11668 -5831 493232992 -204472 1389361 814751360 -7145 -5867 6891 0 0 0 0 4215 0
43.307 2 GPS_INT 0 0 0 404513736 -37290420 706147 655911 0 0 0 71 17 292831750 136 17 3 1
43.307 2 ALIVE 122,195,7,233,5,247,195,75,60,187,26,129,128,90,246,93
43.307 2 ATTITUDE -1.762391 1.684812 -1.434083
43.308 2 WP_MOVED_ENU 6 -5542 -2380 -87
43.308 2 WP_MOVED_ENU 6 -5542 -2380 -87
43.308 2 INS -5675 -11696 -493248864 1426062 -309329 -814508736 24624 79 13029
43.322 2 ATTITUDE -1.7654 1.689271 -1.437437
43.354 2 INS -5675 -11696 -493268736 1426062 -309329 -814257856 12181 -123 14001
43.370 2 ATTITUDE -1.74322 1.671146 -1.449128
43.402 2 INS -5675 -11696 -493288608 1426062 -309329 -813992064 9331 10330 14338
43.428 2 GPS_INT 0 0 0 404513791 -37290434 706109 655873 0 0 0 70 17 292832000 136 17 3 1
43.428 2 ATTITUDE -1.760924 1.684223 -1.44826
43.469 2 INS -5675 -11696 -493308448 1426062 -309329 -813738368 15020 9968 14799
43.469 2 ENERGY 44 7.206035 2.125 15.312823 7.829277 0.276857 2.075997
43.469 2 GPS 3 43818049 447811292 3491 655873 279 18 2395 292832000 30 0
43.470 2 ATTITUDE -1.786648 1.69595 -1.445759
43.580 2 GVF_PARAMETRIC 5 1 0.145797 6.,-10.898438,12.269531,15.839844,-9.296875,0.007812,32.308594,24.65625,0.,0.,0.,0.,0.,0.,0.,0. -2.5992,-1.849159
43.581 2 INS -5524 -11740 -493328320 1457519 -204472 -813456448 14827 1573 15702
43.582 2 ROVER_CTRL 2.5 0.034804 3890.123779 -2.440784 1400. 600. 1000. 1040.319092 48.726082 1.28746 2.465196 0.
43.583 2 ROTORCRAFT_FP -11740 -5524 493332320 -204472 1457519 813429184 -7360 -5943 7002 0 0 0 0 4215 0
43.584 2 DL_VALUE 52 0.5
43.584 2 ATTITUDE -1.789266 1.696438 -1.451271
43.585 2 INS -5524 -11740 -493348192 1457519 -204472 -813178944 19198 2183 14957
43.585 2 SERIAL_COM 894 -6014 25750 6874 0 0 0 14 285 80 76 0 0 0 0 0
43.586 2 GPS_INT 0 0 0 404513844 -37290454 706127 655892 0 0 0 69 17 292832250 166 17 3 1
43.587 2 ATTITUDE -1.811914 1.710071 -1.456328
43.608 2 INS -5524 -11740 -493368032 1457519 -204472 -812981760 20409 -2476 12356
43.608 2 GPS_SOL 69 17 166 17
43.624 2 ATTITUDE -1.734913 1.62125 -1.455763
43.656 2 INS -5524 -11740 -493387872 1457519 -204472 -812713536 18350 2864 18378
43.672 2 ATTITUDE -1.681038 1.567718 -1.451991
43.672 2 ROTORCRAFT_NAV_STATUS 677 677 0. 0. 5 0 1
43.703 2 IMU_MAG_RAW 255 0 0 0
43.703 2 INS -5524 -11740 -493407712 1457519 -204472 -812454400 15210 -3051 11002
43.703 2 GPS 3 43818033 447811351 3507 655892 282 16 2395 292832250 30 0
43.729 2 GPS_INT 0 0 0 404513844 -37290454 706127 655892 0 0 0 69 17 292832250 166 17 3 1
43.729 2 ATTITUDE -1.641488 1.519545 -1.444357
43.745 2 INS -5352 -11763 -493427552 1468005 -178257 -812212544 13085 -42 5836
43.773 2 ROTORCRAFT_FP -11763 -5352 493431520 -178257 1468005 812150592 -6797 -5908 6263 0 0 0 0 4170 0
43.773 2 DATALINK_REPORT 3 186 62324 3110 0 11
43.773 2 ATTITUDE -1.637073 1.513777 -1.439675
43.805 2 INS -5352 -11763 -493447360 1468005 -178257 -811945088 29778 -4815 14251
43.922 2 STATIC_CONTROL 0 0. 0 0. 0. 0. 0. 0. 0. 0. 0. 0. 0.
43.922 2 ATTITUDE -1.715137 1.567043 -1.437031
43.922 2 INS -5352 -11763 -493467168 1468005 -178257 -811683840 24892 -2954 6250
43.923 2 GPS_INT 0 0 0 404513904 -37290464 706103 655867 0 0 0 69 16 292832500 136 17 3 1
43.923 2 ATTITUDE -1.782403 1.629269 -1.441524
43.923 2 GVF_PARAMETRIC 5 1 0.14532 0.,0.2,0.2,0.841242,0.841242,0.05,32.308594,24.65625,0.,0.,0.,0.,0.,0.,0.,0. -2.616665,-1.733158
43.924 2 INS -5352 -11763 -493487008 1468005 -178257 -811461696 20318 -5881 9733
43.924 2 ATTITUDE -1.707284 1.552337 -1.444611
43.954 2 INS -5352 -11763 -493506816 1468005 -178257 -811183040 25962 -8890 14800
43.954 2 GPS 3 43818025 447811418 3520 655867 282 15 2395 292832500 30 0
43.963 2 LINK_REPORT 2 -1 44 0 132087 2965 0 3206. 72. 8 22.75
43.970 2 ATTITUDE -1.77074 1.615215 -1.446599
44.061 2 INS -5171 -11788 -493526656 1520433 -167772 -810900736 20768 -4315 16756
44.061 2 ROVER_CTRL 2.5 0.034804 3890.123779 -2.440784 1400. 600. 1000. 1040.319092 48.726082 1.28746 2.465196 0.
44.062 2 ROTORCRAFT_FP -11788 -5171 493530624 -167772 1520433 810804928 -7319 -5948 6686 0 0 0 0 3405 0
44.062 2 GPS_INT 0 0 0 404513968 -37290476 706197 655961 0 0 0 68 14 292832750 136 18 3 1
44.062 2 ATTITUDE -1.81936 1.659334 -1.448305
44.062 2 INS -5171 -11788 -493546496 1530919 -173014 -810643968 20296 -806 14924
44.063 2 SERIAL_COM 894 1160 12495 10801 0 0 0 14 285 80 76 0 0 0 0 0
44.063 2 ATTITUDE -1.680604 1.514419 -1.449408
44.093 2 INS -5171 -11788 -493566336 1530919 -173014 -810384832 10730 2075 17818
44.124 2 ATTITUDE -1.568466 1.396637 -1.454241
44.141 2 INS -5171 -11788 -493586144 1530919 -173014 -810024320 20759 -1634 18824
44.171 2 GPS_INT 0 0 0 404513968 -37290476 706197 655961 0 0 0 68 14 292832750 136 18 3 1
44.171 2 ATTITUDE -1.581201 1.405095 -1.453201
44.213 2 INS -5171 -11788 -493605984 1530919 -173014 -809772096 18641 -5894 13079
44.213 2 GPS 3 43818015 447811489 3530 655961 294 26 2395 292832750 30 0
44.213 2 ATTITUDE -1.558819 1.370684 -1.454969
44.245 2 INS -5171 -11788 -493625760 1530919 -173014 -809492928 9490 607 9161
44.271 2 ROTORCRAFT_FP -11788 -5171 493629728 -173014 1530919 809417280 -6384 -5961 5604 0 0 0 0 2610 0
44.271 2 ATTITUDE -1.561983 1.362794 -1.452842
44.335 2 GVF_PARAMETRIC 5 1 0.144869 -6.,-34.859375,-45.699219,-22.828125,-21.648438,-0.449219,0.71875,17.71875,0.,0.,0.,0.,0.,0.,0.,0. -2.617725,-1.672791
44.336 2 INS -4981 -11814 -493645536 1405090 -230686 -809160448 17534 -379 20930
44.336 2 GPS_INT 0 0 0 404514034 -37290488 706202 655966 0 0 0 67 14 292833000 122 19 3 1
44.336 2 ATTITUDE -1.645472 1.449272 -1.451389
44.351 2 INS -4981 -11814 -493665280 1410333 -241172 -808905920 16050 -5959 11835
44.351 2 ROVER_STATUS 0 57 3 0 1 895 7.612257
44.366 2 ATTITUDE -1.542806 1.353208 -1.45469
44.398 2 INS -4981 -11814 -493685024 1410333 -241172 -808593600 12796 -1651 15490
44.415 2 ATTITUDE -1.491649 1.296348 -1.454357
44.456 2 INS -4981 -11814 -493704736 1410333 -241172 -808290048 35007 -13360 16535
44.457 2 GPS 3 43818006 447811562 3519 655966 273 9 2395 292833000 30 0
44.536 2 GPS_INT 0 0 0 404514034 -37290488 706202 655966 0 0 0 67 14 292833000 122 19 3 1
44.536 2 ATTITUDE -1.561037 1.355312 -1.456268
44.536 2 IMU_MAG_RAW 255 0 0 0
44.536 2 INS -4805 -11850 -493724448 1352661 -293601 -808036992 3169 798 5832
44.537 2 ROVER_CTRL 2.5 0.034804 3890.123779 -2.440784 1400. 600. 1000. 1040.319092 48.726082 1.28746 2.465196 0.
44.537 2 ROTORCRAFT_FP -11850 -4805 493728384 -293601 1352661 807936320 -5993 -5966 5191 0 0 0 0 2580 0
44.537 2 ATTITUDE -1.45499 1.251984 -1.460456
44.551 2 INS -4805 -11850 -493744160 1352661 -293601 -807683136 16508 -5316 10788
44.552 2 SERIAL_COM 895 -1651 12796 15490 0 0 0 14 286 80 76 0 0 0 0 0
44.567 2 ATTITUDE -1.381364 1.164341 -1.456452
44.583 2 WP_MOVED_ENU 7 -115 2 -89
44.584 2 WP_MOVED_ENU 7 -115 2 -89
44.600 2 INS -4805 -11850 -493763904 1352661 -293601 -807370304 10290 -4657 6323
44.617 2 GPS_INT 0 0 0 404514096 -37290504 706104 655868 0 0 0 66 13 292833250 119 18 3 1
44.618 2 ATTITUDE -1.372582 1.150776 -1.457918
44.648 2 INS -4805 -11850 -493783584 1352661 -293601 -807055424 14604 1099 7153
44.664 2 ATTITUDE -1.377833 1.158839 -1.459687
44.728 2 GVF_PARAMETRIC 5 1 0.144341 6.,-10.898438,12.269531,15.839844,-9.296875,0.007812,32.308594,24.65625,0.,0.,0.,0.,0.,0.,0.,0. -2.632686,-1.541699
44.728 2 INS -4805 -11850 -493803264 1352661 -293601 -806745280 21839 -8830 14849
44.728 2 GPS 3 43817993 447811631 3499 655868 265 9 2395 292833250 30 0
44.729 2 ATTITUDE -1.399961 1.15937 -1.465946
44.743 2 INS -4646 -11878 -493822976 1184889 -152043 -806402112 20535 -4224 18365
44.781 2 ROTORCRAFT_FP -11878 -4646 493826912 -152043 1184889 806338048 -6090 -6021 5074 0 0 0 0 2610 0
44.781 2 GPS_INT 0 0 0 404514152 -37290517 706087 655851 0 0 0 65 13 292833500 119 17 3 1
44.781 2 ATTITUDE -1.583982 1.33721 -1.473483
44.810 2 INS -4646 -11878 -493842656 1184889 -152043 -806162368 24862 -7467 16626
44.811 2 STATIC_CONTROL 0 0. 0 0. 0. 0. 0. 0. 0. 0. 0. 0. 0.
44.811 2 ATTITUDE -1.633352 1.399117 -1.485871
44.842 2 INS -4646 -11878 -493862336 1184889 -152043 -805893248 15405 -5378 10534
44.858 2 ATTITUDE -1.428475 1.197599 -1.489173
44.890 2 INS -4646 -11878 -493882016 1184889 -152043 -805568640 14986 -1571 9695
44.919 2 GPS_INT 0 0 0 404514152 -37290517 706087 655851 0 0 0 65 13 292833500 119 17 3 1
44.919 2 ATTITUDE -1.313067 1.073851 -1.491651
44.950 2 INS -4646 -11878 -493901696 1184889 -152043 -805238592 24523 -7762 25409
44.951 2 GPS 3 43817982 447811693 3512 655851 229 4 2395 292833500 30 0
44.964 2 LINK_REPORT 2 -1 45 0 135062 3031 0 2975. 66. 8 22.75
44.966 2 ATTITUDE -1.251902 1.010755 -1.501842
45.032 2 INS -4646 -11878 -493921344 1184889 -152043 -804998912 20055 -8698 12531
45.033 2 ROVER_CTRL 2.5 0.034804 3890.123779 -2.440784 1400. 600. 1000. 1040.319092 48.726082 1.28746 2.465196 0.
45.033 2 ROTORCRAFT_FP -11901 -4505 493925376 -235929 1090518 804883136 -4515 -6162 3517 0 0 0 0 2610 0
45.034 2 ATTITUDE -1.149664 0.899792 -1.509418
45.058 2 INS -4505 -11901 -493941024 1090518 -235929 -804642624 22477 -8244 10544
45.059 2 SERIAL_COM 895 -6499 20601 17409 0 0 0 14 286 80 76 0 0 0 0 0
45.074 2 GPS_INT 0 0 0 404514202 -37290528 705992 655756 0 0 0 64 12 292833750 118 19 3 1
45.074 2 ATTITUDE -1.207883 0.946494 -1.503528
45.115 2 GVF_PARAMETRIC 5 1 0.143875 0.,0.2,0.2,0.841242,0.841242,0.05,32.308594,24.65625,0.,0.,0.,0.,0.,0.,0.,0. -2.644309,-1.435506
45.115 2 INS -4505 -11901 -493960672 1090518 -235929 -804375680 16366 -2295 11056
45.115 2 DL_VALUE 53 0.2
45.115 2 ATTITUDE -1.328491 1.060242 -1.503602
45.146 2 INS -4505 -11901 -493980320 1090518 -235929 -803999936 17139 -3906 11821
45.162 2 ATTITUDE -1.682913 1.411589 -1.506505
45.204 2 INS -4505 -11901 -493999968 1090518 -235929 -803783488 19897 -7398 2439
45.205 2 GPS 3 43817973 447811749 3496 655756 213 3 2395 292833750 30 0
45.230 2 GPS_INT 0 0 0 404514202 -37290528 705992 655756 0 0 0 64 12 292833750 118 19 3 1
45.231 2 ATTITUDE -1.737912 1.463067 -1.512233
45.246 2 INS -4505 -11901 -494019616 1090518 -235929 -803492416 20032 -617 6939
45.272 2 ROTORCRAFT_FP -11901 -4505 494023552 -235929 1090518 803439488 -6940 -6207 5764 0 0 0 0 2610 0
45.273 2 ATTITUDE -1.595348 1.309023 -1.515462
45.273 2 ROTORCRAFT_NAV_STATUS 679 679 0. 0. 5 0 1
45.288 2 IMU_MAG_RAW 255 0 0 0
45.288 2 INS -4395 -11921 -494039232 823131 -131071 -803136704 15789 -1982 16270
45.320 2 ATTITUDE -1.640851 1.349708 -1.513529
45.336 2 INS -4395 -11921 -494058848 823131 -131071 -802859200 19458 -10478 8609
45.367 2 GPS_INT 0 0 0 404514241 -37290538 705992 655756 0 0 0 64 13 292834000 166 18 3 1
45.368 2 ATTITUDE -1.461033 1.173251 -1.506774
45.399 2 INS -4395 -11921 -494078464 823131 -131071 -802508288 13190 -4162 11582
45.415 2 ATTITUDE -1.503719 1.201013 -1.485046
45.447 2 INS -4395 -11921 -494097984 823131 -131071 -802214912 17853 -8838 6067
45.447 2 GPS 3 43817965 447811792 3501 655756 160 7 2395 292834000 30 0
45.463 2 ATTITUDE -1.305365 0.983987 -1.459923
45.572 2 GVF_PARAMETRIC 5 1 0.143526 -6.,-34.859375,-45.699219,-22.828125,-21.648438,-0.449219,0.71875,17.71875,0.,0.,0.,0.,0.,0.,0.,0. -2.645632,-1.40159
45.573 2 INS -4298 -11939 -494117536 723516 -141557 -801832128 11905 -2351 13225
45.574 2 ROVER_CTRL 2.5 0.034804 3890.123779 -2.440784 1400. 600. 1000. 1040.319092 48.726082 1.28746 2.465196 0.
45.575 2 ROTORCRAFT_FP -11939 -4298 494121440 -141557 723516 801777536 -5528 -5913 4199 0 0 0 0 2610 0
45.575 2 GPS_INT 0 0 0 404514275 -37290546 705893 655658 0 0 0 63 14 292834250 127 18 3 1
45.576 2 ATTITUDE -1.376012 1.046651 -1.433821
45.576 2 PONG 
45.576 2 INS -4298 -11939 -494137088 728759 -141557 -801530048 19630 -4416 11452
45.576 2 SERIAL_COM 896 -14943 20299 16257 0 0 0 14 287 80 76 0 0 0 0 0
45.576 2 ATTITUDE -1.433091 1.114482 -1.407779
45.586 2 INS -4298 -11939 -494156608 728759 -141557 -801193792 17925 -11203 12849
45.602 2 GPS_SOL 63 14 127 18
45.618 2 ATTITUDE -1.49353 1.160906 -1.380233
45.650 2 INS -4298 -11939 -494176128 728759 -141557 -800862464 21781 -5534 16060
45.666 2 GPS_INT 0 0 0 404514275 -37290546 705893 655658 0 0 0 63 14 292834250 127 18 3 1
45.667 2 ATTITUDE -1.511464 1.17097 -1.35077
45.698 2 INS -4298 -11939 -494195680 728759 -141557 -800563584 24080 -16332 21417
45.698 2 GPS 3 43817959 447811830 3498 655658 142 -7 2395 292834250 30 0
45.714 2 ATTITUDE -1.519498 1.187165 -1.317618
45.746 2 INS -4298 -11939 -494215200 728759 -141557 -800238656 13540 -4617 10163
45.772 2 ROTORCRAFT_FP -11952 -4229 494219104 47185 650116 800197888 -6338 -5326 4909 0 0 0 0 2610 0
45.772 2 STATE_FILTER_STATUS 6 3 0
45.773 2 ATTITUDE -1.537708 1.179108 -1.289621
45.788 2 INS -4229 -11952 -494234720 650116 52428 -799949120 12819 -5895 10695
45.827 2 STATIC_CONTROL 0 0. 0 0. 0. 0. 0. 0. 0. 0. 0. 0. 0.
45.827 2 GPS_INT 0 0 0 404514299 -37290551 705825 655589 0 0 0 63 14 292834500 127 18 3 1
45.828 2 ATTITUDE -1.513376 1.138986 -1.264851
45.853 2 INS -4229 -11952 -494254240 650116 52428 -799630272 16624 -4954 9709
45.853 2 ROVER_STATUS 0 57 3 0 1 896 7.656412
45.869 2 ATTITUDE -1.531758 1.148387 -1.233101
45.869 2 WP_MOVED_ENU 8 184 8271 -87
45.885 2 WP_MOVED_ENU 8 184 8271 -87
45.922 2 GVF_PARAMETRIC 5 1 0.143241 6.,-10.898438,12.269531,15.839844,-9.296875,0.007812,32.308594,24.65625,0.,0.,0.,0.,0.,0.,0.,0. -2.652701,-1.343777
45.923 2 INS -4229 -11952 -494273760 650116 52428 -799313600 11979 -322 9957
45.923 2 ATTITUDE -1.52038 1.162327 -1.211698
45.951 2 INS -4229 -11952 -494293280 650116 52428 -798999936 12264 -18298 17281
45.951 2 GPS 3 43817955 447811857 3570 655589 125 2 2395 292834500 30 0
45.965 2 LINK_REPORT 2 -1 46 0 138160 3102 0 3098. 71. 9 129.46
45.977 2 GPS_INT 0 0 0 404514299 -37290551 705825 655589 0 0 0 63 14 292834500 127 18 3 1
45.977 2 ALIVE 122,195,7,233,5,247,195,75,60,187,26,129,128,90,246,93
45.978 2 ATTITUDE -1.508662 1.123834 -1.200887
46.030 2 INS -4229 -11952 -494312800 650116 52428 -798639552 14774 -7051 15065
46.030 2 ROVER_CTRL 2.5 0.034804 3890.123779 -2.440784 1400. 600. 1000. 1040.319092 48.726082 1.28746 2.465196 0.
46.031 2 ROTORCRAFT_FP -11937 -4172 494316704 78643 492830 798592512 -6295 -4887 4579 0 0 0 0 2610 0
46.031 2 ATTITUDE -1.543768 1.104132 -1.181433
46.057 2 INS -4172 -11937 -494332320 492830 83886 -798374144 19269 -1683 13537
46.058 2 SERIAL_COM 896 -4058 12296 12955 0 0 0 14 287 80 76 0 0 0 0 0
46.058 2 ATTITUDE -1.558085 1.089027 -1.165785
46.072 2 IMU_MAG_RAW 255 0 0 0
46.089 2 INS -4172 -11937 -494351840 492830 83886 -798105472 16980 -4880 13477
46.115 2 GPS_INT 0 0 0 404514319 -37290544 705675 655439 0 0 0 62 14 292834750 127 18 3 1
46.115 2 ATTITUDE -1.571193 1.091344 -1.166563
46.147 2 INS -4172 -11937 -494371360 492830 83886 -797865024 16121 -5845 8053
46.162 2 ATTITUDE -1.543014 1.055094 -1.162563
46.191 2 BLOCK 4 2
46.195 2 INS -4172 -11937 -494390848 492830 83886 -797589440 19566 -10603 15567
46.195 2 GPS 3 43817961 447811879 20 655439 96 -3 2395 292834750 30 0
46.217 2 ATTITUDE -1.518558 1.028259 -1.159632
46.242 2 INS -4172 -11937 -494410336 492830 83886 -797267392 19916 -11652 13738
46.280 2 ROTORCRAFT_FP -11937 -4172 494414240 83886 492830 797204800 -6232 -4749 4197 0 0 0 0 2610 0
46.280 2 GPS_INT 0 0 0 404514319 -37290544 705675 655439 0 0 0 62 14 292834750 127 18 3 1
46.281 2 ATTITUDE -1.525979 1.025038 -1.156766
46.318 2 GVF_PARAMETRIC 5 1 0.14307 0.,0.2,0.2,0.841242,0.841242,0.05,32.308594,24.65625,0.,0.,0.,0.,0.,0.,0.,0. -2.643784,-1.326138
46.318 2 INS -4134 -11924 -494429824 346029 -5242 -796981440 12522 -5664 12126
46.319 2 ATTITUDE -1.531505 1.0174 -1.159683
46.334 2 INS -4134 -11924 -494449312 351272 -10485 -796670528 15858 -12721 12163
46.365 2 ATTITUDE -1.544564 1.002346 -1.165368
46.397 2 INS -4134 -11924 -494468768 351272 -10485 -796365440 15370 -4587 9782
46.413 2 GPS_INT 0 0 0 404514332 -37290538 705533 655297 0 0 0 62 18 292835000 166 18 3 1
46.414 2 ATTITUDE -1.569075 1.008772 -1.161922
46.468 2 INS -4134 -11924 -494488192 351272 -10485 -796139840 15824 -7774 6569
46.469 2 GVF 0. 0 1 1. -46.578125,-16.148438,1.237068,0.,0.,0.
46.469 2 SEGMENT -46.578125 -16.148438 0. 0.
46.470 2 GPS 3 43817966 447811893 12 655297 68 -14 2395 292835000 30 0
46.470 2 ATTITUDE -1.555548 0.990181 -1.159361
46.484 2 INS -4134 -11924 -494507616 351272 -10485 -795821504 13661 -10970 13680
46.524 2 ROVER_CTRL 2.5 0.034804 3890.123779 -2.440784 1400. 600. 1000. 1040.319092 48.726082 1.28746 2.465196 -0.
46.525 2 ROTORCRAFT_FP -11916 -4103 494511488 57671 298843 795755328 -6395 -4740 4035 0 0 0 0 2610 0
46.526 2 ATTITUDE -1.576079 0.99152 -1.155451
46.552 2 INS -4103 -11916 -494527008 298843 57671 -795552768 13256 -12573 8220
46.553 2 SERIAL_COM 897 -14216 17199 10362 0 0 0 14 288 80 76 0 0 0 0 0
46.569 2 GPS_INT 0 0 0 404514343 -37290535 705477 655241 0 0 0 61 17 292835250 120 18 3 1
46.569 2 ATTITUDE -1.597359 0.987105 -1.153146
46.584 2 INS -4103 -11916 -494546400 298843 57671 -795285376 17151 -5265 9506
46.616 2 ATTITUDE -1.597233 0.974604 -1.148358
46.632 2 INS -4103 -11916 -494565824 298843 57671 -795026944 14294 -9219 9969
46.665 2 ATTITUDE -1.568667 0.954022 -1.150774
46.699 2 INS -4103 -11916 -494585216 298843 57671 -794693952 13941 -14440 13060
46.700 2 GPS 3 43817969 447811906 67 655241 59 -11 2395 292835250 30 0
46.723 2 GPS_INT 0 0 0 404514343 -37290535 705477 655241 0 0 0 61 17 292835250 120 18 3 1
46.723 2 DL_VALUE 54 0.2
46.723 2 ATTITUDE -1.57877 0.956525 -1.146309
46.738 2 INS -4103 -11916 -494604576 298843 57671 -794407232 12768 -13191 10878
46.764 2 ROTORCRAFT_FP -11924 -4078 494608544 -20971 235929 794358464 -6518 -4684 3895 0 0 0 0 2610 0
46.765 2 ATTITUDE -1.595866 0.940544 -1.144628
46.811 2 INS -4078 -11924 -494623968 230686 -20971 -794151232 14871 -9786 9316
46.811 2 STATIC_CONTROL 0 0. 0 0. 0. 0. 0. 0. 0. 0. 0. 0. 0.
46.812 2 ATTITUDE -1.589103 0.905128 -1.148625
46.868 2 INS -4078 -11924 -494643328 230686 -20971 -793877760 16727 -9685 10136
46.870 2 GPS_INT 0 0 0 404514352 -37290538 705526 655290 0 0 0 61 16 292835500 122 19 3 1
46.871 2 ATTITUDE -1.57194 0.880907 -1.149391
46.872 2 ROTORCRAFT_NAV_STATUS 0 0 0. 0. 4 0 1
46.884 2 IMU_MAG_RAW 255 0 0 0
46.885 2 INS -4078 -11924 -494662688 230686 -20971 -793602368 15067 -12955 12857
46.915 2 ATTITUDE -1.555842 0.865771 -1.14877
46.966 2 LINK_REPORT 2 -1 47 0 141056 3168 0 2896. 66. 10 129.46
46.969 2 INS -4078 -11924 -494682048 230686 -20971 -793289344 13854 -14992 10466
46.970 2 GVF 0. 0 1 1. -46.578125,-15.929688,1.241267,0.,0.,0.
46.971 2 SEGMENT -46.578125 -15.929688 0. 0.
46.972 2 GPS 3 43817966 447811916 28 655290 45 1 2395 292835500 30 0
46.973 2 ATTITUDE -1.552726 0.848574 -1.149805
46.984 2 INS -4078 -11924 -494701408 230686 -20971 -793005888 12218 -12351 11494
47.055 2 ROVER_CTRL 2.5 0.034804 3890.123779 -2.440784 1400. 600. 1000. 1040.319092 48.726082 1.28746 2.465196 -0.
47.056 2 ROTORCRAFT_FP -11932 -4062 494705280 -5242 178257 792951232 -6352 -4717 3430 0 0 0 0 2610 0
47.057 2 GPS_INT 0 0 0 404514358 -37290542 705515 655279 0 0 0 60 15 292835750 118 20 3 1
47.057 2 ATTITUDE -1.552885 0.830489 -1.151765
47.057 2 INS -4062 -11932 -494720768 188743 -5242 -792717056 13898 -11750 11065
47.058 2 SERIAL_COM 897 -12664 14557 11498 0 0 0 14 288 80 76 0 0 0 0 0
47.058 2 ATTITUDE -1.56333 0.819828 -1.150327
47.088 2 INS -4062 -11932 -494740128 188743 -5242 -792451200 14589 -14146 9945
47.103 2 ATTITUDE -1.574012 0.81139 -1.154452
47.136 2 INS -4062 -11932 -494759488 188743 -5242 -792190656 12281 -14113 9448
47.179 2 GPS_INT 0 0 0 404514358 -37290542 705515 655279 0 0 0 60 15 292835750 118 20 3 1
47.180 2 ATTITUDE -1.582245 0.799908 -1.155727
47.180 2 WP_MOVED_ENU 9 4536 6312 -87
47.180 2 WP_MOVED_ENU 9 4536 6312 -87
47.194 2 INS -4062 -11932 -494778848 188743 -5242 -791931968 13705 -13223 11182
47.195 2 GPS 3 43817963 447811922 14 655279 36 1 2395 292835750 30 0
47.210 2 ATTITUDE -1.581261 0.782938 -1.152451
47.241 2 INS -4062 -11932 -494798176 188743 -5242 -791642816 13477 -12001 11441
47.267 2 ROTORCRAFT_FP -11932 -4062 494802048 -5242 188743 791581376 -6474 -4725 3175 0 0 0 0 2610 0
47.268 2 ATTITUDE -1.579967 0.76936 -1.15512
47.283 2 INS -4047 -11932 -494817536 83886 5242 -791350912 13463 -13107 11104
47.317 2 GPS_INT 0 0 0 404514363 -37290542 705459 655223 0 0 0 60 16 292836000 118 19 3 1
47.318 2 ATTITUDE -1.582975 0.769819 -1.156085
47.332 2 INS -4047 -11932 -494836896 78643 5242 -791069056 13347 -12795 11136
47.348 2 ROVER_STATUS 0 59 3 0 1 898 7.691736
47.364 2 ATTITUDE -1.584594 0.776407 -1.1585
47.397 2 INS -4047 -11932 -494856224 78643 5242 -790791616 12289 -13114 10350
47.413 2 ATTITUDE -1.581751 0.777485 -1.16025
47.488 2 INS -4047 -11932 -494875552 78643 5242 -790501184 12510 -13847 11298
47.488 2 GVF 0. 0 1 1. -46.609375,-15.808594,1.2438,0.,0.,0.
47.489 2 SEGMENT -46.609375 -15.808594 0. 0.
47.489 2 GPS 3 43817963 447811928 14 655223 16 -4 2395 292836000 30 0
47.490 2 GPS_INT 0 0 0 404514363 -37290542 705459 655223 0 0 0 60 16 292836000 118 19 3 1
47.491 2 ATTITUDE -1.583093 0.778921 -1.160968
47.491 2 INS -4047 -11932 -494894880 78643 5242 -790229824 12357 -14260 11126
47.525 2 ROVER_CTRL 2.5 0.034804 3890.123779 -2.440784 1400. 600. 1000. 1040.319092 48.726082 1.28746 2.465196 -0.
47.526 2 ROTORCRAFT_FP -11932 -4042 494898752 -31457 41943 790174656 -6486 -4762 3184 0 0 0 0 2610 0
47.527 2 ATTITUDE -1.584528 0.776307 -1.164511
47.551 2 INS -4042 -11932 -494914208 36700 -31457 -789963200 12505 -13681 10354
47.552 2 SERIAL_COM 898 -14744 12128 10139 0 0 0 14 289 80 76 0 0 0 0 0
47.552 2 ATTITUDE -1.586165 0.772729 -1.16663
47.598 2 INS -4042 -11932 -494933536 36700 -31457 -789694592 12567 -13866 10610
47.599 2 GPS_SOL 59 19 119 20
47.614 2 GPS_INT 0 0 0 404514365 -37290542 705397 655161 0 0 0 59 19 292836250 119 20 3 1
47.615 2 ATTITUDE -1.587784 0.770005 -1.167282
47.629 2 INS -4042 -11932 -494952800 36700 -31457 -789439680 12923 -13191 9913
47.661 2 ATTITUDE -1.586984 0.766696 -1.16867
47.662 2 IMU_MAG_RAW 255 0 0 0
47.694 2 INS -4042 -11932 -494972032 36700 -31457 -789183040 12392 -13861 8903
47.695 2 GPS 3 43817963 447811930 14 655161 10 -7 2395 292836250 30 0
47.709 2 ATTITUDE -1.588602 0.76577 -1.169694
47.741 2 INS -4042 -11932 -494991296 36700 -31457 -788933440 12266 -13778 9747
47.778 2 ROTORCRAFT_FP -11932 -4037 494995136 10485 62914 788881600 -6498 -4794 3124 0 0 0 0 2625 0
47.779 2 GPS_INT 0 0 0 404514367 -37290543 705341 655105 0 0 0 59 17 292836500 119 19 3 1
47.779 2 ATTITUDE -1.585345 0.761092 -1.170704
47.808 2 INS -4037 -11932 -495010528 62914 10485 -788672192 13165 -13838 10025
47.808 2 STATIC_CONTROL 0 0. 0 0. 0. 0. 0. 0. 0. 0. 0. 0. 0.
47.808 2 ATTITUDE -1.583887 0.759164 -1.170854
47.852 2 INS_REF 485057916 -31609623 411673221 404515786 -37285049 712727 662491 0.
47.853 2 INS -4037 -11932 -495029728 62914 10485 -788413696 12284 -13250 10124
47.854 2 ATTITUDE -1.579828 0.754973 -1.172063
47.884 2 INS -4037 -11932 -495048928 62914 10485 -788138368 11913 -13431 10023
47.911 2 GPS_INT 0 0 0 404514367 -37290543 705341 655105 0 0 0 59 17 292836500 119 19 3 1
47.912 2 ATTITUDE -1.578955 0.753082 -1.172766
47.966 2 LINK_REPORT 2 -1 48 0 144068 3238 0 3012. 70. 10 129.46
47.977 2 INS -4037 -11932 -495068160 62914 10485 -787884672 12332 -13789 9748
47.978 2 ENERGY 27 7.682905 0.425 3.265235 7.810045 0.277592 2.081517
47.980 2 GVF 0. 0 1 1. -46.609375,-15.769531,1.244552,0.,0.,0.
47.980 2 SEGMENT -46.609375 -15.769531 0. 0.
47.981 2 GPS 3 43817962 447811932 14 655105 13 -1 2395 292836500 30 0
47.982 2 ATTITUDE -1.580169 0.75169 -1.173283
48.020 2 INS -4037 -11932 -495087360 62914 10485 -787614528 12535 -13745 11019
48.020 2 ROVER_CTRL 2.5 0.034804 3890.123779 -2.440784 1400. 600. 1000. 1040.319092 48.726082 1.28746 2.465196 -0.
48.021 2 ROTORCRAFT_FP -11929 -4026 495091200 -10485 47185 787559232 -6478 -4806 3078 0 0 0 0 2625 0
48.021 2 ATTITUDE -1.582677 0.751543 -1.17353
48.064 2 INS -4026 -11929 -495106592 47185 -10485 -787351488 12333 -13882 9596
48.065 2 SERIAL_COM 898 -13745 12535 11019 0 0 0 14 289 80 76 0 0 0 0 0
48.066 2 GPS_INT 0 0 0 404514370 -37290541 705284 655048 0 0 0 58 16 292836750 133 19 3 1
48.067 2 ATTITUDE -1.583008 0.749389 -1.173415
48.079 2 INS -4026 -11929 -495125792 47185 -10485 -787086656 12645 -14254 10258
48.111 2 ATTITUDE -1.586996 0.750122 -1.17371
48.143 2 INS -4026 -11929 -495144992 47185 -10485 -786829568 12658 -13911 10518
48.159 2 ATTITUDE -1.588754 0.74984 -1.174109
48.191 2 INS -4026 -11929 -495164192 47185 -10485 -786575488 12386 -13898 9770
48.192 2 GPS 3 43817964 447811936 14 655048 10 1 2395 292836750 30 0
48.226 2 GPS_INT 0 0 0 404514370 -37290541 705284 655048 0 0 0 58 16 292836750 133 19 3 1
48.227 2 ATTITUDE -1.588889 0.748825 -1.174387
48.234 2 INS -4026 -11929 -495183392 47185 -10485 -786312256 12105 -13678 10220
48.259 2 ROTORCRAFT_FP -11929 -4026 495187232 -10485 47185 786260992 -6515 -4810 3069 0 0 0 0 2625 0
48.259 2 ATTITUDE -1.590068 0.748233 -1.174687
48.290 2 INS -4019 -11929 -495202592 15728 -15728 -786048512 12116 -13666 9792
48.306 2 DL_VALUE 55 0.841242
48.307 2 ATTITUDE -1.591046 0.748109 -1.174982
48.339 2 INS -4019 -11929 -495221728 15728 -15728 -785777792 12543 -13930 10599
48.357 2 GPS_INT 0 0 0 404514373 -37290541 705241 655006 0 0 0 58 20 292837000 133 19 3 1
48.358 2 ATTITUDE -1.595059 0.750867 -1.175359
48.387 2 INS -4019 -11929 -495240928 15728 -15728 -785523968 12153 -13944 10327
48.403 2 ATTITUDE -1.595635 0.749982 -1.175793
48.517 2 INS -4019 -11929 -495260128 15728 -15728 -785254272 12496 -13546 11134
48.517 2 GVF 0. 0 1 1. -46.597656,-15.699219,1.24583,0.,0.,0.
48.518 2 SEGMENT -46.597656 -15.699219 0. 0.
48.519 2 GPS 3 43817964 447811939 14 655006 4 -5 2395 292837000 30 0
48.520 2 ATTITUDE -1.596097 0.749793 -1.176076
48.521 2 ROTORCRAFT_NAV_STATUS 2 2 0. 0. 4 0 1
48.521 2 WP_MOVED_ENU 10 -686 -1218 -87
48.522 2 WP_MOVED_ENU 10 -686 -1218 -87
48.523 2 IMU_MAG_RAW 255 0 0 0
48.524 2 INS -4019 -11929 -495279296 15728 -15728 -784974144 12513 -13947 10740
48.525 2 ROVER_CTRL 2.5 0.034804 3890.123779 -2.440784 1400. 600. 1000. 1040.319092 48.726082 1.28746 2.465196 -0.
48.527 2 ROTORCRAFT_FP -11929 -4016 495283136 26214 15728 784923840 -6549 -4819 3076 0 0 0 0 2640 0
48.564 2 GPS_INT 0 0 0 404514374 -37290541 705238 655002 0 0 0 57 16 292837250 133 19 3 1
48.564 2 ATTITUDE -1.599185 0.75095 -1.176976
48.564 2 INS -4016 -11929 -495298464 15728 31457 -784724352 12297 -13830 10300
48.565 2 SERIAL_COM 899 -13836 12567 11113 0 0 0 14 290 80 76 0 0 0 0 0
48.565 2 ATTITUDE -1.598673 0.749378 -1.177337
48.580 2 INS -4016 -11929 -495317664 15728 31457 -784463424 12192 -14041 10157
48.612 2 ATTITUDE -1.599445 0.748966 -1.177986
48.628 2 INS -4016 -11929 -495336832 15728 31457 -784203584 12102 -14034 9984
48.670 2 GPS_INT 0 0 0 404514374 -37290541 705238 655002 0 0 0 57 16 292837250 133 19 3 1
48.671 2 ALIVE 122,195,7,233,5,247,195,75,60,187,26,129,128,90,246,93
48.671 2 ATTITUDE -1.600451 0.748429 -1.178467
48.696 2 INS -4016 -11929 -495356032 15728 31457 -783948288 12012 -14080 9879
48.697 2 GPS 3 43817964 447811940 14 655002 9 3 2395 292837250 30 0
48.711 2 ATTITUDE -1.600917 0.747573 -1.179133
48.725 2 INS -4016 -11929 -495375200 15728 31457 -783693248 12035 -14056 9890
48.758 2 ROTORCRAFT_FP -11929 -4008 495379040 0 20971 783641152 -6560 -4831 3062 0 0 0 0 2625 0
48.758 2 ATTITUDE -1.601988 0.747461 -1.179654
48.817 2 INS -4008 -11929 -495394368 31457 0 -783436544 12021 -14065 9923
48.818 2 STATIC_CONTROL 0 0. 0 0. 0. 0. 0. 0. 0. 0. 0. 0. 0.
48.818 2 GPS_INT 0 0 0 404514377 -37290540 705209 654973 0 0 0 57 16 292837500 133 20 3 1
48.819 2 ATTITUDE -1.602806 0.747263 -1.18042
48.843 2 INS -4008 -11929 -495413504 31457 0 -783181824 12031 -14058 9867
48.843 2 ROVER_STATUS 0 60 3 0 1 899 7.647581
48.844 2 DATALINK_REPORT 2 188 62678 3035 0 11
48.859 2 ATTITUDE -1.602928 0.746235 -1.181012
48.893 2 INS -4008 -11929 -495432576 31457 0 -782924736 12039 -14106 10024
48.908 2 ATTITUDE -1.602395 0.744651 -1.181607
48.962 2 INS -4008 -11929 -495451648 31457 0 -782667520 11953 -14074 9898
48.963 2 GVF 0. 0 1 1. -46.597656,-15.65625,1.246659,0.,0.,0.
48.964 2 SEGMENT -46.597656 -15.65625 0. 0.
48.965 2 GPS 3 43817965 447811943 14 654973 6 1 2395 292837500 30 0
48.967 2 LINK_REPORT 2 -1 49 0 147245 3314 0 3177. 76. 10 129.46
49.021 2 GPS_INT 0 0 0 404514377 -37290540 705209 654973 0 0 0 57 16 292837500 133 20 3 1
49.021 2 STATE_FILTER_STATUS 6 3 0
49.022 2 ATTITUDE -1.603417 0.744429 -1.182075
49.022 2 INS -4008 -11929 -495470688 31457 0 -782411904 11961 -14112 9870
49.022 2 ROVER_CTRL 2.5 0.034804 3890.123779 -2.440784 1400. 600. 1000. 1040.319092 48.726082 1.28746 2.465196 -0.
49.022 2 ROTORCRAFT_FP -11929 -4001 495474496 -15728 5242 782360128 -6568 -4843 3046 0 0 0 0 2640 0
49.023 2 ATTITUDE -1.603666 0.743338 -1.182657
49.047 2 INS -4001 -11929 -495489760 10485 -15728 -782155648 11921 -14164 9897
49.048 2 SERIAL_COM 899 -14077 12179 10149 0 0 0 14 290 80 76 0 0 0 0 0
49.048 2 ATTITUDE -1.603636 0.742059 -1.183255
49.080 2 INS -4001 -11929 -495508800 10485 -15728 -781899264 11886 -14125 9884
49.109 2 GPS_INT 0 0 0 404514379 -37290541 705159 654923 0 0 0 57 13 292837750 133 19 3 1
49.110 2 ATTITUDE -1.604201 0.741492 -1.184011
49.139 2 INS -4001 -11929 -495527872 10485 -15728 -781643840 11890 -14198 9909
49.154 2 ATTITUDE -1.604981 0.741159 -1.184522
49.187 2 INS -4001 -11929 -495546976 10485 -15728 -781387840 11900 -14181 9882
49.187 2 GPS 3 43817964 447811946 14 654923 4 1 2395 292837750 30 0
49.202 2 ATTITUDE -1.604656 0.739792 -1.185201
49.234 2 INS -4001 -11929 -495566016 10485 -15728 -781129728 11868 -14184 9942
49.271 2 ROTORCRAFT_FP -11929 -4001 495569824 -15728 10485 781077888 -6575 -4855 3030 0 0 0 0 2625 0
49.272 2 GPS_INT 0 0 0 404514379 -37290541 705159 654923 0 0 0 57 13 292837750 133 19 3 1
49.272 2 ATTITUDE -1.605513 0.739424 -1.185645
49.272 2 IMU_MAG_RAW 255 0 0 0
49.288 2 INS -3993 -11929 -495585056 0 -10485 -780873920 11800 -14203 9854
49.303 2 ATTITUDE -1.605737 0.738798 -1.186396
49.336 2 INS -3993 -11929 -495604096 0 -10485 -780618816 11792 -14186 9841
49.351 2 ATTITUDE -1.605038 0.737205 -1.187156
49.384 2 INS -3993 -11929 -495623168 0 -10485 -780364096 11752 -14282 9785
49.410 2 GPS_INT 0 0 0 404514382 -37290541 705122 654886 0 0 0 56 18 292838000 133 19 3 1
49.411 2 ATTITUDE -1.604905 0.736138 -1.187762
49.426 2 INS -3993 -11929 -495642208 0 -10485 -780107456 11793 -14254 9892
49.463 2 GVF 0. 0 1 1. -46.597656,-15.597656,1.247789,0.,0.,0.
49.464 2 SEGMENT -46.597656 -15.597656 0. 0.
49.465 2 GPS 3 43817964 447811949 14 654886 2 -3 2395 292838000 30 0
49.466 2 ATTITUDE -1.605985 0.736124 -1.188382
49.479 2 INS -3993 -11929 -495661248 0 -10485 -779850048 11743 -14265 9808
49.517 2 ROVER_CTRL 2.5 0.034804 3890.123779 -2.440784 1400. 600. 1000. 1040.319092 48.726082 1.28746 2.465196 -0.
49.518 2 ROTORCRAFT_FP -11929 -3993 495665056 -10485 0 779798464 -6581 -4867 3013 0 0 0 0 2625 0
49.518 2 ATTITUDE -1.606894 0.735257 -1.188777
49.542 2 BLOCK 3 2
49.544 2 INS -3988 -11932 -495680288 5242 5242 -779598336 11783 -14266 9682
49.544 2 SERIAL_COM 900 -14151 12010 10122 0 0 0 14 291 80 76 0 0 0 0 0
49.571 2 GPS_INT 0 0 0 404514384 -37290542 705123 654888 0 0 0 56 17 292838250 133 20 3 1
49.572 2 ATTITUDE -1.607428 0.734867 -1.189397
49.586 2 INS -3988 -11932 -495699328 5242 5242 -779340992 11846 -14352 9893
49.586 2 GPS_SOL 56 17 133 20
49.603 2 ATTITUDE -1.608824 0.735219 -1.190176
49.635 2 INS -3988 -11932 -495718336 5242 5242 -779092736 11923 -14448 9962
49.651 2 ATTITUDE -1.608397 0.733994 -1.19081
49.693 2 INS -3988 -11932 -495737376 5242 5242 -778839552 11886 -14379 10024
49.694 2 GPS 3 43817963 447811951 14 654888 3 2 2395 292838250 30 0
49.729 2 GPS_INT 0 0 0 404514384 -37290542 705123 654888 0 0 0 56 17 292838250 133 20 3 1
49.730 2 ATTITUDE -1.609435 0.734133 -1.191453
49.733 2 INS -3988 -11932 -495756416 5242 5242 -778581376 11874 -14290 9955
49.759 2 ROTORCRAFT_FP -11934 -3980 495760224 -20971 0 778525696 -6585 -4882 3000 0 0 0 0 2640 0
49.760 2 ATTITUDE -1.608696 0.732742 -1.192168
49.760 2 WP_MOVED_ENU 11 -10526 6699 -87
49.760 2 WP_MOVED_ENU 11 -10526 6699 -87
49.775 2 INS -3980 -11934 -495775456 0 -20971 -778309760 11778 -14425 10303
49.804 2 STATIC_CONTROL 0 0. 0 0. 0. 0. 0. 0. 0. 0. 0. 0. 0.
49.804 2 ATTITUDE -1.608139 0.7312 -1.193026
49.837 2 INS -3980 -11934 -495794496 0 -20971 -778050368 11836 -14429 9904
49.853 2 GPS_INT 0 0 0 404514386 -37290544 705146 654910 0 0 0 56 12 292838500 133 18 3 1
49.854 2 ATTITUDE -1.608973 0.730915 -1.193664
49.887 2 INS -3980 -11934 -495813504 0 -20971 -777794816 11707 -14387 9910
49.900 2 DL_VALUE 56 0.841242
49.900 2 ATTITUDE -1.608974 0.729447 -1.194163
49.964 2 INS -3980 -11934 -495832544 0 -20971 -777539648 11618 -14418 9822
49.965 2 GVF 229.545013 1 1 1. -1.08,-14.42,3.,3.,0.,2.
49.967 2 CIRCLE -1.08 -14.42 3.
49.967 2 GPS 3 43817962 447811953 14 654910 4 0 2395 292838500 30 0
49.968 2 ATTITUDE -1.610317 0.729183 -1.194559
49.968 2 LINK_REPORT 2 -1 50 0 150244 3385 0 2999. 71. 11 129.46
50.054 2 INS -3980 -11934 -495851584 0 -20971 -777285632 11662 -14457 9958
50.055 2 ROVER_CTRL 2.5 0.034804 3890.123779 -2.440784 1400. 600. 1000. 1040.319092 48.726082 1.28746 2.465196 -0.021953
50.056 2 ROTORCRAFT_FP -11934 -3980 495855392 -20971 0 777234368 -6601 -4893 2988 0 0 0 0 2625 0
50.056 2 GPS_INT 0 0 0 404514386 -37290544 705146 654910 0 0 0 56 12 292838500 133 18 3 1
50.057 2 ATTITUDE -1.611349 0.72903 -1.195101
50.057 2 INS -3978 -11947 -495870624 -52428 -10485 -777029312 11756 -14378 10485
50.057 2 SERIAL_COM 900 -14407 11813 10075 0 0 0 14 291 80 76 0 0 0 0 0
50.057 2 ATTITUDE -1.611091 0.728014 -1.19586
50.058 2 ROTORCRAFT_NAV_STATUS 1 1 0. 0. 3 0 2
50.070 2 IMU_MAG_RAW 255 0 0 0
50.086 2 INS -3978 -11947 -495889600 -52428 -10485 -776774400 11688 -14390 10033
50.102 2 ATTITUDE -1.611185 0.727088 -1.196552
50.135 2 INS -3978 -11947 -495908544 -52428 -10485 -776515392 11725 -14334 10157
50.153 2 GPS_INT 0 0 0 404514387 -37290549 705214 654978 0 0 0 55 18 292838750 133 19 3 1
50.154 2 ATTITUDE -1.612072 0.72694 -1.197199
50.193 2 INS -3978 -11947 -495927488 -52428 -10485 -776253504 11713 -14413 10127
50.194 2 GPS 3 43817957 447811955 14 654978 9 10 2395 292838750 30 0
50.195 2 ATTITUDE -1.612289 0.726036 -1.19791
50.230 2 INS -3978 -11947 -495946400 -52428 -10485 -775994752 11614 -14534 9982
50.254 2 ROTORCRAFT_FP -11947 -3978 495950176 -10485 -52428 775942528 -6604 -4908 2971 0 0 0 0 2640 0
50.255 2 ATTITUDE -1.612754 0.725311 -1.198609
50.284 2 INS -3975 -11952 -495965280 26214 -5242 -775738688 11577 -14546 9941
50.301 2 GPS_INT 0 0 0 404514389 -37290551 705287 655051 0 0 0 55 17 292839000 129 19 3 1
50.302 2 ATTITUDE -1.612937 0.724047 -1.199195
50.333 2 INS -3975 -11952 -495984160 26214 -10485 -775484864 11510 -14455 9853
50.333 2 ROVER_STATUS 0 60 3 0 1 901 7.691736
50.351 2 ATTITUDE -1.613322 0.723341 -1.19984
50.383 2 INS -3975 -11952 -496003040 26214 -10485 -775226240 11557 -14497 10141
50.397 2 ATTITUDE -1.612925 0.72185 -1.200534
50.512 2 INS -3975 -11952 -496021920 26214 -10485 -774968192 11510 -14494 9998
50.513 2 GVF 230.252228 1 1 1. -1.08,-14.42,3.,3.,0.,2.
50.513 2 CIRCLE -1.08 -14.42 3.
50.513 2 GPS 3 43817956 447811957 14 655051 5 3 2395 292839000 30 0
50.514 2 GPS_INT 0 0 0 404514389 -37290551 705287 655051 0 0 0 55 17 292839000 129 19 3 1
50.514 2 ATTITUDE -1.612468 0.720426 -1.201302
50.514 2 INS -3975 -11952 -496040800 26214 -10485 -774711872 11478 -14491 9944
50.514 2 PONG 
50.515 2 ROVER_CTRL 2.5 0.034804 3890.123779 -2.440784 1400. 600. 1000. 1040.319092 48.726082 1.28746 2.465196 -0.02192
50.515 2 ROTORCRAFT_FP -11952 -3975 496044608 -10485 26214 774659712 -6607 -4921 2951 0 0 0 0 2640 0
50.516 2 ATTITUDE -1.613276 0.720071 -1.201842
50.539 2 INS -3965 -11957 -496059712 36700 20971 -774454784 11493 -14502 9977
50.540 2 SERIAL_COM 901 -14497 11557 10141 0 0 0 14 292 80 76 0 0 0 0 0
50.555 2 ATTITUDE -1.613844 0.719022 -1.20225
50.572 2 INS -3965 -11957 -496078592 36700 20971 -774197696 11479 -14559 9998
50.603 2 GPS_INT 0 0 0 404514392 -37290554 705321 655085 0 0 0 55 17 292839250 129 20 3 1
50.604 2 ATTITUDE -1.614184 0.718109 -1.202904
50.634 2 INS -3965 -11957 -496097472 36700 20971 -773940736 11419 -14536 9915
50.652 2 ATTITUDE -1.613932 0.716559 -1.203584
50.694 2 INS -3965 -11957 -496116352 36700 20971 -773684480 11464 -14554 9967
50.695 2 GPS 3 43817953 447811960 14 655085 9 -2 2395 292839250 30 0
50.696 2 ATTITUDE -1.613173 0.71487 -1.204203
50.727 2 INS -3965 -11957 -496135200 36700 20971 -773427008 11472 -14565 9959
50.762 2 ROTORCRAFT_FP -11957 -3965 496139008 20971 36700 773374784 -6611 -4933 2928 0 0 0 0 2640 0
50.763 2 GPS_INT 0 0 0 404514392 -37290554 705321 655085 0 0 0 55 17 292839250 129 20 3 1
50.763 2 ATTITUDE -1.613934 0.714447 -1.204758
50.805 2 INS -3955 -11968 -496154080 -52428 -31457 -773170240 11390 -14589 9910
50.806 2 STATIC_CONTROL 0 0. 0 0. 0. 0. 0. 0. 0. 0. 0. 0. 0.
50.806 2 ATTITUDE -1.61412 0.713457 -1.205251
50.822 2 INS -3955 -11968 -496172960 -52428 -31457 -772914304 11355 -14622 9921
50.854 2 ATTITUDE -1.614136 0.711925 -1.205701
50.854 2 IMU_MAG_RAW 255 0 0 0
50.870 2 INS -3955 -11968 -496191840 -52428 -31457 -772656768 11412 -14624 10040
50.901 2 GPS_INT 0 0 0 404514395 -37290558 705327 655091 0 0 0 55 18 292839500 129 20 3 1
50.902 2 ATTITUDE -1.613734 0.710341 -1.206367
50.956 2 INS -3955 -11968 -496210720 -52428 -31457 -772400064 11318 -14628 9869
50.957 2 GVF 230.867554 1 1 1. -1.08,-14.42,3.,3.,0.,2.
50.958 2 CIRCLE -1.08 -14.42 3.
50.959 2 GPS 3 43817950 447811964 14 655091 11 -3 2395 292839500 30 0
50.960 2 ATTITUDE -1.6143 0.709785 -1.20704
50.970 2 LINK_REPORT 2 -1 51 0 153194 3454 0 2950. 69. 12 67.51
50.972 2 INS -3955 -11968 -496229568 -52428 -31457 -772144448 11331 -14670 9970
51.012 2 ROVER_CTRL 2.5 0.034804 3890.123779 -2.440784 1400. 600. 1000. 1040.319092 48.726082 1.28746 2.465196 -0.021891
51.013 2 ROTORCRAFT_FP -11968 -3955 496233344 -31457 -52428 772092800 -6613 -4945 2906 0 0 0 0 2625 0
51.013 2 ATTITUDE -1.614946 0.709127 -1.207441
51.041 2 INS -3957 -11978 -496248448 -5242 -26214 -771887360 11368 -14592 10026
51.042 2 SERIAL_COM 901 -14636 11404 10047 0 0 0 14 292 80 76 0 0 0 0 0
51.079 2 GPS_INT 0 0 0 404514395 -37290563 705285 655049 0 0 0 55 19 292839750 115 19 3 1
51.080 2 ATTITUDE -1.614715 0.707887 -1.208278
51.081 2 WP_MOVED_ENU 12 760 1031 2560
51.081 2 WP_MOVED_ENU 12 760 1031 2560
51.082 2 INS -3957 -11978 -496267328 -5242 -26214 -771628736 11374 -14623 10032
51.094 2 ATTITUDE -1.615174 0.707112 -1.20869
51.127 2 INS -3957 -11978 -496286176 -5242 -26214 -771373120 11221 -14662 9858
51.142 2 ATTITUDE -1.615796 0.70634 -1.209128
51.187 2 INS -3957 -11978 -496305024 -5242 -26214 -771116800 11267 -14750 9991
51.187 2 GPS 3 43817946 447811964 14 655049 4 -14 2395 292839750 30 0
51.213 2 GPS_INT 0 0 0 404514395 -37290563 705285 655049 0 0 0 55 19 292839750 115 19 3 1
51.214 2 ATTITUDE -1.616908 0.706111 -1.209524
51.232 2 INS -3957 -11978 -496323904 -5242 -26214 -770859456 11223 -14676 9988
51.254 2 ROTORCRAFT_FP -11978 -3957 496327680 -26214 -5242 770808128 -6625 -4956 2893 0 0 0 0 2640 0
51.255 2 ATTITUDE -1.617511 0.705859 -1.210236
51.270 2 INS -3944 -11980 -496342752 -15728 5242 -770605760 11193 -14796 9750
51.302 2 ATTITUDE -1.619048 0.706247 -1.210943
51.319 2 INS -3944 -11980 -496361600 -15728 10485 -770358272 11034 -14943 9131
51.361 2 GPS_INT 0 0 0 404514399 -37290565 705300 655064 0 0 0 55 17 292840000 139 19 3 1
51.362 2 ALIVE 122,195,7,233,5,247,195,75,60,187,26,129,128,90,246,93
51.363 2 ATTITUDE -1.620074 0.705014 -1.21138
51.376 2 INS -3944 -11980 -496380384 -15728 10485 -770110528 11139 -14748 9122
51.392 2 ATTITUDE -1.622156 0.705326 -1.211883
51.459 2 INS -3944 -11980 -496399200 -15728 10485 -769841216 10896 -14721 9512
51.459 2 GVF 231.333893 1 1 1. -1.08,-14.42,3.,3.,0.,2.
51.460 2 CIRCLE -1.08 -14.42 3.
51.461 2 GPS 3 43817944 447811968 14 655064 4 -9 2395 292840000 30 0
51.461 2 ATTITUDE -1.623771 0.705477 -1.212478
51.545 2 INS -3944 -11980 -496418016 -15728 10485 -769570304 11089 -14890 9898
51.545 2 ROVER_CTRL 2.5 0.034804 3890.123779 -2.440784 1400. 600. 1000. 1040.319092 48.726082 1.28746 2.465196 -0.021869
51.545 2 ROTORCRAFT_FP -11980 -3944 496421760 10485 -15728 769519488 -6656 -4967 2890 0 0 0 0 2625 0
51.546 2 GPS_INT 0 0 0 404514399 -37290565 705300 655064 0 0 0 55 17 292840000 139 19 3 1
51.546 2 DL_VALUE 57 0.
51.546 2 ATTITUDE -1.624744 0.705006 -1.213087
51.547 2 INS -3937 -11991 -496436736 47185 0 -769312896 11085 -14755 10030
51.547 2 SERIAL_COM 902 -15075 11131 8583 0 0 0 14 293 80 76 0 0 0 0 0
51.547 2 ATTITUDE -1.624948 0.703727 -1.213541
51.577 2 INS -3937 -11991 -496455488 47185 0 -769056064 11051 -14907 9883
51.578 2 GPS_SOL 55 17 139 20
51.593 2 ATTITUDE -1.626021 0.703552 -1.214266
51.625 2 INS -3937 -11991 -496474240 47185 0 -768800064 11155 -14797 10017
51.653 2 GPS_INT 0 0 0 404514402 -37290569 705256 655020 0 0 0 55 17 292840250 139 20 3 1
51.654 2 ATTITUDE -1.625595 0.702026 -1.214957
51.654 2 ROTORCRAFT_NAV_STATUS 2 2 0. 0. 3 0 2
51.682 2 IMU_MAG_RAW 255 0 0 0
51.682 2 INS -3937 -11991 -496492992 47185 0 -768538752 11043 -14876 10079
51.683 2 GPS 3 43817941 447811971 14 655020 9 -21 2395 292840250 30 0
51.698 2 ATTITUDE -1.625989 0.701013 -1.215433
51.736 2 INS -3937 -11991 -496511712 47185 0 -768281344 11002 -14870 9938
51.747 2 ROTORCRAFT_FP -11991 -3937 496515488 0 47185 768229376 -6662 -4979 2869 0 0 0 0 2640 0
51.747 2 ATTITUDE -1.626631 0.700093 -1.215921
51.804 2 INS -3921 -11996 -496530464 5242 15728 -768025024 10984 -14889 9940
51.804 2 STATIC_CONTROL 0 0. 0 0. 0. 0. 0. 0. 0. 0. 0. 0. 0.
51.805 2 GPS_INT 0 0 0 404514407 -37290571 705254 655019 0 0 0 55 16 292840500 139 19 3 1
51.805 2 ATTITUDE -1.627072 0.699188 -1.216507
51.834 2 INS -3921 -11996 -496549184 5242 15728 -767768384 10964 -14926 9950
51.834 2 ROVER_STATUS 0 60 3 0 1 902 7.73589
51.852 2 ATTITUDE -1.626918 0.697545 -1.217074
51.883 2 INS -3921 -11996 -496567936 5242 15728 -767511872 10969 -14880 9971
51.898 2 ATTITUDE -1.627264 0.696668 -1.217685
51.971 2 LINK_REPORT 2 -1 52 0 155972 3520 0 2778. 66. 12 67.51
52.013 2 INS -3921 -11996 -496586688 5242 15728 -767253376 10953 -14914 10029
52.015 2 GVF 231.950516 1 1 1. -1.08,-14.42,3.,3.,0.,2.
52.016 2 CIRCLE -1.08 -14.42 3.
52.017 2 GPS 3 43817939 447811977 14 655019 4 -6 2395 292840500 30 0
52.018 2 GPS_INT 0 0 0 404514407 -37290571 705254 655019 0 0 0 55 16 292840500 139 19 3 1
52.019 2 ATTITUDE -1.627167 0.695487 -1.218348
52.020 2 INS -3921 -11996 -496605408 5242 15728 -766994816 10875 -14973 9976
52.020 2 ROVER_CTRL 2.5 0.034804 3890.123779 -2.440784 1400. 600. 1000. 1040.319092 48.726082 1.28746 2.465196 -0.02184
52.021 2 ROTORCRAFT_FP -11996 -3921 496609152 15728 5242 766943232 -6667 -4991 2848 0 0 0 0 2640 0
52.022 2 ATTITUDE -1.627611 0.694857 -1.218954
52.028 2 INS -3916 -12001 -496624128 -5242 15728 -766738752 10862 -14996 9934
52.029 2 SERIAL_COM 902 -14929 11064 9976 0 0 0 14 293 80 76 0 0 0 0 0
52.044 2 ATTITUDE -1.628913 0.694605 -1.219354
52.077 2 INS -3916 -12001 -496642848 -5242 15728 -766481344 10866 -14943 9985
52.103 2 GPS_INT 0 0 0 404514409 -37290574 705203 654967 0 0 0 54 16 292840750 131 18 3 1
52.103 2 ATTITUDE -1.629416 0.693404 -1.219856
52.119 2 INS -3916 -12001 -496661568 -5242 15728 -766223680 10800 -14987 9968
52.136 2 STATE_FILTER_STATUS 6 3 0
52.153 2 ATTITUDE -1.630065 0.692866 -1.220438
52.169 2 INS -3916 -12001 -496680288 -5242 15728 -765966336 10798 -15022 9966
52.185 2 GPS 3 43817936 447811979 14 654967 4 -8 2395 292840750 30 0
52.201 2 ATTITUDE -1.630155 0.692039 -1.221154
52.237 2 INS -3916 -12001 -496699008 -5242 15728 -765708544 10782 -15017 10026
52.268 2 ROTORCRAFT_FP -12001 -3916 496702752 15728 -5242 765656320 -6673 -5004 2829 0 0 0 0 2640 0
52.269 2 GPS_INT 0 0 0 404514409 -37290574 705203 654967 0 0 0 54 16 292840750 131 18 3 1
52.273 2 ATTITUDE -1.629149 0.690219 -1.221901
52.273 2 INS -3911 -12008 -496717696 -36700 15728 -765451200 10782 -15055 9908
52.300 2 ATTITUDE -1.628411 0.688712 -1.222686
52.316 2 INS -3911 -12008 -496736416 -36700 20971 -765194048 10753 -15026 9958
52.348 2 ATTITUDE -1.628939 0.688007 -1.223222
52.348 2 WP_MOVED_ENU 13 775 -1018 2560
52.364 2 WP_MOVED_ENU 13 775 -1018 2560
52.380 2 INS -3911 -12008 -496755136 -36700 20971 -764936320 10750 -15086 10015
52.408 2 GPS_INT 0 0 0 404514410 -37290577 705142 654906 0 0 0 54 12 292841000 131 19 3 1
52.409 2 ATTITUDE -1.628938 0.686452 -1.223712
52.467 2 INS -3911 -12008 -496773824 -36700 20971 -764678848 10745 -15089 9959
52.468 2 ENERGY 27 7.700567 0.425 3.272741 7.786341 0.27814 2.085742
52.469 2 GVF 232.420013 1 1 1. -1.08,-14.42,3.,3.,0.,2.
52.470 2 CIRCLE -1.08 -14.42 3.
52.470 2 GPS 3 43817934 447811980 14 654906 8 -1 2395 292841000 30 0
52.471 2 ATTITUDE -1.629385 0.685609 -1.224373
52.471 2 IMU_MAG_RAW 255 0 0 0
52.472 2 INS -3911 -12008 -496792544 -36700 20971 -764421632 10705 -15089 9976
52.508 2 ROVER_CTRL 2.5 0.034804 3890.123779 -2.440784 1400. 600. 1000. 1040.319092 48.726082 1.28746 2.465196 -0.021818
52.508 2 ROTORCRAFT_FP -12008 -3911 496796288 20971 -36700 764369792 -6678 -5015 2808 0 0 0 0 2640 0
52.509 2 ATTITUDE -1.630215 0.685114 -1.224915
52.550 2 INS -3911 -12014 -496811264 -15728 20971 -764164672 10670 -15127 9915
52.551 2 SERIAL_COM 903 -15089 10945 10067 0 0 0 14 294 80 76 0 0 0 0 0
52.551 2 GPS_INT 0 0 0 404514411 -37290579 705088 654852 0 0 0 54 16 292841250 119 18 3 1
52.552 2 ATTITUDE -1.631002 0.684376 -1.225421
52.568 2 INS -3911 -12014 -496829984 -15728 20971 -763909312 10636 -15158 9862
52.600 2 ATTITUDE -1.631364 0.683437 -1.22612
52.616 2 INS -3911 -12014 -496848640 -15728 20971 -763652480 10666 -15186 9945
52.649 2 ATTITUDE -1.631158 0.68206 -1.226763
52.681 2 INS -3911 -12014 -496867264 -15728 20971 -763392000 10739 -15154 10110
52.681 2 GPS 3 43817932 447811981 14 654852 5 -11 2395 292841250 30 0
52.707 2 GPS_INT 0 0 0 404514411 -37290579 705088 654852 0 0 0 54 16 292841250 119 18 3 1
52.708 2 ATTITUDE -1.631176 0.680468 -1.227308
52.723 2 INS -3911 -12014 -496885888 -15728 20971 -763133312 10571 -15197 9862
52.746 2 ROTORCRAFT_FP -12014 -3911 496889600 20971 -15728 763081536 -6683 -5028 2786 0 0 0 0 2640 0
52.747 2 ATTITUDE -1.631753 0.679777 -1.227989
52.793 2 INS -3904 -12021 -496904480 -20971 -52428 -762877184 10601 -15170 9927
52.794 2 STATIC_CONTROL 0 0. 0 0. 0. 0. 0. 0. 0. 0. 0. 0. 0.
52.794 2 ATTITUDE -1.632944 0.679614 -1.228562
52.825 2 INS -3904 -12021 -496923072 -20971 -52428 -762618688 10521 -15236 9987
52.841 2 GPS_INT 0 0 0 404514413 -37290583 705031 654795 0 0 0 54 13 292841500 119 19 3 1
52.842 2 ATTITUDE -1.633119 0.678262 -1.229166
52.873 2 INS -3904 -12021 -496941664 -20971 -52428 -762362112 10564 -15289 9944
52.891 2 ATTITUDE -1.633474 0.677183 -1.2298
52.907 2 INS_REF 485057916 -31609623 411673221 404515786 -37285049 712727 662491 0.
52.956 2 INS -3904 -12021 -496960256 -20971 -52428 -762105984 10606 -15189 9954
52.957 2 GVF 232.932297 1 1 1. -1.08,-14.42,3.,3.,0.,2.
52.958 2 CIRCLE -1.08 -14.42 3.
52.959 2 GPS 3 43817929 447811984 14 654795 9 0 2395 292841500 30 0
52.960 2 ATTITUDE -1.634229 0.676808 -1.230317
52.971 2 LINK_REPORT 2 -1 53 0 159170 3595 0 3198. 75. 12 67.51
53.044 2 INS -3904 -12021 -496978816 -20971 -52428 -761844224 10614 -15171 10161
53.044 2 ROVER_CTRL 2.5 0.034804 3890.123779 -2.440784 1400. 600. 1000. 1040.319092 48.726082 1.28746 2.465196 -0.021794
53.045 2 ROTORCRAFT_FP -12021 -3904 496982528 -52428 -20971 761791360 -6697 -5040 2771 0 0 0 0 2640 0
53.045 2 GPS_INT 0 0 0 404514413 -37290583 705031 654795 0 0 0 54 13 292841500 119 19 3 1
53.045 2 ATTITUDE -1.635083 0.676176 -1.230768
53.046 2 INS -3901 -12029 -496997408 31457 47185 -761585472 10542 -15287 9928
53.046 2 SERIAL_COM 903 -15264 10553 10010 0 0 0 14 294 80 76 0 0 0 0 0
53.046 2 ATTITUDE -1.635356 0.675029 -1.2314
53.077 2 INS -3901 -12029 -497015968 31457 47185 -761328896 10543 -15254 10015
53.092 2 DL_VALUE 58 0.
53.093 2 ATTITUDE -1.635602 0.673899 -1.231943
53.125 2 INS -3901 -12029 -497034528 31457 47185 -761068928 10478 -15194 10032
53.141 2 GPS_INT 0 0 0 404514415 -37290586 704976 654741 0 0 0 53 14 292841750 119 20 3 1
53.143 2 ATTITUDE -1.636197 0.673411 -1.232642
53.185 2 INS -3901 -12029 -497053088 31457 47185 -760811008 10519 -15294 10012
53.186 2 GPS 3 43817926 447811986 14 654741 12 -1 2395 292841750 30 0
53.200 2 ATTITUDE -1.635719 0.67186 -1.233311
53.217 2 INS -3901 -12029 -497071648 31457 47185 -760553344 10470 -15264 9948
53.246 2 ROTORCRAFT_FP -12029 -3901 497075360 47185 31457 760500864 -6696 -5053 2747 0 0 0 0 2640 0
53.247 2 ATTITUDE -1.635464 0.670645 -1.23394
53.275 2 ROTORCRAFT_NAV_STATUS 4 4 0. 0. 3 0 2
53.275 2 IMU_MAG_RAW 255 0 0 0
53.275 2 INS -3901 -12029 -497090208 31457 47185 -760295104 10445 -15305 9981
53.305 2 GPS_INT 0 0 0 404514416 -37290588 704897 654661 0 0 0 53 17 292842000 119 20 3 1
53.306 2 AUTOPILOT_VERSION 60200 v6.2_unstable-650-g74eaf7c20-dirty
53.306 2 ATTITUDE -1.634506 0.668855 -1.234757
53.332 2 INS -3896 -12032 -497108768 -10485 -15728 -760038656 10421 -15311 9936
53.332 2 ROVER_STATUS 0 60 3 0 1 904 7.806538
53.347 2 ATTITUDE -1.634134 0.667433 -1.23551
53.364 2 INS -3896 -12032 -497127328 -10485 -15728 -759782400 10399 -15257 9917
53.397 2 ATTITUDE -1.633394 0.665806 -1.236379
53.503 2 INS -3896 -12032 -497145888 -10485 -15728 -759522368 10479 -15253 10153
53.505 2 GVF 233.364929 1 1 1. -1.08,-14.42,3.,3.,0.,2.
53.506 2 CIRCLE -1.08 -14.42 3.
53.507 2 GPS 3 43817925 447811987 14 654661 2 -5 2395 292842000 30 0
53.509 2 GPS_INT 0 0 0 404514416 -37290588 704897 654661 0 0 0 53 17 292842000 119 20 3 1
53.510 2 ATTITUDE -1.634182 0.665154 -1.236805
53.511 2 INS -3896 -12032 -497164448 -10485 -15728 -759260992 10434 -15355 10116
53.512 2 ROVER_CTRL 2.5 0.034804 3890.123779 -2.440784 1400. 600. 1000. 1040.319092 48.726082 1.28746 2.465196 -0.021774
53.514 2 ROTORCRAFT_FP -12032 -3896 497168160 -15728 -10485 759209536 -6692 -5067 2719 0 0 0 0 2640 0
53.516 2 ATTITUDE -1.633841 0.663518 -1.237378
53.533 2 INS -3896 -12037 -497183008 -31457 -10485 -759006464 10391 -15352 9954
53.534 2 SERIAL_COM 904 -15407 10388 9755 0 0 0 14 295 80 76 0 0 0 0 0
53.536 2 ATTITUDE -1.633359 0.661999 -1.238032
53.579 2 INS -3896 -12037 -497201568 -31457 -10485 -758748288 10388 -15329 10032
53.579 2 GPS_SOL 53 14 119 20
53.595 2 GPS_INT 0 0 0 404514416 -37290591 704836 654600 0 0 0 53 14 292842250 119 20 3 1
53.595 2 ATTITUDE -1.634001 0.661292 -1.238516
53.611 2 INS -3896 -12037 -497220128 -31457 -10485 -758489920 10375 -15392 9947
53.643 2 ATTITUDE -1.63412 0.659975 -1.239078
53.644 2 WP_MOVED_ENU 14 -760 -1031 2560
53.674 2 WP_MOVED_ENU 14 -760 -1031 2560
53.675 2 INS -3896 -12037 -497238656 -31457 -10485 -758233472 10246 -15405 9961
53.675 2 GPS 3 43817922 447811987 14 654600 6 1 2395 292842250 30 0
53.690 2 ATTITUDE -1.634344 0.658654 -1.239572
53.722 2 INS -3896 -12037 -497257184 -31457 -10485 -757975360 10317 -15373 9997
53.760 2 ROTORCRAFT_FP -12037 -3896 497260896 -10485 -31457 757923008 -6698 -5078 2698 0 0 0 0 2625 0
53.761 2 GPS_INT 0 0 0 404514416 -37290591 704836 654600 0 0 0 53 14 292842250 119 20 3 1
53.762 2 ATTITUDE -1.635352 0.658375 -1.240085
53.785 2 INS -3898 -12044 -497275712 -10485 -20971 -757716608 10298 -15410 9992
53.785 2 STATIC_CONTROL 0 0. 0 0. 0. 0. 0. 0. 0. 0. 0. 0. 0.
53.786 2 ATTITUDE -1.634524 0.656547 -1.240771
53.817 2 INS -3898 -12044 -497294208 -10485 -20971 -757460352 10226 -15395 9926
53.833 2 ATTITUDE -1.634035 0.65508 -1.241461
53.865 2 INS -3898 -12044 -497312704 -10485 -20971 -757202368 10258 -15470 9993
53.893 2 GPS_INT 0 0 0 404514415 -37290594 704767 654531 0 0 0 52 16 292842500 119 20 3 1
53.894 2 ATTITUDE -1.63371 0.653851 -1.242175
53.947 2 INS -3898 -12044 -497331168 -10485 -20971 -756945344 10220 -15433 9935
53.948 2 DATALINK_REPORT 3 190 63035 2973 0 11
53.948 2 GVF 233.844894 1 1 1. -1.08,-14.42,3.,3.,0.,2.
53.949 2 CIRCLE -1.08 -14.42 3.
53.950 2 GPS 3 43817919 447811986 14 654531 4 -5 2395 292842500 30 0
53.951 2 ATTITUDE -1.633066 0.652199 -1.242924
53.964 2 INS -3898 -12044 -497349632 -10485 -20971 -756687808 10208 -15459 9937
53.972 2 LINK_REPORT 2 -1 54 0 162300 3669 0 3130. 74. 12 67.51
54.003 2 ROVER_CTRL 2.5 0.034804 3890.123779 -2.440784 1400. 600. 1000. 1040.319092 48.726082 1.28746 2.465196 -0.021751
54.003 2 ROTORCRAFT_FP -12044 -3898 497353344 -20971 -10485 756635712 -6693 -5091 2672 0 0 0 0 2640 0
54.004 2 ATTITUDE -1.63403 0.65183 -1.243483
54.029 2 INS -3896 -12049 -497368096 36700 -20971 -756429376 10237 -15488 10012
54.029 2 SERIAL_COM 904 -15459 10208 9937 0 0 0 14 295 80 76 0 0 0 0 0
54.078 2 GPS_INT 0 0 0 404514416 -37290596 704707 654471 0 0 0 52 13 292842750 119 19 3 1
54.079 2 ALIVE 122,195,7,233,5,247,195,75,60,187,26,129,128,90,246,93
54.080 2 ATTITUDE -1.634025 0.650653 -1.244152
54.080 2 IMU_MAG_RAW 255 0 0 0
54.080 2 INS -3896 -12049 -497386496 36700 -20971 -756171968 10201 -15484 9980
54.093 2 ATTITUDE -1.632905 0.648788 -1.244922
54.125 2 INS -3896 -12049 -497404960 36700 -20971 -755914688 10143 -15471 9980
54.141 2 ATTITUDE -1.632134 0.646913 -1.245504
54.173 2 INS -3896 -12049 -497423360 36700 -20971 -755657280 10194 -15506 9966
54.174 2 GPS 3 43817918 447811987 14 654471 8 -6 2395 292842750 30 0
54.200 2 GPS_INT 0 0 0 404514416 -37290596 704707 654471 0 0 0 52 13 292842750 119 19 3 1
54.201 2 ATTITUDE -1.63097 0.644892 -1.246226
54.215 2 INS -3896 -12049 -497441760 36700 -20971 -755401472 10123 -15497 9906
54.245 2 ROTORCRAFT_FP -12049 -3896 497445440 -20971 36700 755349568 -6685 -5105 2643 0 0 0 0 2640 0
54.245 2 ATTITUDE -1.632308 0.644943 -1.246775
54.261 2 INS -3896 -12049 -497460192 36700 -20971 -755143488 10139 -15501 10059
54.292 2 ATTITUDE -1.632093 0.643568 -1.247576
54.309 2 INS -3888 -12052 -497478592 10485 15728 -754886016 10118 -15544 9970
54.341 2 GPS_INT 0 0 0 404514418 -37290598 704666 654430 0 0 0 52 14 292843000 119 19 3 1
54.343 2 ATTITUDE -1.632971 0.643025 -1.248022
54.373 2 INS -3888 -12052 -497496992 10485 15728 -754630144 10022 -15523 9916
54.389 2 ATTITUDE -1.63282 0.641565 -1.248563
54.447 2 INS -3888 -12052 -497515392 10485 15728 -754372352 10006 -15517 9933
54.448 2 GVF 234.157364 1 1 1. -1.08,-14.42,3.,3.,0.,2.
54.449 2 CIRCLE -1.08 -14.42 3.
54.450 2 GPS 3 43817916 447811989 14 654430 5 1 2395 292843000 30 0
54.450 2 ATTITUDE -1.632749 0.640421 -1.249154
54.463 2 INS -3888 -12052 -497533824 10485 15728 -754114176 10053 -15553 9975
54.534 2 ROVER_CTRL 2.5 0.034804 3890.123779 -2.440784 1400. 600. 1000. 1040.319092 48.726082 1.28746 2.465196 -0.021737
54.534 2 ROTORCRAFT_FP -12052 -3888 497537504 15728 10485 754062016 -6688 -5117 2619 0 0 0 0 2640 0
54.535 2 GPS_INT 0 0 0 404514418 -37290598 704666 654430 0 0 0 52 14 292843000 119 19 3 1
54.536 2 ATTITUDE -1.632804 0.638996 -1.249705
54.536 2 INS -3888 -12060 -497552224 15728 -15728 -753856704 10011 -15573 10036
54.536 2 SERIAL_COM 905 -15582 10157 10164 0 0 0 14 296 80 76 0 0 0 0 0
54.537 2 ATTITUDE -1.633436 0.63811 -1.250276
54.565 2 INS -3888 -12060 -497570624 15728 -15728 -753599232 10040 -15526 10008
54.582 2 ATTITUDE -1.634122 0.637518 -1.250774
54.614 2 INS -3888 -12060 -497589024 15728 -15728 -753342464 9988 -15555 9971
54.641 2 GPS_INT 0 0 0 404514419 -37290601 704567 654331 0 0 0 52 16 292843250 119 18 3 1
54.642 2 ATTITUDE -1.634104 0.635888 -1.251326
54.673 2 INS -3888 -12060 -497607424 15728 -15728 -753085760 9929 -15598 9954
54.674 2 GPS 3 43817914 447811990 14 654331 5 -16 2395 292843250 30 0
54.688 2 DL_VALUE 59 0.
54.689 2 ATTITUDE -1.634598 0.635262 -1.252047
54.721 2 INS -3888 -12060 -497625824 15728 -15728 -752827200 9943 -15592 10072
54.737 2 ROTORCRAFT_FP -12060 -3888 497629504 -15728 15728 752774848 -6694 -5130 2599 0 0 0 0 2640 0
54.739 2 ATTITUDE -1.634361 0.633981 -1.252696
54.795 2 INS -3886 -12062 -497644192 -26214 -41943 -752569600 9919 -15650 10000
54.796 2 STATIC_CONTROL 0 0. 0 0. 0. 0. 0. 0. 0. 0. 0. 0. 0.
54.796 2 GPS_INT 0 0 0 404514420 -37290603 704494 654258 0 0 0 51 12 292843500 119 20 3 1
54.797 2 ATTITUDE -1.635156 0.633427 -1.253227
54.826 2 INS -3886 -12062 -497662560 -26214 -47185 -752312320 9903 -15631 9986
54.827 2 ROVER_STATUS 0 60 3 0 1 905 7.709397
54.841 2 ATTITUDE -1.63582 0.63259 -1.253756
54.842 2 ROTORCRAFT_NAV_STATUS 5 5 0. 0. 3 0 2
54.872 2 IMU_MAG_RAW 255 0 0 0
54.873 2 INS -3886 -12062 -497680928 -26214 -47185 -752054720 9866 -15666 9985
54.888 2 ATTITUDE -1.636426 0.631879 -1.254373
54.972 2 LINK_REPORT 2 -1 55 0 164979 3732 0 2679. 63. 12 67.51
55.001 2 INS -3886 -12062 -497699328 -26214 -47185 -751797632 9870 -15656 9999
55.002 2 GVF 234.555527 1 1 1. -1.08,-14.42,3.,3.,0.,2.
55.003 2 CIRCLE -1.08 -14.42 3.
55.004 2 GPS 3 43817912 447811992 14 654258 9 3 2395 292843500 30 0
55.006 2 GPS_INT 0 0 0 404514420 -37290603 704494 654258 0 0 0 51 12 292843500 119 20 3 1
55.008 2 ATTITUDE -1.636399 0.631014 -1.25508
55.008 2 WP_MOVED_ENU 15 -775 1018 2560
55.009 2 WP_MOVED_ENU 15 -775 1018 2560
55.009 2 INS -3886 -12062 -497717728 -26214 -47185 -751540288 9836 -15662 9990
55.011 2 ROVER_CTRL 2.5 0.034804 3890.123779 -2.440784 1400. 600. 1000. 1040.319092 48.726082 1.28746 2.465196 -0.021719
55.013 2 ROTORCRAFT_FP -12062 -3886 497721408 -47185 -26214 751488320 -6701 -5142 2580 0 0 0 0 2625 0
55.014 2 ATTITUDE -1.636118 0.629701 -1.25581
55.028 2 INS -3886 -12067 -497736096 0 10485 -751283200 9829 -15668 9995
55.029 2 SERIAL_COM 905 -15705 10002 10166 0 0 0 14 296 80 76 0 0 0 0 0
55.030 2 ATTITUDE -1.635887 0.628459 -1.256449
55.059 2 INS -3886 -12067 -497754464 10485 15728 -751026560 9784 -15712 9931
55.088 2 GPS_INT 0 0 0 404514420 -37290604 704419 654183 0 0 0 51 15 292843750 131 19 3 1
55.089 2 ATTITUDE -1.636453 0.628034 -1.257166
55.120 2 INS -3886 -12067 -497772832 10485 15728 -750769920 9718 -15705 9873
55.137 2 ATTITUDE -1.63596 0.626673 -1.25801
55.179 2 INS -3886 -12067 -497791168 10485 15728 -750511808 9786 -15726 10033
55.180 2 GPS 3 43817911 447811992 14 654183 4 -8 2395 292843750 30 0
55.181 2 ATTITUDE -1.635778 0.625008 -1.258502
55.211 2 INS -3886 -12067 -497809440 10485 15728 -750253888 9726 -15738 9959
55.250 2 ROTORCRAFT_FP -12067 -3886 497813088 15728 10485 750202176 -6699 -5156 2556 0 0 0 0 2625 0
55.252 2 GPS_INT 0 0 0 404514420 -37290604 704419 654183 0 0 0 51 15 292843750 131 19 3 1
55.253 2 ATTITUDE -1.635753 0.623647 -1.259184
55.265 2 INS -3886 -12067 -497827712 10485 15728 -749997568 9758 -15711 9973
55.281 2 ATTITUDE -1.634946 0.621688 -1.259894
55.328 2 INS -3883 -12067 -497845984 10485 -5242 -749740288 9733 -15716 9982
55.329 2 STATE_FILTER_STATUS 6 3 0
55.329 2 ATTITUDE -1.633744 0.619602 -1.26068
55.361 2 INS -3883 -12067 -497864224 10485 -5242 -749483136 9674 -15746 10019
55.389 2 GPS_INT 0 0 0 404514421 -37290605 704360 654124 0 0 0 51 15 292844000 131 18 3 1
55.390 2 ATTITUDE -1.633649 0.618178 -1.261279
55.443 2 INS -3883 -12067 -497882464 10485 -5242 -749226048 9691 -15799 9978
55.444 2 GVF 234.753387 1 1 1. -1.08,-14.42,3.,3.,0.,2.
55.445 2 CIRCLE -1.08 -14.42 3.
55.446 2 GPS 3 43817910 447811993 14 654124 3 -4 2395 292844000 30 0
55.446 2 ATTITUDE -1.634115 0.617524 -1.261883
55.460 2 INS -3883 -12067 -497900704 10485 -5242 -748969472 9648 -15751 9958
55.499 2 ROVER_CTRL 2.5 0.034804 3890.123779 -2.440784 1400. 600. 1000. 1040.319092 48.726082 1.28746 2.465196 -0.021709
55.499 2 ROTORCRAFT_FP -12067 -3883 497904352 -5242 10485 748917440 -6695 -5169 2527 0 0 0 0 2625 0
55.500 2 PONG 
55.500 2 ATTITUDE -1.634496 0.616455 -1.262353
55.541 2 INS -3875 -12070 -497918944 0 -31457 -748712064 9593 -15820 9951
55.542 2 SERIAL_COM 906 -15825 9644 10018 0 0 0 14 297 80 76 0 0 0 0 0
55.544 2 GPS_INT 0 0 0 404514423 -37290606 704284 654049 0 0 0 50 16 292844250 131 19 3 1
55.545 2 ATTITUDE -1.63472 0.615314 -1.262988
55.572 2 INS -3875 -12070 -497937184 0 -31457 -748455360 9617 -15821 9962
55.573 2 GPS_SOL 50 16 131 19
55.588 2 ATTITUDE -1.634977 0.614538 -1.263552
55.620 2 INS -3875 -12070 -497955456 0 -31457 -748198080 9563 -15838 9949
55.636 2 ATTITUDE -1.634129 0.612889 -1.264368
55.652 2 IMU_MAG_RAW 255 0 0 0
55.668 2 INS -3875 -12070 -497973696 0 -31457 -747941056 9573 -15847 9904
55.669 2 GPS 3 43817909 447811995 14 654049 5 -12 2395 292844250 30 0
55.695 2 GPS_INT 0 0 0 404514423 -37290606 704284 654049 0 0 0 50 16 292844250 131 19 3 1
55.697 2 ATTITUDE -1.632984 0.61078 -1.265006
55.710 2 INS -3875 -12070 -497991936 0 -31457 -747684864 9563 -15831 9933
55.738 2 ROTORCRAFT_FP -12070 -3875 497995584 -31457 0 747633024 -6686 -5183 2497 0 0 0 0 2625 0
55.738 2 ATTITUDE -1.632384 0.60913 -1.265674
55.783 2 INS -3870 -12070 -498010176 5242 -10485 -747428480 9550 -15862 9918
55.783 2 STATIC_CONTROL 0 0. 0 0. 0. 0. 0. 0. 0. 0. 0. 0. 0.
55.784 2 ATTITUDE -1.633583 0.608987 -1.266276
55.815 2 INS -3870 -12070 -498028416 5242 -15728 -747171520 9516 -15837 9902
55.841 2 GPS_INT 0 0 0 404514425 -37290606 704289 654053 0 0 0 50 15 292844500 131 17 3 1
55.841 2 ATTITUDE -1.633959 0.608029 -1.266885
55.857 2 INS -3870 -12070 -498046656 5242 -15728 -746915328 9518 -15920 9937
55.889 2 ATTITUDE -1.634907 0.607688 -1.267397
55.905 2 INS -3870 -12070 -498064896 5242 -15728 -746658496 9478 -15904 9929
55.942 2 GVF 234.865189 1 1 1. -1.08,-14.42,3.,3.,0.,2.
55.942 2 CIRCLE -1.08 -14.42 3.
55.942 2 GPS 3 43817909 447811997 14 654053 2 6 2395 292844500 30 0
55.942 2 ATTITUDE -1.634847 0.606718 -1.268149
55.957 2 INS -3870 -12070 -498083136 5242 -15728 -746401408 9485 -15916 9964
55.973 2 LINK_REPORT 2 -1 56 0 168180 3808 0 3201. 76. 13 52.44
56.029 2 ROVER_CTRL 2.5 0.034804 3890.123779 -2.440784 1400. 600. 1000. 1040.319092 48.726082 1.28746 2.465196 -0.021704
56.029 2 ROTORCRAFT_FP -12070 -3870 498086784 -15728 5242 746349440 -6691 -5196 2478 0 0 0 0 2625 0
56.030 2 GPS_INT 0 0 0 404514425 -37290606 704289 654053 0 0 0 50 15 292844500 131 17 3 1
56.030 2 ATTITUDE -1.633605 0.60461 -1.268863
56.030 2 INS -3865 -12070 -498101376 10485 5242 -746145408 9443 -15948 9919
56.031 2 SERIAL_COM 906 -16012 9542 9948 0 0 0 14 297 80 76 0 0 0 0 0
56.031 2 ATTITUDE -1.633945 0.60396 -1.269598
56.060 2 INS -3865 -12070 -498119616 10485 10485 -745888320 9460 -15918 9989
56.076 2 ATTITUDE -1.633295 0.602524 -1.270377
56.109 2 INS -3865 -12070 -498137856 10485 10485 -745630336 9493 -15931 10077
56.136 2 GPS_INT 0 0 0 404514427 -37290605 704243 654008 0 0 0 50 15 292844750 131 18 3 1
56.136 2 ATTITUDE -1.632706 0.600776 -1.271071
56.167 2 INS -3865 -12070 -498156096 10485 10485 -745374848 9385 -15977 9926
56.168 2 GPS 3 43817910 447811999 14 654008 4 -4 2395 292844750 30 0
56.183 2 ATTITUDE -1.632987 0.599648 -1.271621
56.216 2 INS -3865 -12070 -498174336 10485 10485 -745118784 9389 -15928 9926
56.247 2 ROTORCRAFT_FP -12070 -3865 498177984 10485 10485 745066880 -6688 -5209 2451 0 0 0 0 2640 0
56.248 2 ATTITUDE -1.632994 0.59808 -1.272131
56.248 2 WP_MOVED_ENU 16 50798 51645 2557
56.249 2 WP_MOVED_ENU 16 50798 51645 2557
56.262 2 INS -3865 -12070 -498192544 10485 10485 -744862400 9367 -15955 9916
56.288 2 GPS_INT 0 0 0 404514427 -37290605 704243 654008 0 0 0 50 15 292844750 131 18 3 1
56.289 2 DL_VALUE 60 0.
56.289 2 ATTITUDE -1.634169 0.597915 -1.272527
56.305 2 INS -3860 -12062 -498210752 -5242 15728 -744605312 9353 -15987 9987
56.320 2 ROVER_STATUS 0 60 3 0 1 907 7.753552
56.336 2 ATTITUDE -1.634301 0.596894 -1.273087
56.352 2 INS -3860 -12062 -498228928 -5242 15728 -744348352 9321 -15992 9929
56.384 2 ATTITUDE -1.634347 0.595414 -1.273573
56.497 2 INS -3860 -12062 -498247104 -5242 15728 -744092160 9299 -16004 9932
56.497 2 GVF 234.53952 1 1 1. -1.08,-14.42,3.,3.,0.,2.
56.498 2 CIRCLE -1.08 -14.42 3.
56.498 2 GPS 3 43817913 447812002 14 653973 4 -2 2395 292845000 30 0
56.499 2 GPS_INT 0 0 0 404514429 -37290602 704209 653973 0 0 0 50 11 292845000 123 19 3 1
56.500 2 ATTITUDE -1.633876 0.593426 -1.274032
56.500 2 ROTORCRAFT_NAV_STATUS 7 7 0. 0. 3 0 2
56.500 2 IMU_MAG_RAW 255 0 0 0
56.501 2 INS -3860 -12062 -498265280 -5242 15728 -743835584 9255 -16014 9915
56.501 2 ROVER_CTRL 2.5 0.034804 3890.123779 -2.440784 1400. 600. 1000. 1040.319092 48.726082 1.28746 2.465196 -0.021719
56.502 2 ROTORCRAFT_FP -12062 -3860 498268896 15728 -5242 743784128 -6691 -5219 2425 0 0 0 0 2640 0
56.503 2 ATTITUDE -1.63354 0.591536 -1.274457
56.525 2 INS -3852 -12057 -498283424 -31457 0 -743579520 9206 -16033 9898
56.526 2 SERIAL_COM 907 -15992 9321 9929 0 0 0 14 298 80 76 0 0 0 0 0
56.527 2 ATTITUDE -1.633905 0.591002 -1.275283
56.556 2 INS -3852 -12057 -498301568 -31457 0 -743323584 9262 -16053 9886
56.583 2 GPS_INT 0 0 0 404514431 -37290600 704188 653952 0 0 0 49 14 292845250 121 19 3 1
56.584 2 ATTITUDE -1.632981 0.589066 -1.275936
56.616 2 INS -3852 -12057 -498319680 -31457 0 -743067392 9187 -16043 9925
56.632 2 ATTITUDE -1.632474 0.587573 -1.276596
56.674 2 INS -3852 -12057 -498337792 -31457 0 -742811584 9203 -16011 9902
56.675 2 GPS 3 43817914 447812004 14 653952 6 4 2395 292845250 30 0
56.676 2 ATTITUDE -1.632229 0.586426 -1.277302
56.706 2 INS -3852 -12057 -498355872 -31457 0 -742556352 9145 -16077 9882
56.756 2 ROTORCRAFT_FP -12057 -3852 498359520 0 -31457 742504576 -6679 -5234 2395 0 0 0 0 2625 0
56.757 2 GPS_INT 0 0 0 404514431 -37290600 704188 653952 0 0 0 49 14 292845250 121 19 3 1
56.757 2 ALIVE 122,195,7,233,5,247,195,75,60,187,26,129,128,90,246,93
56.758 2 ATTITUDE -1.631167 0.584581 -1.278158
56.758 2 INS -3850 -12055 -498373984 20971 -15728 -742302016 9139 -16137 9754
56.784 2 STATIC_CONTROL 0 0. 0 0. 0. 0. 0. 0. 0. 0. 0. 0. 0.
56.785 2 ATTITUDE -1.630259 0.582981 -1.27908
56.816 2 INS -3850 -12055 -498392064 20971 -15728 -742047232 9183 -16054 9858
56.832 2 ATTITUDE -1.629494 0.581389 -1.279903
56.865 2 INS -3850 -12055 -498410144 20971 -15728 -741795328 9060 -16230 9640
56.891 2 GPS_INT 0 0 0 404514432 -37290599 704164 653928 0 0 0 49 11 292845500 121 19 3 1
56.893 2 ATTITUDE -1.632728 0.582942 -1.280616
56.942 2 INS -3850 -12055 -498428224 20971 -15728 -741555072 8984 -16117 9212
56.942 2 ENERGY 27 7.700567 0.5 3.850283 7.762652 0.278689 2.089987
56.943 2 GVF 234.254303 1 1 1. -1.08,-14.42,3.,3.,0.,2.
56.944 2 CIRCLE -1.08 -14.42 3.
56.945 2 GPS 3 43817915 447812005 14 653928 4 0 2395 292845500 30 0
56.946 2 ATTITUDE -1.632217 0.580703 -1.28122
56.973 2 LINK_REPORT 2 -1 57 0 171180 3879 0 3000. 71. 13 52.44
56.996 2 INS -3850 -12055 -498446336 20971 -15728 -741287104 9239 -16031 10527
56.996 2 ROVER_CTRL 2.5 0.034804 3890.123779 -2.440784 1400. 600. 1000. 1040.319092 48.726082 1.28746 2.465196 -0.021733
56.997 2 ROTORCRAFT_FP -12055 -3850 498449952 -15728 20971 741234560 -6686 -5250 2379 0 0 0 0 2625 0
56.997 2 ATTITUDE -1.632088 0.580008 -1.282253
57.037 2 INS -3842 -12055 -498464416 15728 26214 -741020736 9183 -16140 10363
57.037 2 SERIAL_COM 907 -16208 9179 10056 0 0 0 14 298 80 76 0 0 0 0 0
57.039 2 GPS_INT 0 0 0 404514435 -37290598 704154 653919 0 0 0 49 14 292845750 121 19 3 1
57.040 2 ATTITUDE -1.632133 0.579026 -1.283001
57.053 2 INS -3842 -12055 -498482496 20971 26214 -740765376 9022 -16130 9640
57.084 2 ATTITUDE -1.631319 0.577241 -1.283522
57.116 2 INS -3842 -12055 -498500576 20971 26214 -740513152 8977 -16176 9745
57.132 2 ATTITUDE -1.631363 0.576314 -1.284034
57.188 2 INS -3842 -12055 -498518656 20971 26214 -740254144 9105 -16151 10065
57.189 2 GPS 3 43817916 447812008 14 653919 7 -6 2395 292845750 30 0
57.191 2 GPS_INT 0 0 0 404514435 -37290598 704154 653919 0 0 0 49 14 292845750 121 19 3 1
57.192 2 ATTITUDE -1.631355 0.574971 -1.284506
57.205 2 INS -3842 -12055 -498536736 20971 26214 -739998848 8967 -16168 9770
57.243 2 ROTORCRAFT_FP -12055 -3842 498540384 26214 20971 739947648 -6679 -5262 2350 0 0 0 0 2640 0
57.244 2 ATTITUDE -1.630825 0.573511 -1.285043
57.244 2 IMU_MAG_RAW 255 0 0 0
57.264 2 INS -3842 -12055 -498554816 20971 26214 -739745792 8922 -16176 9777
57.280 2 ATTITUDE -1.629266 0.571158 -1.285798
57.312 2 INS -3834 -12055 -498572864 -10485 -57671 -739490112 8978 -16154 9855
57.329 2 GPS_INT 0 0 0 404514438 -37290598 704150 653914 0 0 0 49 12 292846000 121 19 3 1
57.330 2 ATTITUDE -1.629004 0.569762 -1.286456
57.360 2 INS -3834 -12055 -498590944 -10485 -57671 -739234432 8922 -16207 9862
57.376 2 ATTITUDE -1.630067 0.56946 -1.286966
57.431 2 INS -3834 -12055 -498609024 -10485 -57671 -738979648 8900 -16191 9864
57.431 2 GVF 234.24614 1 1 1. -1.08,-14.42,3.,3.,0.,2.
57.432 2 CIRCLE -1.08 -14.42 3.
57.433 2 GPS 3 43817916 447812012 14 653914 10 -5 2395 292846000 30 0
57.433 2 ATTITUDE -1.630876 0.569007 -1.287433
57.511 2 INS -3834 -12055 -498627104 -10485 -57671 -738725184 8908 -16248 9795
57.511 2 ROVER_CTRL 2.5 0.034804 3890.123779 -2.440784 1400. 600. 1000. 1040.319092 48.726082 1.28746 2.465196 -0.021733
57.512 2 ROTORCRAFT_FP -12055 -3834 498630720 -57671 -10485 738674304 -6681 -5274 2327 0 0 0 0 2625 0
57.513 2 GPS_INT 0 0 0 404514438 -37290598 704150 653914 0 0 0 49 12 292846000 121 19 3 1
57.513 2 ATTITUDE -1.631138 0.567693 -1.287954
57.514 2 INS -3832 -12057 -498645184 -5242 -10485 -738471552 8850 -16254 9778
57.527 2 ATTITUDE -1.631914 0.567289 -1.288466
57.557 2 WP_MOVED_ENU 17 51645 -50798 2557
57.558 2 WP_MOVED_ENU 17 51645 -50798 2557
57.558 2 INS -3832 -12057 -498663232 -15728 -10485 -738214080 8886 -16245 10069
57.558 2 GPS_SOL 49 12 121 19
57.574 2 ATTITUDE -1.632116 0.566418 -1.289137
57.606 2 INS -3832 -12057 -498681248 -15728 -10485 -737958208 8876 -16275 9845
57.632 2 GPS_INT 0 0 0 404514439 -37290600 704141 653905 0 0 0 49 12 292846250 121 19 3 1
57.632 2 ATTITUDE -1.632457 0.56527 -1.289593
57.664 2 INS -3832 -12057 -498699264 -15728 -10485 -737704960 8809 -16231 9804
57.664 2 GPS 3 43817915 447812013 14 653905 2 0 2395 292846250 30 0
57.680 2 ATTITUDE -1.63231 0.563555 -1.290092
57.712 2 INS -3832 -12057 -498717312 -15728 -10485 -737449088 8793 -16212 9841
57.743 2 ROTORCRAFT_FP -12057 -3832 498720896 -10485 -15728 737397504 -6684 -5285 2303 0 0 0 0 2625 0
57.744 2 ATTITUDE -1.631961 0.561906 -1.290568
57.787 2 INS -3827 -12060 -498735296 -5242 -47185 -737193664 8777 -16287 9802
57.787 2 STATIC_CONTROL 0 0. 0 0. 0. 0. 0. 0. 0. 0. 0. 0. 0.
57.788 2 GPS_INT 0 0 0 404514441 -37290601 704103 653867 0 0 0 49 15 292846500 131 19 3 1
57.788 2 ATTITUDE -1.631447 0.560422 -1.291298
57.816 2 INS -3827 -12060 -498753280 -5242 -47185 -736939264 8738 -16309 9840
57.816 2 ROVER_STATUS 0 60 3 0 1 908 7.780045
57.831 2 ATTITUDE -1.630391 0.55829 -1.292108
57.864 2 INS -3827 -12060 -498771232 -5242 -47185 -736684608 8726 -16303 9816
57.880 2 DL_VALUE 61 255.
57.881 2 ATTITUDE -1.629223 0.55624 -1.292791
57.974 2 LINK_REPORT 2 -1 58 0 173854 3942 0 2674. 63. 13 52.44
57.994 2 INS -3827 -12060 -498789184 -5242 -47185 -736429696 8690 -16294 9821
57.994 2 GVF 234.442581 1 1 1. -1.08,-14.42,3.,3.,0.,2.
57.995 2 CIRCLE -1.08 -14.42 3.
57.995 2 GPS 3 43817914 447812015 14 653867 8 -15 2395 292846500 30 0
57.996 2 GPS_INT 0 0 0 404514441 -37290601 704103 653867 0 0 0 49 15 292846500 131 19 3 1
57.997 2 ATTITUDE -1.629294 0.555236 -1.293266
57.998 2 INS -3827 -12060 -498807104 -5242 -47185 -736175296 8707 -16313 9811
57.999 2 ROVER_CTRL 2.5 0.034804 3890.123779 -2.440784 1400. 600. 1000. 1040.319092 48.726082 1.28746 2.465196 -0.021724
58.000 2 ROTORCRAFT_FP -12060 -3827 498810720 -47185 -5242 736124032 -6673 -5298 2269 0 0 0 0 2640 0
58.000 2 INS_REF 485057916 -31609623 411673221 404515786 -37285049 712727 662491 0.
58.001 2 ATTITUDE -1.629027 0.553597 -1.293696
58.021 2 INS -3819 -12060 -498825056 5242 20971 -735921088 8663 -16332 9752
58.022 2 SERIAL_COM 908 -16320 8814 9869 0 0 0 14 299 80 76 0 0 0 0 0
58.022 2 ATTITUDE -1.628754 0.551821 -1.294183
58.037 2 ROTORCRAFT_NAV_STATUS 9 9 0. 0. 3 0 2
58.037 2 IMU_MAG_RAW 255 0 0 0
58.053 2 INS -3819 -12060 -498842976 5242 20971 -735666688 8652 -16342 9818
58.080 2 GPS_INT 0 0 0 404514443 -37290601 704087 653851 0 0 0 48 14 292846750 131 18 3 1
58.082 2 ATTITUDE -1.629294 0.551184 -1.294755
58.112 2 INS -3819 -12060 -498860928 5242 20971 -735412352 8616 -16370 9881
58.129 2 ATTITUDE -1.628413 0.54926 -1.295371
58.160 2 INS -3819 -12060 -498878880 5242 20971 -735158528 8600 -16322 9805
58.161 2 GPS 3 43817914 447812017 14 653851 5 -6 2395 292846750 30 0
58.176 2 ATTITUDE -1.628782 0.548479 -1.295886
58.208 2 INS -3819 -12060 -498896800 5242 20971 -734904320 8620 -16375 9796
58.246 2 ROTORCRAFT_FP -12060 -3819 498900384 20971 5242 734853056 -6670 -5308 2241 0 0 0 0 2640 0
58.248 2 GPS_INT 0 0 0 404514443 -37290601 704087 653851 0 0 0 48 14 292846750 131 18 3 1
58.249 2 ATTITUDE -1.628223 0.546428 -1.296333
58.261 2 INS -3819 -12060 -498914720 5242 20971 -734650112 8571 -16341 9810
58.276 2 ATTITUDE -1.627582 0.544358 -1.296877
58.309 2 INS -3814 -12062 -498932640 5242 -26214 -734395904 8535 -16355 9798
58.324 2 ATTITUDE -1.627183 0.542766 -1.29748
58.357 2 INS -3814 -12062 -498950560 5242 -26214 -734140288 8569 -16387 9968
58.383 2 GPS_INT 0 0 0 404514445 -37290602 704071 653835 0 0 0 48 15 292847000 131 19 3 1
58.384 2 ATTITUDE -1.627375 0.541983 -1.29819
58.399 2 INS -3814 -12062 -498968480 5242 -26214 -733886336 8556 -16403 9767
58.437 2 GVF 234.51683 1 1 1. -1.08,-14.42,3.,3.,0.,2.
58.438 2 CIRCLE -1.08 -14.42 3.
58.439 2 GPS 3 43817913 447812019 14 653835 4 -7 2395 292847000 30 0
58.440 2 ATTITUDE -1.626849 0.540516 -1.298835
58.453 2 INS -3814 -12062 -498986400 5242 -26214 -733632512 8481 -16458 9804
58.491 2 ROVER_CTRL 2.5 0.034804 3890.123779 -2.440784 1400. 600. 1000. 1040.319092 48.726082 1.28746 2.465196 -0.02172
58.492 2 ROTORCRAFT_FP -12062 -3814 498989984 -26214 5242 733581312 -6660 -5321 2209 0 0 0 0 2640 0
58.492 2 ATTITUDE -1.626125 0.538874 -1.299436
58.519 2 INS -3806 -12062 -499004320 15728 20971 -733377664 8461 -16430 9866
58.520 2 SERIAL_COM 909 -16496 8628 10038 0 0 0 14 300 80 76 0 0 0 0 0
58.536 2 GPS_INT 0 0 0 404514447 -37290602 704076 653840 0 0 0 48 15 292847250 131 17 3 1
58.537 2 STATE_FILTER_STATUS 6 3 0
58.538 2 ATTITUDE -1.62543 0.536892 -1.30001
58.552 2 INS -3806 -12062 -499022240 26214 20971 -733124800 8473 -16435 9768
58.567 2 ATTITUDE -1.625898 0.536214 -1.300452
58.600 2 INS -3806 -12062 -499040160 26214 20971 -732871360 8405 -16428 9778
58.632 2 ATTITUDE -1.625951 0.534771 -1.300897
58.648 2 INS -3806 -12062 -499058048 26214 20971 -732616640 8402 -16470 9870
58.664 2 GPS 3 43817913 447812022 14 653840 7 10 2395 292847250 30 0
58.690 2 GPS_INT 0 0 0 404514447 -37290602 704076 653840 0 0 0 48 15 292847250 131 17 3 1
58.691 2 ATTITUDE -1.625259 0.533246 -1.301512
58.706 2 INS -3806 -12062 -499075968 26214 20971 -732362688 8433 -16461 9781
58.741 2 ROTORCRAFT_FP -12062 -3806 499079552 20971 26214 732311744 -6649 -5333 2175 0 0 0 0 2640 0
58.742 2 ATTITUDE -1.623568 0.530622 -1.302282
58.748 2 INS -3804 -12060 -499093856 20971 5242 -732109632 8418 -16427 9795
58.778 2 STATIC_CONTROL 0 0. 0 0. 0. 0. 0. 0. 0. 0. 0. 0. 0.
58.779 2 ATTITUDE -1.622518 0.528556 -1.302974
58.810 2 INS -3804 -12060 -499111776 20971 5242 -731855744 8387 -16485 9791
58.827 2 GPS_INT 0 0 0 404514449 -37290601 704072 653836 0 0 0 48 12 292847500 131 19 3 1
58.828 2 ATTITUDE -1.622872 0.527463 -1.303437
58.852 2 WP_MOVED_ENU 18 -50798 -51645 2557
58.853 2 WP_MOVED_ENU 18 -50798 -51645 2557
58.853 2 IMU_MAG_RAW 255 0 0 0
58.854 2 INS -3804 -12060 -499129664 20971 5242 -731601984 8303 -16506 9770
58.868 2 ATTITUDE -1.622547 0.525721 -1.304044
58.936 2 INS -3804 -12060 -499147584 20971 5242 -731348864 8331 -16529 9782
58.936 2 GVF 234.432922 1 1 1. -1.08,-14.42,3.,3.,0.,2.
58.937 2 CIRCLE -1.08 -14.42 3.
58.938 2 GPS 3 43817914 447812024 14 653836 6 -1 2395 292847500 30 0
58.939 2 ATTITUDE -1.623061 0.524961 -1.304572
58.974 2 LINK_REPORT 2 -1 59 0 177068 4018 0 3214. 76. 13 52.44
59.026 2 INS -3804 -12060 -499165440 20971 5242 -731095616 8309 -16518 9770
59.027 2 ROVER_CTRL 2.5 0.034804 3890.123779 -2.440784 1400. 600. 1000. 1040.319092 48.726082 1.28746 2.465196 -0.021724
59.028 2 ROTORCRAFT_FP -12060 -3804 499169024 5242 20971 731044480 -6648 -5345 2148 0 0 0 0 2640 0
59.028 2 GPS_INT 0 0 0 404514449 -37290601 704072 653836 0 0 0 48 12 292847500 131 19 3 1
59.029 2 ATTITUDE -1.623038 0.523932 -1.305196
59.029 2 DATALINK_REPORT 3 191 63396 3006 0 11
59.030 2 INS -3796 -12060 -499183328 0 -15728 -730842496 8278 -16513 9732
59.030 2 SERIAL_COM 909 -16572 8340 9863 0 0 0 14 300 80 76 0 0 0 0 0
59.030 2 ATTITUDE -1.622657 0.52244 -1.305799
59.058 2 INS -3796 -12060 -499201152 -5242 -20971 -730589376 8256 -16523 9764
59.074 2 ATTITUDE -1.620758 0.519632 -1.306547
59.107 2 INS -3796 -12060 -499218976 -5242 -20971 -730336128 8212 -16515 9677
59.123 2 GPS_INT 0 0 0 404514451 -37290601 704071 653835 0 0 0 48 10 292847750 131 18 3 1
59.124 2 ATTITUDE -1.619223 0.517049 -1.307219
59.164 2 INS -3796 -12060 -499236832 -5242 -20971 -730083520 8196 -16538 9702
59.165 2 GPS 3 43817914 447812026 14 653835 3 0 2395 292847750 30 0
59.180 2 ATTITUDE -1.619236 0.515831 -1.307741
59.196 2 INS -3796 -12060 -499254624 -5242 -20971 -729829760 8203 -16533 9782
59.227 2 ROTORCRAFT_FP -12060 -3796 499258176 -20971 -5242 729778752 -6635 -5358 2113 0 0 0 0 2640 0
59.228 2 ATTITUDE -1.620114 0.515559 -1.308337
59.258 2 INS -3796 -12060 -499272384 -5242 -20971 -729577344 8176 -16553 9733
59.274 2 GPS_INT 0 0 0 404514451 -37290601 704071 653835 0 0 0 48 10 292847750 131 18 3 1
59.274 2 ATTITUDE -1.620894 0.515361 -1.309082
59.306 2 INS -3791 -12062 -499290144 5242 -10485 -729324672 8181 -16545 9736
59.306 2 ROVER_STATUS 0 59 3 0 1 910 7.718228
59.322 2 ATTITUDE -1.621071 0.514252 -1.309601
59.354 2 INS -3791 -12062 -499307904 5242 -10485 -729072128 8136 -16632 9725
59.370 2 ATTITUDE -1.621603 0.513223 -1.310093
59.478 2 INS -3791 -12062 -499325696 5242 -10485 -728820800 8078 -16677 9689
59.478 2 GVF 234.508179 1 1 1. -1.08,-14.42,3.,3.,0.,2.
59.479 2 CIRCLE -1.08 -14.42 3.
59.479 2 GPS 3 43817913 447812028 14 653846 1 7 2395 292848000 30 0
59.479 2 GPS_INT 0 0 0 404514453 -37290602 704081 653846 0 0 0 47 16 292848000 131 18 3 1
59.480 2 ALIVE 122,195,7,233,5,247,195,75,60,187,26,129,128,90,246,93
59.481 2 ATTITUDE -1.620889 0.511103 -1.310701
59.481 2 INS -3791 -12062 -499343456 5242 -10485 -728567872 8146 -16559 9958
59.481 2 ROVER_CTRL 2.5 0.034804 3890.123779 -2.440784 1400. 600. 1000. 1040.319092 48.726082 1.28746 2.465196 -0.021721
59.482 2 ROTORCRAFT_FP -12062 -3791 499347008 -10485 5242 728515904 -6641 -5369 2091 0 0 0 0 2640 0
59.482 2 DL_VALUE 62 255.
59.493 2 ATTITUDE -1.620973 0.509961 -1.311137
59.509 2 INS -3788 -12065 -499361216 20971 -31457 -728310272 8137 -16611 9953
59.509 2 SERIAL_COM 910 -16715 8146 10010 0 0 0 14 301 80 76 0 0 0 0 0
59.524 2 ATTITUDE -1.621532 0.509299 -1.311695
59.557 2 INS -3788 -12065 -499378976 20971 -36700 -728059200 8086 -16646 9699
59.557 2 GPS_SOL 47 14 131 19
59.583 2 GPS_INT 0 0 0 404514454 -37290603 704057 653821 0 0 0 47 14 292848250 131 19 3 1
59.583 2 ATTITUDE -1.621028 0.507264 -1.312209
59.599 2 INS -3788 -12065 -499396768 20971 -36700 -727806400 8071 -16592 9841
59.614 2 ATTITUDE -1.620955 0.505999 -1.31283
59.631 2 ROTORCRAFT_NAV_STATUS 10 10 0. 0. 3 0 2
59.631 2 IMU_MAG_RAW 255 0 0 0
59.660 2 INS -3788 -12065 -499414528 20971 -36700 -727551680 8030 -16597 9861
59.660 2 GPS 3 43817912 447812029 14 653821 7 -7 2395 292848250 30 0
59.675 2 ATTITUDE -1.619647 0.503811 -1.313477
59.708 2 INS -3788 -12065 -499432256 20971 -36700 -727299840 8023 -16648 9770
59.748 2 ROTORCRAFT_FP -12065 -3788 499435808 -36700 20971 727249024 -6626 -5382 2054 0 0 0 0 2640 0
59.749 2 GPS_INT 0 0 0 404514454 -37290603 704057 653821 0 0 0 47 14 292848250 131 19 3 1
59.750 2 ATTITUDE -1.617738 0.501024 -1.314153
59.777 2 INS -3783 -12065 -499449984 0 5242 -727047168 8018 -16670 9812
59.777 2 STATIC_CONTROL 0 0. 0 0. 0. 0. 0. 0. 0. 0. 0. 0. 0.
59.777 2 ATTITUDE -1.618011 0.499849 -1.314455
59.793 2 INS -3783 -12065 -499467744 5242 5242 -726793728 7967 -16680 9798
59.824 2 ATTITUDE -1.616702 0.497443 -1.315028
59.857 2 INS -3783 -12065 -499485504 5242 5242 -726541184 7980 -16711 9822
59.874 2 GPS_INT 0 0 0 404514456 -37290604 704038 653802 0 0 0 47 14 292848500 131 19 3 1
59.875 2 ATTITUDE -1.616427 0.4959 -1.315694
59.930 2 INS -3783 -12065 -499503200 5242 5242 -726288448 7982 -16730 9793
59.931 2 GVF 234.625488 1 1 1. -1.08,-14.42,3.,3.,0.,2.
59.932 2 CIRCLE -1.08 -14.42 3.
59.933 2 GPS 3 43817911 447812032 14 653802 3 -3 2395 292848500 30 0
59.934 2 ATTITUDE -1.616606 0.495055 -1.316288
59.944 2 INS -3783 -12065 -499520960 5242 5242 -726035648 7927 -16704 9855
59.975 2 LINK_REPORT 2 -1 60 0 180124 4090 0 3056. 72. 13 52.44
59.985 2 ROVER_CTRL 2.5 0.034804 3890.123779 -2.440784 1400. 600. 1000. 1040.319092 48.726082 1.28746 2.465196 -0.021715
59.985 2 ROTORCRAFT_FP -12065 -3783 499524512 5242 5242 725984640 -6619 -5392 2022 0 0 0 0 2640 0
59.985 2 ATTITUDE -1.616189 0.493494 -1.31675
60.029 2 INS -3781 -12062 -499538720 -10485 31457 -725783488 7871 -16717 9689
60.030 2 SERIAL_COM 910 -16704 7927 9855 0 0 0 14 301 80 76 0 0 0 0 0
60.031 2 GPS_INT 0 0 0 404514457 -37290602 704044 653808 0 0 0 47 10 292848750 131 19 3 1
60.031 2 ATTITUDE -1.615594 0.491887 -1.317344
60.044 2 INS -3781 -12062 -499556480 -10485 36700 -725531840 7872 -16731 9742
60.075 2 ATTITUDE -1.61614 0.491335 -1.317899
60.091 2 INS -3781 -12062 -499574240 -10485 36700 -725278656 7850 -16714 9771
60.124 2 ATTITUDE -1.615373 0.489146 -1.318382
60.125 2 WP_MOVED_ENU 19 -51645 50798 2557
60.156 2 WP_MOVED_ENU 19 -51645 50798 2557
60.157 2 INS -3781 -12062 -499591968 -10485 36700 -725026944 7828 -16761 9718
60.158 2 GPS 3 43817913 447812033 14 653808 8 1 2395 292848750 30 0
60.184 2 GPS_INT 0 0 0 404514457 -37290602 704044 653808 0 0 0 47 10 292848750 131 19 3 1
60.185 2 ATTITUDE -1.615042 0.487695 -1.319035
60.197 2 INS -3781 -12062 -499609728 -10485 36700 -724774272 7819 -16723 9763
60.226 2 ROTORCRAFT_FP -12062 -3781 499613280 36700 -10485 724723136 -6614 -5404 1994 0 0 0 0 2625 0
60.227 2 ATTITUDE -1.615051 0.486669 -1.31967
60.256 2 INS -3781 -12062 -499627456 -10485 36700 -724522304 7788 -16765 9729
60.271 2 ATTITUDE -1.614314 0.485098 -1.320363
60.304 2 INS -3781 -12062 -499645152 -47185 -57671 -724270720 7820 -16770 9773
60.320 2 GPS_INT 0 0 0 404514457 -37290602 704047 653811 0 0 0 47 11 292849000 131 19 3 1
60.320 2 ATTITUDE -1.613262 0.48304 -1.321002
60.352 2 INS -3781 -12062 -499662816 -47185 -57671 -724019200 7776 -16774 9729
60.367 2 ATTITUDE -1.613839 0.4825 -1.321535
60.434 2 INS -3781 -12062 -499680512 -47185 -57671 -723766080 7819 -16780 9846
60.435 2 GVF 234.504974 1 1 1. -1.08,-14.42,3.,3.,0.,2.
60.436 2 CIRCLE -1.08 -14.42 3.
60.437 2 GPS 3 43817913 447812033 14 653811 13 -3 2395 292849000 30 0
60.438 2 ATTITUDE -1.613678 0.481266 -1.322258
60.438 2 IMU_MAG_RAW 255 0 0 0
60.464 2 INS -3781 -12062 -499698144 -47185 -57671 -723514560 7736 -16761 9737
60.465 2 ROVER_CTRL 2.5 0.034804 3890.123779 -2.440784 1400. 600. 1000. 1040.319092 48.726082 1.28746 2.465196 -0.021721
60.541 2 ROTORCRAFT_FP -12062 -3781 499701664 -57671 -47185 723463680 -6612 -5417 1971 0 0 0 0 2640 0
60.542 2 GPS_INT 0 0 0 404514457 -37290602 704047 653811 0 0 0 47 11 292849000 131 19 3 1
60.543 2 ATTITUDE -1.614359 0.480899 -1.322823
60.544 2 PONG 
60.544 2 INS -3778 -12062 -499715776 20971 20971 -723262336 7737 -16781 9799
60.545 2 SERIAL_COM 911 -16855 7836 9882 0 0 0 14 302 80 76 0 0 0 0 0
60.545 2 ATTITUDE -1.614802 0.480456 -1.323565
60.556 2 INS -3778 -12062 -499733376 20971 20971 -723010560 7683 -16828 9747
60.572 2 ATTITUDE -1.61358 0.478366 -1.32418
60.606 2 INS -3778 -12062 -499750976 20971 20971 -722759040 7704 -16834 9710
60.621 2 GPS_INT 0 0 0 404514458 -37290602 704044 653808 0 0 0 47 11 292849250 131 18 3 1
60.622 2 ATTITUDE -1.614959 0.478471 -1.324654
60.663 2 INS -3778 -12062 -499768576 20971 20971 -722506496 7688 -16783 9747
60.664 2 GPS 3 43817913 447812034 14 653808 7 0 2395 292849250 30 0
60.665 2 ATTITUDE -1.615257 0.477652 -1.325107
60.695 2 INS -3778 -12062 -499786176 20971 20971 -722254656 7583 -16846 9749
60.725 2 ROTORCRAFT_FP -12062 -3778 499789696 20971 20971 722203712 -6614 -5428 1952 0 0 0 0 2625 0
60.726 2 ATTITUDE -1.614763 0.476201 -1.325657
60.781 2 INS -3770 -12062 -499803776 -5242 -10485 -722002880 7606 -16837 9740
60.782 2 STATIC_CONTROL 0 0. 0 0. 0. 0. 0. 0. 0. 0. 0. 0. 0.
60.782 2 GPS_INT 0 0 0 404514460 -37290602 704061 653825 0 0 0 46 13 292849500 131 19 3 1
60.783 2 ATTITUDE -1.615413 0.475959 -1.326306
60.807 2 INS -3770 -12062 -499821408 -10485 -15728 -721752192 7645 -16823 9775
60.807 2 ROVER_STATUS 0 60 3 0 1 911 7.762383
60.823 2 ATTITUDE -1.613747 0.473457 -1.326937
60.856 2 INS -3770 -12062 -499839008 -10485 -15728 -721500928 7608 -16824 9752
60.871 2 ATTITUDE -1.613422 0.472312 -1.327559
60.976 2 LINK_REPORT 2 -1 61 0 182766 4152 0 2642. 62. 14 95.24
60.979 2 INS -3770 -12062 -499856640 -10485 -15728 -721246912 7641 -16885 9997
60.980 2 GVF 234.501831 1 1 1. -1.08,-14.42,3.,3.,0.,2.
60.981 2 CIRCLE -1.08 -14.42 3.
60.982 2 GPS 3 43817913 447812036 14 653825 2 -2 2395 292849500 30 0
60.984 2 GPS_INT 0 0 0 404514460 -37290602 704061 653825 0 0 0 46 13 292849500 131 19 3 1
60.985 2 ATTITUDE -1.612027 0.469891 -1.328071
60.985 2 INS -3770 -12062 -499874240 -10485 -15728 -720994560 7633 -16871 9740
60.987 2 ROVER_CTRL 2.5 0.034804 3890.123779 -2.440784 1400. 600. 1000. 1040.319092 48.726082 1.28746 2.465196 -0.021721
60.988 2 ROTORCRAFT_FP -12062 -3770 499877760 -15728 -10485 720944448 -6598 -5441 1917 0 0 0 0 2625 0
60.989 2 ATTITUDE -1.610697 0.467536 -1.328787
61.007 2 INS -3765 -12062 -499891840 5242 -20971 -720744256 7627 -16831 9791
61.007 2 SERIAL_COM 911 -16915 7724 10056 0 0 0 14 302 80 76 0 0 0 0 0
61.023 2 ATTITUDE -1.610046 0.465645 -1.329381
61.040 2 INS -3765 -12062 -499909440 10485 -20971 -720491392 7554 -16912 9812
61.071 2 GPS_INT 0 0 0 404514462 -37290602 704094 653859 0 0 0 46 11 292849750 131 18 3 1
61.072 2 DL_VALUE 63 255.
61.072 2 ATTITUDE -1.609304 0.463394 -1.329943
61.103 2 INS -3765 -12062 -499927040 10485 -20971 -720240448 7544 -16837 9754
61.118 2 ATTITUDE -1.608154 0.460979 -1.330618
61.160 2 INS -3765 -12062 -499944640 10485 -20971 -719989248 7550 -16861 9762
61.161 2 GPS 3 43817913 447812038 14 653859 4 2 2395 292849750 30 0
61.162 2 ATTITUDE -1.607089 0.458941 -1.331258
61.194 2 INS -3765 -12062 -499962240 10485 -20971 -719737472 7490 -16877 9704
61.254 2 ROTORCRAFT_FP -12062 -3765 499965760 -20971 10485 719686976 -6574 -5455 1870 0 0 0 0 2625 0
61.256 2 GPS_INT 0 0 0 404514462 -37290602 704094 653859 0 0 0 46 11 292849750 131 18 3 1
61.260 2 ATTITUDE -1.605453 0.456414 -1.33194
61.260 2 ROTORCRAFT_NAV_STATUS 12 12 0. 0. 3 0 2
61.261 2 IMU_MAG_RAW 255 0 0 0
61.261 2 INS -3765 -12062 -499979840 10485 -20971 -719487488 7462 -16913 9683
61.268 2 ATTITUDE -1.604998 0.455223 -1.332635
61.300 2 INS -3758 -12057 -499997408 10485 20971 -719236096 7492 -16965 9752
61.316 2 ATTITUDE -1.603633 0.452867 -1.333332
61.348 2 INS -3758 -12057 -500015008 15728 20971 -718984832 7490 -16919 9741
61.375 2 GPS_INT 0 0 0 404514465 -37290600 704106 653870 0 0 0 46 15 292850000 131 18 3 1
61.376 2 ATTITUDE -1.602932 0.450654 -1.333775
61.390 2 INS -3758 -12057 -500032576 15728 20971 -718735232 7432 -16943 9692
61.479 2 ENERGY 27 7.73589 0.45 3.481151 7.739609 0.279223 2.094118
61.480 2 GVF 234.299103 1 1 1. -1.08,-14.42,3.,3.,0.,2.
61.481 2 CIRCLE -1.08 -14.42 3.
61.482 2 GPS 3 43817915 447812042 14 653870 6 -11 2395 292850000 30 0
61.483 2 ATTITUDE -1.602553 0.448778 -1.334347
61.483 2 WP_MOVED_ENU 0 0 0 2560
61.484 2 WP_MOVED_ENU 0 0 0 2560
61.485 2 INS -3758 -12057 -500050144 15728 20971 -718484992 7387 -16954 9712
61.487 2 ROVER_CTRL 2.5 0.034804 3890.123779 -2.440784 1400. 600. 1000. 1040.319092 48.726082 1.28746 2.465196 -0.02173
61.489 2 ROTORCRAFT_FP -12057 -3758 500053664 20971 15728 718435008 -6567 -5465 1836 0 0 0 0 2640 0
61.491 2 ATTITUDE -1.602784 0.447301 -1.334687
61.505 2 INS -3747 -12049 -500067712 -15728 -5242 -718235520 7316 -16943 9718
61.505 2 SERIAL_COM 912 -16973 7463 9699 0 0 0 14 303 80 76 0 0 0 0 0
61.531 2 GPS_INT 0 0 0 404514468 -37290597 704109 653873 0 0 0 46 15 292850250 131 19 3 1
61.531 2 ATTITUDE -1.602839 0.445856 -1.335072
61.547 2 INS -3747 -12049 -500085248 -20971 -5242 -717985984 7365 -16941 9798
61.547 2 GPS_SOL 46 15 131 19
61.563 2 ATTITUDE -1.603335 0.444892 -1.33553
61.595 2 INS -3747 -12049 -500102784 -20971 -5242 -717734336 7338 -16946 9783
61.611 2 ATTITUDE -1.605025 0.445391 -1.336012
61.655 2 INS -3747 -12049 -500120352 -20971 -5242 -717484160 7330 -16951 9813
61.656 2 GPS 3 43817917 447812045 14 653873 3 -9 2395 292850250 30 0
61.681 2 GPS_INT 0 0 0 404514468 -37290597 704109 653873 0 0 0 46 15 292850250 131 19 3 1
61.682 2 ATTITUDE -1.605326 0.444303 -1.336459
61.697 2 INS -3747 -12049 -500137920 -20971 -5242 -717233024 7324 -16945 9777
61.723 2 ROTORCRAFT_FP -12049 -3747 500141408 -5242 -20971 717182784 -6579 -5475 1820 0 0 0 0 2625 0
61.725 2 STATE_FILTER_STATUS 6 3 0
61.725 2 ATTITUDE -1.605877 0.443777 -1.337014
61.745 2 INS -3745 -12044 -500155424 5242 15728 -716982976 7290 -16974 9747
61.769 2 STATIC_CONTROL 0 0. 0 0. 0. 0. 0. 0. 0. 0. 0. 0. 0.
61.769 2 ATTITUDE -1.605135 0.441573 -1.337502
61.800 2 INS -3745 -12044 -500172928 15728 15728 -716731072 7269 -17009 9790
61.827 2 GPS_INT 0 0 0 404514470 -37290594 704125 653889 0 0 0 46 15 292850500 131 19 3 1
61.828 2 ATTITUDE -1.605243 0.440634 -1.338143
61.843 2 INS -3745 -12044 -500190432 15728 15728 -716480832 7239 -17004 9777
61.860 2 ATTITUDE -1.603894 0.438306 -1.33885
61.929 2 INS -3745 -12044 -500207904 15728 15728 -716229120 7251 -17016 9873
61.931 2 GVF 233.777466 1 1 1. -1.08,-14.42,3.,3.,0.,2.
61.932 2 CIRCLE -1.08 -14.42 3.
61.933 2 GPS 3 43817920 447812047 14 653889 5 -6 2395 292850500 30 0
61.933 2 ATTITUDE -1.604613 0.437855 -1.3394
61.975 2 LINK_REPORT 2 -1 62 0 185989 4229 0 3223. 77. 14 95.24
62.003 2 INS -3745 -12044 -500225344 15728 15728 -715977600 7205 -17037 9776
62.004 2 ROVER_CTRL 2.5 0.034804 3890.123779 -2.440784 1400. 600. 1000. 1040.319092 48.726082 1.28746 2.465196 -0.021755
62.004 2 ROTORCRAFT_FP -12044 -3745 500228864 15728 15728 715926976 -6577 -5486 1794 0 0 0 0 2625 0
62.005 2 GPS_INT 0 0 0 404514470 -37290594 704125 653889 0 0 0 46 15 292850500 131 19 3 1
62.006 2 ATTITUDE -1.605526 0.43728 -1.33967
62.006 2 INS -3735 -12037 -500242816 -26214 10485 -715727040 7192 -17062 9730
62.007 2 SERIAL_COM 912 -17135 7220 9655 0 0 0 14 303 80 76 0 0 0 0 0
62.019 2 ATTITUDE -1.605556 0.435785 -1.34016
62.019 2 IMU_MAG_RAW 255 0 0 0
62.053 2 INS -3735 -12037 -500260288 -26214 15728 -715476416 7148 -17039 9733
62.069 2 ATTITUDE -1.604622 0.433483 -1.340666
62.101 2 INS -3735 -12037 -500277728 -26214 15728 -715225280 7129 -17027 9716
62.128 2 GPS_INT 0 0 0 404514473 -37290591 704144 653909 0 0 0 46 12 292850750 131 18 3 1
62.129 2 ALIVE 122,195,7,233,5,247,195,75,60,187,26,129,128,90,246,93
62.130 2 ATTITUDE -1.603568 0.431494 -1.341278
62.141 2 INS -3735 -12037 -500295168 -26214 15728 -714975168 7129 -17067 9734
62.159 2 GPS 3 43817923 447812050 14 653909 6 3 2395 292850750 30 0
62.160 2 ATTITUDE -1.60119 0.428251 -1.341982
62.188 2 INS -3735 -12037 -500312608 -26214 15728 -714725312 7087 -17085 9723
62.220 2 ROTORCRAFT_FP -12037 -3735 500316096 15728 -26214 714674624 -6553 -5498 1747 0 0 0 0 2640 0
62.221 2 ATTITUDE -1.599581 0.42572 -1.342587
62.250 2 INS -3735 -12037 -500330048 -26214 15728 -714474624 7089 -17072 9779
62.266 2 GPS_INT 0 0 0 404514473 -37290591 704144 653909 0 0 0 46 12 292850750 131 18 3 1
62.266 2 ATTITUDE -1.598837 0.423577 -1.342985
62.297 2 INS -3732 -12032 -500347488 -52428 -41943 -714224832 7050 -17064 9668
62.298 2 ROVER_STATUS 0 60 3 0 1 913 7.780045
62.313 2 ATTITUDE -1.598269 0.421438 -1.343397
62.346 2 INS -3732 -12032 -500364928 -47185 -41943 -713975040 6971 -17108 9697
62.363 2 ATTITUDE -1.598627 0.420583 -1.344026
62.418 2 INS -3732 -12032 -500382368 -47185 -41943 -713725440 7024 -17101 9651
62.419 2 GVF 233.296814 1 1 1. -1.08,-14.42,3.,3.,0.,2.
62.420 2 CIRCLE -1.08 -14.42 3.
62.420 2 GPS 3 43817924 447812051 14 653933 12 6 2395 292851000 30 0
62.456 2 GPS_INT 0 0 0 404514474 -37290589 704169 653933 0 0 0 46 13 292851000 131 19 3 1
62.456 2 ATTITUDE -1.59897 0.41945 -1.344463
62.457 2 INS -3732 -12032 -500399808 -47185 -41943 -713476352 6911 -17147 9635
62.457 2 ROVER_CTRL 2.5 0.034804 3890.123779 -2.440784 1400. 600. 1000. 1040.319092 48.726082 1.28746 2.465196 -0.021777
62.508 2 ROTORCRAFT_FP -12032 -3732 500403296 -41943 -47185 713426752 -6547 -5507 1711 0 0 0 0 2625 0
62.509 2 ATTITUDE -1.598114 0.416955 -1.344756
62.509 2 INS -3724 -12032 -500417248 10485 -5242 -713226496 6932 -17085 9713
62.509 2 SERIAL_COM 913 -17108 6971 9697 0 0 0 14 304 80 76 0 0 0 0 0
62.509 2 ATTITUDE -1.597379 0.415192 -1.3453
62.540 2 INS -3724 -12032 -500434656 10485 0 -712975104 6941 -17135 9764
62.567 2 GPS_INT 0 0 0 404514476 -37290588 704209 653973 0 0 0 46 17 292851250 131 19 3 1
62.568 2 ATTITUDE -1.597096 0.413495 -1.345641
62.601 2 INS -3724 -12032 -500452096 10485 0 -712726208 6931 -17184 9759
62.617 2 ATTITUDE -1.596161 0.411032 -1.346113
62.649 2 INS -3724 -12032 -500469536 10485 0 -712476096 6922 -17128 9756
62.650 2 GPS 3 43817925 447812054 14 653973 3 11 2395 292851250 30 0
62.664 2 DL_VALUE 64 1.
62.665 2 ATTITUDE -1.59505 0.408741 -1.34673
62.696 2 INS -3724 -12032 -500486912 10485 0 -712226176 6861 -17167 9699
62.767 2 ROTORCRAFT_FP -12032 -3724 500490400 0 10485 712175808 -6535 -5517 1674 0 0 0 0 2640 0
62.768 2 GPS_INT 0 0 0 404514476 -37290588 704209 653973 0 0 0 46 17 292851250 131 19 3 1
62.768 2 ATTITUDE -1.595508 0.408141 -1.347337
62.768 2 WP_MOVED_ENU 1 0 0 2560
62.768 2 WP_MOVED_ENU 1 0 0 2560
62.769 2 INS -3719 -12029 -500504352 -26214 -41943 -711977280 6814 -17191 9630
62.769 2 STATIC_CONTROL 0 0. 0 0. 0. 0. 0. 0. 0. 0. 0. 0. 0.
62.769 2 ATTITUDE -1.595167 0.407029 -1.347967
62.799 2 INS -3719 -12029 -500521760 -36700 -41943 -711727616 6803 -17185 9663
62.815 2 ATTITUDE -1.59367 0.404599 -1.348524
62.816 2 ROTORCRAFT_NAV_STATUS 13 13 0. 0. 3 0 2
62.846 2 IMU_MAG_RAW 255 0 0 0
62.847 2 INS -3719 -12029 -500539168 -36700 -41943 -711478208 6811 -17197 9628
62.863 2 GPS_INT 0 0 0 404514479 -37290587 704269 654033 0 0 0 45 14 292851500 131 18 3 1
62.864 2 ATTITUDE -1.593293 0.403388 -1.349141
62.916 2 INS -3719 -12029 -500556576 -36700 -41943 -711229824 6772 -17186 9695
62.916 2 GVF 233.175751 1 1 1. -1.08,-14.42,3.,3.,0.,2.
62.916 2 CIRCLE -1.08 -14.42 3.
62.917 2 GPS 3 43817926 447812057 14 654033 9 8 2395 292851500 30 0
62.917 2 ATTITUDE -1.593476 0.402364 -1.349572
62.975 2 INS -3719 -12029 -500573984 -36700 -41943 -710979264 6803 -17204 9787
62.975 2 ROVER_CTRL 2.5 0.034804 3890.123779 -2.440784 1400. 600. 1000. 1040.319092 48.726082 1.28746 2.465196 -0.021783
62.976 2 ROTORCRAFT_FP -12029 -3719 500577440 -41943 -36700 710928960 -6524 -5528 1641 0 0 0 0 2625 0
62.976 2 ATTITUDE -1.592633 0.400104 -1.350033
62.976 2 LINK_REPORT 2 -1 63 0 189232 4305 0 3243. 76. 14 95.24
63.002 2 INS -3717 -12029 -500591360 -26214 10485 -710730304 6770 -17213 9667
63.003 2 SERIAL_COM 913 -17244 6844 9856 0 0 0 14 304 80 76 0 0 0 0 0
63.029 2 GPS_INT 0 0 0 404514479 -37290587 704314 654078 0 0 0 45 16 292851750 131 19 3 1
63.030 2 ATTITUDE -1.592718 0.398966 -1.350459
63.044 2 INS -3717 -12029 -500608640 -26214 10485 -710481600 6692 -17233 9663
63.071 2 INS_REF 485057916 -31609623 411673221 404515786 -37285049 712727 662491 0.
63.072 2 ATTITUDE -1.590807 0.396224 -1.351152
63.086 2 INS -3717 -12029 -500625952 -26214 10485 -710232384 6749 -17200 9645
63.118 2 ATTITUDE -1.58959 0.394101 -1.351751
63.134 2 INS -3717 -12029 -500643264 -26214 10485 -709983872 6678 -17207 9637
63.151 2 GPS 3 43817926 447812057 14 654078 6 11 2395 292851750 30 0
63.177 2 GPS_INT 0 0 0 404514479 -37290587 704314 654078 0 0 0 45 16 292851750 131 19 3 1
63.178 2 ATTITUDE -1.590367 0.393756 -1.352267
63.192 2 INS -3717 -12029 -500660608 -26214 10485 -709734272 6648 -17229 9653
63.219 2 ROTORCRAFT_FP -12029 -3717 500664064 10485 -26214 709684160 -6511 -5539 1606 0 0 0 0 2640 0
63.220 2 ATTITUDE -1.589703 0.391562 -1.352693
63.234 2 INS -3717 -12029 -500677888 -26214 10485 -709485760 6617 -17221 9649
63.266 2 ATTITUDE -1.590987 0.391436 -1.353176
63.282 2 INS -3714 -12026 -500695168 31457 -26214 -709236928 6597 -17229 9626
63.314 2 GPS_INT 0 0 0 404514481 -37290586 704336 654101 0 0 0 45 11 292852000 131 18 3 1
63.315 2 ATTITUDE -1.59018 0.389148 -1.353629
63.347 2 INS -3714 -12026 -500712480 31457 -26214 -708988672 6543 -17249 9630
63.363 2 ATTITUDE -1.589514 0.387026 -1.35399
63.419 2 INS -3714 -12026 -500729760 31457 -26214 -708740864 6536 -17345 9662
63.420 2 GVF 233.055786 1 1 1. -1.08,-14.42,3.,3.,0.,2.
63.420 2 CIRCLE -1.08 -14.42 3.
63.421 2 GPS 3 43817927 447812059 14 654101 8 2 2395 292852000 30 0
63.422 2 ATTITUDE -1.589682 0.385444 -1.354338
63.432 2 INS -3714 -12026 -500747040 31457 -26214 -708490880 6531 -17269 9716
63.449 2 ROVER_CTRL 2.5 0.034804 3890.123779 -2.440784 1400. 600. 1000. 1040.319092 48.726082 1.28746 2.465196 -0.021788
63.507 2 ROTORCRAFT_FP -12026 -3714 500750496 -26214 31457 708440448 -6510 -5548 1574 0 0 0 0 2625 0
63.507 2 GPS_INT 0 0 0 404514481 -37290586 704336 654101 0 0 0 45 11 292852000 131 18 3 1
63.508 2 ATTITUDE -1.589019 0.383561 -1.354904
63.508 2 INS -3704 -12032 -500764352 20971 -26214 -708240896 6547 -17268 9700
63.508 2 SERIAL_COM 914 -17356 6703 9842 0 0 0 14 305 80 76 0 0 0 0 0
63.508 2 ATTITUDE -1.588455 0.381689 -1.355433
63.550 2 INS -3704 -12032 -500781632 20971 -26214 -707992640 6481 -17349 9715
63.551 2 GPS_SOL 45 15 131 18
63.566 2 ATTITUDE -1.586182 0.378282 -1.356042
63.582 2 INS -3704 -12032 -500798912 20971 -26214 -707742976 6489 -17311 9700
63.614 2 GPS_INT 0 0 0 404514484 -37290588 704342 654106 0 0 0 45 15 292852250 131 18 3 1
63.615 2 ATTITUDE -1.585737 0.376657 -1.356754
63.615 2 IMU_MAG_RAW 255 0 0 0
63.645 2 INS -3704 -12032 -500816192 20971 -26214 -707495232 6459 -17322 9579
63.646 2 GPS 3 43817925 447812063 14 654106 6 -9 2395 292852250 30 0
63.662 2 ATTITUDE -1.585533 0.375208 -1.357244
63.693 2 INS -3704 -12032 -500833472 20971 -26214 -707247744 6414 -17335 9642
63.720 2 ROTORCRAFT_FP -12032 -3704 500836928 -26214 20971 707197632 -6497 -5560 1536 0 0 0 0 2625 0
63.721 2 ATTITUDE -1.586379 0.374849 -1.357711
63.735 2 INS -3704 -12032 -500850752 20971 -26214 -706998720 6410 -17273 9635
63.774 2 STATIC_CONTROL 0 0. 0 0. 0. 0. 0. 0. 0. 0. 0. 0. 0.
63.774 2 GPS_INT 0 0 0 404514487 -37290590 704396 654160 0 0 0 45 12 292852500 131 18 3 1
63.775 2 ATTITUDE -1.586268 0.373917 -1.358457
63.801 2 INS -3696 -12037 -500868032 47185 -15728 -706749312 6454 -17343 9706
63.802 2 ROVER_STATUS 0 60 3 0 1 914 7.718228
63.802 2 ATTITUDE -1.585978 0.372474 -1.359018
63.834 2 INS -3696 -12037 -500885280 47185 -15728 -706501632 6395 -17340 9682
63.868 2 ATTITUDE -1.584203 0.36928 -1.359444
63.884 2 INS -3696 -12037 -500902560 47185 -15728 -706253312 6327 -17344 9612
63.909 2 GVF 233.493393 1 1 1. -1.08,-14.42,3.,3.,0.,2.
63.910 2 CIRCLE -1.08 -14.42 3.
63.911 2 GPS 3 43817923 447812066 14 654160 9 2 2395 292852500 30 0
63.972 2 GPS_INT 0 0 0 404514487 -37290590 704396 654160 0 0 0 45 12 292852500 131 18 3 1
63.972 2 ATTITUDE -1.58443 0.368152 -1.359808
63.972 2 INS -3696 -12037 -500919840 47185 -15728 -706005760 6295 -17398 9630
63.973 2 ROVER_CTRL 2.5 0.034804 3890.123779 -2.440784 1400. 600. 1000. 1040.319092 48.726082 1.28746 2.465196 -0.021768
63.973 2 ROTORCRAFT_FP -12037 -3696 500923296 -15728 47185 705955456 -6489 -5571 1504 0 0 0 0 2640 0
63.973 2 ATTITUDE -1.584099 0.366831 -1.360304
63.977 2 LINK_REPORT 2 -1 64 0 192184 4373 0 2952. 68. 14 95.24
64.002 2 INS -3688 -12039 -500937120 -10485 15728 -705757312 6286 -17410 9681
64.003 2 SERIAL_COM 914 -17327 6453 9608 0 0 0 14 305 80 76 0 0 0 0 0
64.003 2 ATTITUDE -1.585311 0.366902 -1.36083
64.018 2 WP_MOVED_ENU 2 -276 -3691 2560
64.018 2 WP_MOVED_ENU 2 -276 -3691 2560
64.034 2 INS -3688 -12039 -500954368 -20971 15728 -705510016 6267 -17409 9581
64.065 2 GPS_INT 0 0 0 404514489 -37290591 704403 654167 0 0 0 45 14 292852750 131 18 3 1
64.066 2 ATTITUDE -1.586153 0.366074 -1.361183
64.066 2 DATALINK_REPORT 3 192 63754 2977 0 11
64.095 2 INS -3688 -12039 -500971648 -20971 15728 -705261248 6249 -17353 9611
64.109 2 ATTITUDE -1.585791 0.364088 -1.361637
64.152 2 INS -3688 -12039 -500988896 -20971 15728 -705013440 6201 -17412 9545
64.153 2 GPS 3 43817923 447812068 14 654167 5 -6 2395 292852750 30 0
64.154 2 ATTITUDE -1.586086 0.363588 -1.362252
64.184 2 INS -3688 -12039 -501006144 -20971 15728 -704766144 6167 -17389 9586
64.223 2 ROTORCRAFT_FP -12039 -3688 501009568 15728 -20971 704716160 -6492 -5581 1483 0 0 0 0 2625 0
64.225 2 GPS_INT 0 0 0 404514489 -37290591 704403 654167 0 0 0 45 14 292852750 131 18 3 1
64.226 2 ATTITUDE -1.585273 0.361844 -1.362861
64.238 2 INS -3688 -12039 -501023328 -20971 15728 -704518208 6203 -17451 9573
64.254 2 DL_VALUE 65 0.
64.254 2 ATTITUDE -1.585217 0.360871 -1.363498
64.287 2 INS -3686 -12037 -501040512 -31457 5242 -704268288 6192 -17419 9678
64.302 2 ATTITUDE -1.58512 0.359915 -1.364261
64.336 2 INS -3686 -12037 -501057632 -36700 10485 -704020224 6118 -17481 9633
64.361 2 GPS_INT 0 0 0 404514490 -37290590 704434 654198 0 0 0 45 15 292853000 131 18 3 1
64.363 2 AUTOPILOT_VERSION 60200 v6.2_unstable-650-g74eaf7c20-dirty
64.378 2 ATTITUDE -1.582999 0.356857 -1.364906
64.429 2 INS -3686 -12037 -501074784 -36700 10485 -703771392 6164 -17438 9755
64.431 2 GVF 233.493408 1 1 1. -1.08,-14.42,3.,3.,0.,2.
64.432 2 CIRCLE -1.08 -14.42 3.
64.433 2 GPS 3 43817924 447812069 14 654198 7 -13 2395 292853000 30 0
64.434 2 ATTITUDE -1.583051 0.355821 -1.365526
64.435 2 ROTORCRAFT_NAV_STATUS 15 15 0. 0. 3 0 2
64.435 2 IMU_MAG_RAW 255 0 0 0
64.444 2 INS -3686 -12037 -501091936 -36700 10485 -703522240 6169 -17443 9719
64.498 2 ROVER_CTRL 2.5 0.034804 3890.123779 -2.440784 1400. 600. 1000. 1040.319092 48.726082 1.28746 2.465196 -0.021768
64.499 2 ROTORCRAFT_FP -12037 -3686 501095360 10485 -36700 703472896 -6480 -5594 1449 0 0 0 0 2625 0
64.499 2 ATTITUDE -1.581831 0.353105 -1.366064
64.500 2 INS -3686 -12037 -501109056 -36700 10485 -703275328 6142 -17441 9699
64.500 2 SERIAL_COM 915 -17544 6182 9808 0 0 0 14 306 80 76 0 0 0 0 0
64.515 2 GPS_INT 0 0 0 404514489 -37290591 704493 654257 0 0 0 45 11 292853250 121 20 3 1
64.515 2 ATTITUDE -1.580595 0.350486 -1.366554
64.530 2 INS -3688 -12037 -501126176 -20971 -36700 -703027456 6031 -17455 9629
64.562 2 ATTITUDE -1.579109 0.347484 -1.367028
64.579 2 INS -3688 -12037 -501143296 -20971 -36700 -702780352 6044 -17424 9585
64.613 2 ATTITUDE -1.577916 0.345175 -1.367611
64.645 2 INS -3688 -12037 -501160448 -20971 -36700 -702532800 6040 -17461 9638
64.646 2 GPS 3 43817923 447812068 14 654257 8 -1 2395 292853250 30 0
64.673 2 GPS_INT 0 0 0 404514489 -37290591 704493 654257 0 0 0 45 11 292853250 121 20 3 1
64.673 2 ATTITUDE -1.577189 0.343421 -1.368099
64.689 2 INS -3688 -12037 -501177600 -20971 -36700 -702284544 6068 -17476 9657
64.714 2 ROTORCRAFT_FP -12037 -3688 501181024 -36700 -20971 702234560 -6458 -5605 1403 0 0 0 0 2625 0
64.714 2 ATTITUDE -1.576572 0.341938 -1.368683
64.730 2 INS -3688 -12037 -501194720 -20971 -36700 -702037952 5976 -17468 9543
64.761 2 STATIC_CONTROL 0 0. 0 0. 0. 0. 0. 0. 0. 0. 0. 0. 0.
64.762 2 ATTITUDE -1.575579 0.339797 -1.369165
64.792 2 INS -3688 -12042 -501211840 -10485 -5242 -701791360 5960 -17483 9584
64.818 2 GPS_INT 0 0 0 404514489 -37290593 704545 654309 0 0 0 45 16 292853500 121 20 3 1
64.819 2 ALIVE 122,195,7,233,5,247,195,75,60,187,26,129,128,90,246,93
64.819 2 ATTITUDE -1.574851 0.338335 -1.369715
64.834 2 INS -3688 -12042 -501228992 -10485 -5242 -701544320 5913 -17440 9541
64.850 2 ATTITUDE -1.574995 0.337146 -1.37011
64.918 2 INS -3688 -12042 -501246112 -10485 -5242 -701295680 5946 -17518 9653
64.920 2 GVF 233.692825 1 1 1. -1.08,-14.42,3.,3.,0.,2.
64.921 2 CIRCLE -1.08 -14.42 3.
64.922 2 GPS 3 43817921 447812068 14 654309 1 -5 2395 292853500 30 0
64.923 2 STATE_FILTER_STATUS 6 3 0
64.923 2 ATTITUDE -1.573879 0.335122 -1.370698
64.978 2 LINK_REPORT 2 -1 65 0 194988 4441 0 2804. 68. 14 95.24
65.009 2 INS -3688 -12042 -501263232 -10485 -5242 -701049024 5966 -17491 9670
65.010 2 ROVER_CTRL 2.5 0.034804 3890.123779 -2.440784 1400. 600. 1000. 1040.319092 48.726082 1.28746 2.465196 -0.021758
65.011 2 ROTORCRAFT_FP -12042 -3688 501266656 -5242 -10485 700999552 -6440 -5616 1366 0 0 0 0 2625 0
65.012 2 GPS_INT 0 0 0 404514489 -37290593 704545 654309 0 0 0 45 16 292853500 121 20 3 1
65.013 2 ATTITUDE -1.57224 0.332899 -1.371574
65.014 2 INS -3688 -12042 -501280352 -10485 -5242 -700802496 5950 -17496 9626
65.014 2 SERIAL_COM 915 -17553 6002 9628 0 0 0 14 306 80 76 0 0 0 0 0
65.015 2 ATTITUDE -1.571534 0.331099 -1.372023
65.041 2 INS -3688 -12042 -501297472 -20971 15728 -700555968 5883 -17502 9553
65.057 2 ATTITUDE -1.571235 0.329394 -1.37234
65.089 2 INS -3688 -12042 -501314592 -20971 15728 -700309376 5871 -17487 9648
65.106 2 GPS_INT 0 0 0 404514489 -37290593 704634 654398 0 0 0 45 12 292853750 121 19 3 1
65.107 2 ATTITUDE -1.57127 0.32792 -1.372688
65.148 2 INS -3688 -12042 -501331712 -20971 15728 -700061824 5861 -17491 9641
65.148 2 GPS 3 43817921 447812068 14 654398 5 3 2395 292853750 30 0
65.164 2 ATTITUDE -1.571281 0.326873 -1.37337
65.179 2 INS -3688 -12042 -501348800 -20971 15728 -699814848 5791 -17519 9566
65.210 2 ROTORCRAFT_FP -12042 -3688 501352224 15728 -20971 699765440 -6432 -5627 1333 0 0 0 0 2625 0
65.211 2 ATTITUDE -1.570545 0.325156 -1.374058
65.211 2 IMU_MAG_RAW 255 0 0 0
65.251 2 INS -3688 -12042 -501365888 -20971 15728 -699568576 5831 -17545 9601
65.258 2 GPS_INT 0 0 0 404514489 -37290593 704634 654398 0 0 0 45 12 292853750 121 19 3 1
65.259 2 ATTITUDE -1.569334 0.32289 -1.37464
65.289 2 INS -3688 -12044 -501383008 -41943 -5242 -699321472 5805 -17575 9561
65.289 2 ROVER_STATUS 0 59 3 0 1 916 7.762383
65.305 2 ATTITUDE -1.566883 0.319508 -1.375182
65.321 2 WP_MOVED_ENU 3 -8924 -2790 -87
65.322 2 WP_MOVED_ENU 3 -8924 -2790 -87
65.337 2 INS -3688 -12044 -501400096 -36700 0 -699075584 5799 -17526 9550
65.353 2 ATTITUDE -1.567129 0.318708 -1.37574
65.407 2 INS -3688 -12044 -501417184 -36700 0 -698827968 5772 -17534 9651
65.408 2 GVF 233.772629 1 1 1. -1.08,-14.42,3.,3.,0.,2.
65.409 2 CIRCLE -1.08 -14.42 3.
65.409 2 GPS 3 43817920 447812068 14 654478 7 3 2395 292854000 30 0
65.471 2 GPS_INT 0 0 0 404514489 -37290594 704713 654478 0 0 0 45 12 292854000 121 18 3 1
65.471 2 ATTITUDE -1.566618 0.316959 -1.37627
65.471 2 INS -3688 -12044 -501434304 -36700 0 -698581568 5714 -17580 9570
65.472 2 ROVER_CTRL 2.5 0.034804 3890.123779 -2.440784 1400. 600. 1000. 1040.319092 48.726082 1.28746 2.465196 -0.021755
65.472 2 ROTORCRAFT_FP -12044 -3688 501437728 0 -36700 698531840 -6413 -5638 1291 0 0 0 0 2625 0
65.472 2 ATTITUDE -1.56556 0.314821 -1.376819
65.497 2 INS -3688 -12044 -501451424 -36700 0 -698335488 5746 -17569 9592
65.497 2 PONG 
65.497 2 SERIAL_COM 916 -17728 5755 9474 0 0 0 14 307 80 76 0 0 0 0 0
65.497 2 ATTITUDE -1.565444 0.313739 -1.377505
65.543 2 INS -3688 -12047 -501468448 10485 -20971 -698088576 5693 -17566 9594
65.544 2 GPS_SOL 44 13 121 19
65.560 2 GPS_INT 0 0 0 404514489 -37290595 704784 654548 0 0 0 44 13 292854250 121 19 3 1
65.561 2 ATTITUDE -1.563259 0.310571 -1.378225
65.592 2 INS -3688 -12047 -501485504 10485 -20971 -697842944 5686 -17604 9565
65.609 2 ATTITUDE -1.561964 0.308303 -1.378806
65.641 2 INS -3688 -12047 -501502528 10485 -20971 -697596928 5693 -17621 9570
65.642 2 GPS 3 43817919 447812068 14 654548 4 3 2395 292854250 30 0
65.657 2 ATTITUDE -1.562207 0.307409 -1.379398
65.688 2 INS -3688 -12047 -501519552 10485 -20971 -697350272 5679 -17589 9606
65.725 2 ROTORCRAFT_FP -12047 -3688 501522976 -20971 10485 697300224 -6395 -5650 1250 0 0 0 0 2625 0
65.726 2 GPS_INT 0 0 0 404514489 -37290595 704784 654548 0 0 0 44 13 292854250 121 19 3 1
65.727 2 ATTITUDE -1.560643 0.30435 -1.379723
65.754 2 INS -3688 -12047 -501536576 10485 -20971 -697105088 5602 -17590 9496
65.755 2 STATIC_CONTROL 0 0. 0 0. 0. 0. 0. 0. 0. 0. 0. 0. 0.
65.756 2 ATTITUDE -1.559766 0.302112 -1.380155
65.785 2 INS -3686 -12049 -501553568 0 26214 -696858944 5611 -17598 9598
65.801 2 ATTITUDE -1.559557 0.300915 -1.380746
65.834 2 INS -3686 -12049 -501570528 0 26214 -696612160 5586 -17594 9594
65.861 2 GPS_INT 0 0 0 404514490 -37290596 704823 654587 0 0 0 44 13 292854500 121 20 3 1
65.862 2 DL_VALUE 66 0.
65.862 2 ATTITUDE -1.558256 0.298638 -1.381343
65.877 2 INS -3686 -12049 -501587520 0 26214 -696367232 5539 -17589 9482
65.916 2 ENERGY 27 7.744721 0.425 3.291507 7.716083 0.279801 2.098605
65.917 2 GVF 233.972198 1 1 1. -1.08,-14.42,3.,3.,0.,2.
65.918 2 CIRCLE -1.08 -14.42 3.
65.918 2 GPS 3 43817918 447812069 14 654587 6 -6 2395 292854500 30 0
65.919 2 ATTITUDE -1.556597 0.296008 -1.382007
65.930 2 INS -3686 -12049 -501604480 0 26214 -696121856 5535 -17616 9572
65.968 2 ROVER_CTRL 2.5 0.034804 3890.123779 -2.440784 1400. 600. 1000. 1040.319092 48.726082 1.28746 2.465196 -0.021746
65.969 2 ROTORCRAFT_FP -12049 -3686 501607872 26214 0 696071872 -6376 -5662 1210 0 0 0 0 2640 0
65.969 2 ATTITUDE -1.556514 0.294908 -1.382609
65.979 2 LINK_REPORT 2 -1 66 0 198222 4517 0 3234. 76. 15 49.15
65.995 2 INS -3686 -12049 -501621440 0 26214 -695875520 5533 -17646 9569
65.996 2 SERIAL_COM 916 -17616 5535 9572 0 0 0 14 307 80 76 0 0 0 0 0
66.034 2 GPS_INT 0 0 0 404514490 -37290594 704877 654641 0 0 0 44 10 292854750 121 19 3 1
66.035 2 ATTITUDE -1.555382 0.292306 -1.382981
66.035 2 ROTORCRAFT_NAV_STATUS 17 17 0. 0. 3 0 2
66.036 2 IMU_MAG_RAW 255 0 0 0
66.036 2 INS -3686 -12044 -501638400 15728 41943 -695630784 5515 -17648 9453
66.050 2 ATTITUDE -1.555684 0.291489 -1.38345
66.084 2 INS -3686 -12044 -501655360 15728 41943 -695385664 5435 -17677 9558
66.100 2 ATTITUDE -1.55562 0.290285 -1.38395
66.141 2 INS -3686 -12044 -501672352 15728 41943 -695142080 5453 -17595 9459
66.142 2 GPS 3 43817920 447812069 14 654641 9 -1 2395 292854750 30 0
66.170 2 GPS_INT 0 0 0 404514490 -37290594 704877 654641 0 0 0 44 10 292854750 121 19 3 1
66.170 2 ATTITUDE -1.554331 0.287415 -1.384166
66.184 2 INS -3686 -12044 -501689312 15728 41943 -694894080 5372 -17703 9699
66.209 2 ROTORCRAFT_FP -12044 -3686 501692704 41943 15728 694844416 -6357 -5671 1166 0 0 0 0 2625 0
66.209 2 ATTITUDE -1.551667 0.284006 -1.384688
66.225 2 INS -3686 -12044 -501706272 15728 41943 -694649152 5452 -17636 9522
66.256 2 ATTITUDE -1.552122 0.283295 -1.385185
66.288 2 INS -3681 -12044 -501723232 26214 -5242 -694403200 5357 -17670 9597
66.304 2 GPS_INT 0 0 0 404514492 -37290594 704929 654694 0 0 0 44 14 292855000 121 18 3 1
66.305 2 ATTITUDE -1.551057 0.280728 -1.385688
66.337 2 INS -3681 -12044 -501740192 36700 -10485 -694158272 5384 -17722 9560
66.352 2 ATTITUDE -1.551569 0.279794 -1.385982
66.407 2 INS -3681 -12044 -501757152 36700 -10485 -693912832 5358 -17700 9585
66.408 2 GVF 233.772797 1 1 1. -1.08,-14.42,3.,3.,0.,2.
66.408 2 CIRCLE -1.08 -14.42 3.
66.409 2 GPS 3 43817920 447812071 14 654694 7 -5 2395 292855000 30 0
66.410 2 ATTITUDE -1.551297 0.278464 -1.386601
66.438 2 INS -3681 -12044 -501774112 36700 -10485 -693667072 5332 -17693 9550
66.497 2 ROVER_CTRL 2.5 0.034804 3890.123779 -2.440784 1400. 600. 1000. 1040.319092 48.726082 1.28746 2.465196 -0.021755
66.498 2 ROTORCRAFT_FP -12044 -3681 501777504 -10485 36700 693617600 -6344 -5681 1129 0 0 0 0 2640 0
66.498 2 GPS_INT 0 0 0 404514492 -37290594 704929 654694 0 0 0 44 14 292855000 121 18 3 1
66.498 2 ATTITUDE -1.548865 0.275211 -1.387259
66.498 2 INS -3681 -12044 -501791072 36700 -10485 -693422400 5335 -17682 9494
66.499 2 SERIAL_COM 917 -17783 5398 9774 0 0 0 14 308 80 76 0 0 0 0 0
66.499 2 ATTITUDE -1.546453 0.271918 -1.387964
66.530 2 INS -3676 -12044 -501808032 0 -5242 -693178688 5275 -17709 9470
66.545 2 ATTITUDE -1.546132 0.270908 -1.38867
66.578 2 INS -3676 -12044 -501824960 0 -5242 -692935808 5279 -17693 9436
66.620 2 GPS_INT 0 0 0 404514493 -37290594 705006 654770 0 0 0 44 16 292855250 121 20 3 1
66.621 2 ATTITUDE -1.544926 0.268771 -1.389368
66.622 2 WP_MOVED_ENU 4 -11699 3141 -89
66.622 2 WP_MOVED_ENU 4 -11699 3141 -89
66.638 2 INS -3676 -12044 -501841920 0 -5242 -692694016 5193 -17678 9280
66.638 2 GPS 3 43817920 447812073 14 654770 1 3 2395 292855250 30 0
66.653 2 ATTITUDE -1.542057 0.265002 -1.389994
66.685 2 INS -3676 -12044 -501858880 0 -5242 -692447424 5222 -17734 9687
66.712 2 ROTORCRAFT_FP -12044 -3676 501862272 -5242 0 692397376 -6315 -5694 1082 0 0 0 0 2640 0
66.713 2 ATTITUDE -1.541345 0.263333 -1.390555
66.727 2 INS -3676 -12044 -501875840 0 -5242 -692201408 5263 -17783 9494
66.765 2 STATIC_CONTROL 0 0. 0 0. 0. 0. 0. 0. 0. 0. 0. 0. 0.
66.766 2 GPS_INT 0 0 0 404514493 -37290594 705006 654770 0 0 0 44 16 292855250 121 20 3 1
66.767 2 ATTITUDE -1.539417 0.26041 -1.391218
66.790 2 INS -3678 -12047 -501892768 10485 -26214 -691958592 5186 -17689 9454
66.790 2 ROVER_STATUS 0 60 3 0 1 917 7.788876
66.806 2 ATTITUDE -1.536242 0.256423 -1.391955
66.806 2 IMU_MAG_RAW 255 0 0 0
66.823 2 INS -3678 -12047 -501909728 10485 -26214 -691712960 5171 -17739 9505
66.855 2 ATTITUDE -1.534475 0.253579 -1.392503
66.965 2 INS -3678 -12047 -501926592 10485 -26214 -691468928 5175 -17727 9487
66.966 2 GVF 233.892639 1 1 1. -1.08,-14.42,3.,3.,0.,2.
66.967 2 CIRCLE -1.08 -14.42 3.
66.967 2 GPS 3 43817919 447812073 14 654852 4 -2 2395 292855500 30 0
66.968 2 GPS_INT 0 0 0 404514493 -37290595 705088 654852 0 0 0 44 12 292855500 121 19 3 1
66.969 2 ATTITUDE -1.53293 0.250805 -1.392975
66.969 2 INS -3678 -12047 -501943456 10485 -26214 -691225024 5160 -17673 9469
66.969 2 ROVER_CTRL 2.5 0.034804 3890.123779 -2.440784 1400. 600. 1000. 1040.319092 48.726082 1.28746 2.465196 -0.021749
66.970 2 ROTORCRAFT_FP -12047 -3678 501946848 -26214 10485 691175744 -6280 -5706 1027 0 0 0 0 2640 0
66.970 2 ATTITUDE -1.532987 0.249818 -1.393497
66.980 2 LINK_REPORT 2 -1 67 0 201211 4587 0 2989. 70. 15 49.15
66.989 2 INS -3678 -12047 -501960320 10485 -26214 -690982208 5091 -17726 9378
66.989 2 SERIAL_COM 917 -17859 5273 9618 0 0 0 14 308 80 76 0 0 0 0 0
67.005 2 ATTITUDE -1.532178 0.248048 -1.393993
67.023 2 INS -3678 -12049 -501977120 -36700 10485 -690740288 5078 -17704 9391
67.053 2 GPS_INT 0 0 0 404514493 -37290597 705168 654932 0 0 0 44 12 292855750 121 20 3 1
67.054 2 ATTITUDE -1.531157 0.245561 -1.394413
67.086 2 INS -3678 -12049 -501993952 -36700 10485 -690496256 5010 -17735 9368
67.101 2 ATTITUDE -1.530434 0.243007 -1.394619
67.135 2 INS -3678 -12049 -502010752 -36700 10485 -690254144 4989 -17760 9333
67.136 2 GPS 3 43817918 447812073 14 654932 6 3 2395 292855750 30 0
67.151 2 ATTITUDE -1.530285 0.241475 -1.395099
67.183 2 INS -3678 -12049 -502027584 -36700 10485 -690010816 4998 -17773 9493
67.221 2 ROTORCRAFT_FP -12049 -3678 502030944 10485 -36700 689961536 -6267 -5715 985 0 0 0 0 2640 0
67.222 2 GPS_INT 0 0 0 404514493 -37290597 705168 654932 0 0 0 44 12 292855750 121 20 3 1
67.223 2 ATTITUDE -1.529662 0.239737 -1.395605
67.236 2 INS -3678 -12049 -502044384 -36700 10485 -689766528 4996 -17822 9362
67.254 2 ATTITUDE -1.528669 0.23777 -1.396032
67.282 2 INS -3681 -12055 -502061184 -20971 -15728 -689524736 4971 -17794 9335
67.298 2 ATTITUDE -1.527792 0.235597 -1.396524
67.330 2 INS -3681 -12055 -502078016 -20971 -15728 -689280384 4990 -17795 9534
67.356 2 GPS_INT 0 0 0 404514492 -37290598 705243 655007 0 0 0 44 13 292856000 121 20 3 1
67.357 2 ATTITUDE -1.524894 0.232 -1.397265
67.372 2 INS -3681 -12055 -502094848 -20971 -15728 -689035776 4990 -17834 9486
67.410 2 GVF 234.211899 1 1 1. -1.08,-14.42,3.,3.,0.,2.
67.410 2 CIRCLE -1.08 -14.42 3.
67.411 2 GPS 3 43817917 447812071 14 655007 5 -2 2395 292856000 30 0
67.412 2 ATTITUDE -1.521144 0.227427 -1.397857
67.425 2 INS -3681 -12055 -502111648 -20971 -15728 -688793152 4976 -17783 9424
67.464 2 ROVER_CTRL 2.5 0.034804 3890.123779 -2.440784 1400. 600. 1000. 1040.319092 48.726082 1.28746 2.465196 -0.021734
67.464 2 ROTORCRAFT_FP -12055 -3681 502115008 -15728 -20971 688743936 -6220 -5727 920 0 0 0 0 2625 0
67.465 2 DL_VALUE 67 0.
67.465 2 ATTITUDE -1.518342 0.223841 -1.398524
67.490 2 INS -3681 -12055 -502128448 -20971 -15728 -688550016 4924 -17796 9408
67.490 2 SERIAL_COM 918 -17850 5016 9371 0 0 0 14 309 80 76 0 0 0 0 0
67.517 2 GPS_INT 0 0 0 404514492 -37290598 705243 655007 0 0 0 44 13 292856000 121 20 3 1
67.518 2 ALIVE 122,195,7,233,5,247,195,75,60,187,26,129,128,90,246,93
67.519 2 ATTITUDE -1.51607 0.220653 -1.399129
67.532 2 INS -3683 -12060 -502145248 10485 -5242 -688307968 4901 -17801 9330
67.533 2 GPS_SOL 44 13 121 18
67.548 2 ATTITUDE -1.515723 0.219153 -1.399611
67.580 2 INS -3683 -12060 -502162048 10485 -5242 -688066304 4878 -17838 9346
67.595 2 ATTITUDE -1.514663 0.217469 -1.400426
67.612 2 ROTORCRAFT_NAV_STATUS 18 18 0. 0. 3 0 2
67.613 2 IMU_MAG_RAW 255 0 0 0
67.654 2 INS -3683 -12060 -502178848 10485 -5242 -687825280 4800 -17825 9321
67.655 2 GPS 3 43817915 447812070 14 655068 3 2 2395 292856250 30 0
67.656 2 GPS_INT 0 0 0 404514491 -37290600 705303 655068 0 0 0 44 13 292856250 121 18 3 1
67.657 2 ATTITUDE -1.511961 0.213844 -1.401016
67.670 2 INS -3683 -12060 -502195648 10485 -5242 -687583744 4808 -17813 9282
67.702 2 ROTORCRAFT_FP -12060 -3683 502199008 -5242 10485 687534976 -6195 -5739 873 0 0 0 0 2640 0
67.703 2 ATTITUDE -1.511987 0.212277 -1.40144
67.755 2 INS -3683 -12060 -502212448 10485 -5242 -687341696 4782 -17848 9294
67.755 2 STATIC_CONTROL 0 0. 0 0. 0. 0. 0. 0. 0. 0. 0. 0. 0.
67.756 2 ATTITUDE -1.508963 0.207967 -1.401911
67.778 2 INS -3678 -12060 -502229248 20971 0 -687099072 4811 -17817 9387
67.805 2 GPS_INT 0 0 0 404514492 -37290601 705381 655145 0 0 0 44 13 292856500 121 20 3 1
67.805 2 ATTITUDE -1.506666 0.204828 -1.402576
67.820 2 INS -3678 -12060 -502246016 20971 0 -686857920 4741 -17824 9258
67.853 2 ATTITUDE -1.503661 0.20104 -1.403091
67.869 2 INS -3678 -12060 -502262784 20971 0 -686616704 4747 -17783 9294
67.919 2 GVF 234.411774 1 1 1. -1.08,-14.42,3.,3.,0.,2.
67.919 2 CIRCLE -1.08 -14.42 3.
67.919 2 GPS 3 43817914 447812071 14 655145 4 2 2395 292856500 30 0
67.920 2 ATTITUDE -1.504177 0.200412 -1.40365
67.920 2 WP_MOVED_ENU 5 -5844 4055 -87
67.920 2 WP_MOVED_ENU 5 -5844 4055 -87
67.920 2 INS -3678 -12060 -502279584 20971 0 -686375104 4701 -17819 9284
67.934 2 ROVER_CTRL 2.5 0.034804 3890.123779 -2.440784 1400. 600. 1000. 1040.319092 48.726082 1.28746 2.465196 -0.021725
67.980 2 LINK_REPORT 2 -1 68 0 204056 4655 0 2845. 68. 15 49.15
67.993 2 ROTORCRAFT_FP -12060 -3678 502282944 0 20971 686326464 -6167 -5749 821 0 0 0 0 2640 0
67.994 2 GPS_INT 0 0 0 404514492 -37290601 705381 655145 0 0 0 44 13 292856500 121 20 3 1
67.995 2 ATTITUDE -1.505065 0.199602 -1.403858
67.996 2 INS -3678 -12060 -502296352 20971 0 -686134144 4675 -17856 9285
67.996 2 SERIAL_COM 918 -18019 4849 9423 0 0 0 14 309 80 76 0 0 0 0 0
67.997 2 ATTITUDE -1.502872 0.196028 -1.404385
68.025 2 INS -3676 -12062 -502313120 20971 15728 -685892224 4689 -17882 9308
68.041 2 ATTITUDE -1.502508 0.194812 -1.405075
68.073 2 INS -3676 -12062 -502329888 20971 15728 -685651520 4638 -17840 9268
68.100 2 GPS_INT 0 0 0 404514493 -37290602 705432 655196 0 0 0 44 12 292856750 121 19 3 1
68.102 2 STATE_FILTER_STATUS 6 3 0
68.102 2 ATTITUDE -1.498798 0.190371 -1.405699
68.144 2 INS -3676 -12062 -502346656 20971 15728 -685410240 4656 -17860 9299
68.144 2 INS_REF 485057916 -31609623 411673221 404515786 -37285049 712727 662491 0.
68.145 2 GPS 3 43817913 447812073 14 655196 7 -3 2395 292856750 30 0
68.145 2 ATTITUDE -1.49812 0.188569 -1.406174
68.175 2 INS -3676 -12062 -502363456 20971 15728 -685168704 4597 -17902 9361
68.202 2 ROTORCRAFT_FP -12062 -3676 502366784 15728 20971 685120000 -6136 -5760 767 0 0 0 0 2640 0
68.203 2 ATTITUDE -1.497237 0.186116 -1.406609
68.218 2 INS -3676 -12062 -502380192 20971 15728 -684927488 4628 -17892 9301
68.256 2 GPS_INT 0 0 0 404514493 -37290602 705432 655196 0 0 0 44 12 292856750 121 19 3 1
68.257 2 ATTITUDE -1.496416 0.184268 -1.407307
68.281 2 INS -3676 -12062 -502396896 20971 15728 -684686656 4612 -17882 9337
68.282 2 ROVER_STATUS 0 60 3 0 1 919 7.727059
68.297 2 ATTITUDE -1.49563 0.182526 -1.407912
68.330 2 INS -3676 -12065 -502413632 -10485 -5242 -684445120 4599 -17880 9315
68.345 2 ATTITUDE -1.493052 0.179192 -1.408595
68.400 2 INS -3676 -12065 -502430304 -10485 -5242 -684204608 4606 -17892 9239
68.401 2 GVF 234.61171 1 1 1. -1.08,-14.42,3.,3.,0.,2.
68.402 2 CIRCLE -1.08 -14.42 3.
68.403 2 GPS 3 43817913 447812074 14 655272 2 4 2395 292857000 30 0
68.468 2 GPS_INT 0 0 0 404514494 -37290603 705508 655272 0 0 0 44 15 292857000 121 18 3 1
68.469 2 ATTITUDE -1.489714 0.175245 -1.409265
68.469 2 IMU_MAG_RAW 255 0 0 0
68.469 2 INS -3676 -12065 -502446944 -10485 -5242 -683964288 4572 -17871 9288
68.469 2 ROVER_CTRL 2.5 0.034804 3890.123779 -2.440784 1400. 600. 1000. 1040.319092 48.726082 1.28746 2.465196 -0.021716
68.469 2 ROTORCRAFT_FP -12065 -3676 502450272 -5242 -10485 683915456 -6105 -5773 717 0 0 0 0 2640 0
68.470 2 ATTITUDE -1.489849 0.17404 -1.409661
68.470 2 INS -3676 -12065 -502463584 -10485 -5242 -683723264 4515 -17926 9323
68.484 2 SERIAL_COM 919 -17880 4599 9315 0 0 0 14 310 80 76 0 0 0 0 0
68.500 2 ATTITUDE -1.488997 0.171789 -1.409973
68.533 2 INS -3673 -12065 -502480224 10485 5242 -683483008 4507 -17882 9286
68.549 2 GPS_INT 0 0 0 404514494 -37290604 705573 655338 0 0 0 44 11 292857250 121 18 3 1
68.550 2 ATTITUDE -1.488113 0.169498 -1.410438
68.583 2 INS -3673 -12065 -502496928 10485 5242 -683242304 4492 -17902 9341
68.598 2 ATTITUDE -1.487719 0.168126 -1.41094
68.631 2 INS -3673 -12065 -502513568 10485 5242 -683002048 4444 -17915 9254
68.631 2 GPS 3 43817912 447812074 14 655338 3 -2 2395 292857250 30 0
68.646 2 ATTITUDE -1.484729 0.164386 -1.411682
68.677 2 INS -3673 -12065 -502530272 10485 5242 -682762368 4441 -17920 9270
68.716 2 ROTORCRAFT_FP -12065 -3673 502533632 5242 10485 682713600 -6077 -5783 667 0 0 0 0 2640 0
68.717 2 GPS_INT 0 0 0 404514494 -37290604 705573 655338 0 0 0 44 11 292857250 121 18 3 1
68.717 2 ATTITUDE -1.483048 0.161611 -1.412113
68.744 2 INS -3673 -12065 -502546944 10485 5242 -682522496 4443 -17893 9273
68.757 2 STATIC_CONTROL 0 0. 0 0. 0. 0. 0. 0. 0. 0. 0. 0. 0.
68.758 2 ATTITUDE -1.483058 0.160493 -1.412625
68.775 2 INS -3671 -12067 -502563584 36700 -5242 -682283520 4367 -17913 9196
68.791 2 ATTITUDE -1.480855 0.157274 -1.413109
68.823 2 INS -3671 -12067 -502580224 36700 -5242 -682044480 4385 -17903 9254
68.850 2 GPS_INT 0 0 0 404514495 -37290605 705638 655402 0 0 0 43 12 292857500 121 20 3 1
68.850 2 ATTITUDE -1.479579 0.155161 -1.413632
68.905 2 INS -3671 -12067 -502596864 36700 -5242 -681804352 4368 -17886 9231
68.906 2 GVF 234.69194 1 1 1. -1.08,-14.42,3.,3.,0.,2.
68.907 2 CIRCLE -1.08 -14.42 3.
68.907 2 GPS 3 43817911 447812075 14 655402 8 -1 2395 292857500 30 0
68.908 2 ATTITUDE -1.480225 0.154288 -1.414068
68.919 2 INS -3671 -12067 -502613504 36700 -5242 -681564736 4280 -17936 9156
68.936 2 ROVER_CTRL 2.5 0.034804 3890.123779 -2.440784 1400. 600. 1000. 1040.319092 48.726082 1.28746 2.465196 -0.021712
68.980 2 LINK_REPORT 2 -1 69 0 207001 4723 0 2945. 68. 15 49.15
69.004 2 ROTORCRAFT_FP -12067 -3671 502616832 -5242 36700 681516544 -6063 -5792 627 0 0 0 0 2625 0
69.005 2 ATTITUDE -1.479725 0.152087 -1.414334
69.005 2 INS -3671 -12067 -502630112 36700 -5242 -681323904 4306 -17967 9343
69.005 2 SERIAL_COM 919 -18027 4471 9464 0 0 0 14 310 80 76 0 0 0 0 0
69.005 2 GPS_INT 0 0 0 404514495 -37290605 705638 655402 0 0 0 43 12 292857500 121 20 3 1
69.006 2 ATTITUDE -1.477398 0.14875 -1.41491
69.020 2 INS -3671 -12072 -502646752 5242 10485 -681084608 4275 -17964 9245
69.036 2 DL_VALUE 68 -2.440784
69.053 2 ATTITUDE -1.4768 0.147115 -1.415418
69.070 2 INS -3671 -12072 -502663392 5242 10485 -680844928 4247 -17927 9262
69.102 2 ATTITUDE -1.476289 0.145323 -1.415776
69.118 2 INS -3671 -12072 -502680032 5242 10485 -680605312 4227 -17960 9192
69.133 2 GPS 3 43817909 447812076 14 655431 3 -10 2395 292857750 30 0
69.161 2 GPS_INT 0 0 0 404514496 -37290607 705667 655431 0 0 0 43 15 292857750 121 20 3 1
69.162 2 DATALINK_REPORT 4 193 64110 2968 0 11
69.163 2 ATTITUDE -1.475808 0.143068 -1.416162
69.176 2 INS -3671 -12072 -502696672 5242 10485 -680365568 4165 -17959 9197
69.201 2 ROTORCRAFT_FP -12072 -3671 502700000 10485 5242 680317376 -6043 -5801 579 0 0 0 0 2640 0
69.202 2 ATTITUDE -1.474464 0.14016 -1.416584
69.203 2 ROTORCRAFT_NAV_STATUS 20 20 0. 0. 3 0 2
69.230 2 WP_MOVED_ENU 6 -5542 -2380 -87
69.230 2 WP_MOVED_ENU 6 -5542 -2380 -87
69.230 2 IMU_MAG_RAW 255 0 0 0
69.230 2 INS -3671 -12072 -502713344 5242 10485 -680126784 4162 -17961 9222
69.251 2 ATTITUDE -1.473587 0.138138 -1.417209
69.278 2 INS -3671 -12072 -502729952 5242 10485 -679886592 4194 -17989 9320
69.294 2 GPS_INT 0 0 0 404514498 -37290607 705714 655478 0 0 0 43 13 292858000 121 18 3 1
69.295 2 ATTITUDE -1.470892 0.134723 -1.41789
69.325 2 INS -3663 -12072 -502746560 20971 15728 -679647232 4177 -17966 9220
69.342 2 ATTITUDE -1.471492 0.133981 -1.418212
69.398 2 INS -3663 -12072 -502763200 20971 15728 -679406976 4185 -18000 9336
69.399 2 GVF 234.892563 1 1 1. -1.08,-14.42,3.,3.,0.,2.
69.400 2 CIRCLE -1.08 -14.42 3.
69.400 2 GPS 3 43817909 447812078 14 655478 5 -4 2395 292858000 30 0
69.401 2 ATTITUDE -1.469911 0.130854 -1.418615
69.488 2 INS -3663 -12072 -502779840 20971 15728 -679167488 4104 -17999 9263
69.488 2 ROVER_CTRL 2.5 0.034804 3890.123779 -2.440784 1400. 600. 1000. 1040.319092 48.726082 1.28746 2.465196 -0.021703
69.489 2 ROTORCRAFT_FP -12072 -3663 502783168 15728 20971 679118912 -6020 -5811 531 0 0 0 0 2640 0
69.489 2 GPS_INT 0 0 0 404514498 -37290607 705714 655478 0 0 0 43 13 292858000 121 18 3 1
69.489 2 ATTITUDE -1.469351 0.128799 -1.419093
69.489 2 INS -3663 -12072 -502796448 20971 15728 -678928384 4086 -17963 9223
69.490 2 SERIAL_COM 920 -18103 4267 9488 0 0 0 14 311 80 76 0 0 0 0 0
69.490 2 ATTITUDE -1.467681 0.125729 -1.419396
69.531 2 INS -3660 -12075 -502813024 5242 -15728 -678690112 4006 -17996 9230
69.531 2 GPS_SOL 43 15 121 20
69.547 2 ATTITUDE -1.468039 0.124571 -1.419673
69.581 2 INS -3660 -12075 -502829600 5242 -15728 -678451520 4004 -17951 9193
69.597 2 GPS_INT 0 0 0 404514499 -37290608 705757 655521 0 0 0 43 15 292858250 121 20 3 1
69.599 2 ATTITUDE -1.468312 0.123346 -1.420056
69.629 2 INS -3660 -12075 -502846144 5242 -15728 -678210560 4010 -18041 9351
69.630 2 GPS 3 43817908 447812079 14 655521 3 -6 2395 292858250 30 0
69.645 2 ATTITUDE -1.467311 0.120968 -1.420352
69.677 2 INS -3660 -12075 -502862688 5242 -15728 -677971264 3979 -18071 9209
69.700 2 ROTORCRAFT_FP -12075 -3660 502865984 -15728 5242 677923072 -6011 -5819 494 0 0 0 0 2625 0
69.701 2 ATTITUDE -1.466411 0.119147 -1.420865
69.717 2 INS -3660 -12075 -502879232 5242 -15728 -677732352 3954 -18016 9214
69.756 2 STATIC_CONTROL 0 0. 0 0. 0. 0. 0. 0. 0. 0. 0. 0. 0.
69.757 2 GPS_INT 0 0 0 404514499 -37290608 705757 655521 0 0 0 43 15 292858250 121 20 3 1
69.757 2 ATTITUDE -1.465677 0.116786 -1.421119
69.772 2 INS -3658 -12080 -502895744 0 -20971 -677492672 3936 -18005 9234
69.772 2 ROVER_STATUS 0 59 3 0 1 920 7.762383
69.788 2 ATTITUDE -1.464225 0.114293 -1.421717
69.821 2 INS -3658 -12080 -502912224 0 -20971 -677253952 3925 -18026 9236
69.836 2 ATTITUDE -1.460171 0.109498 -1.422466
69.957 2 INS -3658 -12080 -502928704 0 -20971 -677014656 3881 -18061 9244
69.958 2 GVF 235.213181 1 1 1. -1.08,-14.42,3.,3.,0.,2.
69.958 2 CIRCLE -1.08 -14.42 3.
69.959 2 GPS 3 43817907 447812080 14 655552 3 -4 2395 292858500 30 0
69.960 2 GPS_INT 0 0 0 404514500 -37290610 705788 655552 0 0 0 43 14 292858500 121 20 3 1
69.961 2 ATTITUDE -1.455343 0.10391 -1.423168
69.961 2 INS -3658 -12080 -502945184 0 -20971 -676776192 3886 -18043 9142
69.962 2 ROVER_CTRL 2.5 0.034804 3890.123779 -2.440784 1400. 600. 1000. 1040.319092 48.726082 1.28746 2.465196 -0.021688
69.963 2 ROTORCRAFT_FP -12080 -3658 502948480 -20971 0 676728320 -5947 -5830 410 0 0 0 0 2625 0
69.964 2 ATTITUDE -1.451727 0.09941 -1.42379
69.981 2 LINK_REPORT 2 -1 70 0 210126 4797 0 3125. 74. 15 49.15
69.983 2 INS -3658 -12080 -502961664 0 -20971 -676538752 3843 -18018 9128
69.984 2 SERIAL_COM 920 -18104 4001 9259 0 0 0 14 311 80 76 0 0 0 0 0
69.998 2 ATTITUDE -1.4462 0.093308 -1.424543
69.998 2 IMU_MAG_RAW 255 0 0 0
70.014 2 INS -3655 -12080 -502978144 -10485 0 -676300480 3851 -18017 9155
70.043 2 GPS_INT 0 0 0 404514500 -37290611 705832 655596 0 0 0 43 15 292858750 121 19 3 1
70.044 2 ATTITUDE -1.444319 0.090303 -1.425142
70.075 2 INS -3655 -12080 -502994656 -10485 0 -676062272 3859 -18049 9159
70.091 2 ATTITUDE -1.442108 0.086661 -1.42546
70.136 2 INS -3655 -12080 -503011168 -10485 0 -675825280 3768 -18069 9152
70.137 2 GPS 3 43817906 447812080 14 655596 1 4 2395 292858750 30 0
70.137 2 ATTITUDE -1.441757 0.08481 -1.425903
70.168 2 INS -3655 -12080 -503027648 -10485 0 -675586816 3793 -18113 9217
70.217 2 ROTORCRAFT_FP -12080 -3655 503030944 0 -10485 675538624 -5886 -5842 327 0 0 0 0 2625 0
70.218 2 GPS_INT 0 0 0 404514500 -37290611 705832 655596 0 0 0 43 15 292858750 121 19 3 1
70.219 2 ALIVE 122,195,7,233,5,247,195,75,60,187,26,129,128,90,246,93
70.220 2 ATTITUDE -1.436929 0.079202 -1.426538
70.220 2 INS -3655 -12080 -503044128 -10485 0 -675349376 3766 -18068 9147
70.253 2 ATTITUDE -1.434121 0.075309 -1.427147
70.279 2 INS -3655 -12080 -503060608 -10485 0 -675112896 3723 -18008 9102
70.295 2 ATTITUDE -1.429383 0.069964 -1.427808
70.311 2 INS -3655 -12088 -503077088 36700 -31457 -674875520 3692 -18083 9108
70.342 2 GPS_INT 0 0 0 404514501 -37290614 705874 655638 0 0 0 43 12 292859000 121 20 3 1
70.343 2 ATTITUDE -1.424433 0.064227 -1.428399
70.409 2 INS -3655 -12088 -503093568 36700 -31457 -674639104 3708 -18053 9099
70.410 2 ENERGY 27 7.727059 0.475 3.670353 7.693413 0.280395 2.103222
70.410 2 GVF 235.533813 1 1 1. -1.08,-14.42,3.,3.,0.,2.
70.411 2 CIRCLE -1.08 -14.42 3.
70.411 2 GPS 3 43817903 447812082 14 655638 9 -5 2395 292859000 30 0
70.411 2 ATTITUDE -1.423303 0.061836 -1.428905
70.451 2 INS -3655 -12088 -503110048 36700 -31457 -674401344 3702 -18101 9172
70.451 2 ROVER_CTRL 2.5 0.034804 3890.123779 -2.440784 1400. 600. 1000. 1040.319092 48.726082 1.28746 2.465196 -0.021674
70.452 2 ROTORCRAFT_FP -12088 -3655 503113344 -31457 36700 674353216 -5827 -5854 248 0 0 0 0 2625 0
70.452 2 ATTITUDE -1.422507 0.059993 -1.429525
70.478 2 INS -3655 -12088 -503126528 36700 -31457 -674164352 3652 -18071 9142
70.478 2 SERIAL_COM 921 -18202 3843 9336 0 0 0 14 312 80 76 0 0 0 0 0
70.526 2 GPS_INT 0 0 0 404514501 -37290614 705874 655638 0 0 0 43 12 292859000 121 20 3 1
70.527 2 PONG 
70.527 2 ATTITUDE -1.418821 0.055668 -1.430072
70.527 2 WP_MOVED_ENU 7 -115 2 -89
70.527 2 WP_MOVED_ENU 7 -115 2 -89
70.528 2 INS -3655 -12093 -503142976 -26214 -26214 -673927616 3685 -18084 9151
70.542 2 ATTITUDE -1.418291 0.054048 -1.43068
70.577 2 INS -3655 -12093 -503159424 -26214 -26214 -673690176 3680 -18105 9215
70.590 2 ATTITUDE -1.417717 0.052108 -1.431075
70.632 2 INS -3655 -12093 -503175904 -26214 -26214 -673453888 3602 -18086 9131
70.633 2 GPS 3 43817902 447812082 14 655699 6 0 2395 292859250 30 0
70.661 2 GPS_INT 0 0 0 404514501 -37290616 705934 655699 0 0 0 43 11 292859250 121 20 3 1
70.662 2 DL_VALUE 69 0.
70.662 2 ATTITUDE -1.415495 0.048447 -1.431489
70.677 2 INS -3655 -12093 -503192384 -26214 -26214 -673216768 3622 -18088 9244
70.693 2 ROTORCRAFT_FP -12093 -3655 503195680 -26214 -26214 673168768 -5791 -5864 188 0 0 0 0 2640 0
70.694 2 ATTITUDE -1.413119 0.04496 -1.432
70.734 2 INS -3655 -12093 -503208864 -26214 -26214 -672980736 3604 -18070 9080
70.735 2 STATIC_CONTROL 0 0. 0 0. 0. 0. 0. 0. 0. 0. 0. 0. 0.
70.736 2 ATTITUDE -1.411821 0.042495 -1.432554
70.766 2 INS -3653 -12098 -503225312 5242 -5242 -672745600 3551 -18095 9089
70.792 2 GPS_INT 0 0 0 404514502 -37290618 705968 655732 0 0 0 43 14 292859500 121 20 3 1
70.793 2 ATTITUDE -1.410724 0.04004 -1.433025
70.793 2 ROTORCRAFT_NAV_STATUS 21 21 0. 0. 3 0 2
70.823 2 IMU_MAG_RAW 255 0 0 0
70.823 2 INS -3653 -12098 -503241728 5242 -5242 -672509376 3528 -18034 9078
70.840 2 ATTITUDE -1.408973 0.03745 -1.433649
70.893 2 INS -3653 -12098 -503258144 5242 -5242 -672272896 3483 -18122 9042
70.893 2 GVF 235.934769 1 1 1. -1.08,-14.42,3.,3.,0.,2.
70.894 2 CIRCLE -1.08 -14.42 3.
70.895 2 GPS 3 43817900 447812083 14 655732 2 -7 2395 292859500 30 0
70.895 2 ATTITUDE -1.404238 0.031923 -1.434199
70.924 2 INS -3653 -12098 -503274592 5242 -5242 -672037760 3497 -18084 9073
70.981 2 LINK_REPORT 2 -1 71 0 212963 4866 0 2837. 69. 16 78.16
70.982 2 ROVER_CTRL 2.5 0.034804 3890.123779 -2.440784 1400. 600. 1000. 1040.319092 48.726082 1.28746 2.465196 -0.021655
70.982 2 ROTORCRAFT_FP -12098 -3653 503277888 -5242 5242 671990464 -5743 -5876 121 0 0 0 0 2625 0
70.983 2 GPS_INT 0 0 0 404514502 -37290618 705968 655732 0 0 0 43 14 292859500 121 20 3 1
70.983 2 ATTITUDE -1.401969 0.028927 -1.434966
70.983 2 INS -3653 -12098 -503291072 5242 -5242 -671802432 3439 -18094 9060
70.984 2 SERIAL_COM 921 -18134 3596 9092 0 0 0 14 312 80 76 0 0 0 0 0
70.984 2 ATTITUDE -1.399094 0.025309 -1.435634
71.014 2 INS -3653 -12101 -503307456 -26214 0 -671565824 3499 -18125 9168
71.030 2 ATTITUDE -1.396414 0.021472 -1.436177
71.062 2 INS -3653 -12101 -503323840 -26214 0 -671329472 3467 -18184 9130
71.092 2 GPS_INT 0 0 0 404514502 -37290619 706011 655775 0 0 0 43 13 292859750 121 19 3 1
71.093 2 ATTITUDE -1.393568 0.01766 -1.436829
71.123 2 INS -3653 -12101 -503340192 -26214 0 -671094144 3482 -18101 9067
71.124 2 GPS 3 43817899 447812083 14 655775 5 -6 2395 292859750 30 0
71.139 2 ATTITUDE -1.392552 0.015831 -1.437441
71.171 2 INS -3653 -12101 -503356544 -26214 0 -670858880 3393 -18103 9075
71.187 2 ROTORCRAFT_FP -12101 -3653 503359840 0 -26214 670811136 -5683 -5889 43 0 0 0 0 2625 0
71.189 2 ATTITUDE -1.387143 0.009634 -1.438069
71.219 2 INS -3653 -12101 -503372896 -26214 0 -670623616 3389 -18102 9028
71.246 2 GPS_INT 0 0 0 404514502 -37290619 706011 655775 0 0 0 43 13 292859750 121 19 3 1
71.247 2 ATTITUDE -1.384777 0.006574 -1.438703
71.275 2 INS -3653 -12101 -503389248 -26214 0 -670388864 3343 -18125 9003
71.276 2 ROVER_STATUS 0 58 3 0 1 922 7.797707
71.276 2 STATE_FILTER_STATUS 6 3 0
71.291 2 ATTITUDE -1.383456 0.003741 -1.439053
71.323 2 INS -3655 -12103 -503405600 -26214 -41943 -670153664 3323 -18125 9062
71.340 2 ATTITUDE -1.382207 0.001135 -1.439517
71.448 2 INS -3655 -12103 -503421920 -26214 -41943 -669919040 3352 -18143 8984
71.449 2 GVF 236.134964 1 1 1. -1.08,-14.42,3.,3.,0.,2.
71.450 2 CIRCLE -1.08 -14.42 3.
71.451 2 GPS 3 43817897 447812082 14 655812 8 -1 2395 292860000 30 0
71.452 2 GPS_INT 0 0 0 404514501 -37290621 706048 655812 0 0 0 43 10 292860000 113 21 3 1
71.453 2 ATTITUDE -1.379843 6.280395 -1.439833
71.454 2 INS -3655 -12103 -503438240 -26214 -41943 -669685120 3257 -18106 9011
71.455 2 ROVER_CTRL 2.5 0.034804 3890.123779 -2.440784 1400. 600. 1000. 1040.319092 48.726082 1.28746 2.465196 -0.021646
71.456 2 ROTORCRAFT_FP -12103 -3655 503441504 -41943 -26214 669638272 -5646 -5897 25714 0 0 0 0 2625 0
71.457 2 ATTITUDE -1.377217 6.276023 -1.440058
71.475 2 INS -3655 -12103 -503454560 -26214 -41943 -669451008 3266 -18096 9014
71.476 2 SERIAL_COM 922 -18299 3334 9133 0 0 0 14 313 80 76 0 0 0 0 0
71.491 2 ATTITUDE -1.374773 6.272611 -1.440527
71.507 2 INS -3653 -12106 -503470912 15728 -5242 -669214656 3272 -18194 9116
71.524 2 GPS_SOL 43 14 113 21
71.541 2 GPS_INT 0 0 0 404514502 -37290623 706093 655857 0 0 0 43 14 292860250 113 21 3 1
71.542 2 ATTITUDE -1.371856 6.268089 -1.440887
71.574 2 INS -3653 -12106 -503487232 20971 0 -668980032 3278 -18157 9047
71.589 2 ATTITUDE -1.368527 6.263162 -1.441167
71.605 2 IMU_MAG_RAW 255 0 0 0
71.620 2 INS -3653 -12106 -503503552 20971 0 -668745600 3250 -18153 9121
71.621 2 GPS 3 43817896 447812083 14 655857 4 -9 2395 292860250 30 0
71.636 2 ATTITUDE -1.368158 6.261524 -1.441641
71.668 2 INS -3653 -12106 -503519872 20971 0 -668510720 3220 -18154 9082
71.705 2 ROTORCRAFT_FP -12106 -3653 503523136 0 20971 668463424 -5607 -5906 25647 0 0 0 0 2640 0
71.706 2 GPS_INT 0 0 0 404514502 -37290623 706093 655857 0 0 0 43 14 292860250 113 21 3 1
71.707 2 ATTITUDE -1.368299 6.260448 -1.442086
71.735 2 INS -3653 -12106 -503536192 20971 0 -668276928 3167 -18151 9008
71.736 2 STATIC_CONTROL 0 0. 0 0. 0. 0. 0. 0. 0. 0. 0. 0. 0.
71.737 2 ATTITUDE -1.362445 6.253975 -1.442702
71.766 2 INS -3653 -12111 -503552512 -15728 -20971 -668041984 3144 -18157 9104
71.782 2 ATTITUDE -1.361253 6.251801 -1.443367
71.798 2 WP_MOVED_ENU 8 184 8271 -87
71.798 2 WP_MOVED_ENU 8 184 8271 -87
71.814 2 INS -3653 -12111 -503568832 -15728 -20971 -667807808 3183 -18146 8986
71.841 2 GPS_INT 0 0 0 404514502 -37290625 706113 655877 0 0 0 43 14 292860500 113 20 3 1
71.842 2 ATTITUDE -1.360241 6.249216 -1.443701
71.857 2 INS -3653 -12111 -503585152 -15728 -20971 -667573184 3149 -18205 9086
71.897 2 GVF 236.456146 1 1 1. -1.08,-14.42,3.,3.,0.,2.
71.898 2 CIRCLE -1.08 -14.42 3.
71.898 2 GPS 3 43817894 447812083 14 655877 4 -15 2395 292860500 30 0
71.899 2 ATTITUDE -1.357719 6.245203 -1.443962
71.911 2 INS -3653 -12111 -503601440 -15728 -20971 -667338048 3113 -18191 9063
71.949 2 ROVER_CTRL 2.5 0.034804 3890.123779 -2.440784 1400. 600. 1000. 1040.319092 48.726082 1.28746 2.465196 -0.021632
71.950 2 ROTORCRAFT_FP -12111 -3653 503604704 -20971 -15728 667290496 -5565 -5915 25581 0 0 0 0 2625 0
71.950 2 ATTITUDE -1.357963 6.244135 -1.444517
71.977 2 INS -3653 -12111 -503617760 -15728 -20971 -667104320 3065 -18197 9023
71.978 2 SERIAL_COM 922 -18191 3113 9063 0 0 0 14 313 80 76 0 0 0 0 0
71.982 2 LINK_REPORT 2 -1 72 0 216191 4941 0 3228. 75. 16 78.16
71.994 2 GPS_INT 0 0 0 404514502 -37290625 706113 655877 0 0 0 43 14 292860500 113 20 3 1
71.995 2 ATTITUDE -1.355223 6.240553 -1.445252
72.008 2 INS -3650 -12116 -503634048 -5242 -5242 -666870592 3036 -18173 9003
72.040 2 ATTITUDE -1.351217 6.235772 -1.445847
72.057 2 INS -3650 -12116 -503650304 -5242 -10485 -666637568 2990 -18138 8947
72.088 2 ATTITUDE -1.347034 6.230778 -1.446446
72.121 2 INS -3650 -12116 -503666592 -5242 -10485 -666404864 2990 -18196 8961
72.122 2 GPS 3 43817892 447812083 14 655928 1 -1 2395 292860750 30 0
72.147 2 GPS_INT 0 0 0 404514502 -37290627 706164 655928 0 0 0 43 13 292860750 113 21 3 1
72.149 2 ATTITUDE -1.340743 6.223699 -1.446919
72.163 2 INS -3650 -12116 -503682912 -5242 -10485 -666171008 2984 -18182 8918
72.188 2 ROTORCRAFT_FP -12116 -3650 503686176 -10485 -5242 666123840 -5489 -5927 25487 0 0 0 0 2640 0
72.189 2 ATTITUDE -1.338984 6.220897 -1.447351
72.220 2 INS -3650 -12116 -503699200 -5242 -10485 -665938752 2984 -18203 8971
72.236 2 DL_VALUE 70 0.
72.237 2 ATTITUDE -1.335349 6.215813 -1.447608
72.269 2 INS -3650 -12116 -503715488 -5242 -10485 -665705024 2946 -18216 9035
72.285 2 GPS_INT 0 0 0 404514502 -37290627 706164 655928 0 0 0 43 13 292860750 113 21 3 1
72.285 2 ATTITUDE -1.331611 6.210647 -1.448009
72.316 2 INS -3645 -12121 -503731776 36700 -52428 -665472256 2967 -18180 8922
72.332 2 ATTITUDE -1.325383 6.203651 -1.448616
72.401 2 INS -3645 -12121 -503748064 36700 -52428 -665239552 2909 -18230 9022
72.401 2 GVF 236.858749 1 1 1. -1.08,-14.42,3.,3.,0.,2.
72.402 2 CIRCLE -1.08 -14.42 3.
72.403 2 GPS 3 43817891 447812085 14 655979 12 -2 2395 292861000 30 0
72.404 2 ATTITUDE -1.320336 6.19781 -1.449145
72.404 2 ROTORCRAFT_NAV_STATUS 23 23 0. 0. 3 0 2
72.404 2 IMU_MAG_RAW 255 0 0 0
72.490 2 INS -3645 -12121 -503764288 36700 -52428 -665006976 2929 -18174 8897
72.490 2 ROVER_CTRL 2.5 0.034804 3890.123779 -2.440784 1400. 600. 1000. 1040.319092 48.726082 1.28746 2.465196 -0.021613
72.491 2 ROTORCRAFT_FP -12121 -3645 503767520 -52428 36700 664960384 -5385 -5936 25362 0 0 0 0 2640 0
72.493 2 GPS_INT 0 0 0 404514504 -37290629 706215 655979 0 0 0 42 10 292861000 113 20 3 1
72.494 2 ATTITUDE -1.314833 6.191477 -1.449626
72.494 2 INS -3645 -12121 -503780480 36700 -52428 -664776128 2858 -18153 8914
72.494 2 SERIAL_COM 923 -18276 2994 9228 0 0 0 14 314 80 76 0 0 0 0 0
72.495 2 ATTITUDE -1.308155 6.183952 -1.450218
72.505 2 INS -3648 -12129 -503796704 -36700 -5242 -664545408 2818 -18199 8803
72.537 2 ATTITUDE -1.303504 6.178534 -1.45086
72.569 2 INS -3648 -12129 -503812896 -36700 -5242 -664316288 2728 -18293 8769
72.595 2 GPS_INT 0 0 0 404514504 -37290632 706220 655984 0 0 0 42 13 292861250 113 21 3 1
72.595 2 ATTITUDE -1.296667 6.170963 -1.451373
72.623 2 INS -3648 -12129 -503829088 -36700 -5242 -664090304 2763 -18333 8480
72.623 2 GPS 3 43817888 447812085 14 655984 7 -6 2395 292861250 30 0
72.639 2 ATTITUDE -1.29582 6.168789 -1.451659
72.657 2 INS -3648 -12129 -503845280 -36700 -5242 -663859264 2773 -18231 9040
72.687 2 ROTORCRAFT_FP -12129 -3648 503848512 -5242 -36700 663812480 -5314 -5946 25268 0 0 0 0 2640 0
72.688 2 ATTITUDE -1.296011 6.167197 -1.452033
72.741 2 INS -3648 -12129 -503861440 -36700 -5242 -663627520 2910 -18232 9249
72.742 2 STATIC_CONTROL 0 0. 0 0. 0. 0. 0. 0. 0. 0. 0. 0. 0.
72.743 2 GPS_INT 0 0 0 404514504 -37290632 706220 655984 0 0 0 42 13 292861250 113 21 3 1
72.744 2 ATTITUDE -1.292145 6.162292 -1.452309
72.772 2 INS -3642 -12129 -503877600 36700 -15728 -663386944 2685 -18251 9049
72.773 2 ROVER_STATUS 0 60 3 0 1 923 7.859523
72.788 2 ATTITUDE -1.292042 6.161129 -1.452807
72.804 2 INS -3642 -12129 -503893760 36700 -15728 -663162304 2853 -18266 8588
72.836 2 ATTITUDE -1.29119 6.15872 -1.45308
72.880 2 INS -3642 -12129 -503909920 36700 -15728 -662931968 2714 -18211 9054
72.882 2 GVF 237.180664 1 1 1. -1.08,-14.42,3.,3.,0.,2.
72.883 2 CIRCLE -1.08 -14.42 3.
72.883 2 GPS 3 43817888 447812086 14 656004 8 -2 2395 292861500 30 0
72.949 2 GPS_INT 0 0 0 404514505 -37290632 706240 656004 0 0 0 42 11 292861500 113 20 3 1
72.949 2 ALIVE 122,195,7,233,5,247,195,75,60,187,26,129,128,90,246,93
72.950 2 ATTITUDE -1.289714 6.155633 -1.453401
72.950 2 INS -3642 -12129 -503926080 36700 -15728 -662699264 2728 -18217 8816
72.950 2 ROVER_CTRL 2.5 0.034804 3890.123779 -2.440784 1400. 600. 1000. 1040.319092 48.726082 1.28746 2.465196 -0.021599
72.951 2 ROTORCRAFT_FP -12129 -3642 503929312 -15728 36700 662653312 -5296 -5953 25222 0 0 0 0 2640 0
72.951 2 ATTITUDE -1.29139 6.155791 -1.453779
72.976 2 INS -3642 -12129 -503942240 36700 -15728 -662472768 2688 -18206 8768
72.977 2 SERIAL_COM 923 -18366 2749 9298 0 0 0 14 314 80 76 0 0 0 0 0
72.978 2 ATTITUDE -1.289184 6.152699 -1.454315
72.983 2 LINK_REPORT 2 -1 73 0 219175 5011 0 2984. 70. 16 78.16
73.008 2 INS -3640 -12129 -503958400 -26214 10485 -662241408 2709 -18238 8961
73.036 2 GPS_INT 0 0 0 404514506 -37290632 706266 656031 0 0 0 42 11 292861750 113 21 3 1
73.037 2 ATTITUDE -1.282127 6.144815 -1.454837
73.067 2 INS -3640 -12129 -503974592 -26214 10485 -662011584 2684 -18249 8881
73.083 2 ATTITUDE -1.279907 6.141628 -1.455269
73.114 2 WP_MOVED_ENU 9 4536 6312 -87
73.115 2 WP_MOVED_ENU 9 4536 6312 -87
73.115 2 INS -3640 -12129 -503990752 -26214 10485 -661781952 2614 -18206 8762
73.116 2 GPS 3 43817888 447812087 14 656031 6 0 2395 292861750 30 0
73.130 2 ATTITUDE -1.277851 6.138318 -1.455642
73.162 2 INS -3640 -12129 -504006880 -26214 10485 -661552448 2620 -18222 8844
73.223 2 ROTORCRAFT_FP -12129 -3640 504010112 10485 -26214 661505792 -5235 -5962 25138 0 0 0 0 2640 0
73.224 2 GPS_INT 0 0 0 404514506 -37290632 706266 656031 0 0 0 42 11 292861750 113 21 3 1
73.225 2 ATTITUDE -1.276645 6.135497 -1.455887
73.226 2 IMU_MAG_RAW 255 0 0 0
73.226 2 INS_REF 485057916 -31609623 411673221 404515786 -37285049 712727 662491 0.
73.227 2 INS -3640 -12129 -504023040 -26214 10485 -661322816 2579 -18248 8858
73.239 2 ATTITUDE -1.273469 6.130673 -1.456052
73.263 2 INS -3640 -12129 -504039200 -26214 10485 -661092864 2546 -18204 8822
73.286 2 ATTITUDE -1.27088 6.126893 -1.456462
73.302 2 INS -3642 -12126 -504055360 -57671 -5242 -660863616 2550 -18227 8857
73.334 2 GPS_INT 0 0 0 404514505 -37290632 706314 656078 0 0 0 42 12 292862000 116 20 3 1
73.334 2 ATTITUDE -1.264737 6.119902 -1.456856
73.389 2 INS -3642 -12126 -504071488 -57671 -5242 -660633856 2563 -18259 8832
73.390 2 GVF 237.060104 1 1 1. -1.08,-14.42,3.,3.,0.,2.
73.391 2 CIRCLE -1.08 -14.42 3.
73.392 2 GPS 3 43817888 447812086 14 656078 10 -4 2395 292862000 30 0
73.394 2 ATTITUDE -1.259455 6.113781 -1.457435
73.405 2 INS -3642 -12126 -504087648 -57671 -5242 -660405312 2519 -18226 8812
73.445 2 ROVER_CTRL 2.5 0.034804 3890.123779 -2.440784 1400. 600. 1000. 1040.319092 48.726082 1.28746 2.465196 -0.021604
73.445 2 ROTORCRAFT_FP -12126 -3642 504090880 -5242 -57671 660358976 -5155 -5970 25036 0 0 0 0 2625 0
73.446 2 ATTITUDE -1.256662 6.109886 -1.457741
73.487 2 INS -3642 -12126 -504103808 -57671 -5242 -660176192 2492 -18263 8851
73.487 2 SERIAL_COM 924 -18342 2586 8938 0 0 0 14 315 80 76 0 0 0 0 0
73.489 2 GPS_INT 0 0 0 404514505 -37290632 706314 656078 0 0 0 42 12 292862000 116 20 3 1
73.489 2 ATTITUDE -1.252786 6.104377 -1.457905
73.519 2 INS -3645 -12124 -504119968 20971 15728 -659947072 2482 -18230 8819
73.520 2 GPS_SOL 42 11 119 20
73.535 2 ATTITUDE -1.249442 6.099467 -1.458192
73.553 2 BLOCK 5 2
73.567 2 INS -3645 -12124 -504136128 20971 15728 -659718016 2440 -18257 8895
73.583 2 ATTITUDE -1.244818 6.09392 -1.458755
73.617 2 INS -3645 -12124 -504152256 20971 15728 -659488896 2422 -18287 8839
73.618 2 GPS 3 43817889 447812086 14 656130 6 -1 2395 292862250 30 0
73.642 2 GPS_INT 0 0 0 404514505 -37290631 706365 656130 0 0 0 42 11 292862250 119 20 3 1
73.644 2 ATTITUDE -1.237511 6.085736 -1.459171
73.657 2 INS -3645 -12124 -504168384 20971 15728 -659260352 2359 -18276 8861
73.685 2 ROTORCRAFT_FP -12124 -3645 504171616 15728 20971 659213888 -5061 -5977 24917 0 0 0 0 2625 0
73.686 2 ATTITUDE -1.23449 6.081636 -1.459556
73.730 2 INS -3645 -12124 -504184544 20971 15728 -659032000 2419 -18235 8786
73.731 2 STATIC_CONTROL 0 0. 0 0. 0. 0. 0. 0. 0. 0. 0. 0. 0.
73.732 2 ATTITUDE -1.231124 6.077415 -1.460164
73.762 2 INS -3640 -12124 -504200704 -5242 -15728 -658804608 2347 -18259 8771
73.786 2 GPS_INT 0 0 0 404514506 -37290630 706419 656183 0 0 0 42 14 292862500 116 20 3 1
73.787 2 ATTITUDE -1.229676 6.074767 -1.460565
73.843 2 GVF_PARAMETRIC 5 1 4.5e-05 -6.,-34.859375,-45.699219,-22.828125,-21.648438,-0.449219,0.71875,17.71875,0.,0.,0.,0.,0.,0.,0.,0. -1.249298,-0.333458
73.844 2 INS -3640 -12124 -504216800 -10485 -20971 -658575104 2307 -18258 8853
73.844 2 DL_VALUE 71 2.5
73.844 2 ATTITUDE -1.226271 6.07024 -1.461083
73.868 2 INS -3640 -12124 -504232864 -10485 -20971 -658347008 2336 -18295 8751
73.869 2 GPS 3 43817890 447812087 14 656183 3 6 2395 292862500 30 0
73.884 2 ATTITUDE -1.223534 6.066442 -1.461475
73.900 2 INS -3640 -12124 -504248864 -10485 -20971 -658119616 2295 -18278 8804
73.916 2 ROVER_CTRL 2.5 0.034804 3890.123779 -2.440784 1400. 600. 1000. 1040.319092 48.726082 1.28746 2.465196 -0.
73.975 2 ROTORCRAFT_FP -12124 -3640 504252064 -20971 -10485 658073216 -4988 -5987 24824 0 0 0 0 2640 0
73.976 2 GPS_INT 0 0 0 404514506 -37290630 706419 656183 0 0 0 42 14 292862500 116 20 3 1
73.976 2 ATTITUDE -1.217656 6.059858 -1.461901
73.976 2 INS -3640 -12124 -504264864 -10485 -20971 -657891456 2305 -18208 8727
73.977 2 SERIAL_COM 924 -18423 2311 8887 0 0 0 14 315 80 76 0 0 0 0 0
73.977 2 ATTITUDE -1.211436 6.0529 -1.462479
73.983 2 LINK_REPORT 2 -1 74 0 222193 5080 0 3018. 69. 17 78.16
73.991 2 ROTORCRAFT_NAV_STATUS 1 1 0. 0. 5 0 2
73.991 2 IMU_MAG_RAW 255 0 0 0
74.007 2 INS -3640 -12124 -504280896 0 0 -657664896 2274 -18240 8668
74.023 2 ATTITUDE -1.204658 6.045147 -1.462874
74.055 2 INS -3640 -12124 -504296928 0 0 -657439424 2217 -18276 8641
74.082 2 GPS_INT 0 0 0 404514506 -37290630 706467 656231 0 0 0 42 11 292862750 116 21 3 1
74.083 2 ATTITUDE -1.202235 6.041873 -1.463451
74.115 2 INS -3640 -12124 -504312960 0 0 -657213056 2241 -18326 8795
74.115 2 GPS 3 43817890 447812087 14 656231 0 0 2395 292862750 30 0
74.130 2 ATTITUDE -1.195948 6.034781 -1.463912
74.163 2 INS -3640 -12124 -504328992 0 0 -656984640 2146 -18278 8771
74.181 2 ROTORCRAFT_FP -12124 -3640 504332224 0 0 656937344 -4899 -5997 24716 0 0 0 0 2640 0
74.182 2 ATTITUDE -1.193486 6.031345 -1.464309
74.246 2 GVF_PARAMETRIC 5 1 0.0001 6.,-10.898438,12.269531,15.839844,-9.296875,0.007812,32.308594,24.65625,0.,0.,0.,0.,0.,0.,0.,0. -1.247799,-0.336663
74.248 2 INS -3640 -12124 -504345024 0 0 -656754368 2267 -18369 8734
74.249 2 GPS_INT 0 0 0 404514506 -37290630 706467 656231 0 0 0 42 11 292862750 116 21 3 1
74.250 2 DATALINK_REPORT 1 195 64469 3010 0 11
74.251 2 ATTITUDE -1.186657 6.023643 -1.464728
74.269 2 INS -3640 -12124 -504361024 0 0 -656530304 2204 -18263 8590
74.269 2 ROVER_STATUS 0 60 3 0 1 925 7.762383
74.284 2 ATTITUDE -1.179767 6.015908 -1.465025
74.300 2 INS -3637 -12124 -504377056 0 -36700 -656304000 2179 -18308 8671
74.332 2 ATTITUDE -1.170793 6.006295 -1.465437
74.364 2 INS -3637 -12124 -504393056 0 -36700 -656077312 2151 -18253 8688
74.364 2 GPS 3 43817889 447812088 14 656279 6 8 2395 292863000 30 0
74.401 2 GPS_INT 0 0 0 404514507 -37290631 706515 656279 0 0 0 42 13 292863000 116 21 3 1
74.401 2 ATTITUDE -1.16564 6.000047 -1.465805
74.402 2 WP_MOVED_ENU 10 -686 -1218 -87
74.402 2 WP_MOVED_ENU 10 -686 -1218 -87
74.402 2 INS -3637 -12124 -504409056 0 -36700 -655851392 2166 -18322 8658
74.441 2 ROVER_CTRL 2.5 0.034804 3890.123779 -2.440784 1400. 600. 1000. 1040.319092 48.726082 1.28746 2.465196 -0.
74.441 2 ROTORCRAFT_FP -12124 -3637 504412256 -36700 0 655805696 -4768 -6003 24565 0 0 0 0 2625 0
74.442 2 ATTITUDE -1.16222 5.994979 -1.465912
74.483 2 INS -3637 -12124 -504425056 0 -36700 -655625920 2149 -18301 8686
74.483 2 SERIAL_COM 925 -18308 2179 8671 0 0 0 14 316 80 76 0 0 0 0 0
74.484 2 STATE_FILTER_STATUS 6 3 0
74.484 2 ATTITUDE -1.159744 5.991202 -1.466354
74.499 2 INS -3632 -12124 -504441056 62914 -5242 -655399744 2070 -18274 8656
74.530 2 GPS_INT 0 0 0 404514509 -37290631 706576 656340 0 0 0 42 12 292863250 116 21 3 1
74.530 2 ATTITUDE -1.154034 5.984723 -1.466785
74.562 2 INS -3632 -12124 -504457056 62914 -10485 -655172352 2138 -18300 8785
74.578 2 ATTITUDE -1.149019 5.978469 -1.467077
74.631 2 GVF_PARAMETRIC 5 1 0.00026 0.,0.2,0.2,0.841242,0.841242,0.05,32.308594,24.65625,0.,0.,0.,0.,0.,0.,0.,0. -1.245128,-0.339246
74.632 2 INS -3632 -12124 -504473056 62914 -10485 -654946304 2037 -18376 8669
74.632 2 GPS 3 43817889 447812091 14 656340 12 2 2395 292863250 30 0
74.632 2 ATTITUDE -1.146592 5.974623 -1.467403
74.663 2 INS -3632 -12124 -504489056 62914 -10485 -654720768 1991 -18307 8641
74.689 2 ROTORCRAFT_FP -12124 -3632 504492256 -10485 62914 654674560 -4688 -6011 24460 0 0 0 0 2625 0
74.689 2 GPS_INT 0 0 0 404514509 -37290631 706576 656340 0 0 0 42 12 292863250 116 21 3 1
74.690 2 ATTITUDE -1.142025 5.968564 -1.467656
74.733 2 INS -3632 -12124 -504505024 62914 -10485 -654494080 2029 -18319 8720
74.733 2 STATIC_CONTROL 0 0. 0 0. 0. 0. 0. 0. 0. 0. 0. 0. 0.
74.733 2 ATTITUDE -1.138556 5.963888 -1.468048
74.749 2 INS -3627 -12126 -504521024 -20971 -20971 -654269376 1973 -18313 8610
74.780 2 ATTITUDE -1.136003 5.960399 -1.4685
74.781 2 IMU_MAG_RAW 255 0 0 0
74.813 2 INS -3627 -12126 -504537024 -20971 -26214 -654044160 1949 -18248 8610
74.829 2 GPS_INT 0 0 0 404514511 -37290632 706634 656398 0 0 0 42 13 292863500 116 21 3 1
74.829 2 ATTITUDE -1.129628 5.9532 -1.468874
74.870 2 INS -3627 -12126 -504553024 -20971 -26214 -653818752 1911 -18288 8600
74.871 2 ENERGY 27 7.868354 0.45 3.540759 7.670856 0.280981 2.107782
74.871 2 GPS 3 43817888 447812093 14 656398 5 9 2395 292863500 30 0
74.871 2 ATTITUDE -1.123147 5.945908 -1.469379
74.903 2 INS -3627 -12126 -504569024 -20971 -26214 -653594560 1916 -18277 8576
74.943 2 ROVER_CTRL 2.5 0.034804 3890.123779 -2.440784 1400. 600. 1000. 1040.319092 48.726082 1.28746 2.465196 -0.
74.944 2 ROTORCRAFT_FP -12126 -3627 504572224 -26214 -20971 653548800 -4594 -6019 24346 0 0 0 0 2640 0
74.944 2 ATTITUDE -1.118832 5.940531 -1.46968
74.969 2 INS -3627 -12126 -504584992 -20971 -26214 -653369920 1849 -18227 8485
74.970 2 SERIAL_COM 925 -18495 2005 8908 0 0 0 14 316 80 76 0 0 0 0 0
74.983 2 LINK_REPORT 2 -1 75 0 225206 5149 0 3013. 69. 17 78.16
74.985 2 GPS_INT 0 0 0 404514511 -37290632 706634 656398 0 0 0 42 13 292863500 116 21 3 1
74.986 2 ATTITUDE -1.11315 5.933934 -1.470084
75.025 2 GVF_PARAMETRIC 5 1 0.000465 -6.,-34.859375,-45.699219,-22.828125,-21.648438,-0.449219,0.71875,17.71875,0.,0.,0.,0.,0.,0.,0.,0. -1.241071,-0.347634
75.026 2 INS -3624 -12126 -504600992 20971 -10485 -653145280 1816 -18321 8670
75.026 2 ATTITUDE -1.110775 5.93041 -1.470426
75.056 2 INS -3624 -12126 -504616992 26214 -10485 -652919040 1905 -18339 8787
75.072 2 ATTITUDE -1.107906 5.926207 -1.470708
75.114 2 INS -3624 -12126 -504632928 26214 -10485 -652695360 1864 -18286 8577
75.115 2 GPS 3 43817888 447812094 14 656434 6 2 2395 292863750 30 0
75.140 2 GPS_INT 0 0 0 404514512 -37290632 706670 656434 0 0 0 42 12 292863750 116 20 3 1
75.141 2 ATTITUDE -1.103092 5.920385 -1.471171
75.156 2 INS -3624 -12126 -504648864 26214 -10485 -652471488 1846 -18318 8600
75.182 2 ROTORCRAFT_FP -12126 -3624 504652064 -10485 26214 652425728 -4491 -6026 24222 0 0 0 0 2640 0
75.183 2 ATTITUDE -1.095901 5.912365 -1.471502
75.198 2 INS -3624 -12126 -504664800 26214 -10485 -652246848 1784 -18292 8633
75.230 2 ATTITUDE -1.089355 5.904954 -1.471777
75.246 2 INS -3624 -12126 -504680768 26214 -10485 -652023296 1800 -18293 8590
75.278 2 GPS_INT 0 0 0 404514512 -37290632 706670 656434 0 0 0 42 12 292863750 116 20 3 1
75.279 2 ATTITUDE -1.086508 5.900893 -1.472144
75.310 2 INS -3622 -12126 -504696672 10485 0 -651798912 1801 -18349 8665
75.326 2 ATTITUDE -1.082007 5.894935 -1.472291
75.368 2 INS -3622 -12126 -504712544 10485 0 -651575808 1732 -18266 8530
75.369 2 GPS 3 43817889 447812094 14 656466 3 -1 2395 292864000 30 0
75.369 2 ATTITUDE -1.077284 5.888684 -1.472457
75.474 2 GVF_PARAMETRIC 5 1 0.000559 6.,-10.898438,12.269531,15.839844,-9.296875,0.007812,32.308594,24.65625,0.,0.,0.,0.,0.,0.,0.,0. -1.23875,-0.350638
75.476 2 INS -3622 -12126 -504728416 10485 0 -651352576 1668 -18356 8614
75.477 2 ROVER_CTRL 2.5 0.034804 3890.123779 -2.440784 1400. 600. 1000. 1040.319092 48.726082 1.28746 2.465196 -0.
75.478 2 ROTORCRAFT_FP -12126 -3622 504731584 0 10485 651306624 -4400 -6030 24103 0 0 0 0 2625 0
75.478 2 GPS_INT 0 0 0 404514512 -37290631 706702 656466 0 0 0 42 12 292864000 116 21 3 1
75.479 2 AUTOPILOT_VERSION 60200 v6.2_unstable-650-g74eaf7c20-dirty
75.479 2 DL_VALUE 72 9600.
75.479 2 ATTITUDE -1.071304 5.881205 -1.472408
75.479 2 INS -3622 -12126 -504744256 10485 0 -651129024 1651 -18349 8582
75.509 2 SERIAL_COM 926 -18422 1966 8915 0 0 0 14 317 80 76 0 0 0 0 0
75.510 2 ATTITUDE -1.069119 5.877347 -1.472445
75.510 2 PONG 
75.510 2 INS -3624 -12121 -504760128 -36700 10485 -650908288 1686 -18296 8555
75.510 2 GPS_SOL 42 11 116 21
75.525 2 ATTITUDE -1.064535 5.871159 -1.472546
75.557 2 INS -3624 -12121 -504776000 -31457 10485 -650684672 1621 -18391 8678
75.594 2 GPS_INT 0 0 0 404514512 -37290630 706756 656521 0 0 0 42 11 292864250 116 21 3 1
75.595 2 ALIVE 122,195,7,233,5,247,195,75,60,187,26,129,128,90,246,93
75.595 2 ATTITUDE -1.061487 5.86683 -1.472719
75.595 2 ROTORCRAFT_NAV_STATUS 2 2 0. 0. 5 0 2
75.596 2 IMU_MAG_RAW 255 0 0 0
75.610 2 INS -3624 -12121 -504791840 -31457 10485 -650458816 1646 -18363 8699
75.610 2 GPS 3 43817890 447812094 14 656521 7 1 2395 292864250 30 0
75.626 2 ATTITUDE -1.059294 5.86296 -1.472886
75.658 2 INS -3624 -12121 -504807680 -31457 10485 -650236544 1594 -18346 8652
75.695 2 ROTORCRAFT_FP -12121 -3624 504810880 10485 -31457 650191360 -4325 -6033 23997 0 0 0 0 2625 0
75.696 2 ATTITUDE -1.05384 5.856076 -1.473093
75.696 2 WP_MOVED_ENU 11 -10526 6699 -87
75.696 2 WP_MOVED_ENU 11 -10526 6699 -87
75.696 2 INS -3624 -12121 -504823552 -31457 10485 -650012672 1658 -18405 8802
75.737 2 STATIC_CONTROL 0 0. 0 0. 0. 0. 0. 0. 0. 0. 0. 0. 0.
75.737 2 GPS_INT 0 0 0 404514512 -37290630 706756 656521 0 0 0 42 11 292864250 116 21 3 1
75.738 2 ATTITUDE -1.052873 5.853915 -1.473448
75.763 2 INS -3624 -12121 -504839456 -5242 -5242 -649789056 1548 -18323 8669
75.763 2 ROVER_STATUS 0 59 3 0 1 926 7.806538
75.779 2 ATTITUDE -1.047282 5.847632 -1.473915
75.822 2 GVF_PARAMETRIC 5 1 0.000665 0.,0.2,0.2,0.841242,0.841242,0.05,32.308594,24.65625,0.,0.,0.,0.,0.,0.,0.,0. -1.234438,-0.356462
75.822 2 INS -3624 -12121 -504855360 -5242 0 -649566080 1574 -18336 8693
75.823 2 ATTITUDE -1.039731 5.8392 -1.474309
75.863 2 INS -3624 -12121 -504871168 -5242 0 -649343616 1575 -18369 8693
75.863 2 GPS 3 43817891 447812094 14 656562 1 4 2395 292864500 30 0
75.889 2 GPS_INT 0 0 0 404514512 -37290629 706798 656562 0 0 0 42 14 292864500 116 20 3 1
75.889 2 ATTITUDE -1.031555 5.830338 -1.474675
75.932 2 INS -3624 -12121 -504887008 -5242 0 -649120128 1516 -18363 8739
75.933 2 ROVER_CTRL 2.5 0.034804 3890.123779 -2.440784 1400. 600. 1000. 1040.319092 48.726082 1.28746 2.465196 -0.
75.933 2 ROTORCRAFT_FP -12121 -3624 504890176 0 -5242 649074816 -4219 -6040 23871 0 0 0 0 2640 0
75.933 2 ATTITUDE -1.027782 5.825107 -1.474757
75.962 2 INS -3624 -12121 -504902848 -5242 0 -648897984 1545 -18390 8588
75.963 2 SERIAL_COM 926 -18412 1615 8680 0 0 0 14 317 80 76 0 0 0 0 0
75.978 2 ATTITUDE -1.023443 5.819361 -1.474972
75.984 2 LINK_REPORT 2 -1 76 0 228464 5223 0 3258. 74. 18 60.44
75.994 2 INS -3624 -12119 -504918688 0 10485 -648676160 1497 -18362 8608
76.026 2 GPS_INT 0 0 0 404514512 -37290628 706826 656591 0 0 0 42 13 292864750 116 21 3 1
76.026 2 ATTITUDE -1.017798 5.812291 -1.475006
76.058 2 INS -3624 -12119 -504934528 5242 15728 -648452800 1470 -18363 8608
76.074 2 ATTITUDE -1.014553 5.807897 -1.475451
76.106 2 INS -3624 -12119 -504950368 5242 15728 -648231936 1426 -18394 8610
76.106 2 GPS 3 43817891 447812094 14 656591 4 -6 2395 292864750 30 0
76.122 2 ATTITUDE -1.010707 5.802979 -1.475869
76.154 2 INS -3624 -12119 -504966208 5242 15728 -648009856 1394 -18379 8617
76.192 2 ROTORCRAFT_FP -12119 -3624 504969376 15728 5242 647964416 -4116 -6045 23744 0 0 0 0 2625 0
76.192 2 GPS_INT 0 0 0 404514512 -37290628 706826 656591 0 0 0 42 13 292864750 116 21 3 1
76.192 2 ATTITUDE -1.002799 5.794284 -1.476147
76.229 2 GVF_PARAMETRIC 5 1 0.000709 -6.,-34.859375,-45.699219,-22.828125,-21.648438,-0.449219,0.71875,17.71875,0.,0.,0.,0.,0.,0.,0.,0. -1.232834,-0.358223
76.230 2 INS -3624 -12119 -504982048 5242 15728 -647786304 1412 -18370 8653
76.230 2 ATTITUDE -0.998372 5.788482 -1.476264
76.245 2 INS -3624 -12119 -504997888 5242 15728 -647564864 1381 -18362 8656
76.277 2 ATTITUDE -0.995005 5.783596 -1.476456
76.293 2 INS -3627 -12116 -505013696 -20971 36700 -647342592 1350 -18357 8608
76.325 2 GPS_INT 0 0 0 404514511 -37290627 706852 656616 0 0 0 42 10 292865000 116 20 3 1
76.325 2 ATTITUDE -0.988854 5.775866 -1.476473
76.357 2 INS -3627 -12116 -505029536 -20971 36700 -647121920 1301 -18373 8562
76.357 2 GPS 3 43817892 447812093 14 656616 8 1 2395 292865000 30 0
76.373 2 ATTITUDE -0.985099 5.770904 -1.476781
76.389 2 IMU_MAG_RAW 255 0 0 0
76.432 2 INS -3627 -12116 -505045376 -20971 36700 -646899968 1255 -18353 8676
76.432 2 ROVER_CTRL 2.5 0.034804 3890.123779 -2.440784 1400. 600. 1000. 1040.319092 48.726082 1.28746 2.465196 -0.
76.433 2 ROTORCRAFT_FP -12116 -3627 505048544 36700 -20971 646854784 -3999 -6049 23601 0 0 0 0 2625 0
76.433 2 ATTITUDE -0.975244 5.760261 -1.477007
76.488 2 INS -3627 -12116 -505061216 -20971 36700 -646678976 1254 -18383 8530
76.488 2 SERIAL_COM 927 -18533 1310 8687 0 0 0 14 318 80 76 0 0 0 0 0
76.488 2 GPS_INT 0 0 0 404514511 -37290627 706852 656616 0 0 0 42 10 292865000 116 20 3 1
76.489 2 ATTITUDE -0.968356 5.752519 -1.477437
76.504 2 INS -3632 -12116 -505076992 -5242 -5242 -646459392 1263 -18320 8535
76.520 2 ATTITUDE -0.960891 5.744205 -1.477816
76.551 2 INS -3632 -12116 -505092800 -10485 -10485 -646239552 1210 -18437 8564
76.567 2 ATTITUDE -0.957513 5.739867 -1.478209
76.657 2 GVF_PARAMETRIC 5 1 0.000833 6.,-10.898438,12.269531,15.839844,-9.296875,0.007812,32.308594,24.65625,0.,0.,0.,0.,0.,0.,0.,0. -1.228954,-0.367135
76.659 2 INS -3632 -12116 -505108640 -10485 -10485 -646018176 1237 -18397 8513
76.660 2 GPS 3 43817893 447812091 14 656653 1 10 2395 292865250 30 0
76.661 2 GPS_INT 0 0 0 404514509 -37290626 706889 656653 0 0 0 42 15 292865250 116 21 3 1
76.663 2 ATTITUDE -0.947141 5.728813 -1.478367
76.663 2 INS -3632 -12116 -505124448 -10485 -10485 -645797696 1239 -18392 8514
76.672 2 ROTORCRAFT_FP -12116 -3632 505127584 -10485 -10485 645753408 -3867 -6056 23452 0 0 0 0 2625 0
76.672 2 ATTITUDE -0.941976 5.722833 -1.4787
76.717 2 INS -3632 -12116 -505140224 -10485 -10485 -645578240 1212 -18400 8513
76.718 2 STATIC_CONTROL 0 0. 0 0. 0. 0. 0. 0. 0. 0. 0. 0. 0.
76.718 2 ATTITUDE -0.93997 5.719359 -1.478878
76.750 2 INS -3630 -12119 -505155968 0 -41943 -645358272 1155 -18356 8457
76.776 2 GPS_INT 0 0 0 404514509 -37290628 706934 656698 0 0 0 42 13 292865500 116 21 3 1
76.776 2 ATTITUDE -0.935838 5.713511 -1.478937
76.791 2 INS -3630 -12119 -505171680 -5242 -41943 -645138944 1157 -18359 8455
76.823 2 ATTITUDE -0.934673 5.710728 -1.47925
76.855 2 INS -3630 -12119 -505187392 -5242 -41943 -644919936 1123 -18353 8446
76.856 2 GPS 3 43817891 447812091 14 656698 7 5 2395 292865500 30 0
76.871 2 ATTITUDE -0.930494 5.705722 -1.479743
76.964 2 INS -3630 -12119 -505203136 -5242 -41943 -644700160 1049 -18333 8432
76.964 2 ROVER_CTRL 2.5 0.034804 3890.123779 -2.440784 1400. 600. 1000. 1040.319092 48.726082 1.28746 2.465196 -0.
76.965 2 ROTORCRAFT_FP -12119 -3630 505206272 -41943 -5242 644655872 -3782 -6061 23341 0 0 0 0 2625 0
76.965 2 GPS_INT 0 0 0 404514509 -37290628 706934 656698 0 0 0 42 13 292865500 116 21 3 1
76.966 2 ATTITUDE -0.921686 5.696447 -1.479969
76.966 2 INS -3630 -12119 -505218848 -5242 -41943 -644481600 1106 -18341 8409
76.966 2 SERIAL_COM 927 -18462 1089 8490 0 0 0 14 318 80 76 0 0 0 0 0
76.967 2 ATTITUDE -0.916482 5.690373 -1.480281
76.980 2 WP_MOVED_ENU 12 760 1031 2560
76.980 2 WP_MOVED_ENU 12 760 1031 2560
76.984 2 LINK_REPORT 2 -1 77 0 231415 5288 0 2951. 65. 18 60.44
77.033 2 GVF_PARAMETRIC 5 1 0.000966 0.,0.2,0.2,0.841242,0.841242,0.05,32.308594,24.65625,0.,0.,0.,0.,0.,0.,0.,0. -1.227547,-0.371866
77.033 2 INS -3632 -12119 -505234528 5242 15728 -644260544 1075 -18366 8811
77.033 2 DL_VALUE 73 1400.
77.034 2 ATTITUDE -0.911963 5.684414 -1.480325
77.048 2 INS -3632 -12119 -505250240 5242 15728 -644039424 1008 -18453 8489
77.075 2 GPS_INT 0 0 0 404514509 -37290628 706959 656723 0 0 0 42 12 292865750 116 20 3 1
77.076 2 ATTITUDE -0.90571 5.677086 -1.480508
77.106 2 INS -3632 -12119 -505265920 5242 15728 -643822464 1122 -18424 8589
77.107 2 GPS 3 43817891 447812091 14 656723 5 3 2395 292865750 30 0
77.122 2 ATTITUDE -0.901865 5.671935 -1.480766
77.154 2 INS -3632 -12119 -505281600 5242 15728 -643600256 1000 -18398 8589
77.185 2 ROTORCRAFT_FP -12119 -3632 505284768 15728 5242 643555520 -3675 -6064 23210 0 0 0 0 2640 0
77.185 2 ATTITUDE -0.895459 5.664246 -1.480717
77.185 2 ROTORCRAFT_NAV_STATUS 4 4 0. 0. 5 0 2
77.185 2 IMU_MAG_RAW 255 0 0 0
77.224 2 INS -3632 -12119 -505297312 5242 15728 -643381184 994 -18395 8421
77.225 2 GPS_INT 0 0 0 404514509 -37290628 706959 656723 0 0 0 42 12 292865750 116 20 3 1
77.225 2 ATTITUDE -0.890231 5.657949 -1.481023
77.240 2 INS -3632 -12119 -505312992 5242 15728 -643162432 964 -18414 8539
77.256 2 ROVER_STATUS 0 60 3 0 1 928 7.833031
77.272 2 ATTITUDE -0.885778 5.651873 -1.481061
77.304 2 INS -3640 -12113 -505328704 -52428 26214 -642943424 906 -18412 8393
77.320 2 ATTITUDE -0.880639 5.64513 -1.481061
77.352 2 INS -3640 -12113 -505344384 -57671 26214 -642725056 893 -18417 8480
77.353 2 GPS 3 43817893 447812088 14 656736 12 -1 2395 292866000 30 0
77.379 2 GPS_INT 0 0 0 404514507 -37290626 706972 656736 0 0 0 42 11 292866000 116 19 3 1
77.380 2 ATTITUDE -0.877269 5.640226 -1.4811
77.461 2 GVF_PARAMETRIC 5 1 0.00108 -6.,-34.859375,-45.699219,-22.828125,-21.648438,-0.449219,0.71875,17.71875,0.,0.,0.,0.,0.,0.,0.,0. -1.222944,-0.3806
77.462 2 INS -3640 -12113 -505360064 -57671 26214 -642506624 859 -18367 8483
77.462 2 ROVER_CTRL 2.5 0.034804 3890.123779 -2.440784 1400. 600. 1000. 1040.319092 48.726082 1.28746 2.465196 -0.
77.463 2 ROTORCRAFT_FP -12113 -3640 505363200 26214 -57671 642461952 -3585 -6066 23089 0 0 0 0 2625 0
77.463 2 ATTITUDE -0.872376 5.63377 -1.481041
77.463 2 INS -3640 -12113 -505375744 -57671 26214 -642288256 862 -18369 8374
77.464 2 SERIAL_COM 928 -18524 827 8444 0 0 0 14 319 80 76 0 0 0 0 0
77.464 2 ATTITUDE -0.866659 5.627162 -1.481529
77.507 2 INS -3640 -12113 -505391424 -57671 26214 -642070080 839 -18401 8541
77.507 2 GPS_SOL 42 15 114 22
77.523 2 GPS_INT 0 0 0 404514504 -37290628 707051 656816 0 0 0 42 15 292866250 114 22 3 1
77.524 2 ATTITUDE -0.862005 5.621004 -1.481526
77.539 2 INS -3648 -12119 -505407104 5242 -15728 -641850752 807 -18399 8428
77.571 2 ATTITUDE -0.85654 5.613928 -1.481435
77.604 2 INS -3648 -12119 -505422784 5242 -15728 -641632512 747 -18360 8461
77.604 2 GPS 3 43817891 447812085 14 656816 3 6 2395 292866250 30 0
77.619 2 ATTITUDE -0.849373 5.605484 -1.481512
77.651 2 INS -3648 -12119 -505438464 5242 -15728 -641413056 802 -18425 8559
77.712 2 ROTORCRAFT_FP -12119 -3648 505441600 -15728 5242 641368832 -3453 -6068 22933 0 0 0 0 2625 0
77.713 2 GPS_INT 0 0 0 404514504 -37290628 707051 656816 0 0 0 42 15 292866250 114 22 3 1
77.713 2 STATE_FILTER_STATUS 6 3 0
77.713 2 ATTITUDE -0.84061 5.596004 -1.481707
77.714 2 INS -3648 -12119 -505454144 5242 -15728 -641195200 746 -18397 8437
77.714 2 STATIC_CONTROL 0 0. 0 0. 0. 0. 0. 0. 0. 0. 0. 0. 0.
77.714 2 ATTITUDE -0.83386 5.588281 -1.481809
77.744 2 INS -3648 -12119 -505469824 5242 -15728 -640977152 712 -18354 8445
77.762 2 ATTITUDE -0.830651 5.583765 -1.482006
77.851 2 GVF_PARAMETRIC 5 1 0.00119 6.,-10.898438,12.269531,15.839844,-9.296875,0.007812,32.308594,24.65625,0.,0.,0.,0.,0.,0.,0.,0. -1.224337,-0.390716
77.852 2 INS -3650 -12124 -505485472 15728 -15728 -640759040 697 -18381 8460
77.852 2 GPS_INT 0 0 0 404514502 -37290631 707103 656867 0 0 0 42 15 292866500 113 22 3 1
77.853 2 ATTITUDE -0.824293 5.575888 -1.481972
77.853 2 INS -3650 -12124 -505501152 15728 -15728 -640541568 645 -18408 8416
77.853 2 GPS 3 43817889 447812083 14 656867 4 5 2395 292866500 30 0
77.867 2 ATTITUDE -0.818733 5.569252 -1.482347
77.937 2 INS -3650 -12124 -505516800 15728 -15728 -640323776 655 -18405 8442
77.937 2 ROVER_CTRL 2.5 0.034804 3890.123779 -2.440784 1400. 600. 1000. 1040.319092 48.726082 1.28746 2.465196 -0.
77.938 2 ROTORCRAFT_FP -12124 -3650 505519936 -15728 15728 640279872 -3348 -6071 22802 0 0 0 0 2625 0
77.938 2 ATTITUDE -0.814891 5.564134 -1.482445
77.953 2 INS -3650 -12124 -505532480 15728 -15728 -640107200 604 -18430 8434
77.953 2 SERIAL_COM 928 -18405 655 8442 0 0 0 14 319 80 76 0 0 0 0 0
77.979 2 GPS_INT 0 0 0 404514502 -37290631 707103 656867 0 0 0 42 15 292866500 113 22 3 1
77.979 2 ATTITUDE -0.813054 5.560909 -1.482726
77.980 2 IMU_MAG_RAW 255 0 0 0
77.985 2 LINK_REPORT 2 -1 78 0 234544 5358 0 3129. 70. 18 60.44
77.995 2 INS -3658 -12129 -505548160 -31457 -15728 -639890432 577 -18414 8384
78.011 2 ATTITUDE -0.808659 5.555212 -1.482994
78.043 2 INS -3658 -12129 -505563840 -36700 -20971 -639673472 582 -18415 8417
78.059 2 ATTITUDE -0.804206 5.549406 -1.483284
78.105 2 INS -3658 -12129 -505579488 -36700 -20971 -639456832 552 -18359 8329
78.105 2 GPS 3 43817887 447812081 14 656890 7 -1 2395 292866750 30 0
78.131 2 GPS_INT 0 0 0 404514500 -37290633 707126 656890 0 0 0 42 13 292866750 114 21 3 1
78.131 2 ATTITUDE -0.800741 5.545139 -1.483585
78.147 2 INS -3658 -12129 -505595136 -36700 -20971 -639240320 513 -18328 8271
78.173 2 ROTORCRAFT_FP -12129 -3658 505598272 -20971 -36700 639196224 -3242 -6076 22675 0 0 0 0 2640 0
78.173 2 ATTITUDE -0.789546 5.533421 -1.483694
78.217 2 GVF_PARAMETRIC 5 1 0.001308 0.,0.2,0.2,0.841242,0.841242,0.05,32.308594,24.65625,0.,0.,0.,0.,0.,0.,0.,0. -1.223997,-0.398741
78.218 2 INS -3658 -12129 -505610720 -36700 -20971 -639024384 536 -18385 8291
78.219 2 ATTITUDE -0.783762 5.526839 -1.483881
78.247 2 INS -3658 -12129 -505626368 -36700 -20971 -638807168 513 -18381 8459
78.309 2 GPS_INT 0 0 0 404514500 -37290633 707126 656890 0 0 0 42 13 292866750 114 21 3 1
78.309 2 ALIVE 122,195,7,233,5,247,195,75,60,187,26,129,128,90,246,93
78.310 2 ATTITUDE -0.773526 5.515905 -1.483958
78.310 2 INS_REF 485057916 -31609623 411673221 404515786 -37285049 712727 662491 0.
78.310 2 WP_MOVED_ENU 13 775 -1018 2560
78.310 2 WP_MOVED_ENU 13 775 -1018 2560
78.310 2 INS -3665 -12136 -505641920 0 -15728 -638589760 452 -18390 8349
78.311 2 ATTITUDE -0.76719 5.508295 -1.484133
78.355 2 INS -3665 -12136 -505657504 0 -20971 -638372928 511 -18455 8393
78.355 2 GPS 3 43817885 447812077 14 656951 3 0 2395 292867000 30 0
78.371 2 ATTITUDE -0.760264 5.500257 -1.484213
78.387 2 INS -3665 -12136 -505673056 0 -20971 -638157760 412 -18387 8320
78.403 2 ROVER_CTRL 2.5 0.034804 3890.123779 -2.440784 1400. 600. 1000. 1040.319092 48.726082 1.28746 2.465196 -0.
78.462 2 ROTORCRAFT_FP -12136 -3665 505676160 -20971 0 638114048 -3106 -6078 22517 0 0 0 0 2625 0
78.462 2 GPS_INT 0 0 0 404514497 -37290636 707187 656951 0 0 0 41 11 292867000 113 22 3 1
78.463 2 ATTITUDE -0.755374 5.493873 -1.484172
78.463 2 INS -3665 -12136 -505688608 0 -20971 -637941632 409 -18382 8432
78.463 2 SERIAL_COM 929 -18494 515 8485 0 0 0 14 320 80 76 0 0 0 0 0
78.463 2 ATTITUDE -0.749272 5.486291 -1.484257
78.494 2 INS -3665 -12136 -505704160 0 -20971 -637724416 407 -18408 8423
78.510 2 ATTITUDE -0.744209 5.480032 -1.484461
78.542 2 INS -3673 -12139 -505719712 -5242 -5242 -637509504 405 -18390 8335
78.569 2 GPS_INT 0 0 0 404514495 -37290638 707220 656984 0 0 0 41 16 292867250 113 22 3 1
78.569 2 ATTITUDE -0.734244 5.469362 -1.484744
78.622 2 GVF_PARAMETRIC 5 1 0.001392 -6.,-34.859375,-45.699219,-22.828125,-21.648438,-0.449219,0.71875,17.71875,0.,0.,0.,0.,0.,0.,0.,0. -1.225729,-0.409247
78.623 2 INS -3673 -12139 -505735264 -5242 -5242 -637292928 379 -18419 8430
78.623 2 GPS 3 43817883 447812075 14 656984 1 3 2395 292867250 30 0
78.623 2 DL_VALUE 74 1400.
78.623 2 ATTITUDE -0.724037 5.458367 -1.484769
78.638 2 INS -3673 -12139 -505750816 -5242 -5242 -637078016 356 -18404 8256
78.668 2 ROTORCRAFT_FP -12139 -3673 505753920 -5242 -5242 637034688 -2928 -6081 22319 0 0 0 0 2625 0
78.668 2 ATTITUDE -0.712575 5.4462 -1.484714
78.727 2 INS -3673 -12139 -505766336 -5242 -5242 -636863040 325 -18336 8314
78.727 2 STATIC_CONTROL 0 0. 0 0. 0. 0. 0. 0. 0. 0. 0. 0. 0.
78.727 2 GPS_INT 0 0 0 404514495 -37290638 707220 656984 0 0 0 41 16 292867250 113 22 3 1
78.728 2 ATTITUDE -0.707256 5.439738 -1.484834
78.754 2 INS -3673 -12139 -505781856 -5242 -5242 -636647168 341 -18409 8322
78.754 2 ROVER_STATUS 0 55 3 0 1 929 7.771214
78.769 2 ATTITUDE -0.70212 5.433293 -1.48485
78.770 2 ROTORCRAFT_NAV_STATUS 5 5 0. 0. 5 0 2
78.800 2 IMU_MAG_RAW 255 0 0 0
78.801 2 INS -3678 -12142 -505797376 5242 5242 -636433088 289 -18399 8312
78.816 2 ATTITUDE -0.696641 5.426128 -1.484667
78.849 2 INS -3678 -12142 -505812896 5242 5242 -636217408 250 -18365 8309
78.849 2 GPS 3 43817882 447812073 14 656996 3 -11 2395 292867500 30 0
78.875 2 GPS_INT 0 0 0 404514493 -37290639 707232 656996 0 0 0 41 16 292867500 113 22 3 1
78.875 2 ATTITUDE -0.689718 5.41831 -1.484869
78.890 2 INS -3678 -12142 -505828416 5242 5242 -636002816 234 -18337 8229
78.929 2 ROVER_CTRL 2.5 0.034804 3890.123779 -2.440784 1400. 600. 1000. 1040.319092 48.726082 1.28746 2.465196 -0.
78.929 2 ROTORCRAFT_FP -12142 -3678 505831520 5242 5242 635959424 -2793 -6081 22160 0 0 0 0 2640 0
78.930 2 ATTITUDE -0.6796 5.407459 -1.484839
78.956 2 INS -3678 -12142 -505843936 5242 5242 -635789632 232 -18357 8261
78.956 2 SERIAL_COM 929 -18492 325 8517 0 0 0 14 320 80 76 0 0 0 0 0
78.972 2 ATTITUDE -0.669139 5.396354 -1.484813
78.986 2 LINK_REPORT 2 -1 79 0 237570 5427 0 3026. 69. 18 60.44
79.023 2 GVF_PARAMETRIC 5 1 0.001417 6.,-10.898438,12.269531,15.839844,-9.296875,0.007812,32.308594,24.65625,0.,0.,0.,0.,0.,0.,0.,0. -1.226349,-0.412379
79.024 2 INS -3678 -12142 -505859488 5242 5242 -635574336 221 -18337 8296
79.024 2 GPS_INT 0 0 0 404514493 -37290640 707273 657038 0 0 0 41 17 292867750 113 22 3 1
79.025 2 ATTITUDE -0.666317 5.392281 -1.484869
79.038 2 INS -3678 -12144 -505874976 -10485 -5242 -635360768 196 -18400 8272
79.070 2 ATTITUDE -0.660635 5.384994 -1.484621
79.086 2 INS -3678 -12144 -505890496 -10485 -5242 -635146816 168 -18386 8366
79.102 2 GPS 3 43817881 447812073 14 657038 1 -4 2395 292867750 30 0
79.118 2 ATTITUDE -0.654452 5.377381 -1.484569
79.150 2 INS -3678 -12144 -505906016 -10485 -5242 -634933248 117 -18321 8193
79.176 2 ROTORCRAFT_FP -12144 -3678 505909120 -5242 -10485 634890368 -2670 -6081 22012 0 0 0 0 2625 0
79.177 2 GPS_INT 0 0 0 404514493 -37290640 707273 657038 0 0 0 41 17 292867750 113 22 3 1
79.177 2 ATTITUDE -0.648723 5.37028 -1.484762
79.192 2 INS -3678 -12144 -505921536 -10485 -5242 -634721152 122 -18385 8300
79.208 2 ATTITUDE -0.643727 5.36428 -1.484812
79.241 2 INS -3678 -12144 -505937024 -10485 -5242 -634506368 82 -18436 8352
79.256 2 ATTITUDE -0.636434 5.356055 -1.484802
79.302 2 INS -3681 -12144 -505952544 26214 0 -634293568 105 -18386 8178
79.302 2 DATALINK_REPORT 4 196 64818 3039 0 11
79.317 2 GPS_INT 0 0 0 404514492 -37290640 707318 657082 0 0 0 41 15 292868000 113 21 3 1
79.318 2 ATTITUDE -0.629419 5.348233 -1.484959
79.360 2 INS -3681 -12144 -505968064 26214 0 -634081600 59 -18379 8235
79.361 2 ENERGY 27 7.886016 0.475 3.745857 7.648733 0.281562 2.112315
79.361 2 GPS 3 43817881 447812072 14 657082 6 4 2395 292868000 30 0
79.361 2 ATTITUDE -0.618813 5.337001 -1.484729
79.471 2 GVF_PARAMETRIC 5 1 0.001469 0.,0.2,0.2,0.841242,0.841242,0.05,32.308594,24.65625,0.,0.,0.,0.,0.,0.,0.,0. -1.226179,-0.415584
79.472 2 INS -3681 -12144 -505983584 26214 0 -633868288 47 -18381 8182
79.472 2 ROVER_CTRL 2.5 0.034804 3890.123779 -2.440784 1400. 600. 1000. 1040.319092 48.726082 1.28746 2.465196 -0.
79.473 2 ROTORCRAFT_FP -12144 -3681 505986688 0 26214 633824896 -2530 -6082 21852 0 0 0 0 2625 0
79.474 2 ATTITUDE -0.61507 5.331928 -1.484979
79.474 2 INS -3681 -12144 -505999104 26214 0 -633654464 67 -18409 8256
79.474 2 SERIAL_COM 930 -18479 130 8271 0 0 0 14 321 80 76 0 0 0 0 0
79.475 2 GPS_INT 0 0 0 404514492 -37290640 707318 657082 0 0 0 41 15 292868000 113 21 3 1
79.475 2 ATTITUDE -0.605136 5.321186 -1.484916
79.501 2 INS -3681 -12144 -506014624 26214 0 -633441984 27 -18418 8263
79.502 2 GPS_SOL 41 16 113 22
79.517 2 ATTITUDE -0.594658 5.310038 -1.484775
79.549 2 INS -3686 -12144 -506030112 -10485 10485 -633229504 12 -18368 8221
79.565 2 ATTITUDE -0.586016 5.300533 -1.484624
79.565 2 WP_MOVED_ENU 14 -760 -1031 2560
79.621 2 WP_MOVED_ENU 14 -760 -1031 2560
79.621 2 IMU_MAG_RAW 255 0 0 0
79.622 2 INS -3686 -12144 -506045632 -10485 10485 -633017152 -12 -18355 8177
79.622 2 GPS 3 43817880 447812070 14 657104 3 -7 2395 292868250 30 0
79.622 2 GPS_INT 0 0 0 404514490 -37290641 707340 657104 0 0 0 41 16 292868250 113 22 3 1
79.623 2 ATTITUDE -0.579219 5.292794 -1.484685
79.637 2 INS -3686 -12144 -506061120 -10485 10485 -632805376 -42 -18397 8233
79.665 2 ROTORCRAFT_FP -12144 -3686 506064224 10485 -10485 632761984 -2362 -6080 21664 0 0 0 0 2640 0
79.666 2 ATTITUDE -0.573442 5.285441 -1.484468
79.711 2 INS -3686 -12144 -506076576 -10485 10485 -632593984 -123 -18385 8149
79.712 2 STATIC_CONTROL 0 0. 0 0. 0. 0. 0. 0. 0. 0. 0. 0. 0.
79.712 2 ATTITUDE -0.570965 5.281262 -1.484402
79.744 2 INS -3686 -12144 -506092064 -10485 10485 -632382400 -100 -18383 8194
79.771 2 GPS_INT 0 0 0 404514489 -37290642 707398 657163 0 0 0 41 17 292868500 113 22 3 1
79.772 2 ATTITUDE -0.567064 5.275857 -1.484491
79.811 2 GVF_PARAMETRIC 5 1 0.001525 -6.,-34.859375,-45.699219,-22.828125,-21.648438,-0.449219,0.71875,17.71875,0.,0.,0.,0.,0.,0.,0.,0. -1.22674,-0.421293
79.812 2 INS -3688 -12149 -506107520 -5242 -5242 -632170240 -113 -18396 8160
79.812 2 ATTITUDE -0.559825 5.267856 -1.484642
79.853 2 INS -3688 -12149 -506122912 -5242 -5242 -631959360 -123 -18364 8138
79.853 2 GPS 3 43817879 447812068 14 657163 1 16 2395 292868500 30 0
79.854 2 ATTITUDE -0.552266 5.259427 -1.484447
79.885 2 INS -3688 -12149 -506138304 -5242 -5242 -631747264 -124 -18422 8197
79.958 2 ROVER_CTRL 2.5 0.034804 3890.123779 -2.440784 1400. 600. 1000. 1040.319092 48.726082 1.28746 2.465196 -0.
79.958 2 ROTORCRAFT_FP -12149 -3688 506141376 -5242 -5242 631704448 -2253 -6079 21529 0 0 0 0 2640 0
79.959 2 GPS_INT 0 0 0 404514489 -37290642 707398 657163 0 0 0 41 17 292868500 113 22 3 1
79.959 2 ATTITUDE -0.548006 5.253844 -1.484276
79.959 2 INS -3688 -12149 -506153664 -5242 -5242 -631537536 -159 -18361 8086
79.960 2 SERIAL_COM 930 -18517 -143 8103 0 0 0 14 321 80 76 0 0 0 0 0
79.960 2 ATTITUDE -0.541385 5.246239 -1.484269
79.986 2 LINK_REPORT 2 -1 80 0 240700 5496 0 3130. 69. 18 60.44
79.990 2 INS -3688 -12149 -506169056 -5242 -5242 -631327808 -214 -18402 8088
80.006 2 ATTITUDE -0.533965 5.237982 -1.484195
80.038 2 INS -3691 -12154 -506184448 26214 -20971 -631117184 -175 -18360 8081
80.064 2 GPS_INT 0 0 0 404514488 -37290644 707478 657242 0 0 0 41 15 292868750 125 22 3 1
80.064 2 ATTITUDE -0.52278 5.226157 -1.483939
80.096 2 INS -3691 -12154 -506199808 26214 -20971 -630907456 -226 -18329 8052
80.096 2 GPS 3 43817878 447812067 14 657242 7 6 2395 292868750 30 0
80.112 2 ATTITUDE -0.519992 5.221997 -1.484068
80.144 2 INS -3691 -12154 -506215200 26214 -20971 -630697984 -242 -18359 8080
80.161 2 ROTORCRAFT_FP -12154 -3691 506218272 -20971 26214 630655488 -2120 -6078 21375 0 0 0 0 2625 0
80.161 2 ATTITUDE -0.515617 5.216119 -1.483817
80.227 2 GVF_PARAMETRIC 5 1 0.001593 6.,-10.898438,12.269531,15.839844,-9.296875,0.007812,32.308594,24.65625,0.,0.,0.,0.,0.,0.,0.,0. -1.227455,-0.425112
80.228 2 INS -3691 -12154 -506230560 26214 -20971 -630489152 -269 -18338 8005
80.228 2 GPS_INT 0 0 0 404514488 -37290644 707478 657242 0 0 0 41 15 292868750 125 22 3 1
80.229 2 DL_VALUE 75 600.
80.229 2 ATTITUDE -0.512993 5.212031 -1.483781
80.250 2 INS -3691 -12154 -506245952 26214 -20971 -630278336 -305 -18354 8206
80.251 2 ROVER_STATUS 0 56 3 0 1 931 7.815369
80.271 2 ATTITUDE -0.510248 5.207732 -1.483707
80.298 2 INS -3691 -12157 -506261344 36700 -5242 -630068032 -298 -18431 8106
80.313 2 ATTITUDE -0.505225 5.201098 -1.483414
80.346 2 INS -3691 -12157 -506276704 31457 -10485 -629858432 -356 -18347 8140
80.346 2 GPS 3 43817876 447812067 14 657302 8 0 2395 292869000 30 0
80.424 2 GPS_INT 0 0 0 404514488 -37290646 707538 657302 0 0 0 41 12 292869000 125 21 3 1
80.424 2 ATTITUDE -0.499795 5.194403 -1.48351
80.425 2 ROTORCRAFT_NAV_STATUS 7 7 0. 0. 5 0 2
80.425 2 IMU_MAG_RAW 255 0 0 0
80.425 2 INS -3691 -12157 -506292096 31457 -10485 -629647872 -349 -18346 8113
80.425 2 ROVER_CTRL 2.5 0.034804 3890.123779 -2.440784 1400. 600. 1000. 1040.319092 48.726082 1.28746 2.465196 -0.
80.425 2 ROTORCRAFT_FP -12157 -3691 506295168 -10485 31457 629605376 -2023 -6076 21251 0 0 0 0 2625 0
80.426 2 ATTITUDE -0.491189 5.184981 -1.483596
80.451 2 INS -3691 -12157 -506307456 31457 -10485 -629438144 -372 -18362 8160
80.451 2 SERIAL_COM 931 -18431 -298 8106 0 0 0 14 322 80 76 0 0 0 0 0
80.466 2 ATTITUDE -0.480472 5.173446 -1.483266
80.513 2 INS -3691 -12157 -506322816 31457 -10485 -629229440 -377 -18380 8026
80.513 2 PONG 
80.513 2 GPS_INT 0 0 0 404514487 -37290647 707573 657337 0 0 0 41 11 292869250 127 22 3 1
80.514 2 ATTITUDE -0.468964 5.16139 -1.482859
80.545 2 INS -3696 -12160 -506338176 -31457 15728 -629020480 -434 -18343 8062
80.560 2 ATTITUDE -0.46501 5.156165 -1.482894
80.614 2 GVF_PARAMETRIC 5 1 0.001705 0.,0.2,0.2,0.841242,0.841242,0.05,32.308594,24.65625,0.,0.,0.,0.,0.,0.,0.,0. -1.227376,-0.432241
80.615 2 INS -3696 -12160 -506353536 -31457 15728 -628810368 -438 -18336 8107
80.615 2 GPS 3 43817875 447812066 14 657337 7 1 2395 292869250 30 0
80.615 2 ATTITUDE -0.460831 5.150368 -1.48268
80.646 2 INS -3696 -12160 -506368896 -31457 15728 -628603072 -494 -18365 8012
80.672 2 ROTORCRAFT_FP -12160 -3696 506371968 15728 -31457 628560896 -1883 -6071 21086 0 0 0 0 2625 0
80.672 2 GPS_INT 0 0 0 404514487 -37290647 707573 657337 0 0 0 41 11 292869250 127 22 3 1
80.672 2 ATTITUDE -0.456581 5.144527 -1.482357
80.714 2 INS -3696 -12160 -506384256 -31457 15728 -628394496 -508 -18402 8069
80.715 2 STATIC_CONTROL 0 0. 0 0. 0. 0. 0. 0. 0. 0. 0. 0. 0.
80.715 2 ATTITUDE -0.450816 5.1374 -1.482064
80.730 2 INS -3696 -12160 -506399584 -31457 15728 -628186752 -513 -18346 7947
80.762 2 ATTITUDE -0.446323 5.131442 -1.481936
80.794 2 INS -3699 -12162 -506414944 -5242 -31457 -627979328 -590 -18305 7964
80.810 2 GPS_INT 0 0 0 404514485 -37290648 707652 657417 0 0 0 41 10 292869500 127 22 3 1
80.811 2 ATTITUDE -0.44352 5.126873 -1.481746
80.852 2 INS -3699 -12162 -506430304 -5242 -31457 -627771968 -583 -18331 7974
80.853 2 GPS 3 43817874 447812064 14 657417 5 1 2395 292869500 30 0
80.853 2 STATE_FILTER_STATUS 6 3 0
80.853 2 ATTITUDE -0.440952 5.122861 -1.481908
80.868 2 WP_MOVED_ENU 15 -775 1018 2560
80.869 2 WP_MOVED_ENU 15 -775 1018 2560
80.885 2 INS -3699 -12162 -506445632 -5242 -31457 -627565248 -607 -18311 7917
80.925 2 ROVER_CTRL 2.5 0.034804 3890.123779 -2.440784 1400. 600. 1000. 1040.319092 48.726082 1.28746 2.465196 -0.
80.925 2 ROTORCRAFT_FP -12162 -3699 506448704 -31457 -5242 627523136 -1780 -6069 20956 0 0 0 0 2640 0
80.925 2 ATTITUDE -0.433783 5.11498 -1.481954
80.978 2 INS -3699 -12162 -506460960 -5242 -31457 -627358208 -626 -18250 7947
80.979 2 SERIAL_COM 931 -18496 -576 8221 0 0 0 14 322 80 76 0 0 0 0 0
80.984 2 GPS_INT 0 0 0 404514485 -37290648 707652 657417 0 0 0 41 10 292869500 127 22 3 1
80.985 2 ALIVE 122,195,7,233,5,247,195,75,60,187,26,129,128,90,246,93
80.985 2 ATTITUDE -0.425515 5.105765 -1.481855
80.986 2 LINK_REPORT 2 -1 81 0 243781 5567 0 3081. 71. 19 62.89
81.010 2 GVF_PARAMETRIC 5 1 0.001809 -6.,-34.859375,-45.699219,-22.828125,-21.648438,-0.449219,0.71875,17.71875,0.,0.,0.,0.,0.,0.,0.,0. -1.225859,-0.438327
81.010 2 INS -3699 -12162 -506476320 -5242 -31457 -627150208 -607 -18364 8099
81.011 2 ATTITUDE -0.416397 5.095981 -1.481434
81.036 2 INS -3699 -12165 -506491648 36700 15728 -626942656 -612 -18364 8039
81.052 2 ATTITUDE -0.405921 5.084897 -1.481014
81.096 2 INS -3699 -12165 -506507008 36700 15728 -626735552 -680 -18317 8039
81.097 2 GPS 3 43817873 447812064 14 657462 8 0 2395 292869750 30 0
81.122 2 GPS_INT 0 0 0 404514485 -37290649 707697 657462 0 0 0 41 12 292869750 127 22 3 1
81.123 2 ATTITUDE -0.398902 5.076836 -1.480814
81.138 2 INS -3699 -12165 -506522368 36700 15728 -626528064 -667 -18381 8041
81.164 2 ROTORCRAFT_FP -12165 -3699 506525440 15728 36700 626486208 -1626 -6064 20782 0 0 0 0 2625 0
81.165 2 ATTITUDE -0.394641 5.070969 -1.480467
81.165 2 IMU_MAG_RAW 255 0 0 0
81.180 2 INS -3699 -12165 -506537728 36700 15728 -626322368 -700 -18363 7957
81.212 2 ATTITUDE -0.391057 5.065971 -1.480577
81.228 2 INS -3699 -12165 -506553056 36700 15728 -626115776 -699 -18317 7981
81.261 2 GPS_INT 0 0 0 404514485 -37290649 707697 657462 0 0 0 41 12 292869750 127 22 3 1
81.261 2 ATTITUDE -0.387374 5.060782 -1.480534
81.294 2 INS -3706 -12167 -506568352 -31457 -31457 -625909056 -726 -18331 7978
81.308 2 ATTITUDE -0.382721 5.054842 -1.480504
81.340 2 INS -3706 -12167 -506583584 -31457 -36700 -625701568 -746 -18338 7942
81.340 2 GPS 3 43817872 447812062 14 657508 7 -2 2395 292870000 30 0
81.356 2 ATTITUDE -0.377518 5.048259 -1.480163
81.464 2 GVF_PARAMETRIC 5 1 0.00194 6.,-10.898438,12.269531,15.839844,-9.296875,0.007812,32.308594,24.65625,0.,0.,0.,0.,0.,0.,0.,0. -1.225112,-0.446833
81.465 2 INS -3706 -12167 -506598816 -31457 -36700 -625496256 -802 -18379 7925
81.466 2 ROVER_CTRL 2.5 0.034804 3890.123779 -2.440784 1400. 600. 1000. 1040.319092 48.726082 1.28746 2.465196 -0.
81.467 2 ROTORCRAFT_FP -12167 -3706 506601888 -36700 -31457 625454656 -1521 -6062 20651 0 0 0 0 2640 0
81.467 2 GPS_INT 0 0 0 404514483 -37290651 707744 657508 0 0 0 41 13 292870000 127 21 3 1
81.468 2 ATTITUDE -0.369192 5.039173 -1.480008
81.468 2 INS -3706 -12167 -506614112 -31457 -36700 -625290752 -808 -18330 7990
81.469 2 SERIAL_COM 932 -18549 -712 8233 0 0 0 14 323 80 76 0 0 0 0 0
81.469 2 ATTITUDE -0.36387 5.032832 -1.480014
81.479 2 INS -3706 -12167 -506629344 -31457 -36700 -625083648 -826 -18371 7968
81.495 2 GPS_SOL 41 16 129 22
81.511 2 ATTITUDE -0.360005 5.027563 -1.479859
81.543 2 INS -3712 -12172 -506644544 -31457 0 -624877952 -841 -18337 7969
81.559 2 GPS_INT 0 0 0 404514481 -37290653 707816 657580 0 0 0 41 16 292870250 129 22 3 1
81.560 2 ATTITUDE -0.355073 5.021053 -1.47962
81.591 2 INS -3712 -12172 -506659776 -31457 0 -624674432 -887 -18781 7197
81.591 2 GPS 3 43817870 447812060 14 657580 5 -5 2395 292870250 30 0
81.607 2 ATTITUDE -0.357447 5.019066 -1.482372
81.639 2 INS -3712 -12172 -506675040 -31457 0 -624534144 -2570 -20759 9013
81.655 2 ROTORCRAFT_FP -12172 -3712 506678080 0 -31457 624508096 -1505 -6081 20579 0 0 0 0 4226 0
81.655 2 ATTITUDE -0.397415 5.047862 -1.489512
81.724 2 INS -3712 -12172 -506690240 -31457 0 -624464192 235 -18560 2854
81.725 2 STATIC_CONTROL 0 0. 0 0. 0. 0. 0. 0. 0. 0. 0. 0. 0.
81.725 2 GPS_INT 0 0 0 404514481 -37290653 707816 657580 0 0 0 41 16 292870250 129 22 3 1
81.726 2 ATTITUDE -0.471091 5.116058 -1.499397
81.740 2 INS -3712 -12172 -506705504 -31457 0 -624414912 531 -17869 3440
81.740 2 ROVER_STATUS 0 57 3 2 1 932 7.312006
81.756 2 ATTITUDE -0.512722 5.165605 -1.50084
81.809 2 GVF_PARAMETRIC 5 1 0.002037 0.,0.2,0.2,0.841242,0.841242,0.05,32.308594,24.65625,0.,0.,0.,0.,0.,0.,0.,0. -1.224805,-0.454008
81.810 2 INS -3709 -12172 -506720704 83886 10485 -624294592 -4603 -19467 8437
81.810 2 DL_VALUE 76 1000.
81.811 2 ATTITUDE -0.535598 5.189275 -1.508515
81.841 2 INS -3709 -12172 -506735904 83886 10485 -624278592 -2697 -20447 1873
81.841 2 GPS 3 43817870 447812061 40 657663 16 6 2395 292870500 30 0
81.867 2 GPS_INT 0 0 0 404514482 -37290653 707899 657663 0 0 0 41 14 292870500 127 19 3 1
81.868 2 ATTITUDE -0.467185 5.106321 -1.524993
81.922 2 INS -3709 -12172 -506751104 83886 10485 -624251264 -1890 -25627 1376
81.922 2 ROVER_CTRL 2.5 0.478947 4651.644531 5.630541 1400. 600. 1000. 64.569748 670.525391 1119.422974 2.021053 -0.
81.922 2 ROTORCRAFT_FP -12172 -3709 506754144 10485 83886 624243776 -1336 -6266 20295 0 0 0 0 4651 0
81.923 2 ATTITUDE -0.14953 4.769547 -1.534173
81.950 2 INS -3709 -12172 -506766304 83886 10485 -624210240 3814 -14547 4736
81.950 2 SERIAL_COM 932 -16791 1155 1884 0 0 0 14 323 80 76 0 0 0 0 0
81.951 2 ATTITUDE 0.271745 4.354943 -1.529086
81.966 2 ROTORCRAFT_NAV_STATUS 9 9 0. 0. 5 0 2
81.966 2 IMU_MAG_RAW 255 0 0 0
81.982 2 INS -3709 -12172 -506781504 83886 10485 -624175296 2680 -14836 4979
81.987 2 LINK_REPORT 2 -1 82 0 246872 5636 0 3091. 69. 19 62.89
82.008 2 GPS_INT 0 0 0 404514482 -37290653 707899 657663 0 0 0 41 14 292870500 127 19 3 1
82.008 2 ATTITUDE 0.266543 4.38034 -1.527395
82.040 2 INS -3678 -12172 -506796704 492830 47185 -624102144 -8367 -23627 3709
82.056 2 ATTITUDE -0.113721 4.771111 -1.534281
82.088 2 INS -3678 -12172 -506811904 492830 47185 -624051072 -8097 -15465 2268
82.088 2 GPS 3 43817870 447812073 59 657752 95 9 2395 292870750 30 0
82.104 2 ATTITUDE -0.598255 5.265896 -1.519195
82.136 2 INS -3678 -12172 -506827136 492830 47185 -623949696 -562 -17354 -1024
82.219 2 ROTORCRAFT_FP -12172 -3678 506830176 47185 492830 623942784 -3600 -6176 22672 0 0 0 0 4768 0
82.220 2 GPS_INT 0 0 0 404514493 -37290653 707988 657752 0 0 0 41 14 292870750 127 21 3 1
82.220 2 ATTITUDE -0.93825 5.59093 -1.49826
82.220 2 WP_MOVED_ENU 16 50798 51645 2557
82.220 2 WP_MOVED_ENU 16 50798 51645 2557
82.220 2 GVF_PARAMETRIC 5 1 0.002727 -6.,-34.859375,-45.699219,-22.828125,-21.648438,-0.449219,0.71875,17.71875,0.,0.,0.,0.,0.,0.,0.,0. -1.213297,-0.46532
82.221 2 INS -3678 -12172 -506842336 492830 47185 -623803200 2339 -14692 10133
82.221 2 ATTITUDE -1.225142 5.892072 -1.467647
82.233 2 INS -3678 -12172 -506857536 492830 47185 -623752128 -5352 -21832 7
82.248 2 ATTITUDE -1.219938 5.900716 -1.428894
82.281 2 INS -3596 -12147 -506872736 886045 340786 -623702208 -10328 -18299 3910
82.307 2 GPS_INT 0 0 0 404514521 -37290642 708044 657808 0 0 0 41 15 292871000 114 20 3 1
82.307 2 ATTITUDE -1.196579 5.881468 -1.390403
82.339 2 INS -3596 -12147 -506887968 880803 351272 -623516032 -9471 -22813 4071
82.339 2 GPS 3 43817880 447812104 183 657808 182 0 2395 292871000 30 0
82.354 2 ATTITUDE -1.327324 6.005735 -1.349805
82.414 2 INS -3596 -12147 -506903200 880803 351272 -623319104 6439 -9319 9580
82.414 2 ROVER_CTRL 2.5 0.869548 4683.160645 5.72707 1400. 600. 1000. 280.111908 1217.366943 390.8992 1.630452 -0.
82.414 2 ROTORCRAFT_FP -12147 -3596 506906240 351272 880803 623285696 -5614 -5413 24794 0 0 0 0 4683 0
82.415 2 ATTITUDE -1.385713 6.076166 -1.306218
82.443 2 INS -3596 -12147 -506918400 880803 351272 -623180672 -6110 -22869 4932
82.443 2 SERIAL_COM 933 -23783 -5689 1484 0 0 0 14 324 80 76 0 0 0 0 0
82.469 2 GPS_INT 0 0 0 404514521 -37290642 708044 657808 0 0 0 41 15 292871000 114 20 3 1
82.470 2 ATTITUDE -1.427423 6.127463 -1.254164
82.491 2 INS -3596 -12147 -506933600 880803 351272 -623075584 3539 -11883 5007
82.500 2 ATTITUDE -1.405117 6.106431 -1.21222
82.533 2 INS -3491 -12096 -506948800 896531 581959 -622886400 -5514 -10930 8005
82.548 2 ATTITUDE -1.403411 6.11443 -1.17368
82.637 2 GVF_PARAMETRIC 5 1 0.004739 6.,-10.898438,12.269531,15.839844,-9.296875,0.007812,32.308594,24.65625,0.,0.,0.,0.,0.,0.,0.,0. -1.142801,-0.479496
82.638 2 INS -3491 -12096 -506964000 896531 581959 -622706432 -5729 -13899 9284
82.638 2 GPS 3 43817901 447812145 263 657848 205 11 2395 292871250 30 0
82.639 2 GPS_INT 0 0 0 404514558 -37290617 708083 657848 0 0 0 41 15 292871250 114 22 3 1
82.639 2 ATTITUDE -1.407279 6.133828 -1.127203
82.639 2 INS -3491 -12096 -506979200 896531 581959 -622544384 -2166 -26943 4829
82.653 2 ROTORCRAFT_FP -12096 -3491 506982240 581959 896531 622509184 -5746 -4501 25158 0 0 0 0 4817 0
82.653 2 ATTITUDE -1.405661 6.156926 -1.081284
82.699 2 INS -3491 -12096 -506994400 896531 581959 -622339200 -11482 -33054 10621
82.699 2 STATIC_CONTROL 0 0. 0 0. 0. 0. 0. 0. 0. 0. 0. 0. 0.
82.699 2 ATTITUDE -1.410583 6.17366 -1.040216
82.730 2 INS -3491 -12096 -507009600 896531 581959 -622114112 -2455 -32202 8714
82.757 2 GPS_INT 0 0 0 404514558 -37290617 708083 657848 0 0 0 41 15 292871250 114 22 3 1
82.757 2 ATTITUDE -1.450213 6.207507 -1.005309
82.757 2 IMU_MAG_RAW 255 0 0 0
82.788 2 INS -3379 -12011 -507024800 880803 775945 -621934016 190 -20254 10736
82.804 2 ATTITUDE -1.44326 6.227836 -0.972561
82.836 2 INS -3379 -12011 -507040000 880803 775945 -621780480 6488 -31554 4468
82.837 2 GPS 3 43817935 447812189 342 657895 224 1 2395 292871500 30 0
82.852 2 ATTITUDE -1.454164 6.258538 -0.942305
82.958 2 INS -3379 -12011 -507055200 880803 775945 -621649024 -5162 -11826 6426
82.959 2 ROVER_CTRL 2.5 0.993394 4874.585938 2.247027 1400. 600. 1000. 564.541016 1390.751831 125.253204 1.506606 -0.
82.959 2 ROTORCRAFT_FP -12011 -3379 507058240 775945 880803 621586304 -5954 -3790 25659 0 0 0 0 4874 0
82.960 2 GPS_INT 0 0 0 404514598 -37290578 708131 657895 0 0 0 42 20 292871500 128 22 3 1
82.960 2 ATTITUDE -1.442632 6.262005 -0.919351
82.960 2 INS -3379 -12011 -507070368 880803 775945 -621441600 -10555 -40751 10010
82.960 2 SERIAL_COM 933 -5415 -6270 5026 0 0 0 14 324 80 76 0 0 0 0 0
82.961 2 ATTITUDE -1.443419 6.276317 -0.882283
82.988 2 LINK_REPORT 2 -1 83 0 249774 5700 0 2902. 64. 19 62.89
83.001 2 GVF_PARAMETRIC 5 1 0.006539 0.,0.2,0.2,0.841242,0.841242,0.05,32.308594,24.65625,0.,0.,0.,0.,0.,0.,0.,0. -1.067968,-0.524721
83.002 2 INS -3379 -12011 -507085600 880803 775945 -621178368 4847 -22278 2780
83.003 2 ATTITUDE -1.442896 0.024651 -0.863736
83.032 2 INS -3264 -11896 -507100768 912260 1043332 -620997376 -17207 -22104 6694
83.058 2 GPS_INT 0 0 0 404514639 -37290525 708098 657862 0 0 0 42 27 292871750 113 21 3 1
83.059 2 ATTITUDE -1.44239 0.029112 -0.85934
83.074 2 INS -3264 -11896 -507115968 912260 1043332 -620799680 6083 -8957 9231
83.090 2 GPS 3 43817980 447812234 413 657862 265 -6 2395 292871750 30 0
83.106 2 ATTITUDE -1.454554 0.041454 -0.842776
83.122 2 INS -3264 -11896 -507131136 912260 1043332 -620571136 4393 -5467 5135
83.154 2 ROTORCRAFT_FP -11896 -3264 507134176 1043332 912260 620517248 -5997 -3411 269 0 0 0 0 4737 0
83.155 2 ATTITUDE -1.462349 0.075944 -0.822652
83.186 2 INS -3264 -11896 -507146272 912260 1043332 -620389504 -3704 -16783 -1252
83.202 2 GPS_INT 0 0 0 404514639 -37290525 708098 657862 0 0 0 42 27 292871750 113 21 3 1
83.203 2 ATTITUDE -1.450672 0.078413 -0.811517
83.234 2 INS -3264 -11896 -507161472 912260 1043332 -620146112 -660 -18920 3654
83.235 2 ROVER_STATUS 0 58 3 2 1 934 7.285513
83.250 2 ATTITUDE -1.469696 0.105298 -0.817701
83.282 2 INS -3143 -11750 -507176640 891288 1179646 -620020544 -2562 -16378 5514
83.298 2 ATTITUDE -1.452662 0.11283 -0.827799
83.340 2 INS -3143 -11750 -507191808 891288 1184889 -619872256 2500 -11006 383
83.340 2 GPS 3 43818036 447812280 475 657913 283 9 2395 292872000 30 0
83.366 2 GPS_INT 0 0 0 404514681 -37290459 708149 657913 0 0 0 43 25 292872000 121 20 3 1
83.367 2 INS_REF 485057916 -31609623 411673221 404515786 -37285049 712727 662491 0.
83.367 2 ATTITUDE -1.441178 0.114014 -0.82925
83.446 2 GVF_PARAMETRIC 5 1 0.007865 -6.,-34.859375,-45.699219,-22.828125,-21.648438,-0.449219,0.71875,17.71875,0.,0.,0.,0.,0.,0.,0.,0. -0.936969,-0.494612
83.447 2 INS -3143 -11750 -507206976 891288 1184889 -619715584 3623 -33003 12008
83.447 2 ROVER_CTRL 2.5 0.93888 4743.720215 -0.788828 1400. 600. 1000. 857.855225 1314.431641 -222.933304 1.56112 -0.
83.448 2 ROTORCRAFT_FP -11750 -3143 507209984 1184889 891288 619638336 -5910 -3396 531 0 0 0 0 4743 0
83.448 2 DL_VALUE 77 0.
83.448 2 ATTITUDE -1.45534 0.150374 -0.832332
83.448 2 INS -3143 -11750 -507222112 891288 1184889 -619565440 3240 -9557 5802
83.449 2 SERIAL_COM 934 -18699 2440 5845 0 0 0 14 325 80 76 0 0 0 0 0
83.449 2 ATTITUDE -1.435579 0.170254 -0.830613
83.462 2 WP_MOVED_ENU 17 51645 -50798 2557
83.462 2 WP_MOVED_ENU 17 51645 -50798 2557
83.488 2 INS -3143 -11750 -507237216 891288 1184889 -619373248 2406 -14156 9551
83.488 2 GPS_SOL 43 25 121 20
83.504 2 GPS_INT 0 0 0 404514681 -37290459 708149 657913 0 0 0 43 25 292872000 121 20 3 1
83.505 2 ATTITUDE -1.435153 0.165326 -0.835564
83.536 2 INS -3023 -11601 -507252288 980417 1211104 -619181632 7627 -18353 8577
83.552 2 ATTITUDE -1.4367 0.191974 -0.848431
83.583 2 ROTORCRAFT_NAV_STATUS 10 10 0. 0. 5 0 2
83.583 2 IMU_MAG_RAW 255 0 0 0
83.583 2 INS -3023 -11601 -507267360 980417 1211104 -618945856 -688 -13238 7456
83.584 2 GPS 3 43818095 447812326 495 657994 298 23 2395 292872250 30 0
83.599 2 ATTITUDE -1.427274 0.203725 -0.861463
83.631 2 INS -3023 -11601 -507282432 980417 1211104 -618805760 -3192 -22772 1224
83.696 2 ROTORCRAFT_FP -11601 -3023 507285440 1211104 980417 618769728 -5821 -3508 805 0 0 0 0 3317 0
83.696 2 GPS_INT 0 0 0 404514723 -37290390 708230 657994 0 0 0 43 25 292872250 123 20 3 1
83.697 2 ALIVE 122,195,7,233,5,247,195,75,60,187,26,129,128,90,246,93
83.697 2 ATTITUDE -1.415358 0.196295 -0.859141
83.697 2 INS -3023 -11601 -507297504 980417 1211104 -618569600 4549 -7607 3164
83.697 2 STATIC_CONTROL 0 0. 0 0. 0. 0. 0. 0. 0. 0. 0. 0. 0.
83.698 2 ATTITUDE -1.405671 0.213084 -0.859025
83.726 2 INS -3023 -11601 -507312576 980417 1211104 -618344896 6591 -33998 10776
83.742 2 ATTITUDE -1.396746 0.214749 -0.871436
83.809 2 GVF_PARAMETRIC 5 1 0.008767 6.,-10.898438,12.269531,15.839844,-9.296875,0.007812,32.308594,24.65625,0.,0.,0.,0.,0.,0.,0.,0. -0.857144,-0.49395
83.810 2 INS -2895 -11443 -507327648 1011874 1268775 -618046720 20128 -42146 20775
83.810 2 GPS_INT 0 0 0 404514768 -37290318 708249 658013 0 0 0 44 25 292872500 143 20 3 1
83.810 2 ATTITUDE -1.422514 0.242832 -0.878737
83.849 2 INS -2895 -11443 -507342720 1011874 1268775 -617878272 -30 -3129 13737
83.849 2 ENERGY 30 7.647581 0.775 5.926875 7.676395 0.283949 2.129655
83.849 2 GPS 3 43818157 447812376 505 658013 311 -1 2395 292872500 30 0
83.850 2 ATTITUDE -1.409149 0.253426 -0.887801
83.919 2 INS -2895 -11443 -507357760 1011874 1268775 -617648704 9727 -24844 20684
83.920 2 ROVER_CTRL 2.5 0.343515 2872.582031 -0.908911 1400. 600. 1000. 1060.759033 480.921234 -1467.037231 2.156485 -0.
83.920 2 ROTORCRAFT_FP -11443 -2895 507360800 1268775 1011874 617584768 -5705 -3648 1038 0 0 0 0 2872 0
83.921 2 ATTITUDE -1.39495 0.253509 -0.893741
83.935 2 INS -2895 -11443 -507372832 1011874 1268775 -617347968 8277 -6527 10634
83.935 2 SERIAL_COM 934 -24844 9727 20684 0 0 0 14 325 80 76 0 0 0 0 0
83.961 2 GPS_INT 0 0 0 404514768 -37290318 708249 658013 0 0 0 44 25 292872500 143 20 3 1
83.961 2 ATTITUDE -1.420121 0.288858 -0.901675
83.977 2 INS -2895 -11443 -507387904 1011874 1268775 -617178624 3561 -2760 11197
83.988 2 LINK_REPORT 2 -1 84 0 253074 5774 0 3300. 74. 19 62.89
83.993 2 ATTITUDE -1.407444 0.283853 -0.909037
84.025 2 INS -2769 -11292 -507402976 907017 1116732 -616925760 11171 -18159 13524
84.041 2 STATE_FILTER_STATUS 6 3 0
84.041 2 ATTITUDE -1.406635 0.294749 -0.914478
84.088 2 INS -2769 -11292 -507418016 907017 1116732 -616652288 7871 -8144 8276
84.088 2 GPS 3 43818216 447812424 508 658024 276 10 2395 292872750 30 0
84.114 2 GPS_INT 0 0 0 404514812 -37290248 708260 658024 0 0 0 45 23 292872750 139 22 3 1
84.114 2 ATTITUDE -1.430695 0.336199 -0.923999
84.154 2 INS -2769 -11292 -507433056 907017 1116732 -616483072 7241 -6739 8684
84.154 2 ROTORCRAFT_FP -11292 -2769 507436064 1116732 907017 616445888 -5835 -3800 1371 0 0 0 0 3072 0
84.155 2 ATTITUDE -1.416219 0.329859 -0.926472
84.196 2 GVF_PARAMETRIC 5 1 0.009528 0.,0.2,0.2,0.841242,0.841242,0.05,32.308594,24.65625,0.,0.,0.,0.,0.,0.,0.,0. -0.720074,-0.429712
84.197 2 INS -2769 -11292 -507448096 907017 1116732 -616241472 10764 -24070 15412
84.197 2 ATTITUDE -1.406617 0.335261 -0.932507
84.228 2 INS -2769 -11292 -507463136 907017 1116732 -616020224 13067 -8218 7515
84.254 2 GPS_INT 0 0 0 404514812 -37290248 708260 658024 0 0 0 45 23 292872750 139 22 3 1
84.254 2 ATTITUDE -1.42951 0.366206 -0.937846
84.286 2 INS -2649 -11153 -507478176 907017 980417 -615812544 12630 -8592 10591
84.301 2 ATTITUDE -1.430629 0.379059 -0.948933
84.334 2 INS -2649 -11153 -507493216 907017 985660 -615540160 15456 -19423 15729
84.334 2 GPS 3 43818271 447812471 490 658046 257 6 2395 292873000 30 0
84.350 2 ATTITUDE -1.425017 0.379911 -0.960573
84.365 2 IMU_MAG_RAW 255 0 0 0
84.366 2 DATALINK_REPORT 4 197 65170 3072 0 11
84.455 2 INS -2649 -11153 -507508256 907017 985660 -615286528 9994 -13390 8332
84.455 2 ROVER_CTRL 2.5 -0.100887 3365.486328 -0.653577 1400. 600. 1000. 1079.200317 -141.241882 -373.077393 2.600887 -0.
84.456 2 ROTORCRAFT_FP -11153 -2649 507511264 985660 907017 615252864 -5891 -3934 1626 0 0 0 0 3365 0
84.456 2 GPS_INT 0 0 0 404514855 -37290184 708282 658046 0 0 0 45 23 292873000 115 20 3 1
84.456 2 ATTITUDE -1.442467 0.399201 -0.965867
84.456 2 INS -2649 -11153 -507523296 907017 985660 -615067072 9302 -25437 16250
84.457 2 SERIAL_COM 935 -5598 13366 5121 0 0 0 14 326 80 76 0 0 0 0 0
84.457 2 ATTITUDE -1.421391 0.397826 -0.972929
84.471 2 INS -2649 -11153 -507538304 907017 985660 -614848576 4144 -21891 10367
84.502 2 ATTITUDE -1.410657 0.403168 -0.983393
84.518 2 INS -2526 -11028 -507553312 927988 922746 -614561920 10779 -16944 5212
84.551 2 GPS_INT 0 0 0 404514898 -37290126 708329 658093 0 0 0 46 22 292873250 115 21 3 1
84.551 2 ATTITUDE -1.424855 0.426067 -0.994314
84.604 2 GVF_PARAMETRIC 5 1 0.010135 -6.,-34.859375,-45.699219,-22.828125,-21.648438,-0.449219,0.71875,17.71875,0.,0.,0.,0.,0.,0.,0.,0. -0.605094,-0.36013
84.605 2 INS -2526 -11028 -507568320 927988 922746 -614329728 9987 -26235 9222
84.605 2 GPS 3 43818321 447812519 467 658093 251 11 2395 292873250 30 0
84.606 2 ATTITUDE -1.430654 0.451711 -1.015773
84.620 2 INS -2526 -11028 -507583328 927988 922746 -614115840 14741 -16363 11639
84.651 2 ROTORCRAFT_FP -11028 -2526 507586336 922746 927988 614069760 -5880 -4187 1829 0 0 0 0 3387 0
84.651 2 ATTITUDE -1.427322 0.438799 -1.026936
84.710 2 INS -2526 -11028 -507598368 927988 922746 -613874560 11634 -17873 12185
84.711 2 STATIC_CONTROL 0 0. 0 0. 0. 0. 0. 0. 0. 0. 0. 0. 0.
84.711 2 GPS_INT 0 0 0 404514898 -37290126 708329 658093 0 0 0 46 22 292873250 115 21 3 1
84.712 2 ATTITUDE -1.427997 0.447278 -1.033745
84.737 2 INS -2526 -11028 -507613376 927988 922746 -613650240 15184 -7325 3616
84.738 2 ROVER_STATUS 0 57 3 2 1 935 7.656412
84.753 2 ATTITUDE -1.435524 0.471493 -1.031957
84.753 2 WP_MOVED_ENU 18 -50798 -51645 2557
84.772 2 WP_MOVED_ENU 18 -50798 -51645 2557
84.772 2 INS -2401 -10913 -507628384 927988 844102 -613431424 14262 -20699 10783
84.801 2 ATTITUDE -1.427605 0.456653 -1.037271
84.817 2 INS -2401 -10913 -507643360 927988 844102 -613206720 10295 -10757 6166
84.833 2 GPS 3 43818366 447812567 443 658127 240 18 2395 292873500 30 0
84.860 2 GPS_INT 0 0 0 404514942 -37290073 708363 658127 0 0 0 46 21 292873500 115 21 3 1
84.861 2 ATTITUDE -1.417855 0.463569 -1.044299
84.914 2 INS -2401 -10913 -507658336 927988 844102 -612953088 11643 -28536 9003
84.915 2 ROVER_CTRL 2.5 -0.207642 3461.507568 -0.495126 1400. 600. 1000. 1027.826416 -290.698578 -76.86615 2.707642 -0.
84.915 2 ROTORCRAFT_FP -10913 -2401 507661344 844102 927988 612920704 -5831 -4271 1962 0 0 0 0 3461 0
84.915 2 ATTITUDE -1.428652 0.482523 -1.043394
84.930 2 INS -2401 -10913 -507673312 927988 844102 -612771712 8869 -11568 7015
84.946 2 ATTITUDE -1.404984 0.462629 -1.038185
84.989 2 LINK_REPORT 2 -1 85 0 255925 5839 0 2851. 65. 19 62.89
85.012 2 GVF_PARAMETRIC 5 1 0.010891 6.,-10.898438,12.269531,15.839844,-9.296875,0.007812,32.308594,24.65625,0.,0.,0.,0.,0.,0.,0.,0. -0.542409,-0.349265
85.013 2 INS -2401 -10913 -507688320 927988 844102 -612480448 16370 -7008 12338
85.014 2 GPS_INT 0 0 0 404514942 -37290073 708363 658127 0 0 0 46 21 292873500 115 21 3 1
85.015 2 DL_VALUE 78 0.
85.016 2 ATTITUDE -1.403597 0.472856 -1.033846
85.027 2 INS -2273 -10803 -507703232 943717 765459 -612250624 10301 -9442 12586
85.042 2 ATTITUDE -1.391929 0.471662 -1.031986
85.084 2 INS -2273 -10803 -507718176 943717 765459 -612038528 19041 -22961 10638
85.085 2 GPS 3 43818409 447812617 416 658155 234 0 2395 292873750 30 0
85.100 2 ATTITUDE -1.375661 0.447051 -1.029283
85.181 2 INS -2273 -10803 -507733056 943717 765459 -611813248 11619 -15238 11182
85.182 2 ROTORCRAFT_FP -10803 -2273 507736032 765459 943717 611763776 -5630 -4234 1800 0 0 0 0 3693 0
85.182 2 GPS_INT 0 0 0 404514987 -37290023 708391 658155 0 0 0 46 20 292873750 112 22 3 1
85.182 2 ATTITUDE -1.385098 0.458401 -1.033113
85.183 2 ROTORCRAFT_NAV_STATUS 12 12 0. 0. 5 0 2
85.183 2 IMU_MAG_RAW 255 0 0 0
85.183 2 INS -2273 -10803 -507747968 943717 765459 -611512512 8791 -16107 6386
85.197 2 ATTITUDE -1.415609 0.511672 -1.041075
85.229 2 INS -2273 -10803 -507762880 943717 765459 -611388160 11389 -16786 5673
85.245 2 ATTITUDE -1.416846 0.50684 -1.033863
85.278 2 INS -2273 -10803 -507777760 943717 765459 -611128064 20497 -33559 17769
85.304 2 GPS_INT 0 0 0 404515031 -37289975 708458 658222 0 0 0 47 25 292874000 116 21 3 1
85.304 2 ATTITUDE -1.396455 0.492429 -1.035172
85.334 2 INS -2147 -10700 -507792640 933231 781188 -610945216 8998 -12754 10470
85.334 2 GPS 3 43818450 447812665 407 658222 233 13 2395 292874000 30 0
85.350 2 ATTITUDE -1.388238 0.485787 -1.036855
85.436 2 GVF_PARAMETRIC 5 1 0.011697 0.,0.2,0.2,0.841242,0.841242,0.05,32.308594,24.65625,0.,0.,0.,0.,0.,0.,0.,0. -0.44376,-0.283062
85.437 2 INS -2147 -10700 -507807520 933231 781188 -610698880 15369 -18274 3962
85.438 2 ROVER_CTRL 2.5 -0.140657 3829.369629 -0.814682 1400. 600. 1000. 972.102478 -196.920395 253.343582 2.640657 -0.
85.438 2 ROTORCRAFT_FP -10700 -2147 507810496 781188 933231 610682560 -5776 -4239 2041 0 0 0 0 3829 0
85.439 2 ATTITUDE -1.420189 0.504053 -1.03429
85.439 2 INS -2147 -10700 -507822400 933231 781188 -610488448 10633 -14587 10470
85.440 2 SERIAL_COM 936 -4853 7855 9628 0 0 0 14 327 80 76 0 0 0 0 0
85.461 2 GPS_INT 0 0 0 404515031 -37289975 708458 658222 0 0 0 47 25 292874000 116 21 3 1
85.461 2 ATTITUDE -1.43041 0.518848 -1.039284
85.487 2 INS -2147 -10700 -507837280 933231 781188 -610305792 12993 -23676 12932
85.487 2 GPS_SOL 47 25 116 21
85.487 2 PONG 
85.487 2 ATTITUDE -1.426166 0.507065 -1.042591
85.519 2 INS -2027 -10598 -507852160 891288 796917 -610113472 17059 -3597 15208
85.551 2 ATTITUDE -1.418174 0.514736 -1.051088
85.567 2 INS -2027 -10598 -507867040 891288 796917 -609882624 9822 -14470 8715
85.609 2 GPS 3 43818490 447812712 413 658244 230 4 2395 292874250 30 0
85.609 2 GPS_INT 0 0 0 404515073 -37289928 708480 658244 0 0 0 47 24 292874250 122 20 3 1
85.610 2 ATTITUDE -1.41623 0.516321 -1.059464
85.625 2 INS -2027 -10598 -507881920 891288 796917 -609672320 23948 -14648 10973
85.651 2 ROTORCRAFT_FP -10598 -2027 507884896 796917 891288 609621632 -5819 -4352 2134 0 0 0 0 4012 0
85.651 2 ATTITUDE -1.404347 0.520629 -1.066828
85.667 2 INS -2027 -10598 -507896800 891288 796917 -609460096 13551 -17226 4954
85.697 2 STATIC_CONTROL 0 0. 0 0. 0. 0. 0. 0. 0. 0. 0. 0. 0.
85.697 2 ATTITUDE -1.410164 0.521503 -1.068529
85.729 2 INS -2027 -10598 -507911680 891288 796917 -609246144 6135 -12849 4885
85.747 2 GPS_INT 0 0 0 404515073 -37289928 708480 658244 0 0 0 47 24 292874250 122 20 3 1
85.748 2 ATTITUDE -1.416889 0.529692 -1.075003
85.799 2 GVF_PARAMETRIC 5 1 0.012565 -6.,-34.859375,-45.699219,-22.828125,-21.648438,-0.449219,0.71875,17.71875,0.,0.,0.,0.,0.,0.,0.,0. -0.382764,-0.281409
85.801 2 INS -1907 -10498 -507926560 927988 760216 -609091584 7375 -11249 3287
85.801 2 ATTITUDE -1.410413 0.525296 -1.081779
85.830 2 INS -1907 -10498 -507941408 927988 760216 -608908416 5811 -20840 2708
85.830 2 GPS 3 43818530 447812759 403 658289 230 7 2395 292874500 30 0
85.846 2 ATTITUDE -1.411336 0.519464 -1.094337
85.893 2 INS -1907 -10498 -507956288 927988 760216 -608701952 11020 -5532 9413
85.894 2 ROVER_CTRL 2.5 0.030874 4201.718262 -1.844868 1400. 600. 1000. 955.061523 43.223286 403.618835 2.469126 -0.
85.941 2 ROTORCRAFT_FP -10498 -1907 507959264 760216 927988 608662592 -5796 -4497 2172 0 0 0 0 4201 0
85.941 2 GPS_INT 0 0 0 404515116 -37289881 708525 658289 0 0 0 47 23 292874500 112 21 3 1
85.942 2 ATTITUDE -1.420411 0.531619 -1.099013
85.942 2 INS -1907 -10498 -507971168 927988 760216 -608497984 11135 -7516 8952
85.942 2 SERIAL_COM 936 -14443 12853 5263 0 0 0 14 327 80 76 0 0 0 0 0
85.943 2 ATTITUDE -1.451725 0.556999 -1.104757
85.957 2 IMU_MAG_RAW 255 0 0 0
85.973 2 INS -1907 -10498 -507986016 927988 760216 -608397504 22563 -9446 7371
85.989 2 ATTITUDE -1.418503 0.55726 -1.118596
85.989 2 LINK_REPORT 2 -1 86 0 259100 5910 0 3175. 71. 20 36.36
86.021 2 INS -1781 -10396 -508000896 1001389 786431 -608190528 16875 -30239 8959
86.062 2 GPS_INT 0 0 0 404515160 -37289835 708494 658258 0 0 0 48 23 292874750 128 20 3 1
86.062 2 ATTITUDE -1.43423 0.552547 -1.128681
86.062 2 WP_MOVED_ENU 19 -51645 50798 2557
86.063 2 WP_MOVED_ENU 19 -51645 50798 2557
86.078 2 INS -1781 -10396 -508015776 1001389 786431 -608054272 11972 -20126 5510
86.078 2 GPS 3 43818570 447812808 391 658258 244 2 2395 292874750 30 0
86.093 2 ATTITUDE -1.432354 0.544159 -1.138074
86.125 2 INS -1781 -10396 -508030656 1001389 786431 -607843520 9798 -17787 8584
86.152 2 ROTORCRAFT_FP -10396 -1781 508033632 786431 1001389 607823680 -5867 -4680 2220 0 0 0 0 4057 0
86.152 2 ATTITUDE -1.415917 0.53541 -1.147197
86.202 2 GVF_PARAMETRIC 5 1 0.013571 6.,-10.898438,12.269531,15.839844,-9.296875,0.007812,32.308594,24.65625,0.,0.,0.,0.,0.,0.,0.,0. -0.282973,-0.230011
86.203 2 INS -1781 -10396 -508045504 1001389 786431 -607600128 13805 -13945 8406
86.203 2 GPS_INT 0 0 0 404515160 -37289835 708494 658258 0 0 0 48 23 292874750 128 20 3 1
86.203 2 ATTITUDE -1.447414 0.576493 -1.160347
86.232 2 INS -1781 -10396 -508060384 1001389 786431 -607469440 7308 -15346 -2976
86.232 2 ROVER_STATUS 0 57 3 2 1 937 7.409146
86.247 2 ATTITUDE -1.440442 0.566383 -1.175753
86.263 2 INS -1781 -10396 -508075264 1001389 786431 -607279744 12137 -10166 11553
86.295 2 ATTITUDE -1.40686 0.525815 -1.189524
86.328 2 INS -1643 -10304 -508090112 1064303 713031 -607044096 4662 -7666 12990
86.328 2 GPS 3 43818607 447812861 363 658258 246 7 2395 292875000 30 0
86.354 2 GPS_INT 0 0 0 404515208 -37289792 708494 658258 0 0 0 48 22 292875000 117 21 3 1
86.354 2 ALIVE 122,195,7,233,5,247,195,75,60,187,26,129,128,90,246,93
86.354 2 ATTITUDE -1.433183 0.550356 -1.2094
86.409 2 INS -1643 -10304 -508104928 1064303 713031 -606854592 12687 -283 10890
86.409 2 ROVER_CTRL 2.5 0.123943 4011.918457 -2.576948 1400. 600. 1000. 983.447571 173.519989 55.69458 2.376057 -0.
86.409 2 ROTORCRAFT_FP -10304 -1643 508107872 713031 1064303 606843712 -5902 -5006 2328 0 0 0 0 4011 0
86.410 2 ATTITUDE -1.429223 0.560151 -1.228526
86.436 2 INS -1643 -10304 -508119744 1064303 713031 -606703488 11503 -7953 8635
86.437 2 SERIAL_COM 937 -10166 12137 11553 0 0 0 14 328 80 76 0 0 0 0 0
86.437 2 ATTITUDE -1.427089 0.554651 -1.244714
86.469 2 INS -1643 -10304 -508134592 1064303 713031 -606478144 9484 -6469 10217
86.495 2 GPS_INT 0 0 0 404515208 -37289792 708494 658258 0 0 0 48 22 292875000 117 21 3 1
86.495 2 AUTOPILOT_VERSION 60200 v6.2_unstable-650-g74eaf7c20-dirty
86.510 2 ATTITUDE -1.409398 0.540567 -1.260767
86.526 2 INS -1500 -10211 -508149408 1127218 650116 -606261760 8095 -2309 9806
86.542 2 ATTITUDE -1.392663 0.51394 -1.277326
86.607 2 GVF_PARAMETRIC 5 1 0.014638 0.,0.2,0.2,0.841242,0.841242,0.05,32.308594,24.65625,0.,0.,0.,0.,0.,0.,0.,0. -0.192522,-0.159236
86.607 2 INS -1500 -10211 -508164160 1127218 650116 -606102272 11909 159 -5104
86.608 2 GPS 3 43818643 447812917 329 658310 249 7 2395 292875250 30 0
86.608 2 DL_VALUE 79 1.
86.608 2 ATTITUDE -1.358829 0.485979 -1.288836
86.622 2 INS -1500 -10211 -508178944 1127218 650116 -605820096 2068 2868 7892
86.660 2 ROTORCRAFT_FP -10211 -1500 508181920 650116 1127218 605797568 -5591 -5348 2049 0 0 0 0 3992 0
86.660 2 GPS_INT 0 0 0 404515259 -37289750 708546 658310 0 0 0 48 21 292875250 117 22 3 1
86.660 2 ATTITUDE -1.344228 0.492025 -1.31321
86.689 2 INS -1500 -10211 -508193696 1127218 650116 -605674176 13686 101 4899
86.690 2 STATIC_CONTROL 0 0. 0 0. 0. 0. 0. 0. 0. 0. 0. 0. 0.
86.690 2 ATTITUDE -1.29984 0.444844 -1.332025
86.721 2 INS -1500 -10211 -508208480 1127218 650116 -605415296 18780 -9814 9110
86.737 2 ATTITUDE -1.334181 0.471638 -1.355472
86.753 2 ROTORCRAFT_NAV_STATUS 13 13 0. 0. 5 0 2
86.753 2 IMU_MAG_RAW 255 0 0 0
86.769 2 INS -1344 -10127 -508223232 1232075 560987 -605248384 11457 -4475 6298
86.795 2 GPS_INT 0 0 0 404515314 -37289712 708559 658323 0 0 0 48 19 292875500 126 21 3 1
86.796 2 ATTITUDE -1.31801 0.461719 -1.377613
86.811 2 INS -1344 -10127 -508237952 1232075 560987 -605100800 17617 -2877 9551
86.827 2 GPS 3 43818676 447812978 284 658323 259 5 2395 292875500 30 0
86.843 2 ATTITUDE -1.22572 0.362981 -1.391471
86.903 2 INS -1344 -10127 -508252672 1232075 560987 -604788096 18357 -28675 13782
86.904 2 ROVER_CTRL 2.5 0.118429 3892.30542 -3.454565 1400. 600. 1000. 1021.939148 165.800522 -94.723701 2.381571 -0.
86.905 2 ROTORCRAFT_FP -10127 -1344 508255616 560987 1232075 604795712 -4975 -5788 1450 0 0 0 0 3892 0
86.905 2 ATTITUDE -1.1874 0.331543 -1.417659
86.956 2 INS -1344 -10127 -508267392 1232075 560987 -604581760 21346 -13409 10458
86.957 2 SERIAL_COM 937 -5247 7332 8767 0 0 0 14 328 80 76 0 0 0 0 0
86.957 2 GPS_INT 0 0 0 404515314 -37289712 708559 658323 0 0 0 48 19 292875500 126 21 3 1
86.957 2 ATTITUDE -1.175557 0.3181 -1.439674
86.990 2 LINK_REPORT 2 -1 87 0 262129 5978 0 3029. 68. 20 36.36
86.995 2 GVF_PARAMETRIC 5 1 0.015857 -6.,-34.859375,-45.699219,-22.828125,-21.648438,-0.449219,0.71875,17.71875,0.,0.,0.,0.,0.,0.,0.,0. -0.128065,-0.166454
86.996 2 INS -1344 -10127 -508282112 1232075 560987 -604447104 21979 -16675 10905
86.996 2 ATTITUDE -1.021156 0.153168 -1.454677
87.026 2 INS -1175 -10060 -508296896 1373633 466615 -604210624 13399 -11174 14336
87.042 2 ATTITUDE -0.868461 6.276909 -1.465622
87.074 2 INS -1175 -10060 -508311584 1373633 466615 -603950208 17802 -11272 9882
87.074 2 GPS 3 43818703 447813043 231 658383 278 5 2395 292875750 30 0
87.100 2 GPS_INT 0 0 0 404515373 -37289680 708619 658383 0 0 0 48 19 292875750 114 22 3 1
87.101 2 ATTITUDE -0.747719 6.168215 -1.486074
87.116 2 INS -1175 -10060 -508326336 1373633 466615 -603781184 17482 -27801 2820
87.143 2 ROTORCRAFT_FP -10060 -1175 508329280 466615 1373633 603705024 -2508 -6120 24706 0 0 0 0 3718 0
87.144 2 ATTITUDE -0.529553 5.944902 -1.508165
87.175 2 INS -1175 -10060 -508341056 1373633 466615 -603546752 11080 -1299 10113
87.191 2 ATTITUDE -0.14745 5.55901 -1.509788
87.223 2 INS -1175 -10060 -508355776 1373633 466615 -603285184 16112 -7990 5722
87.249 2 GPS_INT 0 0 0 404515373 -37289680 708619 658383 0 0 0 48 19 292875750 114 22 3 1
87.250 2 STATE_FILTER_STATUS 6 3 0
87.250 2 ATTITUDE 0.381062 5.028081 -1.508963
87.265 2 INS -1175 -10060 -508370528 1373633 466615 -603000128 19220 -12291 6773
87.297 2 ATTITUDE 0.76127 4.659926 -1.491059
87.328 2 INS -998 -10007 -508385248 1347418 283115 -602784704 8987 -1162 10930
87.328 2 GPS 3 43818724 447813112 178 658423 264 16 2395 292876000 30 0
87.344 2 ATTITUDE 0.875408 4.555256 -1.465364
87.344 2 WP_MOVED_ENU 0 0 0 2560
87.360 2 WP_MOVED_ENU 0 0 0 2560
87.441 2 GVF_PARAMETRIC 5 1 0.017468 6.,-10.898438,12.269531,15.839844,-9.296875,0.007812,32.308594,24.65625,0.,0.,0.,0.,0.,0.,0.,0. -0.05766,-0.082385
87.441 2 INS -998 -10007 -508399968 1347418 283115 -602547136 14012 -2790 5637
87.442 2 ROVER_CTRL 2.5 0.027646 3729.968994 -3.801069 1400. 600. 1000. 1043.85144 38.704491 -152.421005 2.472354 -0.
87.442 2 ROTORCRAFT_FP -10007 -998 508402912 283115 1347418 602509248 3709 -5924 18476 0 0 0 0 3729 0
87.443 2 ATTITUDE 0.98574 4.424427 -1.43557
87.443 2 INS -998 -10007 -508414688 1347418 283115 -602240000 9675 2998 10301
87.444 2 SERIAL_COM 938 -12191 19226 6242 0 0 0 14 329 80 76 0 0 0 0 0
87.444 2 ATTITUDE 1.164141 4.263958 -1.411005
87.472 2 INS -998 -10007 -508429408 1347418 283115 -602064128 9283 -4239 9247
87.473 2 GPS_SOL 48 19 106 22
87.488 2 ATTITUDE 1.169675 4.251789 -1.390299
87.520 2 INS -837 -9986 -508444128 1315961 73400 -601783168 8012 -11611 9955
87.546 2 GPS_INT 0 0 0 404515492 -37289646 708685 658449 0 0 0 48 17 292876250 106 22 3 1
87.547 2 ATTITUDE 1.274552 4.157228 -1.368229
87.547 2 IMU_MAG_RAW 255 0 0 0
87.577 2 INS -837 -9986 -508458848 1315961 73400 -601521600 9169 -4292 6520
87.577 2 GPS 3 43818733 447813175 113 658449 251 11 2395 292876250 30 0
87.593 2 ATTITUDE 1.295445 4.149691 -1.340041
87.625 2 INS -837 -9986 -508473568 1315961 73400 -601299840 14537 -14515 14708
87.641 2 ROTORCRAFT_FP -9986 -837 508476512 73400 1315961 601252992 5322 -5367 16967 0 0 0 0 3720 0
87.641 2 ATTITUDE 1.29683 4.150254 -1.297131
87.700 2 INS -837 -9986 -508488256 1315961 73400 -600990272 12319 -16438 17373
87.700 2 STATIC_CONTROL 0 0. 0 0. 0. 0. 0. 0. 0. 0. 0. 0. 0.
87.701 2 GPS_INT 0 0 0 404515492 -37289646 708685 658449 0 0 0 48 17 292876250 106 22 3 1
87.701 2 ATTITUDE 1.339156 4.12084 -1.266044
87.726 2 INS -837 -9986 -508502976 1315961 73400 -600738432 11264 1992 6289
87.726 2 ROVER_STATUS 0 59 3 2 1 938 7.559272
87.742 2 ATTITUDE 1.368086 4.102916 -1.24882
87.785 2 GVF_PARAMETRIC 5 1 0.019017 0.,0.2,0.2,0.841242,0.841242,0.05,32.308594,24.65625,0.,0.,0.,0.,0.,0.,0.,0. -0.006285,-0.114688
87.786 2 INS -680 -9991 -508517696 1310718 -141557 -600483136 19013 -13403 9637
87.786 2 ATTITUDE 1.376064 4.104741 -1.222226
87.826 2 INS -680 -9991 -508532416 1315961 -146800 -600255744 10663 -3874 12239
87.826 2 GPS 3 43818731 447813236 30 658476 253 0 2395 292876500 30 0
87.852 2 GPS_INT 0 0 0 404515547 -37289649 708712 658476 0 0 0 48 15 292876500 118 21 3 1
87.852 2 ATTITUDE 1.370058 4.125267 -1.196386
87.868 2 INS -680 -9991 -508547104 1315961 -146800 -600005312 19597 -17626 7757
87.932 2 ROVER_CTRL 2.5 -0.034772 3674.594482 -2.213602 1400. 600. 1000. 1041.79895 -48.680687 -118.732452 2.534772 -0.
87.932 2 ROTORCRAFT_FP -9991 -680 508550048 -146800 1315961 599927296 5605 -4854 16888 0 0 0 0 3674 0
87.933 2 ATTITUDE 1.399193 4.102505 -1.176818
87.933 2 INS -680 -9991 -508561792 1315961 -146800 -599739008 20396 -15080 2718
87.933 2 SERIAL_COM 938 -5427 13473 15491 0 0 0 14 329 80 76 0 0 0 0 0
87.933 2 ATTITUDE 1.440528 4.084499 -1.164008
87.964 2 INS -680 -9991 -508576480 1315961 -146800 -599544064 13315 -12714 9604
87.990 2 GPS_INT 0 0 0 404515547 -37289649 708712 658476 0 0 0 48 15 292876500 118 21 3 1
87.990 2 ATTITUDE 1.402692 4.127161 -1.152645
87.990 2 LINK_REPORT 2 -1 88 0 265242 6048 0 3113. 70. 20 36.36
88.022 2 INS -542 -10019 -508591072 1184889 -241172 -599264128 13474 -15093 7448
88.037 2 ATTITUDE 1.410514 4.138414 -1.133009
88.069 2 INS -542 -10019 -508605696 1184889 -241172 -598989504 12245 -3660 8089
88.070 2 GPS 3 43818721 447813290 3568 658442 231 3 2395 292876750 30 0
88.085 2 ATTITUDE 1.408179 4.158429 -1.126124
88.117 2 INS -542 -10019 -508620320 1184889 -241172 -598735872 11799 -4504 4826
88.155 2 ROTORCRAFT_FP -10019 -542 508623232 -241172 1184889 598709312 5829 -4552 16970 0 0 0 0 3840 0
88.155 2 GPS_INT 0 0 0 404515596 -37289662 708678 658442 0 0 0 48 15 292876750 105 22 3 1
88.156 2 ATTITUDE 1.428618 4.141624 -1.106992
88.193 2 GVF_PARAMETRIC 5 1 0.021108 -6.,-34.859375,-45.699219,-22.828125,-21.648438,-0.449219,0.71875,17.71875,0.,0.,0.,0.,0.,0.,0.,0. 0.02041,-0.089419
88.193 2 INS -542 -10019 -508634912 1184889 -241172 -598508352 9508 -706 15330
88.194 2 DL_VALUE 80 0.
88.194 2 ATTITUDE 1.436555 4.158635 -1.092115
88.207 2 INS -542 -10019 -508649504 1184889 -241172 -598281088 14103 -14360 14181
88.239 2 ATTITUDE 1.448852 4.172378 -1.07446
88.272 2 INS -542 -10019 -508664064 1184889 -241172 -598071424 10563 -11610 20590
88.288 2 GPS_INT 0 0 0 404515596 -37289662 708678 658442 0 0 0 48 15 292876750 105 22 3 1
88.288 2 ATTITUDE 1.442449 4.191469 -1.066008
88.342 2 INS -409 -10065 -508678656 1184889 -377487 -597847552 13799 -8779 9451
88.343 2 ENERGY 39 7.532779 1.475 11.110849 7.692258 0.28587 2.144063
88.343 2 GPS 3 43818703 447813342 3496 658418 238 -8 2395 292877000 30 0
88.343 2 ATTITUDE 1.435762 4.216125 -1.061477
88.343 2 ROTORCRAFT_NAV_STATUS 15 15 0. 0. 5 0 2
88.358 2 IMU_MAG_RAW 255 0 0 0
88.359 2 INS -409 -10065 -508693248 1184889 -377487 -597584512 21397 -19682 7198
88.400 2 ROVER_CTRL 2.5 -0.027186 3828.303711 -0.640585 1400. 600. 1000. 1030.438599 -38.060951 35.762787 2.527186 -0.
88.401 2 ROTORCRAFT_FP -10065 -409 508696160 -377487 1184889 597524800 5889 -4327 17284 0 0 0 0 3828 0
88.401 2 ATTITUDE 1.452133 4.220545 -1.054161
88.466 2 INS -409 -10065 -508707808 1184889 -377487 -597345216 17908 -7030 4250
88.467 2 SERIAL_COM 939 -12271 19846 164 0 0 0 14 330 80 76 0 0 0 0 0
88.468 2 GPS_INT 0 0 0 404515642 -37289683 708653 658418 0 0 0 48 13 292877000 105 22 3 1
88.468 2 INS_REF 485057916 -31609623 411673221 404515786 -37285049 712727 662491 0.
88.468 2 ATTITUDE 1.45321 4.249373 -1.046283
88.469 2 INS -409 -10065 -508722432 1184889 -377487 -597126592 23347 -11441 2882
88.482 2 ATTITUDE 1.455633 4.261116 -1.035782
88.514 2 INS -279 -10119 -508736992 1158675 -398458 -596834816 10074 -6704 10137
88.530 2 ATTITUDE 1.448025 4.288607 -1.028699
88.585 2 GVF_PARAMETRIC 5 1 0.022933 6.,-10.898438,12.269531,15.839844,-9.296875,0.007812,32.308594,24.65625,0.,0.,0.,0.,0.,0.,0.,0. 0.007705,-0.048556
88.586 2 INS -279 -10119 -508751552 1158675 -398458 -596564480 11614 -3918 14196
88.586 2 GPS 3 43818683 447813394 3455 658413 235 5 2395 292877250 30 0
88.649 2 GPS_INT 0 0 0 404515689 -37289707 708648 658413 0 0 0 48 13 292877250 107 22 3 1
88.650 2 ATTITUDE 1.446726 4.308985 -1.026466
88.650 2 INS -279 -10119 -508766112 1158675 -398458 -596349760 21923 -16896 16841
88.650 2 ROTORCRAFT_FP -10119 -279 508769024 -398458 1158675 596286400 5925 -4188 17719 0 0 0 0 3881 0
88.651 2 ATTITUDE 1.450857 4.326834 -1.019789
88.651 2 WP_MOVED_ENU 1 0 0 2560
88.651 2 WP_MOVED_ENU 1 0 0 2560
88.665 2 INS -279 -10119 -508780672 1158675 -398458 -596129600 12598 -4500 10583
88.681 2 ATTITUDE 1.456565 4.344027 -1.011544
88.713 2 INS -279 -10119 -508795232 1158675 -398458 -595875008 21451 -10241 3475
88.740 2 GPS_INT 0 0 0 404515689 -37289707 708648 658413 0 0 0 48 13 292877250 107 22 3 1
88.740 2 ATTITUDE 1.471161 4.344806 -1.010497
88.755 2 INS -143 -10168 -508809792 1127218 -429915 -595688256 23548 -7449 746
88.787 2 ATTITUDE 1.465386 4.384853 -1.010096
88.819 2 INS -143 -10168 -508824352 1121975 -429915 -595443840 19965 -15923 4102
88.820 2 GPS 3 43818664 447813446 3424 658444 230 8 2395 292877500 30 0
88.835 2 ATTITUDE 1.474272 4.398674 -1.002455
88.941 2 INS -143 -10168 -508838880 1121975 -429915 -595224256 12877 -4694 11240
88.942 2 ROVER_CTRL 2.5 0.014558 3992.837402 0.004832 1400. 600. 1000. 1027.346436 20.381308 145.196915 2.485442 -0.
88.942 2 ROTORCRAFT_FP -10168 -143 508841792 -429915 1121975 595193024 6085 -4099 18024 0 0 0 0 3992 0
88.942 2 GPS_INT 0 0 0 404515736 -37289730 708680 658444 0 0 0 48 13 292877500 120 22 3 1
88.943 2 ATTITUDE 1.479134 4.413312 -0.996871
88.943 2 INS -143 -10168 -508853408 1121975 -429915 -595020608 14635 -1545 6741
88.943 2 SERIAL_COM 939 -11587 19678 10725 0 0 0 14 330 80 76 0 0 0 0 0
88.944 2 ATTITUDE 1.479633 4.442875 -0.990763
88.984 2 GVF_PARAMETRIC 5 1 0.024691 0.,0.2,0.2,0.841242,0.841242,0.05,32.308594,24.65625,0.,0.,0.,0.,0.,0.,0.,0. 0.028833,-0.094643
88.985 2 INS -143 -10168 -508867968 1121975 -429915 -594802112 12343 -3691 4270
88.985 2 ATTITUDE 1.500957 4.454618 -0.979425
88.991 2 LINK_REPORT 2 -1 89 0 268286 6116 0 3044. 68. 20 36.36
89.015 2 INS -12 -10227 -508882496 1221589 -435158 -594649344 12433 1051 7609
89.041 2 GPS_INT 0 0 0 404515782 -37289757 708682 658446 0 0 0 48 14 292877750 116 21 3 1
89.042 2 ALIVE 122,195,7,233,5,247,195,75,60,187,26,129,128,90,246,93
89.042 2 ATTITUDE 1.480718 4.491428 -0.97779
89.072 2 INS -12 -10227 -508896992 1221589 -435158 -594404416 16429 -5235 14796
89.072 2 GPS 3 43818642 447813497 3414 658446 248 4 2395 292877750 30 0
89.088 2 ATTITUDE 1.498991 4.50743 -0.971972
89.120 2 INS -12 -10227 -508911520 1221589 -435158 -594246080 15452 -5736 13860
89.150 2 ROTORCRAFT_FP -10227 -12 508914432 -435158 1221589 594160512 6085 -3987 18606 0 0 0 0 4051 0
89.151 2 ATTITUDE 1.48478 4.55295 -0.969582
89.151 2 IMU_MAG_RAW 255 0 0 0
89.166 2 INS -12 -10227 -508926080 1221589 -435158 -594037888 26753 -8898 2714
89.192 2 GPS_INT 0 0 0 404515782 -37289757 708682 658446 0 0 0 48 14 292877750 116 21 3 1
89.192 2 ATTITUDE 1.480203 4.582458 -0.969409
89.208 2 INS -12 -10227 -508940640 1221589 -435158 -593836288 20371 -4526 8069
89.224 2 ROVER_STATUS 0 59 3 2 1 940 7.364992
89.240 2 ATTITUDE 1.491889 4.599046 -0.974692
89.256 2 INS -12 -10227 -508955200 1221589 -435158 -593681792 37031 -5224 1942
89.288 2 ATTITUDE 1.47779 4.635171 -0.97855
89.320 2 INS 125 -10286 -508969728 1211104 -513801 -593409792 17703 2645 13408
89.320 2 GPS 3 43818618 447813552 3391 658428 250 -10 2395 292878000 30 0
89.346 2 GPS_INT 0 0 0 404515831 -37289785 708664 658428 0 0 0 48 13 292878000 116 21 3 1
89.346 2 ATTITUDE 1.476592 4.654147 -0.966914
89.427 2 GVF_PARAMETRIC 5 1 0.026891 -6.,-34.859375,-45.699219,-22.828125,-21.648438,-0.449219,0.71875,17.71875,0.,0.,0.,0.,0.,0.,0.,0. 0.030275,-0.076573
89.427 2 INS 125 -10286 -508984224 1211104 -513801 -593203008 25024 137 3735
89.427 2 ROVER_CTRL 2.5 0.079872 4012.956787 0.050017 1400. 600. 1000. 1043.178467 111.82132 58.436394 2.420128 -0.
89.428 2 ROTORCRAFT_FP -10286 125 508987136 -513801 1211104 593177920 6056 -3945 19119 0 0 0 0 4012 0
89.428 2 ATTITUDE 1.478174 4.677558 -0.960737
89.428 2 INS 125 -10286 -508998720 1211104 -513801 -592973888 17911 7536 12301
89.429 2 SERIAL_COM 940 -484 12809 8628 0 0 0 14 331 80 76 0 0 0 0 0
89.429 2 ATTITUDE 1.483892 4.696201 -0.960552
89.442 2 DATALINK_REPORT 4 198 65522 3089 0 12
89.471 2 INS 125 -10286 -509013152 1211104 -513801 -592733824 22701 -3613 10156
89.471 2 GPS_SOL 48 13 116 21
89.487 2 GPS_INT 0 0 0 404515831 -37289785 708664 658428 0 0 0 48 13 292878000 116 21 3 1
89.487 2 ATTITUDE 1.477847 4.715916 -0.954672
89.519 2 INS 263 -10350 -509027616 1274018 -477101 -592556096 14189 26 11715
89.535 2 ATTITUDE 1.476749 4.733901 -0.95085
89.567 2 INS 263 -10350 -509042048 1279261 -482344 -592268032 7237 2632 13587
89.567 2 GPS 3 43818594 447813607 3394 658504 261 13 2395 292878250 30 0
89.583 2 ATTITUDE 1.477355 4.770245 -0.951329
89.615 2 INS 263 -10350 -509056512 1279261 -482344 -592059840 20221 1321 6855
89.652 2 ROTORCRAFT_FP -10350 263 509059424 -482344 1279261 592031104 6078 -3890 19564 0 0 0 0 3920 0
89.652 2 GPS_INT 0 0 0 404515880 -37289814 708740 658504 0 0 0 47 13 292878250 116 22 3 1
89.653 2 ATTITUDE 1.487363 4.787532 -0.95123
89.682 2 INS 263 -10350 -509070944 1279261 -482344 -591841280 10289 428 15276
89.682 2 STATIC_CONTROL 0 0. 0 0. 0. 0. 0. 0. 0. 0. 0. 0. 0.
89.683 2 ATTITUDE 1.482116 4.814319 -0.951194
89.714 2 INS 263 -10350 -509085344 1279261 -482344 -591629888 13940 439 13384
89.730 2 ATTITUDE 1.481834 4.829273 -0.949256
89.795 2 GVF_PARAMETRIC 5 1 0.028896 6.,-10.898438,12.269531,15.839844,-9.296875,0.007812,32.308594,24.65625,0.,0.,0.,0.,0.,0.,0.,0. 0.048857,-0.131363
89.796 2 INS 401 -10414 -509099776 1268775 -513801 -591408448 11067 5233 11894
89.797 2 GPS_INT 0 0 0 404515928 -37289844 708751 658515 0 0 0 47 12 292878500 113 22 3 1
89.798 2 DL_VALUE 81 1.
89.798 2 ATTITUDE 1.481043 4.855053 -0.944187
89.821 2 INS 401 -10414 -509114176 1274018 -519044 -591245568 13446 4163 8637
89.821 2 GPS 3 43818569 447813660 3387 658515 263 2 2395 292878500 30 0
89.836 2 ATTITUDE 1.462808 4.895576 -0.93823
89.853 2 INS 401 -10414 -509128576 1274018 -519044 -590971456 19265 835 14006
89.895 2 ROVER_CTRL 2.5 0.068155 3912.519287 0.396752 1400. 600. 1000. 1066.69751 95.416405 -49.185753 2.431845 -0.
89.895 2 ROTORCRAFT_FP -10414 401 509131488 -519044 1274018 590926976 6047 -3824 20049 0 0 0 0 3912 0
89.896 2 ATTITUDE 1.469037 4.91734 -0.937686
89.971 2 INS 401 -10414 -509143008 1274018 -519044 -590742720 15704 67 14255
89.971 2 SERIAL_COM 940 835 19265 14006 0 0 0 14 331 80 76 0 0 0 0 0
89.972 2 GPS_INT 0 0 0 404515928 -37289844 708751 658515 0 0 0 47 12 292878500 113 22 3 1
89.972 2 ATTITUDE 1.471947 4.945592 -0.931801
89.972 2 ROTORCRAFT_NAV_STATUS 17 17 0. 0. 5 0 2
89.972 2 WP_MOVED_ENU 2 -276 -3691 2560
89.972 2 WP_MOVED_ENU 2 -276 -3691 2560
89.973 2 IMU_MAG_RAW 255 0 0 0
89.973 2 INS 401 -10414 -509157408 1274018 -519044 -590617088 14677 3703 8559
89.986 2 ATTITUDE 1.440106 4.987274 -0.931697
89.991 2 LINK_REPORT 2 -1 90 0 271411 6188 0 3125. 72. 20 36.36
90.003 2 INS 547 -10483 -509171808 1279261 -566230 -590311936 17200 3012 10209
90.035 2 ATTITUDE 1.474223 4.985138 -0.929329
90.067 2 INS 547 -10483 -509186208 1279261 -571473 -590142080 16625 -6257 13931
90.067 2 GPS 3 43818543 447813717 3373 658516 267 7 2395 292878750 30 0
90.093 2 GPS_INT 0 0 0 404515979 -37289875 708752 658516 0 0 0 46 12 292878750 113 22 3 1
90.093 2 ATTITUDE 1.485846 5.001057 -0.927295
90.109 2 INS 547 -10483 -509200608 1279261 -571473 -589982784 29466 3681 18659
90.135 2 ROTORCRAFT_FP -10483 547 509203488 -571473 1279261 589915776 6008 -3809 20598 0 0 0 0 3745 0
90.135 2 ATTITUDE 1.468563 5.029728 -0.933885
90.177 2 GVF_PARAMETRIC 5 1 0.031462 0.,0.2,0.2,0.72181,0.72181,0.05,32.308594,24.65625,0.,0.,0.,0.,0.,0.,0.,0. 0.034402,-0.124177
90.178 2 INS 547 -10483 -509215008 1279261 -571473 -589759296 40713 -4659 8601
90.179 2 ATTITUDE 1.473113 5.045788 -0.940933
90.209 2 INS 547 -10483 -509229408 1279261 -571473 -589554560 11905 2708 12363
90.235 2 GPS_INT 0 0 0 404515979 -37289875 708752 658516 0 0 0 46 12 292878750 113 22 3 1
90.235 2 ATTITUDE 1.483339 5.062379 -0.940258
90.266 2 INS 547 -10483 -509243808 1279261 -571473 -589350272 8554 6642 3815
90.282 2 ATTITUDE 1.476446 5.090896 -0.943462
90.314 2 INS 698 -10552 -509258208 1294990 -560987 -589054528 16368 1573 15974
90.315 2 GPS 3 43818518 447813776 3371 658500 269 1 2395 292879000 30 0
90.330 2 ATTITUDE 1.483852 5.094102 -0.949524
90.437 2 INS 698 -10552 -509272608 1294990 -560987 -588861184 7800 -1240 10208
90.437 2 ROVER_CTRL 2.5 -0.005293 3709.725342 1.486559 1400. 600. 1000. 1077.03479 -7.410049 -159.931183 2.505293 -0.
90.438 2 ROTORCRAFT_FP -10552 698 509275488 -560987 1294990 588803264 6081 -3892 20925 0 0 0 0 3709 0
90.438 2 GPS_INT 0 0 0 404516032 -37289906 708736 658500 0 0 0 46 11 292879000 113 22 3 1
90.439 2 ATTITUDE 1.484795 5.109613 -0.951069
90.439 2 INS 698 -10552 -509287008 1294990 -560987 -588726720 20211 7388 -2432
90.440 2 SERIAL_COM 941 9213 8993 7273 0 0 0 14 332 80 76 0 0 0 0 0
90.440 2 STATE_FILTER_STATUS 6 3 0
90.440 2 ATTITUDE 1.468863 5.137774 -0.955933
90.452 2 INS 698 -10552 -509301376 1294990 -560987 -588413568 13995 8598 5610
90.484 2 ATTITUDE 1.468008 5.158635 -0.958482
90.484 2 PONG 
90.500 2 INS 849 -10613 -509315776 1258290 -503316 -588209344 15532 6808 5089
90.533 2 GPS_INT 0 0 0 404516085 -37289935 708677 658441 0 0 0 46 12 292879250 117 22 3 1
90.533 2 ATTITUDE 1.46613 5.171927 -0.961027
90.586 2 GVF_PARAMETRIC 5 1 0.033845 -6.,-34.859375,-45.699219,-22.828125,-21.648438,-0.449219,0.71875,17.71875,0.,0.,0.,0.,0.,0.,0.,0. 0.009024,-0.086551
90.587 2 INS 849 -10613 -509330144 1258290 -503316 -587910080 4297 5352 14012
90.587 2 GPS 3 43818494 447813835 3377 658441 259 -1 2395 292879250 30 0
90.587 2 ATTITUDE 1.475046 5.186023 -0.965498
90.601 2 INS 849 -10613 -509344512 1258290 -503316 -587752640 16380 8204 6953
90.632 2 ROTORCRAFT_FP -10613 849 509347392 -503316 1258290 587726272 5984 -3954 21336 0 0 0 0 3691 0
90.633 2 ATTITUDE 1.453982 5.226174 -0.960943
90.692 2 INS 849 -10613 -509358880 1258290 -503316 -587474304 22878 13284 10354
90.693 2 STATIC_CONTROL 0 0. 0 0. 0. 0. 0. 0. 0. 0. 0. 0. 0.
90.693 2 GPS_INT 0 0 0 404516085 -37289935 708677 658441 0 0 0 46 12 292879250 117 22 3 1
90.694 2 ATTITUDE 1.477239 5.231829 -0.964727
90.718 2 INS 849 -10613 -509373248 1258290 -503316 -587263488 18796 6279 7841
90.719 2 ROVER_STATUS 0 59 3 2 1 941 7.532779
90.734 2 ATTITUDE 1.465833 5.252075 -0.970835
90.734 2 IMU_MAG_RAW 255 0 0 0
90.750 2 INS 998 -10670 -509387552 1205861 -435158 -587052160 13344 9703 12544
90.782 2 ATTITUDE 1.463588 5.266544 -0.968074
90.814 2 INS 998 -10670 -509401888 1205861 -435158 -586847872 13375 12211 15191
90.814 2 GPS 3 43818472 447813894 3390 658451 245 4 2395 292879500 30 0
90.841 2 GPS_INT 0 0 0 404516138 -37289961 708687 658451 0 0 0 45 12 292879500 117 22 3 1
90.841 2 ATTITUDE 1.455899 5.290458 -0.9678
90.894 2 INS 998 -10670 -509416256 1205861 -435158 -586647680 15895 11778 10193
90.895 2 ROVER_CTRL 2.5 -0.066581 3694.996826 1.676319 1400. 600. 1000. 1064.533447 -93.213081 -76.723099 2.566581 -0.
90.895 2 ROTORCRAFT_FP -10670 998 509419104 -435158 1205861 586581376 5920 -3957 21729 0 0 0 0 3694 0
90.895 2 ATTITUDE 1.45183 5.30626 -0.965237
90.920 2 INS 998 -10670 -509430592 1205861 -435158 -586403392 26814 8275 11098
90.921 2 SERIAL_COM 941 11078 14193 6712 0 0 0 14 332 80 76 0 0 0 0 0
90.936 2 ATTITUDE 1.450832 5.319288 -0.968732
90.989 2 GVF_PARAMETRIC 5 1 0.036307 6.,-10.898438,12.269531,15.839844,-9.296875,0.007812,32.308594,24.65625,0.,0.,0.,0.,0.,0.,0.,0. 0.0166,-0.144267
90.995 2 INS 998 -10670 -509444928 1205861 -435158 -586119296 18261 6471 14874
90.996 2 GPS_INT 0 0 0 404516138 -37289961 708687 658451 0 0 0 45 12 292879500 117 22 3 1
90.996 2 ATTITUDE 1.465479 5.311853 -0.973991
90.996 2 LINK_REPORT 2 -1 91 0 274457 6255 0 3046. 67. 21 33.24
91.004 2 INS 1131 -10728 -509459168 1200618 -466615 -585919808 10830 6487 18098
91.020 2 ATTITUDE 1.484152 5.314584 -0.979286
91.052 2 INS 1131 -10728 -509473408 1200618 -466615 -585744064 14947 20378 5610
91.068 2 GPS 3 43818449 447813945 3390 658436 246 -4 2395 292879750 30 0
91.084 2 ATTITUDE 1.475184 5.345501 -0.980546
91.100 2 INS 1131 -10728 -509487680 1200618 -466615 -585493632 10887 11136 12141
91.142 2 ROTORCRAFT_FP -10728 1131 509490528 -466615 1200618 585434304 6047 -4033 21915 0 0 0 0 3757 0
91.143 2 GPS_INT 0 0 0 404516184 -37289988 708672 658436 0 0 0 45 11 292879750 113 22 3 1
91.143 2 ATTITUDE 1.494598 5.340888 -0.982128
91.158 2 INS 1131 -10728 -509501920 1200618 -466615 -585251456 17914 12241 11390
91.174 2 ATTITUDE 1.496099 5.3506 -0.993097
91.206 2 INS 1131 -10728 -509516160 1200618 -466615 -585051520 16452 7711 16077
91.222 2 ATTITUDE 1.485727 5.370781 -1.007415
91.238 2 WP_MOVED_ENU 3 -8924 -2790 -87
91.238 2 WP_MOVED_ENU 3 -8924 -2790 -87
91.254 2 INS 1131 -10728 -509530432 1200618 -466615 -584856320 15217 6292 13889
91.280 2 GPS_INT 0 0 0 404516184 -37289988 708672 658436 0 0 0 45 11 292879750 113 22 3 1
91.280 2 ATTITUDE 1.474673 5.396865 -1.020701
91.312 2 INS 1269 -10777 -509544672 1158675 -408944 -584637376 9681 7499 14296
91.312 2 GPS 3 43818430 447814000 3399 658439 234 5 2395 292880000 30 0
91.328 2 ATTITUDE 1.471436 5.413711 -1.032884
91.437 2 GVF_PARAMETRIC 5 1 0.038642 0.,0.2,0.2,0.72181,0.72181,0.05,32.308594,24.65625,0.,0.,0.,0.,0.,0.,0.,0. -0.010788,-0.116276
91.438 2 INS 1269 -10777 -509558912 1158675 -408944 -584478592 13175 7436 9327
91.438 2 ROVER_CTRL 2.5 -0.065792 3833.821533 2.924049 1400. 600. 1000. 1042.709106 -92.108917 82.826614 2.565792 -0.
91.439 2 ROTORCRAFT_FP -10777 1269 509561760 -408944 1158675 584425600 5970 -4251 22222 0 0 0 0 3833 0
91.440 2 DL_VALUE 82 2.
91.440 2 ATTITUDE 1.452611 5.4368 -1.04587
91.440 2 INS 1269 -10777 -509573152 1158675 -408944 -584308416 18795 15436 3627
91.440 2 SERIAL_COM 942 3261 7815 6752 0 0 0 14 333 80 76 0 0 0 0 0
91.440 2 GPS_INT 0 0 0 404516233 -37290011 708675 658439 0 0 0 45 11 292880000 113 21 3 1
91.441 2 ATTITUDE 1.434936 5.472241 -1.060921
91.465 2 INS 1269 -10777 -509587392 1158675 -408944 -584120000 13662 11882 962
91.465 2 GPS_SOL 45 11 113 21
91.481 2 ATTITUDE 1.401494 5.509215 -1.076353
91.513 2 INS 1408 -10818 -509601664 1153432 -288358 -583896384 29529 20757 -2264
91.529 2 ATTITUDE 1.38304 5.536078 -1.092946
91.560 2 ROTORCRAFT_NAV_STATUS 18 18 0. 0. 5 0 2
91.560 2 IMU_MAG_RAW 255 0 0 0
91.560 2 INS 1408 -10818 -509615904 1153432 -288358 -583690240 24698 3448 -3811
91.561 2 GPS 3 43818415 447814054 3429 658354 227 -19 2395 292880250 30 0
91.586 2 GPS_INT 0 0 0 404516282 -37290030 708590 658354 0 0 0 44 11 292880250 117 22 3 1
91.586 2 ATTITUDE 1.372241 5.550037 -1.103052
91.602 2 INS 1408 -10818 -509630144 1153432 -288358 -583429440 16346 6459 17443
91.629 2 ROTORCRAFT_FP -10818 1408 509632992 -288358 1153432 583387648 5613 -4562 22767 0 0 0 0 3957 0
91.629 2 ATTITUDE 1.365208 5.563229 -1.123998
91.675 2 INS 1408 -10818 -509644384 1153432 -288358 -583250304 1847 7565 7489
91.675 2 STATIC_CONTROL 0 0. 0 0. 0. 0. 0. 0. 0. 0. 0. 0. 0.
91.676 2 ATTITUDE 1.360249 5.584882 -1.142056
91.707 2 INS 1408 -10818 -509658624 1153432 -288358 -583053824 11229 9426 15906
91.744 2 GPS_INT 0 0 0 404516282 -37290030 708590 658354 0 0 0 44 11 292880250 117 22 3 1
91.744 2 ALIVE 122,195,7,233,5,247,195,75,60,187,26,129,128,90,246,93
91.745 2 ATTITUDE 1.357753 5.59101 -1.157214
91.782 2 GVF_PARAMETRIC 5 1 0.04121 -6.,-34.859375,-45.699219,-22.828125,-21.648438,-0.449219,0.71875,17.71875,0.,0.,0.,0.,0.,0.,0.,0. -0.016512,-0.163778
91.782 2 INS 1559 -10839 -509672864 1226832 -141557 -582928704 12075 12342 8378
91.783 2 ATTITUDE 1.335625 5.621352 -1.175247
91.825 2 INS 1559 -10839 -509687072 1226832 -146800 -582681344 20260 11689 6367
91.825 2 GPS 3 43818408 447814113 3481 658261 236 -3 2395 292880500 30 0
91.825 2 ATTITUDE 1.341175 5.634886 -1.19705
91.932 2 INS 1559 -10839 -509701312 1226832 -146800 -582459584 24602 10388 4483
91.932 2 ROVER_CTRL 2.5 0.003835 3972.291992 2.066011 1400. 600. 1000. 1033.3125 5.368948 133.633621 2.496165 -0.
91.932 2 ROTORCRAFT_FP -10839 1559 509704160 -146800 1226832 582456320 5608 -4947 22961 0 0 0 0 3972 0
91.933 2 GPS_INT 0 0 0 404516335 -37290039 708497 658261 0 0 0 44 12 292880500 125 21 3 1
91.933 2 ATTITUDE 1.351167 5.619703 -1.214409
91.933 2 INS 1559 -10839 -509715552 1226832 -146800 -582343488 25681 11620 5836
91.933 2 SERIAL_COM 942 12655 19732 19082 0 0 0 14 333 80 76 0 0 0 0 0
91.934 2 ATTITUDE 1.313055 5.654907 -1.219212
91.947 2 INS 1559 -10839 -509729792 1226832 -146800 -582147136 7210 7455 12033
91.979 2 ATTITUDE 1.301406 5.677438 -1.228432
91.993 2 LINK_REPORT 2 -1 92 0 277438 6323 0 2981. 68. 21 33.24
92.012 2 INS 1715 -10849 -509744032 1237318 -73400 -581945024 13687 12813 14429
92.028 2 GPS_INT 0 0 0 404516390 -37290044 708410 658174 0 0 0 44 11 292880750 125 21 3 1
92.028 2 ATTITUDE 1.324462 5.66502 -1.238921
92.059 2 INS 1715 -10849 -509758272 1242561 -78643 -581800128 19415 9079 10919
92.060 2 GPS 3 43818404 447814174 3527 658174 238 -11 2395 292880750 30 0
92.075 2 ATTITUDE 1.326437 5.676523 -1.24451
92.108 2 INS 1715 -10849 -509772512 1242561 -78643 -581690752 25728 13282 9476
92.134 2 ROTORCRAFT_FP -10849 1715 509775360 -78643 1242561 581628096 5213 -5103 23468 0 0 0 0 4040 0
92.135 2 ATTITUDE 1.260901 5.733395 -1.248775
92.184 2 GVF_PARAMETRIC 5 1 0.044524 6.,-10.898438,12.269531,15.839844,-9.296875,0.007812,32.308594,24.65625,0.,0.,0.,0.,0.,0.,0.,0. -0.030817,-0.148952
92.185 2 INS 1715 -10849 -509786720 1242561 -78643 -581447424 10294 10225 5199
92.185 2 GPS_INT 0 0 0 404516390 -37290044 708410 658174 0 0 0 44 11 292880750 125 21 3 1
92.185 2 ATTITUDE 1.261436 5.733352 -1.256054
92.212 2 INS 1715 -10849 -509800928 1242561 -78643 -581235456 16544 9143 -2272
92.213 2 ROVER_STATUS 0 55 3 2 1 943 7.356161
92.228 2 ATTITUDE 1.276929 5.731218 -1.267521
92.260 2 INS 1715 -10849 -509815136 1242561 -78643 -581090752 14149 7702 7355
92.276 2 ATTITUDE 1.269282 5.757178 -1.278813
92.308 2 INS 1868 -10851 -509829376 1279261 0 -580972416 22041 8881 -1274
92.309 2 GPS 3 43818404 447814234 3568 658092 245 -12 2395 292881000 30 0
92.335 2 GPS_INT 0 0 0 404516444 -37290045 708328 658092 0 0 0 43 11 292881000 117 22 3 1
92.335 2 ATTITUDE 1.238338 5.800329 -1.289631
92.335 2 IMU_MAG_RAW 255 0 0 0
92.350 2 INS 1868 -10851 -509843616 1279261 0 -580750656 22033 10628 6505
92.366 2 ROVER_CTRL 2.5 0.074711 4075.826416 2.519826 1400. 600. 1000. 1045.770264 104.59552 125.908852 2.425289 0.
92.407 2 ROTORCRAFT_FP -10851 1868 509846464 0 1279261 580723136 5136 -5334 23689 0 0 0 0 4075 0
92.408 2 ATTITUDE 1.249251 5.78268 -1.306318
92.408 2 INS 1868 -10851 -509857824 1279261 0 -580580288 8877 3981 9275
92.408 2 SERIAL_COM 943 7702 14149 7355 0 0 0 14 334 80 76 0 0 0 0 0
92.423 2 ATTITUDE 1.247654 5.787874 -1.316599
92.456 2 INS 1868 -10851 -509872000 1279261 0 -580429952 17507 9727 -1282
92.482 2 GPS_INT 0 0 0 404516444 -37290045 708328 658092 0 0 0 43 11 292881000 117 22 3 1
92.482 2 ATTITUDE 1.223243 5.80973 -1.326695
92.497 2 INS 2027 -10839 -509886208 1336933 115343 -580188928 21177 12691 8777
92.529 2 ATTITUDE 1.253873 5.799121 -1.33747
92.529 2 WP_MOVED_ENU 4 -11699 3141 -89
92.545 2 WP_MOVED_ENU 4 -11699 3141 -89
92.594 2 GVF_PARAMETRIC 5 1 0.047679 0.,0.2,0.2,0.72181,0.72181,0.05,32.308594,24.65625,0.,0.,0.,0.,0.,0.,0.,0. -0.041586,-0.113505
92.595 2 INS 2027 -10839 -509900384 1347418 120586 -580086464 15437 9921 6681
92.595 2 GPS 3 43818409 447814296 14 658022 258 -3 2395 292881250 30 0
92.596 2 ATTITUDE 1.240036 5.824361 -1.340932
92.609 2 INS 2027 -10839 -509914560 1347418 120586 -579879488 25550 15856 15318
92.635 2 ROTORCRAFT_FP -10839 2027 509917376 120586 1347418 579854592 4988 -5520 23937 0 0 0 0 3988 0
92.636 2 GPS_INT 0 0 0 404516500 -37290039 708258 658022 0 0 0 43 11 292881250 120 21 3 1
92.636 2 ATTITUDE 1.197599 5.866933 -1.355163
92.679 2 INS 2027 -10839 -509928672 1347418 120586 -579685824 24525 18116 16137
92.680 2 STATIC_CONTROL 0 0. 0 0. 0. 0. 0. 0. 0. 0. 0. 0. 0.
92.680 2 ATTITUDE 1.173988 5.894238 -1.368704
92.695 2 INS 2027 -10839 -509942848 1347418 120586 -579567360 16218 19986 1483
92.727 2 ATTITUDE 1.115033 5.966681 -1.373023
92.759 2 INS 2193 -10821 -509956928 1347418 162529 -579357120 23665 13467 -2118
92.775 2 GPS_INT 0 0 0 404516558 -37290030 708234 657998 0 0 0 43 11 292881500 117 22 3 1
92.775 2 ATTITUDE 1.061208 6.033233 -1.386624
92.817 2 INS 2193 -10821 -509971040 1352661 167772 -579118592 30306 14797 16075
92.817 2 ENERGY 40 7.400315 2. 14.800631 7.71711 0.288121 2.160796
92.818 2 GPS 3 43818417 447814361 45 657998 260 3 2395 292881500 30 0
92.818 2 ATTITUDE 1.055057 6.035255 -1.40045
92.849 2 INS 2193 -10821 -509985120 1352661 167772 -578947648 388 4304 14495
92.889 2 ROVER_CTRL 2.5 0.082701 3910.321289 3.775885 1400. 600. 1000. 1072.330688 115.782021 -77.295303 2.417299 0.
92.890 2 ROTORCRAFT_FP -10821 2193 509987936 167772 1352661 578876800 4125 -5710 24894 0 0 0 0 3910 0
92.890 2 ATTITUDE 0.978139 6.108831 -1.404226
92.916 2 INS 2193 -10821 -509999200 1352661 167772 -578741760 25845 9742 1501
92.916 2 SERIAL_COM 943 10067 10301 7255 0 0 0 14 334 80 76 0 0 0 0 0
92.932 2 GPS_INT 0 0 0 404516558 -37290030 708234 657998 0 0 0 43 11 292881500 117 22 3 1
92.932 2 ATTITUDE 0.942846 6.156327 -1.416339
92.971 2 GVF_PARAMETRIC 5 1 0.051302 -6.,-34.859375,-45.699219,-22.828125,-21.648438,-0.449219,0.71875,17.71875,0.,0.,0.,0.,0.,0.,0.,0. -0.076094,-0.158822
92.972 2 INS 2193 -10821 -510013312 1352661 167772 -578544960 26447 9598 9346
92.972 2 DL_VALUE 83 0.1
92.973 2 ATTITUDE 0.778532 0.042143 -1.436767
92.993 2 LINK_REPORT 2 -1 93 0 280562 6392 0 3124. 69. 21 33.24
93.003 2 INS 2355 -10792 -510027424 1321204 262143 -578410240 16273 3160 9508
93.019 2 ATTITUDE 0.587048 0.237387 -1.452868
93.061 2 INS 2355 -10792 -510041504 1321204 262143 -578161088 8681 7955 8643
93.061 2 GPS 3 43818428 447814424 82 658015 258 5 2395 292881750 30 0
93.087 2 GPS_INT 0 0 0 404516615 -37290018 708251 658015 0 0 0 43 11 292881750 108 22 3 1
93.087 2 ATTITUDE 0.377958 0.450584 -1.466953
93.103 2 INS 2355 -10792 -510055616 1321204 262143 -578008448 26394 12010 10531
93.144 2 ROTORCRAFT_FP -10792 2355 510058432 262143 1321204 577961408 794 -6014 2624 0 0 0 0 3918 0
93.144 2 ATTITUDE 0.008307 0.813957 -1.47161
93.145 2 ROTORCRAFT_NAV_STATUS 20 20 0. 0. 5 0 2
93.145 2 IMU_MAG_RAW 255 0 0 0
93.145 2 INS 2355 -10792 -510069696 1321204 262143 -577800512 18144 7588 10066
93.176 2 ATTITUDE -0.318626 1.132197 -1.463811
93.208 2 INS 2355 -10792 -510083808 1321204 262143 -577656256 16264 9504 12201
93.224 2 GPS_INT 0 0 0 404516615 -37290018 708251 658015 0 0 0 43 11 292881750 108 22 3 1
93.225 2 ATTITUDE -0.537427 1.355324 -1.432178
93.256 2 INS 2355 -10792 -510097888 1321204 262143 -577437248 24298 11993 12912
93.272 2 ATTITUDE -0.712643 1.520709 -1.407068
93.318 2 INS 2513 -10746 -510111968 1300233 513801 -577200256 16607 15513 -651
93.318 2 GPS 3 43818446 447814486 152 657992 267 -4 2395 292882000 30 0
93.318 2 ATTITUDE -0.835182 1.633197 -1.382503
93.428 2 GVF_PARAMETRIC 5 1 0.054526 6.,-10.898438,12.269531,15.839844,-9.296875,0.007812,32.308594,24.65625,0.,0.,0.,0.,0.,0.,0.,0. -0.094223,-0.107362
93.429 2 INS 2513 -10746 -510126048 1300233 513801 -576999232 7717 9488 3823
93.429 2 ROVER_CTRL 2.5 0.0425 3789.340088 3.982708 1400. 600. 1000. 1091.600098 59.499695 -161.504745 2.4575 0.
93.430 2 ROTORCRAFT_FP -10746 2513 510128864 513801 1300233 576980544 -3717 -5585 7020 0 0 0 0 3789 0
93.431 2 GPS_INT 0 0 0 404516671 -37289997 708227 657992 0 0 0 43 12 292882000 109 22 3 1
93.431 2 ATTITUDE -0.89809 1.716027 -1.35046
93.431 2 INS 2513 -10746 -510140128 1300233 513801 -576804224 21474 8807 9914
93.432 2 SERIAL_COM 944 8800 29888 12659 0 0 0 14 335 80 76 0 0 0 0 0
93.432 2 ATTITUDE -0.991729 1.795517 -1.317124
93.444 2 INS 2513 -10746 -510154208 1300233 513801 -576585344 21358 8696 1045
93.460 2 GPS_SOL 43 12 109 22
93.476 2 ATTITUDE -1.038279 1.828486 -1.288137
93.529 2 INS 2667 -10675 -510168288 1205861 707788 -576355584 19447 13099 10587
93.529 2 INS_REF 485057916 -31609623 411673221 404515786 -37285049 712727 662491 0.
93.530 2 GPS_INT 0 0 0 404516725 -37289963 708184 657948 0 0 0 42 14 292882250 120 20 3 1
93.530 2 ATTITUDE -1.081626 1.879892 -1.263
93.559 2 INS 2667 -10675 -510182368 1200618 713031 -576142336 24789 12806 15694
93.559 2 GPS 3 43818476 447814546 233 657948 268 -17 2395 292882250 30 0
93.575 2 ATTITUDE -1.135595 1.923432 -1.236624
93.607 2 INS 2667 -10675 -510196448 1200618 713031 -575936640 27426 13360 3231
93.623 2 ROTORCRAFT_FP -10675 2667 510199264 713031 1200618 575911744 -4690 -4979 7870 0 0 0 0 3693 0
93.623 2 STATE_FILTER_STATUS 6 3 0
93.623 2 ATTITUDE -1.144715 1.911294 -1.202479
93.681 2 INS 2667 -10675 -510210528 1200618 713031 -575656896 20164 11928 5706
93.681 2 STATIC_CONTROL 0 0. 0 0. 0. 0. 0. 0. 0. 0. 0. 0. 0.
93.682 2 GPS_INT 0 0 0 404516725 -37289963 708184 657948 0 0 0 42 14 292882250 120 20 3 1
93.682 2 ATTITUDE -1.1596 1.905293 -1.177308
93.712 2 INS 2667 -10675 -510224608 1200618 713031 -575411136 13972 13317 7274
93.712 2 ROVER_STATUS 0 49 3 2 1 944 7.63875
93.713 2 ATTITUDE -1.186327 1.909099 -1.155997
93.771 2 GVF_PARAMETRIC 5 1 0.057655 0.,0.2,0.2,0.72181,0.72181,0.05,32.308594,24.65625,0.,0.,0.,0.,0.,0.,0.,0. -0.138475,-0.12241
93.771 2 INS 2810 -10570 -510238688 1059060 865074 -575147648 25791 12833 14425
93.772 2 ATTITUDE -1.200367 1.903361 -1.133836
93.811 2 INS 2810 -10570 -510252768 1059060 865074 -574937920 9111 13719 12330
93.811 2 GPS 3 43818517 447814602 314 657898 262 -11 2395 292882500 30 0
93.890 2 GPS_INT 0 0 0 404516776 -37289915 708133 657898 0 0 0 43 21 292882500 124 20 3 1
93.890 2 ATTITUDE -1.238748 1.920245 -1.105264
93.890 2 WP_MOVED_ENU 5 -5844 4055 -87
93.890 2 WP_MOVED_ENU 5 -5844 4055 -87
93.891 2 INS 2810 -10570 -510266816 1059060 865074 -574742144 14849 1471 6036
93.891 2 ROVER_CTRL 2.5 -0.043373 3704.004639 3.032942 1400. 600. 1000. 1090.256104 -60.722015 -125.789642 2.543373 0.
93.891 2 ROTORCRAFT_FP -10570 2810 510269632 865074 1059060 574696192 -5071 -4480 7833 0 0 0 0 3704 0
93.892 2 ATTITUDE -1.245716 1.913475 -1.078396
93.906 2 INS 2810 -10570 -510280896 1059060 865074 -574441344 23215 9281 16374
93.906 2 SERIAL_COM 944 8367 8406 11070 0 0 0 14 335 80 76 0 0 0 0 0
93.921 2 ATTITUDE -1.259949 1.898413 -1.051494
93.922 2 IMU_MAG_RAW 255 0 0 0
93.953 2 INS 2810 -10570 -510294944 1059060 865074 -574217792 21356 17834 22773
93.970 2 GPS_INT 0 0 0 404516776 -37289915 708133 657898 0 0 0 43 21 292882500 124 20 3 1
93.970 2 ATTITUDE -1.290081 1.910579 -1.030926
93.993 2 LINK_REPORT 2 -1 94 0 283677 6463 0 3115. 71. 21 33.24
94.001 2 INS 2936 -10457 -510309024 912260 907017 -574043840 7851 9346 8597
94.017 2 ATTITUDE -1.293058 1.89466 -1.002366
94.060 2 INS 2936 -10457 -510323104 912260 912260 -573791808 29144 5828 9821
94.060 2 GPS 3 43818561 447814649 376 657814 247 -9 2395 292882750 30 0
94.075 2 ATTITUDE -1.301669 1.871574 -0.975961
94.091 2 INS 2936 -10457 -510337152 912260 912260 -573548224 18225 4219 13048
94.133 2 ROTORCRAFT_FP -10457 2936 510339968 912260 912260 573499392 -5246 -3923 7570 0 0 0 0 3746 0
94.133 2 GPS_INT 0 0 0 404516819 -37289863 708050 657814 0 0 0 43 20 292882750 117 21 3 1
94.134 2 ATTITUDE -1.291845 1.835879 -0.948608
94.172 2 GVF_PARAMETRIC 5 1 0.060618 -6.,-34.859375,-45.699219,-22.828125,-21.648438,-0.449219,0.71875,17.71875,0.,0.,0.,0.,0.,0.,0.,0. -0.124073,-0.070238
94.173 2 INS 2936 -10457 -510351168 912260 912260 -573278912 14935 6959 5432
94.173 2 ATTITUDE -1.299076 1.823706 -0.930689
94.203 2 INS 2936 -10457 -510365088 912260 912260 -573004544 11640 7678 11801
94.219 2 ATTITUDE -1.316723 1.814873 -0.918508
94.251 2 INS 2936 -10457 -510379008 912260 912260 -572841024 26590 3468 2924
94.267 2 GPS_INT 0 0 0 404516819 -37289863 708050 657814 0 0 0 43 20 292882750 117 21 3 1
94.268 2 ATTITUDE -1.318069 1.783921 -0.899971
94.310 2 INS 3046 -10334 -510392960 817888 1053817 -572584192 23109 4948 8331
94.311 2 GPS 3 43818610 447814692 445 657764 257 -7 2395 292883000 30 0
94.311 2 ATTITUDE -1.319084 1.762576 -0.87596
94.382 2 ROVER_CTRL 2.5 -0.077294 3707.703125 2.479769 1400. 600. 1000. 1070.715698 -108.21109 -55.265427 2.577294 0.
94.383 2 ROTORCRAFT_FP -10334 3046 510409664 1053817 823131 572278656 -5391 -3549 7184 0 0 0 0 3707 0
94.383 2 ATTITUDE -1.323505 1.749577 -0.858801
94.450 2 INS 3046 -10334 -510420800 823131 1053817 -572041920 22290 -1295 11513
94.450 2 SERIAL_COM 945 2642 9024 4080 0 0 0 14 336 80 76 0 0 0 0 0
94.451 2 GPS_INT 0 0 0 404516858 -37289806 707999 657764 0 0 0 43 21 292883000 119 22 3 1
94.451 2 ALIVE 122,195,7,233,5,247,195,75,60,187,26,129,128,90,246,93
94.452 2 ATTITUDE -1.338228 1.736849 -0.845098
94.452 2 INS 3046 -10334 -510434720 823131 1053817 -571841984 18527 7713 8544
94.463 2 ATTITUDE -1.347552 1.714109 -0.835841
94.495 2 INS 3136 -10201 -510448640 681573 1106246 -571664320 18041 3935 12650
94.511 2 DATALINK_REPORT 4 199 334 3038 0 12
94.527 2 ATTITUDE -1.343372 1.683991 -0.817761
94.601 2 GVF_PARAMETRIC 5 1 0.063055 6.,-10.898438,12.269531,15.839844,-9.296875,0.007812,32.308594,24.65625,0.,0.,0.,0.,0.,0.,0.,0. -0.154306,-0.07199
94.601 2 INS 3136 -10201 -510462592 681573 1111489 -571389632 8092 8566 12224
94.602 2 GPS 3 43818662 447814727 507 657634 249 -22 2395 292883250 30 0
94.602 2 GPS_INT 0 0 0 404516890 -37289745 707869 657634 0 0 0 44 20 292883250 109 21 3 1
94.603 2 DL_VALUE 84 0.
94.603 2 ATTITUDE -1.346673 1.675819 -0.808332
94.603 2 INS 3136 -10201 -510476544 681573 1111489 -571129152 7734 5626 12553
94.625 2 ROTORCRAFT_FP -10201 3136 510479328 1111489 681573 571049600 -5558 -3296 6882 0 0 0 0 3794 0
94.626 2 ATTITUDE -1.372731 1.683043 -0.807139
94.641 2 INS 3136 -10201 -510490464 681573 1111489 -570940352 5970 10208 249
94.670 2 STATIC_CONTROL 0 0. 0 0. 0. 0. 0. 0. 0. 0. 0. 0. 0.
94.671 2 ATTITUDE -1.372347 1.690806 -0.798178
94.702 2 INS 3136 -10201 -510504416 681573 1111489 -570713536 13502 -2686 -1122
94.733 2 GPS_INT 0 0 0 404516890 -37289745 707869 657634 0 0 0 44 20 292883250 109 21 3 1
94.734 2 ATTITUDE -1.393897 1.661157 -0.793787
94.734 2 ROTORCRAFT_NAV_STATUS 21 21 0. 0. 5 0 2
94.734 2 IMU_MAG_RAW 255 0 0 0
94.749 2 INS 3136 -10201 -510518336 681573 1111489 -570566208 12262 11872 9398
94.765 2 ATTITUDE -1.360325 1.610145 -0.792818
94.807 2 INS 3215 -10063 -510532256 592444 1095760 -570334464 4789 -130 7532
94.807 2 GPS 3 43818716 447814758 551 657560 239 -5 2395 292883500 30 0
94.823 2 ATTITUDE -1.360396 1.571457 -0.787105
94.839 2 INS 3215 -10063 -510546176 592444 1095760 -570065280 18208 2741 4865
94.913 2 ROVER_CTRL 2.5 -0.060479 3875.467285 1.794634 1400. 600. 1000. 1047.861328 -84.670494 111.913681 2.560479 0.
94.913 2 ROTORCRAFT_FP -10063 3215 510548960 1095760 592444 570076736 -5648 -3176 6436 0 0 0 0 3875 0
94.914 2 GPS_INT 0 0 0 404516918 -37289682 707796 657560 0 0 0 45 21 292883500 104 22 3 1
94.914 2 ATTITUDE -1.380883 1.563287 -0.770089
94.915 2 INS 3215 -10063 -510560096 592444 1095760 -569869824 20053 720 5532
94.915 2 SERIAL_COM 945 5721 17265 12446 0 0 0 14 336 80 76 0 0 0 0 0
94.915 2 ATTITUDE -1.388198 1.555999 -0.75324
94.966 2 GVF_PARAMETRIC 5 1 0.065808 0.,0.2,0.2,0.72181,0.72181,0.05,32.308594,24.65625,0.,0.,0.,0.,0.,0.,0.,0. -0.135895,-0.044952
94.968 2 INS 3215 -10063 -510574016 592444 1095760 -569675520 37989 5747 15181
94.968 2 ATTITUDE -1.390018 1.539454 -0.75478
94.994 2 LINK_REPORT 2 -1 95 0 286650 6529 0 2973. 66. 21 33.24
94.998 2 INS 3215 -10063 -510587936 592444 1095760 -569485760 27981 5534 14491
95.024 2 GPS_INT 0 0 0 404516944 -37289617 707708 657472 0 0 0 45 20 292883750 104 22 3 1
95.024 2 ATTITUDE -1.390669 1.523415 -0.750948
95.054 2 INS 3292 -9922 -510601856 555744 1137703 -569244992 22917 1612 12746
95.054 2 GPS 3 43818771 447814786 596 657472 243 -7 2395 292883750 30 0
95.070 2 ATTITUDE -1.394544 1.506358 -0.744188
95.102 2 INS 3292 -9922 -510615776 555744 1137703 -569084096 14046 6295 11280
95.132 2 ROTORCRAFT_FP -9922 3292 510618560 1137703 555744 569040832 -5710 -3045 6145 0 0 0 0 3867 0
95.132 2 ATTITUDE -1.393552 1.500399 -0.744779
95.133 2 WP_MOVED_ENU 6 -5542 -2380 -87
95.133 2 WP_MOVED_ENU 6 -5542 -2380 -87
95.163 2 INS 3292 -9922 -510629664 555744 1137703 -568907072 16910 -6021 3645
95.163 2 GPS_INT 0 0 0 404516944 -37289617 707708 657472 0 0 0 45 20 292883750 104 22 3 1
95.205 2 INS 3292 -9922 -510643552 555744 1137703 -568647488 24065 3154 11149
95.205 2 ROVER_STATUS 0 41 3 2 1 946 7.594595
95.221 2 ATTITUDE -1.40524 1.479746 -0.740571
95.237 2 INS 3292 -9922 -510657472 555744 1137703 -568497472 6466 -1287 5844
95.269 2 ATTITUDE -1.377913 1.446058 -0.731898
95.301 2 INS 3361 -9779 -510671360 576716 1142946 -568212864 14674 -6928 9533
95.301 2 GPS 3 43818827 447814814 614 657404 246 1 2395 292884000 30 0
95.327 2 GPS_INT 0 0 0 404516969 -37289551 707640 657404 0 0 0 46 21 292884000 104 22 3 1
95.327 2 ATTITUDE -1.371679 1.411917 -0.72438
95.353 2 GVF_PARAMETRIC 5 1 0.068221 -6.,-34.859375,-45.699219,-22.828125,-21.648438,-0.449219,0.71875,17.71875,0.,0.,0.,0.,0.,0.,0.,0. -0.100666,-0.015266
95.412 2 ROVER_CTRL 2.5 -0.014313 3925.19873 2.610177 1400. 600. 1000. 1037.218872 -20.038176 107.932091 2.514313 0.
95.412 2 ROTORCRAFT_FP -9779 3361 510688064 1148189 576716 567940480 -5671 -2926 5791 0 0 0 0 3925 0
95.413 2 ATTITUDE -1.385574 1.415818 -0.71496
95.413 2 INS 3361 -9779 -510699168 576716 1148189 -567765184 25388 -7175 1853
95.414 2 SERIAL_COM 946 -821 26639 13768 0 0 0 14 337 80 76 0 0 0 0 0
95.414 2 ATTITUDE -1.399228 1.412002 -0.709664
95.470 2 INS 3361 -9779 -510713056 576716 1148189 -567565952 23294 -19 11346
95.470 2 GPS_SOL 46 21 104 22
95.470 2 GPS_INT 0 0 0 404516969 -37289551 707640 657404 0 0 0 46 21 292884000 104 22 3 1
95.471 2 ATTITUDE -1.396217 1.403253 -0.708971
95.485 2 PONG 
95.502 2 INS 3361 -9779 -510726944 576716 1148189 -567327040 9069 -2022 11311
95.518 2 ATTITUDE -1.396646 1.397035 -0.692822
95.518 2 IMU_MAG_RAW 255 0 0 0
95.550 2 INS 3427 -9638 -510740832 487587 1169161 -567133760 22592 -3038 8914
95.550 2 GPS 3 43818883 447814839 644 657326 243 -2 2395 292884250 30 0
95.565 2 ATTITUDE -1.400822 1.391432 -0.67623
95.598 2 INS 3427 -9638 -510754720 487587 1169161 -566950848 19325 1416 11909
95.635 2 ROTORCRAFT_FP -9638 3427 510757504 1169161 487587 566901504 -5755 -2761 5672 0 0 0 0 3981 0
95.636 2 GPS_INT 0 0 0 404516992 -37289485 707561 657326 0 0 0 46 20 292884250 104 22 3 1
95.636 2 ATTITUDE -1.404684 1.385571 -0.671127
95.663 2 INS 3427 -9638 -510768544 487587 1169161 -566733376 25033 -6343 10495
95.664 2 STATIC_CONTROL 0 0. 0 0. 0. 0. 0. 0. 0. 0. 0. 0. 0.
95.664 2 ATTITUDE -1.416173 1.376667 -0.664516
95.695 2 INS 3427 -9638 -510782336 487587 1169161 -566545472 8094 -2042 4145
95.711 2 ATTITUDE -1.41914 1.364719 -0.658358
95.776 2 GVF_PARAMETRIC 5 1 0.070406 6.,-10.898438,12.269531,15.839844,-9.296875,0.007812,32.308594,24.65625,0.,0.,0.,0.,0.,0.,0.,0. -0.1445,-0.018707
95.777 2 INS 3427 -9638 -510796096 487587 1169161 -566349760 8379 4160 4569
95.778 2 GPS_INT 0 0 0 404517011 -37289417 707428 657192 0 0 0 47 19 292884500 103 22 3 1
95.779 2 ATTITUDE -1.418551 1.360499 -0.649874
95.803 2 INS 3479 -9489 -510809888 487587 1268775 -566174848 20082 -2707 2183
95.805 2 GPS 3 43818941 447814859 667 657192 260 -21 2395 292884500 30 0
95.818 2 ATTITUDE -1.41789 1.358324 -0.639145
95.877 2 INS 3479 -9489 -510823648 487587 1268775 -565949824 18593 -3406 13223
95.878 2 ROVER_CTRL 2.5 0.032678 3895.039551 2.52253 1400. 600. 1000. 1041.642822 45.749046 7.843971 2.467322 0.
95.879 2 ROTORCRAFT_FP -9489 3479 510826400 1268775 487587 565931456 -5776 -2599 5534 0 0 0 0 3895 0
95.879 2 ATTITUDE -1.412101 1.347396 -0.630351
95.904 2 INS 3479 -9489 -510837408 487587 1268775 -565781504 1398 1823 4161
95.905 2 SERIAL_COM 946 -3406 18593 13223 0 0 0 14 337 80 76 0 0 0 0 0
95.930 2 GPS_INT 0 0 0 404517011 -37289417 707428 657192 0 0 0 47 19 292884500 103 22 3 1
95.930 2 ATTITUDE -1.413169 1.344472 -0.624084
95.945 2 INS 3479 -9489 -510851168 487587 1268775 -565543808 20356 -7810 10001
95.961 2 ATTITUDE -1.418947 1.343522 -0.609079
95.993 2 INS 3479 -9489 -510864928 487587 1268775 -565285888 17967 -3565 13040
95.995 2 LINK_REPORT 2 -1 96 0 289637 6596 0 2987. 67. 22 33.96
96.009 2 ATTITUDE -1.43061 1.339504 -0.594472
96.068 2 INS 3540 -9328 -510878720 424672 1279261 -565136448 5334 -5189 5587
96.069 2 GPS 3 43819003 447814882 693 657063 258 -6 2395 292884750 30 0
96.069 2 GPS_INT 0 0 0 404517032 -37289344 707299 657063 0 0 0 47 18 292884750 103 22 3 1
96.070 2 ATTITUDE -1.425116 1.332673 -0.585067
96.087 2 INS 3540 -9328 -510892512 424672 1279261 -564888320 21907 -6061 10809
96.116 2 ROTORCRAFT_FP -9328 3540 510895296 1279261 424672 564817344 -5810 -2353 5433 0 0 0 0 3829 0
96.116 2 ATTITUDE -1.423364 1.329188 -0.570185
96.169 2 GVF_PARAMETRIC 5 1 0.072969 0.,0.2,0.2,0.72181,0.72181,0.05,32.308594,24.65625,0.,0.,0.,0.,0.,0.,0.,0. -0.118963,0.002998
96.170 2 INS 3540 -9328 -510906304 424672 1279261 -564645120 16306 -9498 8564
96.170 2 DL_VALUE 85 0.
96.170 2 ATTITUDE -1.434715 1.329428 -0.559559
96.184 2 INS 3540 -9328 -510920064 424672 1279261 -564487040 12823 -2990 4859
96.216 2 GPS_INT 0 0 0 404517032 -37289344 707299 657063 0 0 0 47 18 292884750 103 22 3 1
96.216 2 ATTITUDE -1.429397 1.329522 -0.547903
96.247 2 INS 3540 -9328 -510933824 424672 1279261 -564224768 25916 -6709 18265
96.263 2 ATTITUDE -1.430326 1.329722 -0.527995
96.305 2 INS 3591 -9162 -510947584 330301 1368390 -564006720 21229 -7208 7615
96.306 2 GPS 3 43819069 447814902 729 657010 270 -12 2395 292885000 30 0
96.306 2 ATTITUDE -1.42573 1.314312 -0.510909
96.321 2 ROTORCRAFT_NAV_STATUS 23 23 0. 0. 5 0 2
96.321 2 IMU_MAG_RAW 255 0 0 0
96.337 2 INS 3591 -9162 -510961344 330301 1368390 -563760576 16943 -3937 12823
96.353 2 ROVER_CTRL 2.5 0.013439 3800.911133 2.085109 1400. 600. 1000. 1049.411011 18.81485 -67.234039 2.486561 0.
96.417 2 GPS_INT 0 0 0 404517050 -37289267 707245 657010 0 0 0 48 17 292885000 103 22 3 1
96.418 2 ATTITUDE -1.418833 1.303966 -0.49766
96.418 2 INS 3591 -9162 -510975104 330301 1368390 -563470080 37697 -10184 13931
96.418 2 SERIAL_COM 947 -5332 13806 6026 0 0 0 14 338 80 76 0 0 0 0 0
96.419 2 ATTITUDE -1.423756 1.315357 -0.485752
96.419 2 WP_MOVED_ENU 7 -115 2 -89
96.433 2 WP_MOVED_ENU 7 -115 2 -89
96.433 2 INS 3591 -9162 -510988864 330301 1368390 -563213056 16703 -4184 7907
96.465 2 ATTITUDE -1.432892 1.319564 -0.472074
96.497 2 INS 3591 -9162 -511002624 330301 1368390 -562974336 18095 -9587 11198
96.513 2 GPS_INT 0 0 0 404517062 -37289188 707214 656978 0 0 0 48 14 292885250 103 22 3 1
96.514 2 ATTITUDE -1.433719 1.320952 -0.457856
96.579 2 GVF_PARAMETRIC 5 1 0.075047 -6.,-34.859375,-45.699219,-22.828125,-21.648438,-0.449219,0.71875,17.71875,0.,0.,0.,0.,0.,0.,0.,0. -0.151724,0.005146
96.580 2 INS 3624 -8990 -511016384 188743 1389361 -562723968 26156 -5889 10874
96.581 2 GPS 3 43819136 447814914 778 656978 269 -8 2395 292885250 30 0
96.582 2 ATTITUDE -1.439182 1.325586 -0.447903
96.593 2 INS 3624 -8990 -511030144 188743 1389361 -562497664 12377 -6630 5214
96.619 2 ROTORCRAFT_FP -8990 3624 511032896 1389361 188743 562449024 -5866 -1823 5398 0 0 0 0 3747 0
96.620 2 ATTITUDE -1.437389 1.320904 -0.445339
96.635 2 INS 3624 -8990 -511043872 188743 1389361 -562291840 15987 -11439 6930
96.675 2 STATIC_CONTROL 0 0. 0 0. 0. 0. 0. 0. 0. 0. 0. 0. 0.
96.676 2 GPS_INT 0 0 0 404517062 -37289188 707214 656978 0 0 0 48 14 292885250 103 22 3 1
96.676 2 ATTITUDE -1.437857 1.319729 -0.432793
96.701 2 INS 3624 -8990 -511057632 188743 1389361 -562025536 23275 -4669 10174
96.701 2 ROVER_STATUS 0 49 3 2 1 947 7.550441
96.717 2 ATTITUDE -1.439885 1.322374 -0.423318
96.733 2 INS 3624 -8990 -511071392 188743 1389361 -561782464 16087 -9811 4733
96.765 2 ATTITUDE -1.446176 1.325816 -0.424925
96.797 2 INS 3645 -8816 -511085152 110100 1373633 -561559936 12224 -7838 1785
96.797 2 GPS 3 43819204 447814922 817 656982 264 14 2395 292885500 30 0
96.852 2 GPS_INT 0 0 0 404517069 -37289108 707218 656982 0 0 0 48 13 292885500 103 22 3 1
96.852 2 STATE_FILTER_STATUS 6 3 0
96.852 2 ATTITUDE -1.444055 1.334718 -0.421302
96.853 2 INS 3645 -8816 -511098912 110100 1373633 -561338688 31257 -604 10919
96.853 2 ROVER_CTRL 2.5 -0.033643 3673.645508 0.061968 1400. 600. 1000. 1046.786987 -47.100876 -126.242638 2.533643 0.
96.879 2 ROTORCRAFT_FP -8816 3645 511101664 1373633 110100 561300736 -5937 -1726 5433 0 0 0 0 3673 0
96.880 2 ATTITUDE -1.451976 1.326887 -0.420841
96.906 2 INS 3645 -8816 -511112640 110100 1373633 -561153856 20695 -2353 9620
96.906 2 SERIAL_COM 947 -3573 17398 5744 0 0 0 14 338 80 76 0 0 0 0 0
96.907 2 ATTITUDE -1.452394 1.329465 -0.429845
96.974 2 GVF_PARAMETRIC 5 1 0.079299 6.,-10.898438,12.269531,15.839844,-9.296875,0.007812,32.308594,24.65625,0.,0.,0.,0.,0.,0.,0.,0. -0.198456,-0.009194
96.975 2 INS 3645 -8816 -511126400 110100 1373633 -560949184 20124 -10016 -261
96.975 2 GPS_INT 0 0 0 404517069 -37289108 707218 656982 0 0 0 48 13 292885500 103 22 3 1
96.976 2 ATTITUDE -1.452528 1.345696 -0.428118
96.990 2 INS 3645 -8816 -511140064 110100 1373633 -560789696 11733 3090 5853
96.995 2 LINK_REPORT 2 -1 97 0 292697 6665 0 3060. 69. 22 33.96
97.006 2 ATTITUDE -1.451961 1.345124 -0.430071
97.049 2 INS 3655 -8650 -511153792 68157 1321204 -560497408 22224 -8834 11380
97.049 2 GPS 3 43819269 447814925 843 656975 253 9 2395 292885750 30 0
97.065 2 ATTITUDE -1.450966 1.3462 -0.439169
97.081 2 INS 3655 -8650 -511167488 68157 1321204 -560287104 21818 -6563 7686
97.149 2 ROTORCRAFT_FP -8650 3655 511170208 1321204 68157 560265152 -5942 -1809 5539 0 0 0 0 3704 0
97.150 2 GPS_INT 0 0 0 404517073 -37289031 707211 656975 0 0 0 48 14 292885750 103 22 3 1
97.150 2 ALIVE 122,195,7,233,5,247,195,75,60,187,26,129,128,90,246,93
97.150 2 ATTITUDE -1.445007 1.348083 -0.443237
97.150 2 IMU_MAG_RAW 255 0 0 0
97.151 2 INS 3655 -8650 -511181184 68157 1321204 -560080576 8154 -785 4894
97.165 2 ATTITUDE -1.441099 1.348255 -0.44625
97.181 2 INS 3655 -8650 -511194784 68157 1321204 -559859712 17556 -5642 5013
97.214 2 ATTITUDE -1.447031 1.349746 -0.448173
97.245 2 INS 3655 -8650 -511208448 68157 1321204 -559616576 24123 -409 11227
97.271 2 GPS_INT 0 0 0 404517073 -37289031 707211 656975 0 0 0 48 14 292885750 103 22 3 1
97.272 2 ATTITUDE -1.452002 1.357146 -0.452222
97.309 2 INS 3665 -8483 -511222048 141557 1326447 -559466176 20891 -5088 4916
97.309 2 ENERGY 38 7.523948 1.325 9.969232 7.732522 0.290014 2.175025
97.309 2 GPS 3 43819334 447814928 841 656924 256 2 2395 292886000 30 0
97.310 2 ATTITUDE -1.455145 1.369708 -0.462066
97.420 2 GVF_PARAMETRIC 5 1 0.081752 0.,0.2,0.2,0.546643,0.546643,0.05,32.308594,24.65625,0.,0.,0.,0.,0.,0.,0.,0. -0.171592,-0.014903
97.421 2 INS 3665 -8483 -511235680 136314 1326447 -559264960 11499 -260 7262
97.421 2 ROVER_CTRL 2.5 -0.070706 3684.773438 0.013418 1400. 600. 1000. 1029.614868 -98.988579 -46.277046 2.570706 0.
97.421 2 ROTORCRAFT_FP -8483 3665 511238400 1326447 136314 559227840 -5972 -1910 5632 0 0 0 0 3684 0
97.422 2 ATTITUDE -1.460758 1.375743 -0.466449
97.422 2 INS 3665 -8483 -511249280 136314 1326447 -559097472 6244 -5771 4415
97.422 2 SERIAL_COM 948 4039 11243 9113 0 0 0 14 339 80 76 0 0 0 0 0
97.422 2 GPS_INT 0 0 0 404517076 -37288954 707160 656924 0 0 0 48 14 292886000 108 21 3 1
97.423 2 ATTITUDE -1.439331 1.364327 -0.466129
97.448 2 INS 3665 -8483 -511262880 136314 1326447 -558841088 18026 1181 9546
97.448 2 GPS_SOL 48 14 108 21
97.464 2 ATTITUDE -1.434227 1.346101 -0.470145
97.480 2 INS 3665 -8483 -511276480 136314 1326447 -558616896 15586 2936 13481
97.512 2 ATTITUDE -1.436113 1.361956 -0.470024
97.554 2 INS 3686 -8314 -511290112 183500 1331690 -558368640 16320 3964 8291
97.554 2 GPS 3 43819400 447814935 830 656882 257 -2 2395 292886250 30 0
97.616 2 GPS_INT 0 0 0 404517083 -37288877 707117 656882 0 0 0 48 14 292886250 108 22 3 1
97.616 2 AUTOPILOT_VERSION 60200 v6.2_unstable-650-g74eaf7c20-dirty
97.616 2 ATTITUDE -1.456835 1.383894 -0.473019
97.617 2 INS 3686 -8314 -511303712 183500 1331690 -558190400 22419 -1189 12694
97.617 2 ROTORCRAFT_FP -8314 3686 511306432 1331690 183500 558116096 -5944 -1938 5669 0 0 0 0 3625 0
97.617 2 ATTITUDE -1.452704 1.386263 -0.477705
97.648 2 STATIC_CONTROL 0 0. 0 0. 0. 0. 0. 0. 0. 0. 0. 0. 0.
97.664 2 ATTITUDE -1.455401 1.38052 -0.479898
97.680 2 INS 3686 -8314 -511330944 183500 1331690 -557778048 11115 -4862 2857
97.722 2 GPS_INT 0 0 0 404517083 -37288877 707117 656882 0 0 0 48 14 292886250 108 22 3 1
97.723 2 ATTITUDE -1.458609 1.383473 -0.482312
97.723 2 WP_MOVED_ENU 8 184 8271 -87
97.723 2 WP_MOVED_ENU 8 184 8271 -87
97.777 2 GVF_PARAMETRIC 5 1 0.084216 -6.,-34.859375,-45.699219,-22.828125,-21.648438,-0.449219,0.71875,17.71875,0.,0.,0.,0.,0.,0.,0.,0. -0.222481,-0.017568
97.777 2 INS 3686 -8314 -511344608 183500 1331690 -557606208 16763 -2714 6878
97.777 2 DL_VALUE 86 1.
97.778 2 ATTITUDE -1.452627 1.385518 -0.480537
97.801 2 INS 3706 -8151 -511358208 209715 1300233 -557401920 21335 -4268 9901
97.801 2 GPS 3 43819464 447814944 818 656847 252 -5 2395 292886500 30 0
97.802 2 ATTITUDE -1.451903 1.388072 -0.481707
97.832 2 INS 3706 -8151 -511371808 209715 1300233 -557184320 28980 -7923 11487
97.898 2 ROVER_CTRL 2.5 -0.091346 3717.028809 0.995373 1400. 600. 1000. 1004.095703 -127.883766 40.268898 2.591346 0.
97.898 2 ROTORCRAFT_FP -8151 3706 511374528 1300233 209715 557149824 -5945 -1966 5673 0 0 0 0 3717 0
97.898 2 GPS_INT 0 0 0 404517091 -37288801 707083 656847 0 0 0 48 14 292886500 120 22 3 1
97.899 2 ATTITUDE -1.450829 1.382136 -0.483456
97.899 2 INS 3706 -8151 -511385408 209715 1300233 -556983552 27379 1197 9764
97.914 2 ATTITUDE -1.447401 1.387097 -0.483043
97.915 2 ROTORCRAFT_NAV_STATUS 25 25 0. 0. 5 0 2
97.946 2 INS 3706 -8151 -511399008 209715 1300233 -556767104 10972 -5236 9018
97.961 2 ATTITUDE -1.445689 1.38539 -0.478228
97.995 2 LINK_REPORT 2 -1 98 0 295624 6732 0 2927. 67. 22 33.96
98.006 2 INS 3706 -8151 -511412608 209715 1300233 -556547392 28151 -7994 5402
98.007 2 GPS_INT 0 0 0 404517099 -37288726 707055 656820 0 0 0 48 13 292886750 108 22 3 1
98.007 2 ATTITUDE -1.454735 1.388246 -0.476186
98.048 2 INS 3729 -7989 -511426208 162529 1289747 -556353280 13790 -2360 6112
98.049 2 GPS 3 43819528 447814952 823 656820 249 -4 2395 292886750 30 0
98.049 2 ATTITUDE -1.451578 1.395387 -0.475359
98.081 2 INS 3729 -7989 -511439808 162529 1289747 -556116544 18598 -4393 5503
98.110 2 ROTORCRAFT_FP -7989 3729 511442528 1289747 162529 556081792 -5938 -1960 5727 0 0 0 0 3724 0
98.111 2 ATTITUDE -1.451287 1.395971 -0.476603
98.175 2 GVF_PARAMETRIC 5 1 0.08689 6.,-10.898438,12.269531,15.839844,-9.296875,0.007812,32.308594,24.65625,0.,0.,0.,0.,0.,0.,0.,0. -0.200518,-0.004245
98.175 2 INS 3729 -7989 -511453408 162529 1289747 -555885248 10267 733 8098
98.176 2 GPS_INT 0 0 0 404517099 -37288726 707055 656820 0 0 0 48 13 292886750 108 22 3 1
98.176 2 ATTITUDE -1.462282 1.40015 -0.47169
98.190 2 INS 3729 -7989 -511467008 162529 1289747 -555672896 24405 826 11074
98.191 2 ROVER_STATUS 0 42 3 2 1 949 7.576934
98.206 2 ATTITUDE -1.473891 1.413796 -0.470533
98.238 2 INS 3729 -7989 -511480608 162529 1289747 -555496128 21666 1694 10448
98.254 2 ATTITUDE -1.465255 1.407533 -0.475933
98.296 2 INS 3752 -7820 -511494176 146800 1321204 -555260736 17666 -4421 9261
98.296 2 GPS 3 43819593 447814960 829 656821 255 -2 2395 292887000 30 0
98.322 2 GPS_INT 0 0 0 404517107 -37288649 707056 656821 0 0 0 47 12 292887000 108 22 3 1
98.323 2 ATTITUDE -1.467556 1.401903 -0.472523
98.365 2 INS 3752 -7820 -511507744 146800 1326447 -555040512 18669 -8005 11386
98.365 2 ROVER_CTRL 2.5 -0.067676 3755.552002 1.483167 1400. 600. 1000. 980.131226 -94.74649 69.761276 2.567676 0.
98.366 2 ROTORCRAFT_FP -7820 3752 511510464 1326447 146800 554982912 -6000 -1937 5701 0 0 0 0 3755 0
98.366 2 ATTITUDE -1.474012 1.396184 -0.46999
98.395 2 INS 3752 -7820 -511521344 146800 1326447 -554809408 26451 -3311 11694
98.395 2 SERIAL_COM 949 1694 21666 10448 0 0 0 14 340 80 76 0 0 0 0 0
98.411 2 ATTITUDE -1.470577 1.407337 -0.473537
98.427 2 INS 3752 -7820 -511534912 146800 1326447 -554587968 25229 -4570 9367
98.458 2 GPS_INT 0 0 0 404517107 -37288649 707056 656821 0 0 0 47 12 292887000 108 22 3 1
98.459 2 ATTITUDE -1.472131 1.414315 -0.472779
98.490 2 INS 3752 -7820 -511548448 146800 1326447 -554368896 13683 472 8061
98.506 2 ATTITUDE -1.475309 1.415957 -0.471941
98.560 2 GVF_PARAMETRIC 5 1 0.089551 0.,0.2,0.2,0.546643,0.546643,0.05,32.308594,24.65625,0.,0.,0.,0.,0.,0.,0.,0. -0.242517,0.010273
98.561 2 INS 3765 -7654 -511562016 173014 1315961 -554169216 10563 -1964 6796
98.561 2 GPS 3 43819658 447814964 827 656781 254 -3 2395 292887250 30 0
98.562 2 ATTITUDE -1.462813 1.415616 -0.466762
98.575 2 INS_REF 485057916 -31609623 411673221 404515786 -37285049 712727 662491 0.
98.639 2 INS 3765 -7654 -511575584 173014 1315961 -553961344 20853 -976 15332
98.639 2 ROTORCRAFT_FP -7654 3765 511578304 1315961 173014 553901952 -5949 -1918 5764 0 0 0 0 3773 0
98.640 2 GPS_INT 0 0 0 404517111 -37288573 707017 656781 0 0 0 47 11 292887250 108 21 3 1
98.640 2 ATTITUDE -1.447628 1.405665 -0.465361
98.640 2 INS 3765 -7654 -511589184 173014 1315961 -553688192 22460 -8648 10306
98.655 2 STATIC_CONTROL 0 0. 0 0. 0. 0. 0. 0. 0. 0. 0. 0. 0.
98.655 2 ATTITUDE -1.457645 1.40546 -0.465237
98.687 2 INS 3765 -7654 -511602656 173014 1315961 -553473536 27856 -3959 10074
98.703 2 ATTITUDE -1.458004 1.409184 -0.454273
98.719 2 IMU_MAG_RAW 255 0 0 0
98.735 2 INS 3765 -7654 -511616160 173014 1315961 -553291200 13338 -404 3527
98.761 2 GPS_INT 0 0 0 404517120 -37288497 707006 656770 0 0 0 47 11 292887500 108 22 3 1
98.761 2 ATTITUDE -1.457839 1.404391 -0.44563
98.793 2 INS 3791 -7490 -511629600 162529 1294990 -553026688 11329 -129 9026
98.793 2 GPS 3 43819722 447814974 826 656770 250 7 2395 292887500 30 0
98.809 2 ATTITUDE -1.46589 1.406729 -0.434235
98.855 2 INS 3791 -7490 -511643072 162529 1294990 -552768064 16727 389 9831
98.855 2 ROVER_CTRL 2.5 -0.032294 3789.949707 3.293939 1400. 600. 1000. 965.444763 -45.211647 69.522858 2.532294 0.
98.897 2 ROTORCRAFT_FP -7490 3791 511645760 1294990 162529 552698880 -6025 -1777 5784 0 0 0 0 3789 0
98.897 2 ATTITUDE -1.470118 1.423849 -0.426836
98.898 2 INS 3791 -7490 -511656512 162529 1294990 -552484672 15954 -2691 8047
98.898 2 SERIAL_COM 949 -4170 18861 12347 0 0 0 14 340 80 76 0 0 0 0 0
98.913 2 GPS_INT 0 0 0 404517120 -37288497 707006 656770 0 0 0 47 11 292887500 108 22 3 1
98.913 2 ATTITUDE -1.474177 1.434318 -0.424388
98.954 2 GVF_PARAMETRIC 5 1 0.092779 -6.,-34.859375,-45.699219,-22.828125,-21.648438,-0.449219,0.71875,17.71875,0.,0.,0.,0.,0.,0.,0.,0. -0.224587,0.045018
98.955 2 INS 3791 -7490 -511669952 162529 1294990 -552280576 11072 -2378 10831
98.955 2 ATTITUDE -1.472435 1.428156 -0.406955
98.985 2 INS 3791 -7490 -511683392 162529 1294990 -552025536 11420 2625 6727
98.996 2 LINK_REPORT 2 -1 99 0 298734 6799 0 3110. 67. 22 33.96
99.001 2 ATTITUDE -1.467849 1.421685 -0.386733
99.017 2 WP_MOVED_ENU 9 4536 6312 -87
99.017 2 WP_MOVED_ENU 9 4536 6312 -87
99.043 2 INS 3809 -7324 -511696832 41943 1263532 -551789504 30301 -3691 10010
99.043 2 GPS 3 43819788 447814981 853 656750 242 -1 2395 292887750 30 0
99.069 2 GPS_INT 0 0 0 404517127 -37288420 706986 656750 0 0 0 47 10 292887750 108 22 3 1
99.069 2 ATTITUDE -1.458094 1.420559 -0.365723
99.085 2 INS 3809 -7324 -511710304 41943 1263532 -551530240 22208 -1531 14927
99.111 2 ROTORCRAFT_FP -7324 3809 511712992 1263532 41943 551460864 -5944 -1448 5829 0 0 0 0 3795 0
99.111 2 ATTITUDE -1.448173 1.430424 -0.346515
99.127 2 INS 3809 -7324 -511723744 41943 1263532 -551200384 27616 -10967 9756
99.159 2 ATTITUDE -1.454685 1.438012 -0.318614
99.175 2 INS 3809 -7324 -511737216 41943 1263532 -550961856 20748 -8066 6463
99.207 2 GPS_INT 0 0 0 404517127 -37288420 706986 656750 0 0 0 47 10 292887750 108 22 3 1
99.207 2 ATTITUDE -1.445538 1.443928 -0.287686
99.239 2 INS 3809 -7324 -511750656 41943 1263532 -550696640 19069 -5716 9771
99.255 2 ATTITUDE -1.448874 1.440714 -0.259175
99.292 2 INS 3819 -7160 -511764096 -89128 1279261 -550360448 23334 5767 16438
99.292 2 GPS 3 43819851 447814984 896 656729 246 0 2395 292888000 30 0
99.303 2 ATTITUDE -1.456966 1.454149 -0.232272
99.410 2 GVF_PARAMETRIC 5 1 0.095848 6.,-10.898438,12.269531,15.839844,-9.296875,0.007812,32.308594,24.65625,0.,0.,0.,0.,0.,0.,0.,0. -0.189561,0.088598
99.411 2 INS 3819 -7160 -511777536 -89128 1279261 -550067072 12655 8105 12221
99.412 2 ROVER_CTRL 2.5 -0.002837 3805.479248 3.744895 1400. 600. 1000. 960.725281 -3.972054 48.708916 2.502837 0.
99.412 2 ROTORCRAFT_FP -7160 3819 511780224 1279261 -89128 550026816 -5946 -877 6005 0 0 0 0 3805 0
99.413 2 GPS_INT 0 0 0 404517130 -37288345 706965 656729 0 0 0 46 10 292888000 108 21 3 1
99.414 2 DL_VALUE 87 3.
99.414 2 ATTITUDE -1.455858 1.476088 -0.203696
99.414 2 INS 3819 -7160 -511790976 -89128 1279261 -549794496 3517 84 7879
99.415 2 SERIAL_COM 950 -10899 22772 2582 0 0 0 14 341 80 76 0 0 0 0 0
99.416 2 ATTITUDE -1.46117 1.473189 -0.179017
99.426 2 INS 3819 -7160 -511804416 -89128 1279261 -549500480 15964 -8794 4641
99.446 2 GPS_SOL 46 10 108 21
99.457 2 ATTITUDE -1.468897 1.471819 -0.157384
99.490 2 INS 3819 -7160 -511817856 -89128 1279261 -549240384 15900 -2049 8715
99.506 2 GPS_INT 0 0 0 404517130 -37288345 706965 656729 0 0 0 46 10 292888000 108 21 3 1
99.506 2 ATTITUDE -1.458725 1.474955 -0.129493
99.544 2 ROTORCRAFT_NAV_STATUS 26 26 0. 0. 5 0 2
99.545 2 IMU_MAG_RAW 255 0 0 0
99.545 2 INS 3804 -7004 -511831264 -304086 1200618 -548931072 20036 -11373 7412
99.545 2 GPS 3 43819912 447814978 957 656653 238 -18 2395 292888250 30 0
99.546 2 ATTITUDE -1.463898 1.478296 -0.104226
99.576 2 INS 3804 -7004 -511844704 -304086 1200618 -548636544 19034 -5300 9533
99.606 2 ROTORCRAFT_FP -7004 3804 511847392 1200618 -304086 548582656 -6004 -370 6108 0 0 0 0 3882 0
99.606 2 DATALINK_REPORT 4 200 688 3098 0 12
99.606 2 ATTITUDE -1.46368 1.49251 -0.081888
99.666 2 INS 3804 -7004 -511858112 -304086 1200618 -548361536 7073 -124 2969
99.667 2 STATIC_CONTROL 0 0. 0 0. 0. 0. 0. 0. 0. 0. 0. 0. 0.
99.667 2 GPS_INT 0 0 0 404517125 -37288273 706889 656653 0 0 0 46 12 292888250 108 22 3 1
99.667 2 ATTITUDE -1.46883 1.497235 -0.051287
99.692 2 INS 3804 -7004 -511871520 -304086 1200618 -548064384 26566 -2596 14536
99.692 2 ROVER_STATUS 0 50 3 2 1 950 7.506286
99.708 2 ATTITUDE -1.466303 1.514442 -0.019272
99.751 2 GVF_PARAMETRIC 5 1 0.098881 0.,0.2,0.2,0.546643,0.546643,0.05,32.308594,24.65625,0.,0.,0.,0.,0.,0.,0.,0. -0.218731,0.135071
99.752 2 INS 3804 -7004 -511884960 -304086 1200618 -547784576 14058 953 11984
99.753 2 ATTITUDE -1.467276 1.526833 0.001486
99.795 2 INS 3776 -6850 -511898368 -424672 1169161 -547405696 19371 -178 18484
99.795 2 GPS 3 43819972 447814966 1029 656611 238 -3 2395 292888500 30 0
99.818 2 GPS_INT 0 0 0 404517115 -37288202 706847 656611 0 0 0 46 13 292888500 111 22 3 1
99.818 2 ALIVE 122,195,7,233,5,247,195,75,60,187,26,129,128,90,246,93
99.818 2 ATTITUDE -1.479148 1.537439 0.018962
99.871 2 INS 3776 -6850 -511911680 -424672 1169161 -547141312 15887 -2757 12019
99.872 2 ROVER_CTRL 2.5 0.036367 3886.097656 3.321703 1400. 600. 1000. 965.664062 50.914383 69.737434 2.463633 0.
99.872 2 ROTORCRAFT_FP -6850 3776 511914336 1169161 -424672 547111360 -6076 142 6319 0 0 0 0 3886 0
99.873 2 ATTITUDE -1.485375 1.551148 0.042952
99.887 2 INS 3776 -6850 -511924992 -424672 1169161 -546938112 15339 -4327 11732
99.888 2 SERIAL_COM 950 2749 14025 10619 0 0 0 14 341 80 76 0 0 0 0 0
99.903 2 ATTITUDE -1.472682 1.561426 0.073965
99.935 2 INS 3776 -6850 -511938272 -424672 1169161 -546630080 24488 -1390 15888
99.952 2 GPS_INT 0 0 0 404517115 -37288202 706847 656611 0 0 0 46 13 292888500 111 22 3 1
99.952 2 ATTITUDE -1.466974 1.572964 0.098255
99.983 2 INS 3776 -6850 -511951552 -424672 1169161 -546264896 30035 1712 15915
99.984 2 STATE_FILTER_STATUS 6 3 0
99.997 2 LINK_REPORT 2 -1 100 0 301850 6871 0 3116. 72. 22 33.96
99.999 2 ATTITUDE -1.473555 1.577158 0.124488
100.042 2 INS 3735 -6704 -511964864 -529530 1080032 -545975808 32552 -3940 13269
100.042 2 GPS 3 43820029 447814950 1094 656623 231 0 2395 292888750 30 0
100.057 2 ATTITUDE -1.471923 1.579198 0.147161
100.073 2 INS 3735 -6704 -511978144 -529530 1080032 -545700800 33183 7412 13611
100.114 2 ROTORCRAFT_FP -6704 3735 511980800 1080032 -529530 545680448 -6051 638 6505 0 0 0 0 3942 0
100.115 2 GPS_INT 0 0 0 404517101 -37288135 706859 656623 0 0 0 46 12 292888750 111 22 3 1
100.115 2 ATTITUDE -1.47541 1.602684 0.164827
100.152 2 GVF_PARAMETRIC 5 1 0.101753 -6.,-34.859375,-45.699219,-22.828125,-21.648438,-0.449219,0.71875,17.71875,0.,0.,0.,0.,0.,0.,0.,0. -0.169794,0.169112
100.153 2 INS 3735 -6704 -511991424 -529530 1080032 -545438272 14336 -4099 7166
100.153 2 ATTITUDE -1.48165 1.622961 0.192725
100.183 2 INS 3735 -6704 -512004704 -529530 1080032 -545148032 33528 3295 14840
100.199 2 ATTITUDE -1.473177 1.646956 0.214664
100.231 2 INS 3735 -6704 -512018016 -529530 1080032 -544878336 13733 2789 13124
100.257 2 GPS_INT 0 0 0 404517101 -37288135 706859 656623 0 0 0 46 12 292888750 111 22 3 1
100.258 2 ATTITUDE -1.469054 1.658368 0.232926
100.273 2 INS 3683 -6566 -512031328 -660602 1022360 -544526912 18032 -6399 13263
100.292 2 GPS 3 43820083 447814929 1159 656602 233 0 2395 292889000 30 0
100.305 2 ATTITUDE -1.486431 1.663745 0.252248
100.332 2 WP_MOVED_ENU 10 -686 -1218 -87
100.332 2 WP_MOVED_ENU 10 -686 -1218 -87
100.332 2 IMU_MAG_RAW 255 0 0 0
100.333 2 INS 3683 -6566 -512044640 -660602 1027603 -544327104 13149 5266 4561
100.385 2 ROVER_CTRL 2.5 0.079875 4002.014893 3.473203 1400. 600. 1000. 982.974731 111.825653 107.693672 2.420125 0.
100.385 2 ROTORCRAFT_FP -6566 3683 512047296 1027603 -660602 544263680 -6076 1106 6862 0 0 0 0 4002 0
100.386 2 ATTITUDE -1.477717 1.681188 0.278197
100.386 2 INS 3683 -6566 -512057920 -660602 1027603 -544025664 13495 -4208 9536
100.386 2 SERIAL_COM 951 -3131 19571 8619 0 0 0 14 342 80 76 0 0 0 0 0
100.416 2 ATTITUDE -1.469734 1.700285 0.303747
100.432 2 INS 3683 -6566 -512071200 -660602 1027603 -543727232 15085 -2082 13679
100.448 2 ATTITUDE -1.483778 1.710107 0.324074
100.480 2 INS 3683 -6566 -512084480 -660602 1027603 -543427584 23754 13355 9025
100.480 2 PONG 
100.496 2 ATTITUDE -1.488372 1.720003 0.355507
100.586 2 GVF_PARAMETRIC 5 1 0.104128 6.,-10.898438,12.269531,15.839844,-9.296875,0.007812,32.308594,24.65625,0.,0.,0.,0.,0.,0.,0.,0. -0.167523,0.214325
100.587 2 INS 3607 -6438 -512097760 -833617 896531 -543124160 23188 8605 12880
100.588 2 GPS 3 43820132 447814898 1241 656611 234 0 2395 292889250 30 0
100.589 2 GPS_INT 0 0 0 404517055 -37288013 706847 656611 0 0 0 45 14 292889250 106 22 3 1
100.590 2 ATTITUDE -1.482571 1.744249 0.38278
100.590 2 INS 3607 -6438 -512111040 -833617 896531 -542794112 10933 2193 13765
100.600 2 ATTITUDE -1.478106 1.758858 0.400152
100.656 2 INS 3607 -6438 -512124320 -833617 896531 -542494592 27143 -7276 15598
100.656 2 STATIC_CONTROL 0 0. 0 0. 0. 0. 0. 0. 0. 0. 0. 0. 0.
100.657 2 ATTITUDE -1.483093 1.774407 0.424836
100.672 2 INS 3607 -6438 -512137600 -833617 896531 -542249024 19197 -2228 10829
100.702 2 GPS_INT 0 0 0 404517055 -37288013 706847 656611 0 0 0 45 14 292889250 106 22 3 1
100.703 2 ATTITUDE -1.47608 1.79858 0.453673
100.734 2 INS 3607 -6438 -512150880 -833617 896531 -542001920 22910 5044 13485
100.750 2 ATTITUDE -1.468453 1.815339 0.47626
100.795 2 INS 3514 -6328 -512164160 -880803 786431 -541698816 23354 12039 13290
100.796 2 GPS 3 43820175 447814862 1310 656628 226 3 2395 292889500 30 0
100.811 2 ATTITUDE -1.485267 1.834991 0.494552
100.824 2 INS 3514 -6328 -512177408 -880803 786431 -541465088 8308 7768 4737
100.896 2 ROVER_CTRL 2.5 0.13242 4118.389648 2.635217 1400. 600. 1000. 1015.207581 185.387421 118.589401 2.36758 0.
100.897 2 ROTORCRAFT_FP -6328 3514 512180064 786431 -880803 541425280 -6081 2058 7574 0 0 0 0 4118 0
100.898 2 GPS_INT 0 0 0 404517023 -37287962 706864 656628 0 0 0 45 13 292889500 106 21 3 1
100.899 2 ATTITUDE -1.481095 1.858973 0.510231
100.899 2 INS 3514 -6328 -512190656 -880803 786431 -541178304 13048 1672 8330
100.900 2 SERIAL_COM 951 6395 11863 8711 0 0 0 14 342 80 76 0 0 0 0 0
100.901 2 ATTITUDE -1.476738 1.871816 0.521304
100.948 2 GVF_PARAMETRIC 5 1 0.10647 0.,0.2,0.2,0.546643,0.546643,0.05,32.308594,24.65625,0.,0.,0.,0.,0.,0.,0.,0. -0.115022,0.218422
100.949 2 INS 3514 -6328 -512203904 -880803 786431 -540835776 8741 835 13159
100.964 2 ATTITUDE -1.480801 1.880293 0.529577
100.980 2 INS 3514 -6328 -512217120 -880803 786431 -540623360 23839 9089 9693
100.997 2 LINK_REPORT 2 -1 101 0 304696 6935 0 2846. 64. 23 27.77
101.008 2 GPS_INT 0 0 0 404517023 -37287962 706864 656628 0 0 0 45 13 292889500 106 21 3 1
101.009 2 ATTITUDE -1.472138 1.900985 0.543102
101.037 2 INS 3417 -6223 -512230336 -1001389 775945 -540354368 15121 3102 11601
101.037 2 GPS 3 43820216 447814823 1372 656635 242 -4 2395 292889750 30 0
101.053 2 ATTITUDE -1.46786 1.929195 0.556917
101.085 2 INS 3417 -6223 -512243488 -1001389 775945 -540129920 13345 615 9870
101.111 2 ROTORCRAFT_FP -6223 3417 512246112 775945 -1001389 540079168 -5953 2330 7998 0 0 0 0 4044 0
101.111 2 ATTITUDE -1.446925 1.96276 0.567145
101.112 2 ROTORCRAFT_NAV_STATUS 28 28 0. 0. 5 0 2
101.112 2 IMU_MAG_RAW 255 0 0 0
101.127 2 INS 3417 -6223 -512256640 -1001389 775945 -539809216 11517 8034 9418
101.153 2 GPS_INT 0 0 0 404516988 -37287914 706871 656635 0 0 0 45 12 292889750 106 22 3 1
101.153 2 ATTITUDE -1.436319 1.984664 0.583916
101.169 2 INS 3417 -6223 -512269760 -1001389 775945 -539505408 27381 15611 14628
101.184 2 ROVER_STATUS 0 53 3 2 1 952 7.356161
101.200 2 ATTITUDE -1.442913 2.003636 0.604628
101.233 2 INS 3417 -6223 -512282880 -1001389 775945 -539227328 20988 13584 11523
101.250 2 ATTITUDE -1.450289 2.010225 0.625472
101.305 2 INS 3417 -6223 -512296000 -1001389 775945 -538929984 18903 7448 10755
101.305 2 GPS 3 43820254 447814781 1421 656685 238 13 2395 292890000 30 0
101.306 2 GPS_INT 0 0 0 404516950 -37287868 706921 656685 0 0 0 45 11 292890000 106 22 3 1
101.306 2 ATTITUDE -1.4645 2.017763 0.641562
101.368 2 GVF_PARAMETRIC 5 1 0.108362 -6.,-34.859375,-45.699219,-22.828125,-21.648438,-0.449219,0.71875,17.71875,0.,0.,0.,0.,0.,0.,0.,0. -0.103504,0.24778
101.369 2 INS 3307 -6126 -512309120 -1053817 681573 -538653184 6827 2192 10047
101.369 2 ROVER_CTRL 2.5 0.152452 4098.340332 2.839451 1400. 600. 1000. 1059.762573 213.433121 26.059151 2.347548 0.
101.369 2 ROTORCRAFT_FP -6126 3307 512311744 681573 -1053817 538591488 -5990 2694 8310 0 0 0 0 4098 0
101.370 2 ATTITUDE -1.458681 2.037728 0.669114
101.394 2 INS 3307 -6126 -512322240 -1053817 681573 -538321280 10120 1125 12657
101.394 2 SERIAL_COM 952 19558 36450 17012 0 0 0 14 343 80 76 0 0 0 0 0
101.394 2 ATTITUDE -1.454121 2.048919 0.692804
101.426 2 INS 3307 -6126 -512335360 -1053817 681573 -537997440 13538 9115 7590
101.452 2 GPS_SOL 45 11 106 22
101.453 2 GPS_INT 0 0 0 404516950 -37287868 706921 656685 0 0 0 45 11 292890000 106 22 3 1
101.453 2 ATTITUDE -1.465321 2.052148 0.705164
101.500 2 ATTITUDE -1.459979 2.074978 0.717493
101.532 2 INS 3182 -6039 -512361600 -1195375 581959 -537452288 14408 75 13038
101.533 2 GPS 3 43820287 447814732 1482 656732 254 4 2395 292890250 30 0
101.548 2 ATTITUDE -1.466579 2.089676 0.737277
101.580 2 INS 3182 -6039 -512374720 -1195375 581959 -537200128 7693 888 9731
101.617 2 ROTORCRAFT_FP -6039 3182 512377344 581959 -1195375 537143360 -5987 3064 8643 0 0 0 0 4003 0
101.618 2 GPS_INT 0 0 0 404516906 -37287829 706968 656732 0 0 0 45 11 292890250 106 22 3 1
101.619 2 ATTITUDE -1.46353 2.111947 0.754673
101.619 2 WP_MOVED_ENU 11 -10526 6699 -87
101.619 2 WP_MOVED_ENU 11 -10526 6699 -87
101.649 2 ATTITUDE -1.454502 2.139644 0.769819
101.682 2 INS 3182 -6039 -512400928 -1195375 581959 -536592640 12281 4983 10562
101.698 2 ATTITUDE -1.457987 2.154761 0.78503
101.802 2 GVF_PARAMETRIC 5 1 0.110534 6.,-10.898438,12.269531,15.839844,-9.296875,0.007812,32.308594,24.65625,0.,0.,0.,0.,0.,0.,0.,0. -0.057823,0.234585
101.803 2 INS 3182 -6039 -512414048 -1195375 581959 -536353536 11316 7772 9536
101.804 2 GPS_INT 0 0 0 404516906 -37287829 706968 656732 0 0 0 45 11 292890250 106 22 3 1
101.805 2 ATTITUDE -1.446736 2.175077 0.80124
101.805 2 INS 3043 -5969 -512427168 -1300233 498073 -536033824 17446 19896 11116
101.806 2 ENERGY 41 7.391484 2.05 15.152542 7.747684 0.291918 2.189282
101.806 2 GPS 3 43820314 447814677 1541 656800 265 15 2395 292890500 30 0
101.807 2 ATTITUDE -1.461901 2.180816 0.819954
101.859 2 INS 3043 -5969 -512440288 -1300233 498073 -535792928 12511 10884 6451
101.860 2 ROVER_CTRL 2.5 0.122199 3931.84668 1.97991 1400. 600. 1000. 1103.098145 171.078674 -141.596802 2.377801 0.
101.860 2 ROTORCRAFT_FP -5969 3043 512442912 498073 -1300233 535775552 -5997 3395 8934 0 0 0 0 3931 0
101.860 2 ATTITUDE -1.452004 2.200737 0.831631
101.886 2 INS 3043 -5969 -512453408 -1300233 498073 -535519392 19401 12099 15607
101.887 2 SERIAL_COM 952 10884 12511 6451 0 0 0 14 343 80 76 0 0 0 0 0
101.912 2 GPS_INT 0 0 0 404516857 -37287796 707036 656800 0 0 0 45 12 292890500 105 21 3 1
101.913 2 ATTITUDE -1.451356 2.225539 0.85011
101.913 2 IMU_MAG_RAW 255 0 0 0
101.929 2 INS 3043 -5969 -512466528 -1300233 498073 -535215264 24684 15929 9225
101.944 2 ATTITUDE -1.477204 2.215951 0.868914
101.976 2 INS 3043 -5969 -512479616 -1300233 498073 -534962240 19867 19164 12869
101.992 2 ATTITUDE -1.476145 2.223476 0.880207
101.997 2 LINK_REPORT 2 -1 102 0 307655 7003 0 2959. 68. 23 27.77
102.024 2 INS 2890 -5908 -512492704 -1321204 393215 -534679360 22005 4739 17972
102.062 2 GPS 3 43820337 447814617 1589 656818 262 13 2395 292890750 30 0
102.063 2 GPS_INT 0 0 0 404516803 -37287769 707054 656818 0 0 0 44 11 292890750 105 22 3 1
102.063 2 ATTITUDE -1.480796 2.240176 0.8899
102.078 2 INS 2890 -5908 -512505760 -1321204 393215 -534399008 15022 4513 11788
102.094 2 ROTORCRAFT_FP -5908 2890 512508384 393215 -1321204 534366976 -6083 3657 9149 0 0 0 0 3868 0
102.095 2 ATTITUDE -1.482884 2.244119 0.898498
102.148 2 GVF_PARAMETRIC 5 1 0.112773 0.,0.2,0.2,0.546643,0.546643,0.05,32.308594,24.65625,0.,0.,0.,0.,0.,0.,0.,0. -0.02795,0.206215
102.149 2 INS 2890 -5908 -512518784 -1321204 393215 -534146624 17861 7668 16681
102.149 2 ATTITUDE -1.485862 2.257477 0.900579
102.181 2 INS 2890 -5908 -512531840 -1321204 393215 -533933792 10412 3693 11628
102.196 2 GPS_INT 0 0 0 404516803 -37287769 707054 656818 0 0 0 44 11 292890750 105 22 3 1
102.197 2 ATTITUDE -1.465919 2.282646 0.900064
102.228 2 INS 2890 -5908 -512544832 -1321204 393215 -533626208 9950 16825 5232
102.244 2 ATTITUDE -1.476456 2.289829 0.906445
102.286 2 INS 2890 -5908 -512557792 -1321204 393215 -533375296 17312 13978 9955
102.286 2 GPS 3 43820358 447814558 1618 656870 271 15 2395 292891000 30 0
102.318 2 INS 2739 -5854 -512570784 -1368390 382729 -533120128 20433 10929 15593
102.393 2 ROVER_CTRL 2.5 0.041559 3795.427979 1.943686 1400. 600. 1000. 1127.537598 58.183243 -190.043457 2.458441 0.
102.394 2 ROTORCRAFT_FP -5854 2739 512573376 382729 -1368390 533045440 -6031 3738 9513 0 0 0 0 3795 0
102.394 2 GPS_INT 0 0 0 404516750 -37287744 707106 656870 0 0 0 44 11 292891000 107 22 3 1
102.395 2 ATTITUDE -1.483269 2.315131 0.909011
102.395 2 INS 2739 -5854 -512583744 -1368390 382729 -532878880 10248 4990 6751
102.395 2 SERIAL_COM 953 22255 15928 10842 0 0 0 14 344 80 76 0 0 0 0 0
102.396 2 ATTITUDE -1.484082 2.326072 0.912489
102.425 2 INS 2739 -5854 -512596736 -1368390 382729 -532634656 17276 3555 11933
102.441 2 ATTITUDE -1.4806 2.351396 0.919252
102.473 2 INS 2739 -5854 -512609696 -1368390 382729 -532454016 22679 11486 12417
102.499 2 GPS_INT 0 0 0 404516750 -37287744 707106 656870 0 0 0 44 11 292891000 107 22 3 1
102.500 2 ALIVE 122,195,7,233,5,247,195,75,60,187,26,129,128,90,246,93
102.500 2 ATTITUDE -1.46067 2.379683 0.922769
102.552 2 GVF_PARAMETRIC 5 1 0.114568 -6.,-34.859375,-45.699219,-22.828125,-21.648438,-0.449219,0.71875,17.71875,0.,0.,0.,0.,0.,0.,0.,0. -0.022202,0.230287
102.553 2 INS 2572 -5806 -512622656 -1368390 346029 -532215616 6315 12277 8714
102.553 2 GPS 3 43820376 447814493 1638 656914 268 21 2395 292891250 30 0
102.553 2 DL_VALUE 89 10.
102.554 2 ATTITUDE -1.456522 2.38079 0.925821
102.568 2 INS 2572 -5806 -512635616 -1368390 346029 -531950048 13831 6862 9763
102.596 2 ROTORCRAFT_FP -5806 2572 512638208 346029 -1368390 531904640 -6032 3813 9740 0 0 0 0 3744 0
102.596 2 ATTITUDE -1.482122 2.378026 0.933151
102.642 2 INS 2572 -5806 -512648608 -1368390 346029 -531751936 18652 23344 11986
102.642 2 STATIC_CONTROL 0 0. 0 0. 0. 0. 0. 0. 0. 0. 0. 0. 0.
102.679 2 GPS_INT 0 0 0 404516692 -37287722 707150 656914 0 0 0 44 10 292891250 105 22 3 1
102.680 2 ATTITUDE -1.47393 2.406174 0.943312
102.680 2 INS 2572 -5806 -512661568 -1368390 346029 -531483584 12822 8369 8918
102.680 2 ROVER_STATUS 0 48 3 2 1 953 7.497455
102.695 2 ATTITUDE -1.481431 2.413615 0.950586
102.726 2 ROTORCRAFT_NAV_STATUS 29 29 0. 0. 5 0 2
102.726 2 IMU_MAG_RAW 255 0 0 0
102.726 2 INS 2572 -5806 -512674592 -1368390 346029 -531220288 13321 9161 12509
102.742 2 ATTITUDE -1.494495 2.410148 0.960194
102.784 2 INS 2414 -5767 -512687552 -1315961 262143 -531041504 14678 21962 7418
102.784 2 GPS 3 43820391 447814431 1660 656912 256 8 2395 292891500 30 0
102.800 2 GPS_INT 0 0 0 404516636 -37287703 707148 656912 0 0 0 44 11 292891500 103 22 3 1
102.801 2 ATTITUDE -1.4756 2.442217 0.968283
102.816 2 INS 2414 -5767 -512700512 -1315961 262143 -530764704 11260 21671 10392
102.857 2 ROVER_CTRL 2.5 -0.047758 3705.260254 1.730008 1400. 600. 1000. 1125.399902 -66.860672 -153.565414 2.547758 0.
102.857 2 ROTORCRAFT_FP -5767 2414 512703104 262143 -1315961 530681504 -6019 3945 10048 0 0 0 0 3705 0
102.858 2 ATTITUDE -1.469412 2.456316 0.97004
102.883 2 INS 2414 -5767 -512713472 -1315961 262143 -530486464 10561 10136 7582
102.883 2 SERIAL_COM 953 8116 23309 19768 0 0 0 14 344 80 76 0 0 0 0 0
102.899 2 ATTITUDE -1.481305 2.456384 0.978082
102.899 2 WP_MOVED_ENU 12 760 1031 2560
102.915 2 WP_MOVED_ENU 12 760 1031 2560
102.975 2 GVF_PARAMETRIC 5 1 0.116945 6.,-10.898438,12.269531,15.839844,-9.296875,0.007812,32.308594,24.65625,0.,0.,0.,0.,0.,0.,0.,0. -0.002262,0.20877
102.975 2 INS 2414 -5767 -512726432 -1315961 262143 -530305536 13896 44531 11367
102.976 2 GPS_INT 0 0 0 404516636 -37287703 707148 656912 0 0 0 44 11 292891500 103 22 3 1
102.976 2 ATTITUDE -1.481915 2.472206 0.976582
102.976 2 INS 2414 -5767 -512739392 -1315961 262143 -530057088 10489 15714 11464
102.990 2 ATTITUDE -1.474676 2.486413 0.967517
102.998 2 LINK_REPORT 2 -1 103 0 310774 7072 0 3119. 69. 23 27.77
103.035 2 INS 2250 -5736 -512752352 -1310718 204472 -529832832 8889 4030 12116
103.035 2 GPS 3 43820402 447814367 1685 656875 252 11 2395 292891750 30 0
103.035 2 ATTITUDE -1.474431 2.499441 0.966495
103.067 2 INS 2250 -5736 -512765312 -1310718 204472 -529607616 12747 9039 2898
103.106 2 ROTORCRAFT_FP -5736 2250 512767904 204472 -1310718 529573280 -6053 3970 10257 0 0 0 0 3750 0
103.106 2 GPS_INT 0 0 0 404516578 -37287690 707111 656875 0 0 0 44 12 292891750 107 22 3 1
103.107 2 ATTITUDE -1.476343 2.515389 0.970599
103.122 2 INS 2250 -5736 -512778272 -1310718 204472 -529382016 9947 5720 8399
103.137 2 ATTITUDE -1.465391 2.533818 0.975278
103.170 2 INS 2250 -5736 -512791232 -1310718 204472 -529088512 13541 13291 15016
103.185 2 STATE_FILTER_STATUS 6 3 0
103.186 2 ATTITUDE -1.483787 2.523103 0.981678
103.218 2 INS 2250 -5736 -512804192 -1310718 204472 -528857376 12741 10193 12468
103.245 2 GPS_INT 0 0 0 404516578 -37287690 707111 656875 0 0 0 44 12 292891750 107 22 3 1
103.245 2 ATTITUDE -1.495425 2.519822 0.987891
103.277 2 INS 2250 -5736 -512817120 -1310718 204472 -528624160 10019 11167 14937
103.277 2 GPS 3 43820412 447814303 1692 656886 244 10 2395 292892000 30 0
103.297 2 ATTITUDE -1.494952 2.530629 0.996973
103.378 2 GVF_PARAMETRIC 5 1 0.118645 0.,0.2,0.2,0.546643,0.546643,0.05,32.308594,24.65625,0.,0.,0.,0.,0.,0.,0.,0. 0.001599,0.230927
103.378 2 INS 2086 -5708 -512830048 -1268775 220200 -528366624 10269 8930 8777
103.379 2 ROVER_CTRL 2.5 -0.090572 3745.095459 2.02279 1400. 600. 1000. 1102.562256 -126.8013 -31.208992 2.590572 0.
103.379 2 ROTORCRAFT_FP -5708 2086 512832640 220200 -1268775 528315776 -6210 4087 10291 0 0 0 0 3745 0
103.379 2 ATTITUDE -1.523428 2.512179 1.003956
103.379 2 INS 2086 -5708 -512843008 -1268775 220200 -528164608 9937 16272 9747
103.380 2 SERIAL_COM 954 11282 8213 7641 0 0 0 14 345 80 76 0 0 0 0 0
103.407 2 GPS_INT 0 0 0 404516521 -37287677 707122 656886 0 0 0 44 11 292892000 107 22 3 1
103.407 2 ATTITUDE -1.53993 2.507807 1.009837
103.423 2 INS 2086 -5708 -512855968 -1268775 220200 -527980096 6328 14467 4936
103.423 2 GPS_SOL 44 11 107 22
103.438 2 ATTITUDE -1.52119 2.543839 1.008165
103.471 2 INS 2086 -5708 -512868896 -1268775 220200 -527683744 2987 383 13572
103.486 2 ATTITUDE -1.525018 2.544568 1.007651
103.502 2 IMU_MAG_RAW 255 0 0 0
103.518 2 INS 1930 -5685 -512881760 -1253047 162529 -527431808 7943 9247 10680
103.560 2 GPS 3 43820421 447814242 1707 656882 242 6 2395 292892250 30 0
103.560 2 GPS_INT 0 0 0 404516466 -37287666 707118 656882 0 0 0 44 11 292892250 107 21 3 1
103.560 2 ATTITUDE -1.547391 2.531479 1.024295
103.575 2 INS 1930 -5685 -512894592 -1253047 162529 -527171424 5405 15157 6698
103.591 2 ROTORCRAFT_FP -5685 1930 512897152 162529 -1253047 527157216 -6339 4218 10330 0 0 0 0 3826 0
103.592 2 ATTITUDE -1.536483 2.542558 1.038669
103.637 2 INS 1930 -5685 -512907392 -1253047 162529 -526905536 5804 17489 10907
103.638 2 STATIC_CONTROL 0 0. 0 0. 0. 0. 0. 0. 0. 0. 0. 0. 0.
103.638 2 ATTITUDE -1.543416 2.549453 1.051675
103.654 2 INS_REF 485057916 -31609623 411673221 404515786 -37285049 712727 662491 0.
103.669 2 INS 1930 -5685 -512920224 -1253047 162529 -526633088 3966 14058 4653
103.698 2 GPS_INT 0 0 0 404516466 -37287666 707118 656882 0 0 0 44 11 292892250 107 21 3 1
103.698 2 ATTITUDE -1.557328 2.545072 1.062829
103.753 2 GVF_PARAMETRIC 5 1 0.120844 -6.,-34.859375,-45.699219,-22.828125,-21.648438,-0.449219,0.71875,17.71875,0.,0.,0.,0.,0.,0.,0.,0. 0.014197,0.209982
103.753 2 INS 1930 -5685 -512933056 -1253047 162529 -526318112 10893 20498 18024
103.753 2 ATTITUDE -1.59012 2.523434 1.065181
103.781 2 INS 1776 -5670 -512945856 -1263532 83886 -526174208 13169 21832 9463
103.782 2 GPS 3 43820426 447814181 1733 656832 241 -3 2395 292892500 30 0
103.840 2 INS 1776 -5670 -512958720 -1263532 83886 -525891968 9094 10872 10464
103.841 2 ROVER_CTRL 2.5 -0.069236 3900.323242 1.14721 1400. 600. 1000. 1076.627808 -96.930458 120.210648 2.569236 0.
103.888 2 ROTORCRAFT_FP -5670 1776 512961280 83886 -1263532 525840000 -6440 4380 10507 0 0 0 0 3900 0
103.889 2 GPS_INT 0 0 0 404516411 -37287659 707068 656832 0 0 0 43 11 292892500 107 21 3 1
103.889 2 ATTITUDE -1.555358 2.582172 1.076877
103.889 2 INS 1776 -5670 -512971520 -1263532 83886 -525540640 7043 28707 18978
103.890 2 SERIAL_COM 954 14121 9453 3415 0 0 0 14 345 80 76 0 0 0 0 0
103.890 2 ATTITUDE -1.58643 2.561459 1.075129
103.920 2 INS 1776 -5670 -512984320 -1263532 83886 -525328672 5753 17655 6434
103.936 2 ATTITUDE -1.568514 2.59037 1.078077
103.968 2 INS 1776 -5670 -512997120 -1263532 83886 -525022048 5462 7529 9358
103.995 2 GPS_INT 0 0 0 404516411 -37287659 707068 656832 0 0 0 43 11 292892500 107 21 3 1
103.995 2 ATTITUDE -1.580643 2.589268 1.079281
103.998 2 LINK_REPORT 2 -1 104 0 313734 7137 0 2960. 65. 23 27.77
104.010 2 INS 1617 -5657 -513009952 -1268775 73400 -524741568 7838 18816 8997
104.026 2 GPS 3 43820431 447814120 1749 656800 243 7 2395 292892750 30 0
104.042 2 ATTITUDE -1.579245 2.605263 1.083597
104.074 2 INS 1617 -5657 -513022752 -1268775 73400 -524456416 4294 10273 8527
104.090 2 ROTORCRAFT_FP -5657 1617 513025312 73400 -1268775 524421184 -6499 4461 10652 0 0 0 0 3914 0
104.091 2 ATTITUDE -1.574863 2.617091 1.087551
104.155 2 GVF_PARAMETRIC 5 1 0.122907 6.,-10.898438,12.269531,15.839844,-9.296875,0.007812,32.308594,24.65625,0.,0.,0.,0.,0.,0.,0.,0. 0.019836,0.184622
104.156 2 INS 1617 -5657 -513035552 -1268775 73400 -524179744 11288 41619 10263
104.156 2 GPS_INT 0 0 0 404516356 -37287653 707036 656800 0 0 0 43 11 292892750 103 22 3 1
104.157 2 DL_VALUE 90 1.
104.157 2 ATTITUDE -1.595503 2.620948 1.089545
104.180 2 INS 1617 -5657 -513048352 -1268775 73400 -523968480 5866 13584 3615
104.180 2 ROVER_STATUS 0 42 3 2 1 955 7.506286
104.181 2 ATTITUDE -1.583355 2.638261 1.089412
104.196 2 WP_MOVED_ENU 13 775 -1018 2560
104.196 2 WP_MOVED_ENU 13 775 -1018 2560
104.212 2 INS 1617 -5657 -513061152 -1268775 73400 -523663712 15663 35077 22800
104.244 2 ATTITUDE -1.578146 2.656114 1.090288
104.260 2 INS 1617 -5657 -513073952 -1268775 73400 -523446688 15948 10914 10806
104.276 2 GPS 3 43820431 447814120 1749 656800 243 7 2395 292892750 30 0
104.313 2 GPS_INT 0 0 0 404516356 -37287653 707036 656800 0 0 0 43 11 292892750 103 22 3 1
104.314 2 ATTITUDE -1.547064 2.682137 1.093097
104.314 2 ROTORCRAFT_NAV_STATUS 31 31 0. 0. 5 0 2
104.314 2 IMU_MAG_RAW 255 0 0 0
104.314 2 INS 1461 -5644 -513086752 -1315961 31457 -523142656 17013 27899 17829
104.381 2 ROVER_CTRL 2.5 -0.015036 3943.495605 0.989385 1400. 600. 1000. 1064.725952 -21.050882 99.730492 2.515036 0.
104.381 2 ROTORCRAFT_FP -5644 1461 513089312 31457 -1315961 523087936 -6309 4452 10992 0 0 0 0 3943 0
104.382 2 ATTITUDE -1.551332 2.68511 1.086432
104.382 2 INS 1461 -5644 -513099552 -1315961 31457 -522866304 6064 10096 5391
104.382 2 SERIAL_COM 955 35077 15663 22800 0 0 0 14 346 80 76 0 0 0 0 0
104.397 2 ATTITUDE -1.565823 2.687007 1.091188
104.413 2 INS 1461 -5644 -513112352 -1315961 31457 -522632704 2904 35855 8036
104.441 2 GPS_INT 0 0 0 404516301 -37287647 706987 656752 0 0 0 43 12 292893000 103 22 3 1
104.442 2 ATTITUDE -1.548157 2.718698 1.10146
104.473 2 INS 1461 -5644 -513125152 -1315961 31457 -522342464 1768 10579 15537
104.489 2 ATTITUDE -1.549899 2.70974 1.101349
104.553 2 GVF_PARAMETRIC 5 1 0.12457 0.,0.2,0.2,0.546643,0.546643,0.05,32.308594,24.65625,0.,0.,0.,0.,0.,0.,0.,0. 0.020554,0.213943
104.554 2 INS 1313 -5639 -513137952 -1195375 26214 -522082592 11921 16050 15319
104.554 2 GPS 3 43820438 447814001 1775 656689 228 -8 2395 292893250 30 0
104.555 2 ATTITUDE -1.545645 2.717312 1.101206
104.569 2 INS 1313 -5639 -513150720 -1195375 26214 -521856544 12408 17313 12284
104.606 2 ROTORCRAFT_FP -5639 1313 513153280 26214 -1195375 521800288 -6331 4520 11125 0 0 0 0 4095 0
104.606 2 GPS_INT 0 0 0 404516249 -37287644 706925 656689 0 0 0 43 12 292893250 103 22 3 1
104.607 2 ATTITUDE -1.5476 2.721646 1.097063
104.636 2 INS 1313 -5639 -513163488 -1195375 26214 -521560960 15614 11221 12333
104.636 2 STATIC_CONTROL 0 0. 0 0. 0. 0. 0. 0. 0. 0. 0. 0. 0.
104.637 2 ATTITUDE -1.559544 2.709198 1.096346
104.678 2 INS 1313 -5639 -513176256 -1195375 26214 -521324032 8703 30024 10499
104.678 2 DATALINK_REPORT 4 201 1039 3072 0 12
104.694 2 ATTITUDE -1.55911 2.718466 1.092729
104.710 2 INS 1313 -5639 -513188992 -1195375 26214 -521090112 4338 8023 9941
104.740 2 GPS_INT 0 0 0 404516249 -37287644 706925 656689 0 0 0 43 12 292893250 103 22 3 1
104.740 2 ATTITUDE -1.571968 2.713454 1.088534
104.782 2 INS 1164 -5629 -513201696 -1289747 68157 -520828768 2727 17233 5493
104.782 2 GPS 3 43820441 447813942 1770 656687 245 9 2395 292893500 30 0
104.782 2 ATTITUDE -1.59179 2.711723 1.083656
104.814 2 INS 1164 -5629 -513214368 -1289747 68157 -520532352 2229 3586 11296
104.831 2 ROVER_CTRL 2.5 0.056409 3997.996826 0.453422 1400. 600. 1000. 1071.417114 78.972099 47.945976 2.443591 0.
104.871 2 ROTORCRAFT_FP -5629 1164 513216896 68157 -1289747 520525024 -6575 4429 11045 0 0 0 0 3997 0
104.871 2 ATTITUDE -1.608339 2.697635 1.076512
104.871 2 INS 1164 -5629 -513227040 -1289747 68157 -520339520 5758 15178 7235
104.872 2 SERIAL_COM 955 20580 8877 4580 0 0 0 14 346 80 76 0 0 0 0 0
104.902 2 GPS_INT 0 0 0 404516196 -37287640 706922 656687 0 0 0 43 11 292893500 103 22 3 1
104.902 2 ATTITUDE -1.593819 2.715635 1.079977
104.941 2 GVF_PARAMETRIC 5 1 0.124939 -6.,-34.859375,-45.699219,-22.828125,-21.648438,-0.449219,0.71875,17.71875,0.,0.,0.,0.,0.,0.,0.,0. 0.027018,0.119334
104.942 2 INS 1164 -5629 -513239712 -1289747 68157 -520057504 6906 19268 13894
104.942 2 ATTITUDE -1.590801 2.735231 1.078117
104.972 2 INS 1164 -5629 -513252352 -1289747 68157 -519800928 11178 22164 13873
104.988 2 ATTITUDE -1.585061 2.743322 1.079549
104.999 2 LINK_REPORT 2 -1 105 0 316802 7206 0 3068. 69. 23 27.77
105.020 2 INS 1013 -5619 -513264992 -1221589 41943 -519527776 3654 20515 8438
105.020 2 GPS 3 43820444 447813883 1773 656683 233 6 2395 292893750 30 0
105.051 2 GPS_INT 0 0 0 404516143 -37287635 706918 656683 0 0 0 43 12 292893750 103 22 3 1
105.051 2 ATTITUDE -1.591734 2.742205 1.076201
105.067 2 INS 1013 -5619 -513277632 -1226832 47185 -519232608 2085 22980 14826
105.093 2 ROTORCRAFT_FP -5619 1013 513280160 47185 -1226832 519158304 -6586 4397 11184 0 0 0 0 4075 0
105.093 2 ATTITUDE -1.617777 2.726988 1.075974
105.093 2 IMU_MAG_RAW 255 0 0 0
105.108 2 INS 1013 -5619 -513290272 -1226832 47185 -518980416 4795 24946 7011
105.140 2 ATTITUDE -1.62126 2.736169 1.076091
105.156 2 INS 1013 -5619 -513302912 -1226832 47185 -518737152 7632 12103 14503
105.199 2 GPS_INT 0 0 0 404516143 -37287635 706918 656683 0 0 0 43 12 292893750 103 22 3 1
105.200 2 ALIVE 122,195,7,233,5,247,195,75,60,187,26,129,128,90,246,93
105.200 2 ATTITUDE -1.605883 2.767141 1.071861
105.215 2 INS 1013 -5619 -513315552 -1226832 47185 -518480448 4980 4946 5404
105.231 2 ATTITUDE -1.611219 2.769974 1.068292
105.275 2 INS 1013 -5619 -513328224 -1226832 47185 -518213600 6773 19970 1168
105.276 2 GPS 3 43820444 447813883 1773 656683 233 6 2395 292893750 30 0
105.292 2 ATTITUDE -1.577077 2.806343 1.062739
105.398 2 GVF_PARAMETRIC 5 1 0.126345 6.,-10.898438,12.269531,15.839844,-9.296875,0.007812,32.308594,24.65625,0.,0.,0.,0.,0.,0.,0.,0. 0.019186,0.11786
105.398 2 INS 857 -5611 -513340864 -1274018 68157 -517879168 7444 15640 9716
105.399 2 ROVER_CTRL 2.5 0.091646 4032.773926 0.20141 1400. 600. 1000. 1093.670288 128.305008 11.348724 2.408354 0.
105.399 2 ROTORCRAFT_FP -5611 857 513343392 68157 -1274018 517815328 -6457 4338 11472 0 0 0 0 4032 0
105.400 2 GPS_INT 0 0 0 404516088 -37287632 706892 656656 0 0 0 43 11 292894000 103 22 3 1
105.400 2 ATTITUDE -1.580956 2.797654 1.056635
105.401 2 INS 857 -5611 -513353504 -1274018 68157 -517603584 7559 24319 11176
105.401 2 SERIAL_COM 956 33440 16660 14723 0 0 0 14 347 80 76 0 0 0 0 0
105.401 2 ATTITUDE -1.590357 2.791511 1.05175
105.424 2 INS 857 -5611 -513366144 -1274018 68157 -517341888 6040 12382 8410
105.424 2 GPS_SOL 43 11 103 22
105.443 2 ATTITUDE -1.58005 2.812011 1.053589
105.471 2 INS 857 -5611 -513378784 -1274018 68157 -517069312 11218 15887 6809
105.509 2 GPS_INT 0 0 0 404516088 -37287632 706892 656656 0 0 0 43 11 292894000 103 22 3 1
105.509 2 ATTITUDE -1.588103 2.816795 1.054742
105.509 2 WP_MOVED_ENU 14 -760 -1031 2560
105.509 2 WP_MOVED_ENU 14 -760 -1031 2560
105.524 2 GPS 3 43820450 447813758 1758 656637 267 -7 2395 292894250 30 0
105.540 2 ATTITUDE -1.587415 2.821239 1.050122
105.556 2 INS 691 -5601 -513404032 -1394604 115343 -516448800 8947 18794 14936
105.588 2 ROTORCRAFT_FP -5601 691 513406560 115343 -1394604 516413856 -6571 4300 11517 0 0 0 0 3893 0
105.589 2 ATTITUDE -1.591898 2.826893 1.049402
105.646 2 INS 691 -5601 -513416640 -1394604 115343 -516202496 12384 18950 23580
105.647 2 STATIC_CONTROL 0 0. 0 0. 0. 0. 0. 0. 0. 0. 0. 0. 0.
105.647 2 GPS_INT 0 0 0 404516030 -37287627 706873 656637 0 0 0 43 11 292894250 105 22 3 1
105.647 2 ATTITUDE -1.581065 2.840166 1.054735
105.673 2 INS 691 -5601 -513429216 -1394604 115343 -515929216 11766 15565 16696
105.674 2 PONG 
105.674 2 ROVER_STATUS 0 45 3 2 1 956 7.409146
105.689 2 ATTITUDE -1.594585 2.830632 1.053976
105.743 2 GVF_PARAMETRIC 5 1 0.129331 0.,0.2,0.2,0.841242,0.841242,0.05,32.308594,24.65625,0.,0.,0.,0.,0.,0.,0.,0. 0.001534,0.108989
105.743 2 INS 691 -5601 -513441856 -1394604 115343 -515694368 8759 19968 18220
105.743 2 DL_VALUE 91 0.
105.744 2 ATTITUDE -1.594318 2.849783 1.044762
105.773 2 INS 519 -5583 -513454496 -1389361 152043 -515437376 7953 11773 13586
105.774 2 GPS 3 43820456 447813690 1745 656598 267 1 2395 292894500 30 0
105.801 2 GPS_INT 0 0 0 404515969 -37287619 706834 656598 0 0 0 42 11 292894500 104 22 3 1
105.801 2 ATTITUDE -1.584337 2.864559 1.043156
105.853 2 INS 519 -5583 -513467104 -1394604 157286 -515125056 8300 15217 3114
105.854 2 ROVER_CTRL 2.5 0.050526 3856.641602 -0.17938 1400. 600. 1000. 1116.981201 70.735931 -130.772598 2.449474 0.
105.854 2 ROTORCRAFT_FP -5583 519 513469632 157286 -1394604 515057248 -6522 4256 11721 0 0 0 0 3856 0
105.854 2 ATTITUDE -1.60073 2.851079 1.037645
105.869 2 INS 519 -5583 -513479712 -1394604 157286 -514851904 2576 20962 10992
105.870 2 SERIAL_COM 956 19284 5319 6973 0 0 0 14 347 80 76 0 0 0 0 0
105.885 2 ATTITUDE -1.582871 2.87395 1.03492
105.901 2 ROTORCRAFT_NAV_STATUS 33 33 0. 0. 5 0 2
105.901 2 IMU_MAG_RAW 255 0 0 0
105.940 2 INS 519 -5583 -513492320 -1394604 157286 -514562240 9728 26158 15769
105.941 2 GPS_INT 0 0 0 404515969 -37287619 706834 656598 0 0 0 42 11 292894500 104 22 3 1
105.941 2 ATTITUDE -1.573909 2.883179 1.034273
105.956 2 INS 519 -5583 -513504832 -1394604 157286 -514236384 1839 37117 5904
105.988 2 ATTITUDE -1.58029 2.874338 1.034492
106.000 2 LINK_REPORT 2 -1 106 0 319867 7277 0 3065. 71. 24 220.61
106.020 2 INS 340 -5562 -513517376 -1494219 146800 -513975840 9265 21899 14746
106.021 2 GPS 3 43820463 447813621 1743 656578 286 10 2395 292894750 30 0
106.036 2 ATTITUDE -1.590953 2.870999 1.035825
106.068 2 INS 340 -5562 -513529856 -1494219 146800 -513687840 9891 13872 12986
106.094 2 ROTORCRAFT_FP -5562 340 513532384 146800 -1494219 513640448 -6536 4249 11761 0 0 0 0 3716 0
106.095 2 GPS_INT 0 0 0 404515907 -37287610 706814 656578 0 0 0 42 12 292894750 105 22 3 1
106.095 2 ATTITUDE -1.585137 2.878365 1.033943
106.133 2 GVF_PARAMETRIC 5 1 0.132535 -6.,-34.859375,-45.699219,-22.828125,-21.648438,-0.449219,0.71875,17.71875,0.,0.,0.,0.,0.,0.,0.,0. -0.009972,0.084706
106.134 2 INS 340 -5562 -513542368 -1494219 146800 -513412096 9108 13988 12717
106.134 2 ATTITUDE -1.59745 2.86344 1.034461
106.164 2 INS 340 -5562 -513554848 -1494219 146800 -513152736 9670 13744 11862
106.180 2 ATTITUDE -1.596565 2.870432 1.024324
106.212 2 INS 340 -5562 -513567328 -1494219 146800 -512977088 10876 9015 8718
106.239 2 GPS_INT 0 0 0 404515907 -37287610 706814 656578 0 0 0 42 12 292894750 105 22 3 1
106.240 2 ATTITUDE -1.582959 2.884862 1.014935
106.255 2 INS 340 -5562 -513579808 -1494219 146800 -512700928 1870 24052 4996
106.281 2 ENERGY 38 7.488625 1.275 9.547997 7.764589 0.293906 2.204111
106.281 2 GPS 3 43820463 447813621 1743 656578 286 10 2395 292894750 30 0
106.282 2 ATTITUDE -1.589922 2.881073 1.003219
106.351 2 INS 163 -5544 -513592288 -1378876 152043 -512461952 7015 13138 10494
106.351 2 ROVER_CTRL 2.5 -0.036633 3800.069336 -1.360904 1400. 600. 1000. 1118.750854 -51.285889 -67.615509 2.536633 0.
106.352 2 ROTORCRAFT_FP -5544 163 513594784 152043 -1378876 512409088 -6525 4072 11807 0 0 0 0 3800 0
106.352 2 ATTITUDE -1.591097 2.881156 0.993063
106.367 2 INS 163 -5544 -513604768 -1378876 152043 -512223296 12162 17445 15176
106.367 2 SERIAL_COM 957 11596 9763 20172 0 0 0 14 348 80 76 0 0 0 0 0
106.395 2 GPS_INT 0 0 0 404515845 -37287601 706786 656550 0 0 0 42 11 292895000 103 22 3 1
106.396 2 STATE_FILTER_STATUS 6 3 0
106.396 2 ATTITUDE -1.582503 2.890699 0.984055
106.410 2 INS 163 -5544 -513617248 -1378876 152043 -511967360 5341 15552 4513
106.426 2 ATTITUDE -1.597029 2.878014 0.978122
106.458 2 INS 163 -5544 -513629728 -1378876 152043 -511742048 -1437 18521 2780
106.474 2 ATTITUDE -1.624189 2.864861 0.967419
106.593 2 GVF_PARAMETRIC 5 1 0.13486 6.,-10.898438,12.269531,15.839844,-9.296875,0.007812,32.308594,24.65625,0.,0.,0.,0.,0.,0.,0.,0. -0.029627,0.110383
106.595 2 INS -2 -5521 -513642208 -1368390 199229 -511567936 6472 39678 256
106.596 2 GPS 3 43820479 447813487 1724 656504 263 -1 2395 292895250 30 0
106.597 2 GPS_INT 0 0 0 404515786 -37287590 706740 656504 0 0 0 42 11 292895250 103 22 3 1
106.599 2 ATTITUDE -1.612214 2.891068 0.961789
106.599 2 INS -2 -5521 -513654688 -1368390 199229 -511232928 2230 29265 18788
106.600 2 ROTORCRAFT_FP -5521 -2 513657184 199229 -1368390 511207136 -6684 3902 11767 0 0 0 0 3646 0
106.602 2 ATTITUDE -1.645761 2.869576 0.948184
106.608 2 INS -2 -5521 -513667168 -1368390 199229 -511038432 6993 40797 14301
106.638 2 STATIC_CONTROL 0 0. 0 0. 0. 0. 0. 0. 0. 0. 0. 0. 0.
106.639 2 ATTITUDE -1.651877 2.870429 0.937456
106.668 2 INS -2 -5521 -513679648 -1368390 199229 -510820448 2924 19501 8022
106.698 2 GPS_INT 0 0 0 404515786 -37287590 706740 656504 0 0 0 42 11 292895250 103 22 3 1
106.698 2 ATTITUDE -1.643721 2.880216 0.926007
106.698 2 IMU_MAG_RAW 255 0 0 0
106.714 2 INS -2 -5521 -513692128 -1368390 199229 -510566784 757 26082 8434
106.729 2 ATTITUDE -1.645154 2.87629 0.910411
106.772 2 INS -168 -5488 -513704608 -1384119 288358 -510398240 3348 21159 8624
106.772 2 GPS 3 43820491 447813421 1700 656440 269 6 2395 292895500 30 0
106.788 2 ATTITUDE -1.643116 2.881807 0.899155
106.788 2 WP_MOVED_ENU 15 -775 1018 2560
106.804 2 WP_MOVED_ENU 15 -775 1018 2560
106.804 2 INS -168 -5488 -513717088 -1384119 293601 -510164192 -1183 18289 2875
106.877 2 ROVER_CTRL 2.5 -0.102135 3638.560059 -2.017919 1400. 600. 1000. 1098.595459 -142.988586 -117.659569 2.602135 0.
106.877 2 ROTORCRAFT_FP -5488 -168 513719584 293601 -1384119 510089952 -6742 3629 11873 0 0 0 0 3638 0
106.878 2 GPS_INT 0 0 0 404515727 -37287575 706675 656440 0 0 0 42 11 292895500 103 22 3 1
106.879 2 ATTITUDE -1.645832 2.89907 0.884037
106.879 2 INS -168 -5488 -513729568 -1384119 293601 -509892608 115 18061 2837
106.879 2 SERIAL_COM 957 11702 3452 12609 0 0 0 14 348 80 76 0 0 0 0 0
106.880 2 ATTITUDE -1.646314 2.900595 0.86775
106.930 2 GVF_PARAMETRIC 5 1 0.138509 0.,0.2,0.2,0.841242,0.841242,0.05,32.308594,24.65625,0.,0.,0.,0.,0.,0.,0.,0. -0.050219,0.098678
106.931 2 INS -168 -5488 -513742048 -1384119 293601 -509664064 -723 13190 6565
106.931 2 ATTITUDE -1.637139 2.90825 0.85718
106.962 2 INS -168 -5488 -513754528 -1384119 293601 -509419200 2358 12542 3966
106.988 2 GPS_INT 0 0 0 404515727 -37287575 706675 656440 0 0 0 42 11 292895500 103 22 3 1
106.988 2 ATTITUDE -1.629241 2.92658 0.837586
107.000 2 LINK_REPORT 2 -1 107 0 322966 7345 0 3099. 68. 24 220.61
107.004 2 INS -335 -5442 -513767008 -1310718 382729 -509196416 337 16421 11654
107.020 2 GPS 3 43820509 447813357 1666 656377 261 4 2395 292895750 30 0
107.036 2 ATTITUDE -1.620283 2.924979 0.815339
107.052 2 INS -335 -5442 -513779456 -1310718 387972 -508992960 3068 8637 6447
107.083 2 ROTORCRAFT_FP -5442 -335 513781952 387972 -1310718 508941024 -6594 3302 12008 0 0 0 0 3562 0
107.083 2 ATTITUDE -1.612029 2.928363 0.801772
107.115 2 INS -335 -5442 -513791904 -1310718 387972 -508736064 3924 21328 3858
107.131 2 GPS_INT 0 0 0 404515669 -37287554 706613 656377 0 0 0 42 10 292895750 103 22 3 1
107.131 2 ATTITUDE -1.605982 2.933811 0.786495
107.162 2 INS -335 -5442 -513804384 -1310718 387972 -508440256 5197 6166 9069
107.163 2 ROVER_STATUS 0 49 3 2 1 958 7.550441
107.178 2 ATTITUDE -1.612072 2.921957 0.767907
107.210 2 INS -335 -5442 -513816768 -1310718 387972 -508192736 2918 19878 8773
107.226 2 ATTITUDE -1.624757 2.916732 0.759232
107.268 2 INS -335 -5442 -513829184 -1310718 387972 -507932960 5449 16198 13579
107.269 2 GPS 3 43820509 447813357 1666 656377 261 4 2395 292895750 30 0
107.295 2 GPS_INT 0 0 0 404515669 -37287554 706613 656377 0 0 0 42 10 292895750 103 22 3 1
107.296 2 ATTITUDE -1.642316 2.918118 0.743151
107.375 2 GVF_PARAMETRIC 5 1 0.141249 -6.,-34.859375,-45.699219,-22.828125,-21.648438,-0.449219,0.71875,17.71875,0.,0.,0.,0.,0.,0.,0.,0. -0.074142,0.119576
107.375 2 INS -491 -5388 -513841568 -1274018 482344 -507748576 8190 9552 6127
107.376 2 ROVER_CTRL 2.5 -0.164596 3546.126221 -2.236523 1400. 600. 1000. 1057.994385 -230.434509 -82.421303 2.664596 0.
107.376 2 ROTORCRAFT_FP -5388 -491 513844032 482344 -1274018 507698944 -6681 3003 11976 0 0 0 0 3546 0
107.376 2 DL_VALUE 92 1.
107.376 2 ATTITUDE -1.628826 2.925362 0.726521
107.376 2 INS -491 -5388 -513853984 -1274018 482344 -507494976 7230 20385 11936
107.377 2 SERIAL_COM 958 12645 5797 8798 0 0 0 14 349 80 76 0 0 0 0 0
107.377 2 ATTITUDE -1.623011 2.925327 0.709569
107.419 2 INS -491 -5388 -513866336 -1274018 482344 -507214336 7304 20183 20021
107.419 2 GPS_SOL 42 10 103 22
107.435 2 GPS_INT 0 0 0 404515613 -37287529 706535 656299 0 0 0 42 10 292896000 103 22 3 1
107.436 2 ATTITUDE -1.628518 2.916721 0.689492
107.450 2 INS -491 -5388 -513878688 -1274018 482344 -506968960 11118 39445 13257
107.482 2 ATTITUDE -1.633599 2.910255 0.67576
107.483 2 ROTORCRAFT_NAV_STATUS 34 34 0. 0. 5 0 2
107.512 2 IMU_MAG_RAW 255 0 0 0
107.513 2 INS -645 -5327 -513891008 -1179646 524287 -506803232 769 19409 6830
107.513 2 GPS 3 43820553 447813235 1591 656271 246 -2 2395 292896250 30 0
107.528 2 ATTITUDE -1.618116 2.920249 0.655652
107.560 2 INS -645 -5327 -513903328 -1179646 524287 -506593792 1321 18064 5937
107.625 2 ROTORCRAFT_FP -5327 -645 513905792 524287 -1179646 506528544 -6589 2630 12011 0 0 0 0 3697 0
107.626 2 GPS_INT 0 0 0 404515560 -37287501 706507 656271 0 0 0 41 10 292896250 103 22 3 1
107.626 2 ATTITUDE -1.605965 2.927405 0.644722
107.626 2 INS -645 -5327 -513915648 -1179646 524287 -506306304 2815 20969 12668
107.627 2 STATIC_CONTROL 0 0. 0 0. 0. 0. 0. 0. 0. 0. 0. 0. 0.
107.627 2 ATTITUDE -1.615834 2.914887 0.627318
107.658 2 INS -645 -5327 -513928000 -1179646 524287 -506053568 1558 24718 13433
107.673 2 ATTITUDE -1.616582 2.914783 0.604539
107.738 2 GVF_PARAMETRIC 5 1 0.145152 6.,-10.898438,12.269531,15.839844,-9.296875,0.007812,32.308594,24.65625,0.,0.,0.,0.,0.,0.,0.,0. -0.092402,0.09326
107.740 2 INS -645 -5327 -513940320 -1179646 524287 -505810688 -155 23437 12996
107.740 2 GPS_INT 0 0 0 404515560 -37287501 706507 656271 0 0 0 41 10 292896250 103 22 3 1
107.741 2 ATTITUDE -1.618526 2.904609 0.592524
107.767 2 INS -783 -5258 -513952672 -1121975 634387 -505530752 5586 12767 13644
107.768 2 GPS 3 43820579 447813181 1548 656226 246 0 2395 292896500 30 0
107.783 2 ATTITUDE -1.644169 2.886315 0.570609
107.799 2 INS -783 -5258 -513964960 -1132461 634387 -505331328 6164 15759 9662
107.815 2 ROVER_CTRL 2.5 -0.145161 3706.728516 -3.204232 1400. 600. 1000. 1008.565613 -203.225281 100.517273 2.645161 0.
107.842 2 ROTORCRAFT_FP -5258 -783 513967424 634387 -1132461 505303616 -6674 2267 11808 0 0 0 0 3706 0
107.843 2 ATTITUDE -1.639091 2.882009 0.539724
107.869 2 INS -783 -5258 -513977280 -1132461 634387 -505084832 7878 30524 13746
107.870 2 SERIAL_COM 958 15759 6164 9662 0 0 0 14 349 80 76 0 0 0 0 0
107.896 2 GPS_INT 0 0 0 404515511 -37287469 706462 656226 0 0 0 41 10 292896500 103 22 3 1
107.896 2 ALIVE 122,195,7,233,5,247,195,75,60,187,26,129,128,90,246,93
107.897 2 ATTITUDE -1.644582 2.871045 0.518397
107.916 2 INS -783 -5258 -513989600 -1132461 634387 -504890208 9761 14177 8418
107.927 2 ATTITUDE -1.640941 2.863573 0.49367
107.959 2 INS -783 -5258 -514001920 -1132461 634387 -504704160 6916 25341 5443
107.975 2 ATTITUDE -1.63005 2.855622 0.464649
108.001 2 LINK_REPORT 2 -1 108 0 325919 7412 0 2953. 67. 24 220.61
108.033 2 INS -908 -5168 -514014240 -964689 749731 -504446912 2422 8179 6276
108.034 2 GPS 3 43820614 447813132 1487 656173 235 -1 2395 292896750 30 0
108.036 2 GPS_INT 0 0 0 404515467 -37287428 706409 656173 0 0 0 41 10 292896750 103 22 3 1
108.036 2 ATTITUDE -1.638454 2.839958 0.435654
108.049 2 INS -908 -5168 -514026560 -975174 749731 -504250624 9646 19972 8288
108.095 2 ROTORCRAFT_FP -5168 -908 514029024 749731 -975174 504218304 -6733 1726 11613 0 0 0 0 3897 0
108.096 2 ATTITUDE -1.637331 2.833325 0.412918
108.096 2 WP_MOVED_ENU 16 50798 51645 2557
108.096 2 WP_MOVED_ENU 16 50798 51645 2557
108.137 2 GVF_PARAMETRIC 5 1 0.148755 0.,0.2,0.2,0.841242,0.841242,0.05,32.308594,24.65625,0.,0.,0.,0.,0.,0.,0.,0. -0.097752,0.06094
108.138 2 INS -908 -5168 -514038880 -975174 749731 -504013184 1643 11707 3919
108.138 2 ATTITUDE -1.635262 2.82386 0.390259
108.153 2 INS -908 -5168 -514051200 -975174 749731 -503785280 5796 14611 12276
108.180 2 GPS_INT 0 0 0 404515467 -37287428 706409 656173 0 0 0 41 10 292896750 103 22 3 1
108.181 2 ATTITUDE -1.633228 2.828339 0.366296
108.212 2 INS -908 -5168 -514063520 -975174 749731 -503529344 1749 12418 7370
108.228 2 ATTITUDE -1.644687 2.817238 0.342653
108.260 2 INS -908 -5168 -514075840 -975174 749731 -503351232 17623 18446 16132
108.260 2 GPS 3 43820614 447813132 1487 656173 235 -2 2395 292896750 30 0
108.276 2 ATTITUDE -1.637408 2.807741 0.313589
108.292 2 IMU_MAG_RAW 255 0 0 0
108.382 2 INS -1018 -5063 -514088160 -912260 886045 -503140064 7049 15866 9490
108.383 2 ROVER_CTRL 2.5 -0.050141 3818.638184 -2.838472 1400. 600. 1000. 978.384949 -70.197205 110.149384 2.550141 0.
108.383 2 ROTORCRAFT_FP -5063 -1018 514090624 886045 -912260 503089216 -6653 1216 11483 0 0 0 0 3818 0
108.384 2 GPS_INT 0 0 0 404515428 -37287380 706370 656134 0 0 0 41 10 292897000 105 22 3 1
108.384 2 ATTITUDE -1.625109 2.798575 0.289282
108.384 2 INS -1018 -5063 -514100480 -912260 886045 -502902656 -2726 18422 8265
108.385 2 SERIAL_COM 959 12874 10228 -1248 0 0 0 14 350 80 76 0 0 0 0 0
108.385 2 ATTITUDE -1.627224 2.784705 0.261831
108.398 2 INS -1018 -5063 -514112800 -912260 886045 -502624736 6443 23979 6437
108.430 2 ATTITUDE -1.639807 2.765353 0.236119
108.462 2 INS -1018 -5063 -514125088 -912260 886045 -502495552 19927 27175 3905
108.478 2 GPS_INT 0 0 0 404515428 -37287380 706370 656134 0 0 0 41 10 292897000 105 22 3 1
108.478 2 ATTITUDE -1.618859 2.759042 0.21558
108.531 2 GVF_PARAMETRIC 5 1 0.151707 -6.,-34.859375,-45.699219,-22.828125,-21.648438,-0.449219,0.71875,17.71875,0.,0.,0.,0.,0.,0.,0.,0. -0.126784,0.068423
108.532 2 INS -1113 -4948 -514137376 -781188 964689 -502257120 11663 19844 13575
108.532 2 GPS 3 43820699 447813051 1356 656095 237 -7 2395 292897250 30 0
108.533 2 ATTITUDE -1.621553 2.753719 0.1924
108.547 2 INS -1113 -4948 -514149664 -786431 964689 -502003968 11382 15139 11151
108.579 2 ROTORCRAFT_FP -4948 -1113 514152096 964689 -786431 501983040 -6668 732 11200 0 0 0 0 3875 0
108.579 2 ATTITUDE -1.634989 2.722402 0.174197
108.660 2 INS -1113 -4948 -514161952 -786431 964689 -501830816 2098 14123 9213
108.660 2 STATIC_CONTROL 0 0. 0 0. 0. 0. 0. 0. 0. 0. 0. 0. 0.
108.661 2 GPS_INT 0 0 0 404515395 -37287327 706331 656095 0 0 0 41 10 292897250 105 22 3 1
108.662 2 AUTOPILOT_VERSION 60200 v6.2_unstable-650-g74eaf7c20-dirty
108.662 2 ATTITUDE -1.626887 2.7109 0.155293
108.662 2 INS -1113 -4948 -514174240 -786431 964689 -501590400 -1011 8279 6778
108.662 2 ROVER_STATUS 0 52 3 2 1 959 7.488625
108.676 2 ATTITUDE -1.621744 2.703637 0.132964
108.708 2 INS -1113 -4948 -514186464 -786431 964689 -501324960 3360 16687 8761
108.740 2 INS_REF 485057916 -31609623 411673221 404515786 -37285049 712727 662491 0.
108.740 2 ATTITUDE -1.620855 2.698795 0.113776
108.766 2 INS -1200 -4820 -514198720 -676330 1048575 -501044768 13596 15712 13896
108.766 2 GPS 3 43820748 447813017 1289 656084 239 7 2395 292897500 30 0
108.782 2 GPS_INT 0 0 0 404515365 -37287268 706320 656084 0 0 0 41 10 292897500 105 22 3 1
108.782 2 ATTITUDE -1.630457 2.685295 0.093612
108.798 2 INS -1200 -4820 -514210944 -676330 1053817 -500845600 14849 16936 6392
108.840 2 ROVER_CTRL 2.5 0.01388 3947.45752 -2.879391 1400. 600. 1000. 972.89856 19.431686 155.210495 2.48612 0.
108.840 2 ROTORCRAFT_FP -4820 -1200 514213376 1053817 -676330 500844096 -6708 336 10935 0 0 0 0 3947 0
108.841 2 ATTITUDE -1.629541 2.665197 0.074569
108.867 2 INS -1200 -4820 -514223104 -676330 1053817 -500649984 11113 17472 6213
108.867 2 SERIAL_COM 959 19613 4044 6498 0 0 0 14 350 80 76 0 0 0 0 0
108.867 2 ATTITUDE -1.638369 2.654213 0.055875
108.945 2 GVF_PARAMETRIC 5 1 0.155425 6.,-10.898438,12.269531,15.839844,-9.296875,0.007812,32.308594,24.65625,0.,0.,0.,0.,0.,0.,0.,0. -0.122469,0.039154
108.946 2 INS -1200 -4820 -514235296 -676330 1053817 -500430848 14931 -627 9554
108.946 2 GPS_INT 0 0 0 404515365 -37287268 706320 656084 0 0 0 41 10 292897500 105 22 3 1
108.946 2 DL_VALUE 93 129.
108.947 2 ATTITUDE -1.630161 2.635067 0.039157
108.961 2 INS -1200 -4820 -514247488 -676330 1053817 -500156160 2323 24935 8507
108.976 2 ATTITUDE -1.639518 2.624477 0.013458
109.002 2 LINK_REPORT 2 -1 109 0 329102 7482 0 3183. 70. 24 220.61
109.008 2 INS -1267 -4692 -514259648 -550501 1069546 -499964352 5561 12839 8928
109.009 2 GPS 3 43820798 447812989 1232 656078 230 0 2395 292897750 30 0
109.024 2 ATTITUDE -1.626572 2.610507 -0.012924
109.113 2 INS -1267 -4692 -514271808 -550501 1074789 -499685792 8956 18248 8930
109.113 2 ROTORCRAFT_FP -4692 -1267 514274240 1074789 -550501 499647104 -6670 -94 10669 0 0 0 0 4003 0
109.114 2 GPS_INT 0 0 0 404515340 -37287209 706314 656078 0 0 0 41 10 292897750 103 22 3 1
109.114 2 ATTITUDE -1.634712 2.595343 -0.031088
109.114 2 ROTORCRAFT_NAV_STATUS 36 36 0. 0. 5 0 2
109.114 2 IMU_MAG_RAW 255 0 0 0
109.115 2 INS -1267 -4692 -514283968 -550501 1074789 -499464992 1851 9364 8495
109.128 2 ATTITUDE -1.643399 2.585601 -0.054108
109.145 2 INS -1267 -4692 -514296128 -550501 1074789 -499255840 8943 8243 -1625
109.176 2 ATTITUDE -1.633967 2.567037 -0.071177
109.208 2 INS -1267 -4692 -514308320 -550501 1074789 -498985728 18663 18244 9614
109.225 2 GPS_INT 0 0 0 404515340 -37287209 706314 656078 0 0 0 41 10 292897750 103 22 3 1
109.225 2 ATTITUDE -1.647639 2.562807 -0.094733
109.267 2 INS -1267 -4692 -514320480 -550501 1074789 -498815808 17304 10533 2922
109.267 2 GPS 3 43820798 447812989 1232 656078 231 0 2395 292897750 30 0
109.268 2 ATTITUDE -1.652188 2.535748 -0.117115
109.376 2 GVF_PARAMETRIC 5 1 0.157973 0.,0.2,0.2,0.841242,0.841242,0.05,32.308594,24.65625,0.,0.,0.,0.,0.,0.,0.,0. -0.148091,0.032706
109.377 2 INS -1326 -4556 -514332640 -445644 1158675 -498581504 26367 16344 8302
109.377 2 ROVER_CTRL 2.5 0.089594 4029.434082 -2.920952 1400. 600. 1000. 989.288818 125.431442 115.251541 2.410406 0.
109.377 2 ROTORCRAFT_FP -4556 -1326 514335072 1158675 -445644 498560928 -6740 -507 10342 0 0 0 0 4029 0
109.378 2 ATTITUDE -1.635696 2.518393 -0.134694
109.378 2 INS -1326 -4556 -514344800 -445644 1158675 -498368192 21818 30716 14706
109.378 2 SERIAL_COM 960 12443 14915 6315 0 0 0 14 351 80 76 0 0 0 0 0
109.378 2 GPS_INT 0 0 0 404515320 -37287146 706341 656105 0 0 0 41 11 292898000 105 22 3 1
109.379 2 ATTITUDE -1.64065 2.503062 -0.157195
109.391 2 WP_MOVED_ENU 17 51645 -50798 2557
109.391 2 WP_MOVED_ENU 17 51645 -50798 2557
109.407 2 INS -1326 -4556 -514356960 -445644 1158675 -498128448 5905 11824 9282
109.408 2 GPS_SOL 41 11 105 22
109.423 2 ATTITUDE -1.648688 2.467767 -0.182002
109.455 2 INS -1326 -4556 -514369120 -445644 1158675 -497910816 5840 28280 14217
109.471 2 ATTITUDE -1.646445 2.45779 -0.204411
109.513 2 INS -1369 -4405 -514381280 -356515 1321204 -497660640 14814 13790 12099
109.514 2 GPS 3 43820910 447812949 1096 656101 263 -8 2395 292898250 30 0
109.529 2 GPS_INT 0 0 0 404515305 -37287077 706337 656101 0 0 0 41 13 292898250 105 22 3 1
109.530 2 ATTITUDE -1.661829 2.444843 -0.226244
109.545 2 INS -1369 -4405 -514393440 -356515 1326447 -497458144 17056 10100 10709
109.575 2 ROTORCRAFT_FP -4405 -1369 514395872 1326447 -356515 497382144 -6724 -956 9921 0 0 0 0 3872 0
109.576 2 STATE_FILTER_STATUS 6 3 0
109.576 2 ATTITUDE -1.651038 2.40402 -0.244823
109.621 2 INS -1369 -4405 -514405600 -356515 1326447 -497186784 3205 12247 2313
109.622 2 STATIC_CONTROL 0 0. 0 0. 0. 0. 0. 0. 0. 0. 0. 0. 0.
109.622 2 ATTITUDE -1.650265 2.386444 -0.262036
109.653 2 INS -1369 -4405 -514417728 -356515 1326447 -497004704 15367 3448 10766
109.680 2 GPS_INT 0 0 0 404515305 -37287077 706337 656101 0 0 0 41 13 292898250 105 22 3 1
109.680 2 ATTITUDE -1.633867 2.371238 -0.286958
109.722 2 GVF_PARAMETRIC 5 1 0.161305 -6.,-34.859375,-45.699219,-22.828125,-21.648438,-0.449219,0.71875,17.71875,0.,0.,0.,0.,0.,0.,0.,0. -0.132486,0.003506
109.723 2 INS -1369 -4405 -514429888 -356515 1326447 -496709856 8411 7887 7738
109.723 2 ATTITUDE -1.642129 2.343591 -0.305386
109.767 2 DATALINK_REPORT 4 202 1389 3061 0 12
109.767 2 INS -1408 -4244 -514442048 -262143 1326447 -496484672 16593 19042 14248
109.768 2 GPS 3 43820972 447812933 1053 656120 260 8 2395 292898500 30 0
109.768 2 ATTITUDE -1.657973 2.325974 -0.33047
109.814 2 INS -1408 -4244 -514454208 -262143 1326447 -496316064 7099 8815 1698
109.814 2 ROVER_CTRL 2.5 0.086954 3888.54541 -3.223705 1400. 600. 1000. 1018.877686 121.735428 -51.546097 2.413046 0.
109.878 2 GPS_INT 0 0 0 404515291 -37287003 706356 656120 0 0 0 41 14 292898500 107 21 3 1
109.879 2 ATTITUDE -1.635878 2.323187 -0.355882
109.879 2 INS -1408 -4244 -514466368 -262143 1326447 -496089568 20829 11304 1674
109.879 2 SERIAL_COM 960 7620 3879 10548 0 0 0 14 351 80 76 0 0 0 0 0
109.880 2 ATTITUDE -1.652041 2.293515 -0.370787
109.880 2 IMU_MAG_RAW 255 0 0 0
109.894 2 INS -1408 -4244 -514478528 -262143 1326447 -495862720 6968 10205 3255
109.958 2 INS -1408 -4244 -514490656 -262143 1326447 -495665568 3811 20888 3035
109.974 2 GPS_INT 0 0 0 404515291 -37287003 706356 656120 0 0 0 41 14 292898500 107 21 3 1
109.975 2 ATTITUDE -1.648198 2.270198 -0.424731
110.002 2 LINK_REPORT 2 -1 110 0 332076 7550 0 2974. 68. 24 220.61
110.006 2 INS -1433 -4083 -514502816 -115343 1342176 -495453984 19920 13802 9768
110.007 2 GPS 3 43821036 447812924 999 656093 258 -5 2395 292898750 30 0
110.022 2 ATTITUDE -1.65254 2.244623 -0.452308
110.054 2 INS -1433 -4083 -514514976 -110100 1342176 -495195232 16139 4362 4399
110.080 2 ROTORCRAFT_FP -4083 -1433 514517408 1342176 -110100 495153152 -6792 -1903 9146 0 0 0 0 3816 0
110.081 2 ATTITUDE -1.652523 2.222078 -0.478888
110.132 2 GVF_PARAMETRIC 5 1 0.164405 6.,-10.898438,12.269531,15.839844,-9.296875,0.007812,32.308594,24.65625,0.,0.,0.,0.,0.,0.,0.,0. -0.100226,-0.023455
110.132 2 INS -1433 -4083 -514527104 -110100 1342176 -494923840 14246 19879 12010
110.133 2 GPS_INT 0 0 0 404515283 -37286928 706328 656093 0 0 0 41 15 292898750 107 21 3 1
110.133 2 ATTITUDE -1.667024 2.214634 -0.504996
110.160 2 INS -1433 -4083 -514539200 -110100 1342176 -494774016 14498 22225 11550
110.160 2 ROVER_STATUS 0 58 3 2 1 961 7.435639
110.176 2 ATTITUDE -1.652684 2.202476 -0.539269
110.192 2 INS -1433 -4083 -514551264 -110100 1342176 -494523488 27114 16258 19413
110.224 2 ATTITUDE -1.665414 2.193092 -0.565597
110.256 2 INS -1433 -4083 -514563328 -110100 1342176 -494352384 14328 10362 3875
110.256 2 GPS 3 43821036 447812924 999 656093 258 -6 2395 292898750 30 0
110.285 2 GPS_INT 0 0 0 404515283 -37286928 706328 656093 0 0 0 41 15 292898750 107 21 3 1
110.286 2 ATTITUDE -1.650827 2.162283 -0.58116
110.339 2 INS -1436 -3919 -514575360 62914 1331690 -494104160 27473 10850 10675
110.339 2 ROVER_CTRL 2.5 0.043778 3836.044922 -2.15618 1400. 600. 1000. 1038.866699 61.289452 -63.848495 2.456222 0.
110.340 2 ROTORCRAFT_FP -3919 -1436 514577760 1336933 68157 494013504 -6746 -2428 8804 0 0 0 0 3836 0
110.340 2 ATTITUDE -1.651034 2.137254 -0.603158
110.355 2 INS -1436 -3919 -514587360 68157 1336933 -493790304 14132 14567 15310
110.355 2 SERIAL_COM 961 16258 27114 19413 0 0 0 14 352 80 76 0 0 0 0 0
110.371 2 ATTITUDE -1.665193 2.124087 -0.623046
110.403 2 INS -1436 -3919 -514599392 68157 1336933 -493602560 7581 2549 6971
110.419 2 GPS_INT 0 0 0 404515282 -37286852 706350 656114 0 0 0 41 14 292899000 107 22 3 1
110.419 2 ATTITUDE -1.6639 2.109195 -0.636897
110.451 2 INS -1436 -3919 -514611392 68157 1336933 -493419008 24903 4545 393
110.467 2 ATTITUDE -1.654596 2.091254 -0.652016
110.531 2 GVF_PARAMETRIC 5 1 0.166608 0.,0.2,0.2,0.841242,0.841242,0.05,32.308594,24.65625,0.,0.,0.,0.,0.,0.,0.,0. -0.118515,-0.034493
110.532 2 PONG 
110.532 2 INS -1413 -3758 -514623392 178257 1253047 -493111968 6272 3640 5753
110.533 2 GPS 3 43821163 447812929 873 656186 243 15 2395 292899250 30 0
110.538 2 DL_VALUE 94 0.
110.538 2 ATTITUDE -1.660109 2.077568 -0.66681
110.547 2 INS -1413 -3758 -514635392 188743 1258290 -492850464 17239 14467 15816
110.624 2 ROTORCRAFT_FP -3758 -1413 514637792 1258290 188743 492784160 -6810 -2783 8419 0 0 0 0 3860 0
110.625 2 GPS_INT 0 0 0 404515289 -37286778 706422 656186 0 0 0 41 13 292899250 107 21 3 1
110.625 2 ALIVE 122,195,7,233,5,247,195,75,60,187,26,129,128,90,246,93
110.625 2 ATTITUDE -1.670355 2.044479 -0.684142
110.626 2 INS -1413 -3758 -514647392 188743 1258290 -492574752 3194 15742 7663
110.626 2 STATIC_CONTROL 0 0. 0 0. 0. 0. 0. 0. 0. 0. 0. 0. 0.
110.626 2 ATTITUDE -1.656796 2.039255 -0.699603
110.700 2 ROTORCRAFT_NAV_STATUS 37 37 0. 0. 5 0 2
110.700 2 WP_MOVED_ENU 18 -50798 -51645 2557
110.700 2 WP_MOVED_ENU 18 -50798 -51645 2557
110.700 2 IMU_MAG_RAW 255 0 0 0
110.737 2 INS -1413 -3758 -514671392 188743 1258290 -492113984 8515 7970 6384
110.737 2 GPS_INT 0 0 0 404515289 -37286778 706422 656186 0 0 0 41 13 292899250 107 21 3 1
110.737 2 ATTITUDE -1.665752 2.002171 -0.740652
110.753 2 INS -1379 -3601 -514683392 288358 1284504 -491851744 20308 11706 11226
110.753 2 ENERGY 39 7.462132 1.475 11.006644 7.780292 0.295864 2.218731
110.769 2 GPS 3 43821224 447812942 821 656201 252 3 2395 292899500 30 0
110.786 2 ATTITUDE -1.668303 1.99626 -0.755697
110.836 2 INS -1379 -3601 -514695392 288358 1284504 -491579520 21339 14324 16866
110.836 2 ROVER_CTRL 2.5 0.021778 3817.174072 -0.884368 1400. 600. 1000. 1048.13623 30.489683 -61.321259 2.478222 0.
110.836 2 ROTORCRAFT_FP -3601 -1379 514697792 1284504 288358 491548256 -6833 -3129 8118 0 0 0 0 3817 0
110.837 2 ATTITUDE -1.664567 1.973064 -0.76088
110.879 2 INS -1379 -3601 -514707392 288358 1284504 -491266112 35610 11234 27616
110.879 2 SERIAL_COM 961 1969 18942 8711 0 0 0 14 352 80 76 0 0 0 0 0
110.880 2 GPS_INT 0 0 0 404515301 -37286706 706437 656201 0 0 0 41 14 292899500 107 21 3 1
110.880 2 ATTITUDE -1.66434 1.960054 -0.775824
110.918 2 GVF_PARAMETRIC 5 1 0.169475 -6.,-34.859375,-45.699219,-22.828125,-21.648438,-0.449219,0.71875,17.71875,0.,0.,0.,0.,0.,0.,0.,0. -0.087405,-0.03173
110.919 2 INS -1379 -3601 -514719392 288358 1284504 -491020448 29200 8887 11524
110.919 2 ATTITUDE -1.662959 1.941344 -0.784613
110.950 2 INS -1379 -3601 -514731392 288358 1284504 -490783040 22398 -2127 27
110.966 2 ATTITUDE -1.654085 1.925297 -0.797881
111.003 2 LINK_REPORT 2 -1 111 0 335127 7619 0 3051. 69. 25 78.4
111.007 2 INS -1336 -3445 -514743392 356515 1142946 -490509600 15396 4484 11837
111.008 2 GPS 3 43821285 447812959 779 656232 230 18 2395 292899750 30 0
111.034 2 GPS_INT 0 0 0 404515317 -37286635 706468 656232 0 0 0 41 16 292899750 105 21 3 1
111.034 2 ATTITUDE -1.65973 1.90936 -0.806139
111.050 2 INS -1336 -3445 -514755392 361758 1148189 -490253120 17598 9152 9945
111.076 2 ROTORCRAFT_FP -3445 -1336 514757792 1148189 361758 490200576 -6776 -3328 7778 0 0 0 0 3869 0
111.076 2 ATTITUDE -1.65405 1.888113 -0.81103
111.107 2 INS -1336 -3445 -514767392 361758 1148189 -489938880 16806 8441 13110
111.123 2 ATTITUDE -1.66185 1.887837 -0.819735
111.139 2 INS -1336 -3445 -514779392 361758 1148189 -489726272 21775 6534 12178
111.171 2 GPS_INT 0 0 0 404515317 -37286635 706468 656232 0 0 0 41 16 292899750 105 21 3 1
111.171 2 ATTITUDE -1.654426 1.865452 -0.826215
111.202 2 INS -1336 -3445 -514791392 361758 1148189 -489419936 18670 4086 12006
111.219 2 ATTITUDE -1.655236 1.839242 -0.832938
111.251 2 INS -1336 -3445 -514803360 361758 1148189 -489129536 25755 8150 5924
111.268 2 GPS 3 43821285 447812959 779 656232 231 19 2395 292899750 30 0
111.269 2 ATTITUDE -1.658941 1.837005 -0.833216
111.316 2 INS -1285 -3299 -514815360 424672 1200618 -488885728 15234 -3713 4465
111.377 2 ROTORCRAFT_FP -3299 -1285 514817760 1200618 424672 488853120 -6805 -3415 7532 0 0 0 0 3836 0
111.378 2 GPS_INT 0 0 0 404515335 -37286567 706469 656234 0 0 0 41 16 292900000 109 20 3 1
111.378 2 ATTITUDE -1.66104 1.821922 -0.836999
111.378 2 INS -1285 -3299 -514827328 424672 1200618 -488582496 18835 2837 3373
111.379 2 SERIAL_COM 962 10303 16682 18229 0 0 0 14 353 80 76 0 0 0 0 0
111.379 2 ATTITUDE -1.677758 1.808575 -0.840797
111.406 2 INS -1285 -3299 -514839264 424672 1200618 -488288768 11843 7615 15018
111.406 2 GPS_SOL 41 16 109 20
111.422 2 ATTITUDE -1.68447 1.794084 -0.850194
111.438 2 INS -1285 -3299 -514851168 424672 1200618 -488065728 12834 11189 21164
111.471 2 GPS_INT 0 0 0 404515335 -37286567 706469 656234 0 0 0 41 16 292900000 109 20 3 1
111.472 2 ATTITUDE -1.652288 1.775656 -0.856908
111.472 2 IMU_MAG_RAW 255 0 0 0
111.504 2 INS -1226 -3153 -514863040 424672 1153432 -487749792 18513 1249 8624
111.520 2 ATTITUDE -1.665034 1.767769 -0.864008
111.575 2 INS -1226 -3153 -514874912 424672 1158675 -487436000 20450 2739 16868
111.576 2 ROTORCRAFT_FP -3153 -1226 514877280 1158675 424672 487313344 -6888 -3531 7247 0 0 0 0 4006 0
111.577 2 ATTITUDE -1.693646 1.776842 -0.865237
111.589 2 INS -1226 -3153 -514886752 424672 1158675 -487188480 22245 165 3533
111.650 2 STATIC_CONTROL 0 0. 0 0. 0. 0. 0. 0. 0. 0. 0. 0. 0.
111.650 2 GPS_INT 0 0 0 404515356 -37286500 706451 656215 0 0 0 41 16 292900250 106 22 3 1
111.651 2 ATTITUDE -1.673036 1.75287 -0.865129
111.651 2 INS -1226 -3153 -514898624 424672 1158675 -486853856 10771 -4703 5345
111.651 2 ROVER_STATUS 0 44 3 2 1 962 7.488625
111.664 2 ATTITUDE -1.666888 1.71865 -0.863344
111.725 2 GVF_PARAMETRIC 5 1 0.174456 0.,0.2,0.2,0.841242,0.841242,0.05,32.308594,24.65625,0.,0.,0.,0.,0.,0.,0.,0. -0.100951,-0.037336
111.727 2 INS -1226 -3153 -514910464 424672 1158675 -486540256 13455 7690 15277
111.727 2 ATTITUDE -1.668887 1.699478 -0.867834
111.779 2 INS -1226 -3153 -514922304 424672 1158675 -486159136 19869 8934 16054
111.779 2 GPS 3 43821457 447813022 706 656191 233 -3 2395 292900500 30 0
111.780 2 GPS_INT 0 0 0 404515375 -37286433 706427 656191 0 0 0 41 16 292900500 109 22 3 1
111.780 2 ATTITUDE -1.681911 1.685331 -0.85768
111.833 2 INS -1169 -3008 -514934176 419430 1142946 -485937280 16872 2721 18703
111.833 2 ROVER_CTRL 2.5 0.047552 4052.938965 -0.561264 1400. 600. 1000. 1058.263672 66.572281 128.388412 2.452448 0.
111.834 2 ROTORCRAFT_FP -3008 -1169 514936544 1142946 419430 485862080 -6892 -3531 6881 0 0 0 0 4052 0
111.834 2 ATTITUDE -1.681307 1.683683 -0.858261
111.864 2 INS -1169 -3008 -514946016 419430 1142946 -485698112 23227 -3046 9302
111.864 2 SERIAL_COM 962 2290 15748 11318 0 0 0 14 353 80 76 0 0 0 0 0
111.865 2 ATTITUDE -1.667461 1.674911 -0.870394
111.896 2 INS -1169 -3008 -514957856 419430 1142946 -485358432 22094 1420 13381
111.922 2 GPS_INT 0 0 0 404515375 -37286433 706427 656191 0 0 0 41 16 292900500 109 22 3 1
111.923 2 ATTITUDE -1.672168 1.655909 -0.886901
111.938 2 INS -1169 -3008 -514969696 419430 1142946 -485109440 26178 5069 7882
111.970 2 ATTITUDE -1.653874 1.623905 -0.895846
111.970 2 WP_MOVED_ENU 19 -51645 50798 2557
111.986 2 WP_MOVED_ENU 19 -51645 50798 2557
112.002 2 INS -1113 -2869 -514981536 435158 1090518 -484806304 13816 -1886 7770
112.003 2 GPS 3 43821511 447813044 693 656194 225 0 2395 292900750 30 0
112.003 2 LINK_REPORT 2 -1 112 0 338021 7685 0 2894. 66. 25 78.4
112.018 2 ATTITUDE -1.658025 1.626094 -0.899813
112.050 2 INS -1113 -2869 -514993376 440401 1090518 -484504064 15509 2340 5343
112.123 2 ROTORCRAFT_FP -2869 -1113 514995744 1090518 440401 484481152 -6883 -3656 6722 0 0 0 0 4144 0
112.124 2 GPS_INT 0 0 0 404515395 -37286369 706430 656194 0 0 0 42 15 292900750 109 22 3 1
112.124 2 ATTITUDE -1.6895 1.642241 -0.889786
112.125 2 GVF_PARAMETRIC 5 1 0.180903 -6.,-34.859375,-45.699219,-22.828125,-21.648438,-0.449219,0.71875,17.71875,0.,0.,0.,0.,0.,0.,0.,0. -0.227358,-0.06316
112.125 2 INS -1113 -2869 -515005216 440401 1090518 -484293728 23523 -6632 5741
112.125 2 DL_VALUE 95 34.
112.125 2 ATTITUDE -1.686138 1.634662 -0.875301
112.139 2 INS -1113 -2869 -515017056 440401 1090518 -484032192 11681 4805 3773
112.171 2 ATTITUDE -1.668923 1.604481 -0.86529
112.187 2 INS -1113 -2869 -515028896 440401 1090518 -483734304 21307 -4760 10387
112.229 2 GPS_INT 0 0 0 404515395 -37286369 706430 656194 0 0 0 42 15 292900750 109 22 3 1
112.230 2 ATTITUDE -1.661769 1.578823 -0.859298
112.255 2 INS -1113 -2869 -515040736 440401 1090518 -483377856 25184 6727 11455
112.255 2 GPS 3 43821511 447813044 693 656194 226 0 2395 292900750 30 0
112.271 2 ATTITUDE -1.682424 1.581386 -0.859154
112.271 2 ROTORCRAFT_NAV_STATUS 39 39 0. 0. 5 0 2
112.287 2 IMU_MAG_RAW 255 0 0 0
112.335 2 INS -1057 -2726 -515052544 424672 1132461 -483107456 32358 -4947 19188
112.335 2 ROVER_CTRL 2.5 0.121398 4176.246582 0.333769 1400. 600. 1000. 1083.802734 169.957489 123.214722 2.378602 0.
112.336 2 ROTORCRAFT_FP -2726 -1057 515054912 1132461 435158 483014464 -6876 -3502 6454 0 0 0 0 4176 0
112.336 2 ATTITUDE -1.686079 1.584512 -0.856259
112.351 2 INS -1057 -2726 -515064384 435158 1132461 -482816640 11883 -4303 1127
112.351 2 SERIAL_COM 963 -9958 21299 8658 0 0 0 14 354 80 76 0 0 0 0 0
112.377 2 GPS_INT 0 0 0 404515415 -37286304 706461 656225 0 0 0 42 15 292901000 109 22 3 1
112.378 2 ATTITUDE -1.694449 1.581104 -0.841116
112.393 2 INS -1057 -2726 -515076192 435158 1132461 -482499840 18252 -6883 2607
112.409 2 ATTITUDE -1.702563 1.562937 -0.832164
112.441 2 INS -1057 -2726 -515088000 435158 1132461 -482249408 17338 -3250 17468
112.457 2 ATTITUDE -1.689351 1.530586 -0.842088
112.514 2 GVF_PARAMETRIC 5 1 0.185575 6.,-10.898438,12.269531,15.839844,-9.296875,0.007812,32.308594,24.65625,0.,0.,0.,0.,0.,0.,0.,0. -0.388426,-0.136498
112.514 2 INS -1006 -2583 -515099776 372244 1195375 -481974912 14534 4004 2666
112.539 2 GPS_INT 0 0 0 404515433 -37286237 706465 656229 0 0 0 42 14 292901250 109 22 3 1
112.540 2 ATTITUDE -1.678054 1.518705 -0.850417
112.540 2 INS -1006 -2583 -515111552 367001 1195375 -481674336 14252 -6963 6676
112.567 2 ROTORCRAFT_FP -2583 -1006 515113920 1195375 367001 481596672 -6928 -3492 6277 0 0 0 0 4126 0
112.567 2 ATTITUDE -1.691463 1.5243 -0.847328
112.599 2 INS -1006 -2583 -515123264 367001 1195375 -481474400 9147 1436 2194
112.615 2 STATIC_CONTROL 0 0. 0 0. 0. 0. 0. 0. 0. 0. 0. 0. 0.
112.615 2 ATTITUDE -1.682498 1.489046 -0.845919
112.671 2 INS -1006 -2583 -515134976 367001 1195375 -481103360 15105 1796 12716
112.671 2 GPS_INT 0 0 0 404515433 -37286237 706465 656229 0 0 0 42 14 292901250 109 22 3 1
112.672 2 ATTITUDE -1.67513 1.483998 -0.846826
112.687 2 INS -1006 -2583 -515146688 367001 1195375 -480826592 46201 -15209 17274
112.719 2 ATTITUDE -1.707476 1.484486 -0.843653
112.735 2 INS -1006 -2583 -515158432 367001 1195375 -480599104 14712 -1821 11059
112.751 2 GPS 3 43821685 447813106 711 656215 255 11 2395 292901500 30 0
112.751 2 STATE_FILTER_STATUS 6 3 0
112.767 2 ATTITUDE -1.698275 1.460025 -0.848265
112.859 2 INS -952 -2426 -515170176 429915 1263532 -480282400 21239 -6069 15767
112.859 2 ROVER_CTRL 2.5 0.147625 4114.831543 -0.359991 1400. 600. 1000. 1126.398804 206.675293 -17.356873 2.352375 0.
112.860 2 ROTORCRAFT_FP -2426 -952 515172512 1263532 429915 480245600 -6959 -3472 5975 0 0 0 0 4114 0
112.860 2 GPS_INT 0 0 0 404515452 -37286165 706451 656215 0 0 0 42 14 292901500 113 21 3 1
112.860 2 ATTITUDE -1.697696 1.455091 -0.849698
112.860 2 INS -952 -2426 -515181856 429915 1263532 -480053696 31495 -3844 18586
112.861 2 SERIAL_COM 963 3805 15802 9672 0 0 0 14 354 80 76 0 0 0 0 0
112.861 2 ATTITUDE -1.688964 1.456163 -0.854036
112.912 2 GVF_PARAMETRIC 5 1 0.18917 0.,0.2,0.2,0.245827,0.245827,0.05,32.308594,24.65625,0.,0.,0.,0.,0.,0.,0.,0. -0.424567,-0.162781
112.912 2 INS -952 -2426 -515193600 429915 1263532 -479732512 11804 7990 11736
112.913 2 ATTITUDE -1.703222 1.452054 -0.858692
112.944 2 INS -952 -2426 -515205280 429915 1263532 -479518496 14275 10108 5088
112.970 2 GPS_INT 0 0 0 404515452 -37286165 706451 656215 0 0 0 42 14 292901500 113 21 3 1
112.970 2 ATTITUDE -1.712217 1.462984 -0.859156
112.986 2 INS -952 -2426 -515216960 429915 1263532 -479235872 12986 -7834 8241
113.001 2 GPS 3 43821747 447813128 707 656172 270 9 2395 292901750 30 0
113.004 2 LINK_REPORT 2 -1 113 0 341036 7751 0 3015. 66. 25 78.4
113.017 2 ATTITUDE -1.719194 1.467861 -0.851584
113.033 2 INS -893 -2265 -515228640 471858 1331690 -478950944 9319 -10761 6669
113.078 2 ROTORCRAFT_FP -2265 -893 515230976 1331690 471858 478887488 -7037 -3483 6049 0 0 0 0 3931 0
113.078 2 ATTITUDE -1.71291 1.463022 -0.856034
113.078 2 IMU_MAG_RAW 255 0 0 0
113.093 2 INS -893 -2265 -515240352 471858 1331690 -478720256 22064 -7001 7256
113.123 2 GPS_INT 0 0 0 404515472 -37286091 706408 656172 0 0 0 42 13 292901750 109 22 3 1
113.123 2 ATTITUDE -1.698638 1.43257 -0.85693
113.152 2 INS -893 -2265 -515252032 471858 1331690 -478379840 30906 -10181 19441
113.152 2 ROVER_STATUS 0 44 3 2 1 964 7.356161
113.166 2 ATTITUDE -1.700765 1.415072 -0.860326
113.215 2 ATTITUDE -1.715274 1.411118 -0.863346
113.249 2 INS -893 -2265 -515275392 471858 1331690 -477848320 24990 821 7016
113.281 2 ALIVE 122,195,7,233,5,247,195,75,60,187,26,129,128,90,246,93
113.282 2 ATTITUDE -1.725877 1.416734 -0.858933
113.296 2 WP_MOVED_ENU 0 0 0 2560
113.297 2 WP_MOVED_ENU 0 0 0 2560
113.369 2 GVF_PARAMETRIC 5 1 0.192411 -6.,-34.859375,-45.699219,-22.828125,-21.648438,-0.449219,0.71875,17.71875,0.,0.,0.,0.,0.,0.,0.,0. -0.500567,-0.203796
113.369 2 INS -829 -2094 -515287072 513801 1363147 -477609824 16178 -12287 2522
113.369 2 ROVER_CTRL 2.5 0.082528 3903.604004 -0.33405 1400. 600. 1000. 1163.345337 115.538696 -174.784668 2.417472 0.
113.370 2 ATTITUDE -1.696909 1.391731 -0.867177
113.370 2 INS -829 -2094 -515298752 513801 1363147 -477252224 39175 -8653 25793
113.370 2 SERIAL_COM 964 -1972 18906 8834 0 0 0 14 355 80 76 0 0 0 0 0
113.370 2 ATTITUDE -1.689894 1.376854 -0.8781
113.384 2 INS -829 -2094 -515310400 513801 1363147 -477016480 23046 -5371 10804
113.400 2 GPS_SOL 42 14 109 22
113.427 2 GPS_INT 0 0 0 404515495 -37286013 706323 656087 0 0 0 42 14 292902000 109 22 3 1
113.427 2 ATTITUDE -1.711103 1.393814 -0.882325
113.442 2 INS -829 -2094 -515322080 513801 1363147 -476745088 19984 -15630 8280
113.458 2 ATTITUDE -1.708845 1.384846 -0.890188
113.500 2 INS -829 -2094 -515333760 513801 1363147 -476440704 24108 -11197 3307
113.501 2 GPS 3 43821878 447813178 695 656025 271 -2 2395 292902250 30 0
113.516 2 ATTITUDE -1.699259 1.358209 -0.89234
113.532 2 INS -762 -1932 -515345408 513801 1321204 -476162048 27314 -10305 17274
113.574 2 ROTORCRAFT_FP -1932 -762 515347744 1321204 513801 476029280 -6916 -3669 5460 0 0 0 0 3850 0
113.575 2 GPS_INT 0 0 0 404515518 -37285938 706261 656025 0 0 0 42 16 292902250 109 22 3 1
113.575 2 ATTITUDE -1.706499 1.349806 -0.898876
113.604 2 INS -762 -1932 -515357088 513801 1321204 -475831392 15659 -5263 11231
113.605 2 STATIC_CONTROL 0 0. 0 0. 0. 0. 0. 0. 0. 0. 0. 0. 0.
113.620 2 ATTITUDE -1.709369 1.351057 -0.897543
113.636 2 INS -762 -1932 -515368768 513801 1321204 -475536192 15457 -17706 4302
113.652 2 ATTITUDE -1.713001 1.352317 -0.901426
113.733 2 GVF_PARAMETRIC 5 1 0.195616 6.,-10.898438,12.269531,15.839844,-9.296875,0.007812,32.308594,24.65625,0.,0.,0.,0.,0.,0.,0.,0. -0.491064,-0.229094
113.734 2 INS -762 -1932 -515380384 513801 1321204 -475211744 10982 -6124 2819
113.735 2 GPS_INT 0 0 0 404515518 -37285938 706261 656025 0 0 0 42 16 292902250 109 22 3 1
113.736 2 DL_VALUE 96 18.
113.736 2 ATTITUDE -1.713767 1.343203 -0.89477
113.736 2 INS -762 -1932 -515391968 513801 1321204 -474938304 15682 -2541 10608
113.748 2 GPS 3 43821941 447813201 705 655965 259 4 2395 292902500 30 0
113.763 2 ATTITUDE -1.709969 1.325076 -0.897128
113.873 2 INS -704 -1771 -515403520 424672 1284504 -474526304 24356 -12509 17546
113.873 2 ROVER_CTRL 2.5 -0.003381 3840.313965 -1.370322 1400. 600. 1000. 1174.155396 -4.734087 -129.127502 2.503381 0.
113.873 2 ROTORCRAFT_FP -1771 -704 515405824 1284504 424672 474433280 -6994 -3702 5391 0 0 0 0 3840 0
113.874 2 INS_REF 485057916 -31609623 411673221 404515786 -37285049 712727 662491 0.
113.874 2 ATTITUDE -1.718884 1.33057 -0.910964
113.874 2 INS -704 -1771 -515415040 424672 1284504 -474209504 23107 -17560 6902
113.874 2 SERIAL_COM 964 -12509 24356 17546 0 0 0 14 355 80 76 0 0 0 0 0
113.875 2 GPS_INT 0 0 0 404515539 -37285863 706201 655965 0 0 0 42 16 292902500 109 22 3 1
113.875 2 ATTITUDE -1.702575 1.328667 -0.912472
113.875 2 ROTORCRAFT_NAV_STATUS 41 41 0. 0. 5 0 2
113.876 2 IMU_MAG_RAW 255 0 0 0
113.888 2 INS -704 -1771 -515426560 424672 1284504 -473887520 12743 -13800 2611
113.920 2 ATTITUDE -1.710404 1.321272 -0.908568
113.936 2 INS -704 -1771 -515438080 424672 1284504 -473539968 19309 -1841 18560
113.952 2 ATTITUDE -1.733243 1.337329 -0.922262
113.999 2 INS -704 -1771 -515449632 424672 1284504 -473348064 20415 -7428 2125
113.999 2 GPS 3 43822004 447813226 684 655891 265 0 2395 292902750 30 0
114.005 2 LINK_REPORT 2 -1 114 0 343882 7818 0 2846. 67. 25 78.4
114.025 2 GPS_INT 0 0 0 404515562 -37285790 706127 655891 0 0 0 42 16 292902750 110 22 3 1
114.025 2 ATTITUDE -1.735589 1.342381 -0.942654
114.065 2 INS -640 -1610 -515461152 550501 1268775 -473085568 7982 -1023 7213
114.065 2 ROTORCRAFT_FP -1610 -640 515463456 1268775 550501 473041568 -7025 -3879 5431 0 0 0 0 3718 0
114.066 2 ATTITUDE -1.709293 1.315905 -0.957001
114.110 2 GVF_PARAMETRIC 5 1 0.198498 0.,0.2,0.2,0.245827,0.245827,0.05,32.308594,24.65625,0.,0.,0.,0.,0.,0.,0.,0. -0.454511,-0.272145
114.111 2 INS -640 -1610 -515472704 550501 1268775 -472718272 9834 -1399 2924
114.111 2 ATTITUDE -1.719518 1.322799 -0.959653
114.141 2 INS -640 -1610 -515484224 550501 1268775 -472378528 22699 -3868 22016
114.157 2 ATTITUDE -1.753706 1.343444 -0.964726
114.189 2 INS -640 -1610 -515495744 550501 1268775 -472132480 8835 1909 6602
114.205 2 ATTITUDE -1.749159 1.340949 -0.974746
114.237 2 INS -640 -1610 -515507264 550501 1268775 -471843488 19368 -11943 15540
114.253 2 GPS 3 43822004 447813226 684 655891 265 0 2395 292902750 30 0
114.253 2 ATTITUDE -1.7412 1.32022 -0.988293
114.285 2 INS -570 -1456 -515518784 529530 1190132 -471556128 8480 3035 5097
114.360 2 ROVER_CTRL 2.5 -0.086926 3750.741455 -1.720127 1400. 600. 1000. 1160.750732 -121.696045 -88.834763 2.586926 0.
114.360 2 ROTORCRAFT_FP -1456 -570 515521088 1190132 529530 471494976 -7159 -4076 5442 0 0 0 0 3750 0
114.361 2 GPS_INT 0 0 0 404515586 -37285719 706036 655800 0 0 0 42 17 292903000 109 22 3 1
114.361 2 ATTITUDE -1.762097 1.342139 -0.995114
114.361 2 INS -570 -1456 -515530304 529530 1190132 -471205664 11612 -2520 9719
114.361 2 SERIAL_COM 965 -4545 22129 12566 0 0 0 14 356 80 76 0 0 0 0 0
114.362 2 ATTITUDE -1.764271 1.341936 -1.002461
114.392 2 INS -570 -1456 -515541824 529530 1190132 -470942784 9882 1311 15525
114.408 2 ATTITUDE -1.756769 1.325762 -1.026854
114.440 2 INS -570 -1456 -515553344 529530 1190132 -470663584 8510 -2849 5870
114.466 2 GPS_INT 0 0 0 404515586 -37285719 706036 655800 0 0 0 42 17 292903000 109 22 3 1
114.467 2 ATTITUDE -1.76002 1.313441 -1.047042
114.521 2 GVF_PARAMETRIC 5 1 0.20123 -6.,-34.859375,-45.699219,-22.828125,-21.648438,-0.449219,0.71875,17.71875,0.,0.,0.,0.,0.,0.,0.,0. -0.460875,-0.357475
114.522 2 INS -570 -1456 -515564832 529530 1190132 -470311168 25207 -192 24119
114.523 2 GPS 3 43822121 447813280 639 655704 250 0 2395 292903250 30 0
114.524 2 ATTITUDE -1.775007 1.346596 -1.05198
114.535 2 INS -496 -1310 -515576320 629145 1148189 -470086592 13304 -8616 12285
114.561 2 ROTORCRAFT_FP -1310 -496 515578624 1148189 629145 470019136 -7231 -4369 5500 0 0 0 0 3741 0
114.561 2 ATTITUDE -1.781665 1.358343 -1.067419
114.562 2 WP_MOVED_ENU 1 0 0 2560
114.577 2 WP_MOVED_ENU 1 0 0 2560
114.619 2 STATIC_CONTROL 0 0. 0 0. 0. 0. 0. 0. 0. 0. 0. 0. 0.
114.619 2 GPS_INT 0 0 0 404515612 -37285652 705940 655704 0 0 0 42 17 292903250 110 21 3 1
114.620 2 ATTITUDE -1.798999 1.356652 -1.08455
114.647 2 INS -496 -1310 -515599296 629145 1148189 -469466304 16227 -2472 16614
114.647 2 ROVER_STATUS 0 42 3 2 1 965 7.470963
114.662 2 ATTITUDE -1.790896 1.340672 -1.100016
114.663 2 IMU_MAG_RAW 255 0 0 0
114.679 2 INS -496 -1310 -515610816 629145 1148189 -469233824 11300 -1964 10214
114.710 2 ATTITUDE -1.773764 1.329869 -1.117861
114.743 2 INS -496 -1310 -515622304 629145 1148189 -468866816 16781 -5326 6670
114.743 2 GPS 3 43822176 447813313 603 655650 245 3 2395 292903500 30 0
114.775 2 ATTITUDE -1.777166 1.334924 -1.131584
114.851 2 INS -412 -1172 -515633760 697302 1074789 -468607488 22396 -14497 7630
114.851 2 ROVER_CTRL 2.5 -0.114273 3820.720703 -1.888582 1400. 600. 1000. 1128.995605 -159.9823 51.021576 2.614273 0.
114.851 2 ROTORCRAFT_FP -1172 -412 515636064 1074789 697302 468545024 -7325 -4650 5482 0 0 0 0 3820 0
114.852 2 ATTITUDE -1.794248 1.331139 -1.142193
114.852 2 DATALINK_REPORT 4 203 1741 3078 0 12
114.852 2 INS -412 -1172 -515645184 697302 1074789 -468364992 8427 2121 3863
114.852 2 SERIAL_COM 965 -1731 14770 4255 0 0 0 14 356 80 76 0 0 0 0 0
114.866 2 ATTITUDE -1.780061 1.326185 -1.149702
114.918 2 GVF_PARAMETRIC 5 1 0.203693 6.,-10.898438,12.269531,15.839844,-9.296875,0.007812,32.308594,24.65625,0.,0.,0.,0.,0.,0.,0.,0. -0.391126,-0.415169
114.919 2 INS -412 -1172 -515656608 697302 1074789 -467993056 8347 -6699 10339
114.919 2 GPS_INT 0 0 0 404515642 -37285587 705886 655650 0 0 0 43 18 292903500 111 20 3 1
114.919 2 ATTITUDE -1.77026 1.305241 -1.164891
114.950 2 INS -412 -1172 -515668000 697302 1074789 -467699584 9019 4964 13928
114.950 2 ATTITUDE -1.763037 1.282795 -1.184614
114.996 2 INS -412 -1172 -515679360 697302 1074789 -467404352 21669 -3295 13674
114.996 2 GPS 3 43822228 447813346 580 655629 233 0 2395 292903750 30 0
115.005 2 LINK_REPORT 2 -1 115 0 346785 7883 0 2903. 65. 25 78.4
115.011 2 ATTITUDE -1.774422 1.295438 -1.196913
115.027 2 INS -325 -1039 -515690752 681573 1006632 -467162080 18073 -4204 11833
115.069 2 ROTORCRAFT_FP -1039 -325 515693024 1006632 681573 467086016 -7246 -4925 5282 0 0 0 0 3970 0
115.070 2 GPS_INT 0 0 0 404515672 -37285527 705865 655629 0 0 0 43 17 292903750 111 21 3 1
115.070 2 ATTITUDE -1.79159 1.312902 -1.211224
115.085 2 INS -325 -1039 -515702112 681573 1006632 -466854400 16982 -7937 5480
115.101 2 ATTITUDE -1.807896 1.318304 -1.226425
115.133 2 INS -325 -1039 -515713472 681573 1006632 -466611936 22428 -12981 5332
115.149 2 ATTITUDE -1.808204 1.312267 -1.231953
115.182 2 INS -325 -1039 -515724832 681573 1006632 -466345792 18345 -9023 15818
115.224 2 GPS_INT 0 0 0 404515672 -37285527 705865 655629 0 0 0 43 17 292903750 111 21 3 1
115.225 2 ATTITUDE -1.818486 1.326951 -1.250674
115.268 2 INS -325 -1039 -515736192 681573 1006632 -465969376 11923 -5832 15539
115.269 2 ENERGY 41 7.435639 1.875 13.941823 7.802595 0.298055 2.234986
115.269 2 GPS 3 43822228 447813346 580 655629 234 0 2395 292903750 30 0
115.270 2 ATTITUDE -1.868193 1.358529 -1.273826
115.373 2 GVF_PARAMETRIC 5 1 0.205743 0.,0.2,0.2,0.245827,0.245827,0.05,32.308594,24.65625,0.,0.,0.,0.,0.,0.,0.,0. -0.362336,-0.497438
115.374 2 INS -230 -919 -515747552 875560 907017 -465780352 17351 -6470 14845
115.374 2 ROVER_CTRL 2.5 -0.046972 4024.511963 -1.81118 1400. 600. 1000. 1102.97522 -65.760513 187.015533 2.546972 0.
115.375 2 ROTORCRAFT_FP -919 -230 515749824 907017 880803 465700128 -7679 -5284 5585 0 0 0 0 4024 0
115.375 2 DL_VALUE 97 17.
115.375 2 ATTITUDE -1.886202 1.360176 -1.296333
115.375 2 INS -230 -919 -515758912 880803 907017 -465572256 11947 -3545 6095
115.375 2 SERIAL_COM 966 -11590 16342 13985 0 0 0 14 357 80 76 0 0 0 0 0
115.376 2 GPS_INT 0 0 0 404515706 -37285471 705821 655585 0 0 0 43 19 292904000 110 20 3 1
115.376 2 ATTITUDE -1.905914 1.379854 -1.317641
115.389 2 INS -230 -919 -515770272 880803 907017 -465217920 15195 -3784 6690
115.389 2 GPS_SOL 43 19 110 20
115.405 2 ATTITUDE -1.920645 1.407253 -1.329146
115.437 2 INS -230 -919 -515781632 880803 907017 -464966144 11208 1255 6131
115.453 2 ATTITUDE -1.945953 1.418921 -1.34408
115.494 2 ROTORCRAFT_NAV_STATUS 42 42 0. 0. 5 0 2
115.494 2 IMU_MAG_RAW 255 0 0 0
115.495 2 INS -230 -919 -515792992 880803 907017 -464650304 9909 196 14886
115.495 2 PONG 
115.495 2 GPS 3 43822275 447813383 505 655585 243 -2 2395 292904000 30 0
115.521 2 GPS_INT 0 0 0 404515706 -37285471 705821 655585 0 0 0 43 19 292904000 110 20 3 1
115.522 2 ATTITUDE -1.995668 1.464301 -1.356044
115.537 2 INS -117 -811 -515804352 917503 817888 -464363776 10928 -4217 3702
115.563 2 ROTORCRAFT_FP -811 -117 515806624 817888 917503 464325568 -8210 -5544 6023 0 0 0 0 4076 0
115.564 2 ATTITUDE -1.998186 1.461515 -1.362216
115.579 2 INS -117 -811 -515815680 917503 817888 -464062368 26930 -9274 5120
115.609 2 STATIC_CONTROL 0 0. 0 0. 0. 0. 0. 0. 0. 0. 0. 0. 0.
115.610 2 ATTITUDE -1.981512 1.430797 -1.378482
115.641 2 INS -117 -811 -515827040 917503 817888 -463801344 16144 -13712 8975
115.657 2 GPS_INT 0 0 0 404515745 -37285421 705805 655569 0 0 0 43 19 292904250 111 21 3 1
115.658 2 ATTITUDE -2.004035 1.445719 -1.390607
115.715 2 GVF_PARAMETRIC 5 1 0.207614 -6.,-34.859375,-45.699219,-22.828125,-21.648438,-0.449219,0.71875,17.71875,0.,0.,0.,0.,0.,0.,0.,0. -0.285909,-0.528196
115.715 2 INS -117 -811 -515838400 917503 817888 -463554880 18780 -1696 6536
115.716 2 ATTITUDE -2.038725 1.473955 -1.402593
115.743 2 INS -117 -811 -515849728 917503 817888 -463302272 19366 -9612 2264
115.743 2 GPS 3 43822358 447813470 418 655547 246 -13 2395 292904500 30 0
115.759 2 ATTITUDE -2.102191 1.533376 -1.414579
115.775 2 INS -5 -706 -515861056 1006632 807402 -462938112 11542 -3527 9914
115.860 2 ROVER_CTRL 2.5 0.037347 4014.744629 -2.020648 1400. 600. 1000. 1103.126099 52.285576 59.556961 2.462653 0.
115.861 2 ROTORCRAFT_FP -706 -5 515863328 807402 1006632 462930752 -8899 -5821 6561 0 0 0 0 4014 0
115.861 2 GPS_INT 0 0 0 404515785 -37285374 705783 655547 0 0 0 43 18 292904500 111 20 3 1
115.861 2 ATTITUDE -2.129136 1.536191 -1.429285
115.862 2 INS -5 -706 -515872416 1006632 807402 -462609888 18339 -17853 17046
115.862 2 SERIAL_COM 966 -7977 5482 10022 0 0 0 14 357 80 76 0 0 0 0 0
115.862 2 ATTITUDE -2.184417 1.600621 -1.442824
115.862 2 WP_MOVED_ENU 2 -276 -3691 2560
115.876 2 WP_MOVED_ENU 2 -276 -3691 2560
115.892 2 INS -5 -706 -515883776 1006632 807402 -462452160 11065 3514 14638
115.908 2 ATTITUDE -2.167378 1.580451 -1.464664
115.940 2 INS -5 -706 -515895104 1006632 807402 -462131424 16422 -12025 12108
115.966 2 GPS_INT 0 0 0 404515785 -37285374 705783 655547 0 0 0 43 18 292904500 111 20 3 1
115.967 2 STATE_FILTER_STATUS 6 3 0
115.967 2 ALIVE 122,195,7,233,5,247,195,75,60,187,26,129,128,90,246,93
115.967 2 ATTITUDE -2.222176 1.62645 -1.476802
115.992 2 INS -5 -706 -515906368 1006632 807402 -461816224 22679 -20126 17096
115.992 2 GPS 3 43822358 447813470 418 655547 247 -14 2395 292904500 30 0
116.006 2 LINK_REPORT 2 -1 116 0 349904 7955 0 3119. 72. 26 41.28
116.008 2 ATTITUDE -2.365402 1.75959 -1.477653
116.040 2 INS 112 -611 -515917568 1027603 765459 -461632768 13250 -8485 4088
116.067 2 ROTORCRAFT_FP -611 112 515919808 765459 1027603 461563200 -9586 -6092 7174 0 0 0 0 4082 0
116.067 2 ATTITUDE -2.423878 1.828183 -1.498679
116.119 2 GVF_PARAMETRIC 5 1 0.209289 6.,-10.898438,12.269531,15.839844,-9.296875,0.007812,32.308594,24.65625,0.,0.,0.,0.,0.,0.,0.,0. -0.214443,-0.543505
116.120 2 INS 112 -611 -515928768 1027603 765459 -461310784 17558 -7972 4772
116.120 2 GPS_INT 0 0 0 404515827 -37285330 705743 655507 0 0 0 43 18 292904750 111 20 3 1
116.121 2 ATTITUDE -2.595472 1.974299 -1.510537
116.143 2 INS 112 -611 -515940032 1027603 765459 -461039456 18711 -3318 21622
116.143 2 ROVER_STATUS 0 40 3 2 1 967 7.356161
116.159 2 ATTITUDE -2.937071 2.315881 -1.511495
116.191 2 INS 112 -611 -515951296 1027603 765459 -460784864 13448 -2477 10021
116.207 2 ATTITUDE 3.055131 2.624312 -1.513495
116.239 2 INS 112 -611 -515962496 1027603 765459 -460515936 23815 -16598 -2816
116.239 2 GPS 3 43822396 447813516 391 655507 247 -20 2395 292904750 30 0
116.265 2 GPS_INT 0 0 0 404515827 -37285330 705743 655507 0 0 0 43 18 292904750 111 20 3 1
116.265 2 ATTITUDE 2.748802 2.91687 -1.503596
116.265 2 IMU_MAG_RAW 255 0 0 0
116.319 2 INS 243 -524 -515973696 1095760 650116 -460271744 27458 -16928 8853
116.319 2 ROVER_CTRL 2.5 0.077191 4055.020264 -2.447068 1400. 600. 1000. 1120.212769 108.06723 27.20356 2.422809 0.
116.319 2 ROTORCRAFT_FP -524 243 515975936 650116 1095760 460197120 10735 -6172 12377 0 0 0 0 4055 0
116.320 2 ATTITUDE 2.528445 3.110148 -1.498599
116.345 2 INS 243 -524 -515984896 1095760 650116 -459982592 11488 2134 10528
116.345 2 SERIAL_COM 967 -2477 13448 10021 0 0 0 14 358 80 76 0 0 0 0 0
116.345 2 ATTITUDE 2.370771 3.288009 -1.493083
116.377 2 INS 243 -524 -515996096 1095760 650116 -459709152 17546 -18545 8579
116.406 2 GPS_INT 0 0 0 404515873 -37285289 705702 655466 0 0 0 43 18 292905000 110 21 3 1
116.406 2 ATTITUDE 2.139647 3.511067 -1.474404
116.438 2 INS 243 -524 -516007328 1095760 650116 -459457760 14024 -5726 5094
116.454 2 ATTITUDE 2.006258 3.64825 -1.455875
116.508 2 GVF_PARAMETRIC 5 1 0.210801 0.,0.2,0.2,0.245827,0.245827,0.05,32.308594,24.65625,0.,0.,0.,0.,0.,0.,0.,0. -0.18456,-0.591864
116.509 2 INS 243 -524 -516018560 1095760 650116 -459180896 14893 -6185 6980
116.509 2 GPS 3 43822431 447813567 346 655466 245 -6 2395 292905000 30 0
116.509 2 ATTITUDE 1.945649 3.707444 -1.448923
116.523 2 INS 381 -445 -516029760 1205861 602930 -458872480 16569 -13078 17246
116.565 2 ROTORCRAFT_FP -445 381 516032000 602930 1205861 458831456 8096 -5883 15043 0 0 0 0 4008 0
116.565 2 GPS_INT 0 0 0 404515921 -37285253 705712 655476 0 0 0 43 18 292905250 104 21 3 1
116.566 2 ATTITUDE 1.967309 3.678998 -1.431414
116.608 2 INS 381 -445 -516040960 1205861 602930 -458615104 10336 -3469 9170
116.608 2 STATIC_CONTROL 0 0. 0 0. 0. 0. 0. 0. 0. 0. 0. 0. 0.
116.609 2 ATTITUDE 1.956627 3.688993 -1.420714
116.624 2 INS 381 -445 -516052160 1205861 602930 -458385088 17898 -11635 6823
116.655 2 ATTITUDE 1.907192 3.74624 -1.415644
116.688 2 INS 381 -445 -516063360 1205861 602930 -458069184 19007 -26100 18849
116.703 2 ATTITUDE 1.906889 3.743354 -1.399475
116.736 2 INS 381 -445 -516074560 1205861 602930 -457856384 8038 -8251 2119
116.736 2 GPS 3 43822462 447813620 303 655476 259 -3 2395 292905250 30 0
116.752 2 ATTITUDE 1.849327 3.783823 -1.392635
116.812 2 INS 537 -371 -516085760 1300233 560987 -457550112 18830 -12659 16293
116.812 2 ROVER_CTRL 2.5 0.068405 3910.352295 -1.62897 1400. 600. 1000. 1143.669678 95.767548 -128.674515 2.431595 0.
116.818 2 ROTORCRAFT_FP -371 537 516088000 560987 1300233 457447680 7612 -5692 15451 0 0 0 0 3910 0
116.818 2 ATTITUDE 1.878371 3.760202 -1.387506
116.827 2 INS 537 -371 -516096960 1300233 560987 -457245952 14174 -992 15823
116.866 2 SERIAL_COM 967 -5178 12955 8050 0 0 0 14 358 80 76 0 0 0 0 0
116.866 2 GPS_INT 0 0 0 404515975 -37285219 705702 655466 0 0 0 44 18 292905500 110 21 3 1
116.867 2 ATTITUDE 1.8622 3.77596 -1.378583
116.935 2 GVF_PARAMETRIC 5 1 0.21242 -6.,-34.859375,-45.699219,-22.828125,-21.648438,-0.449219,0.71875,17.71875,0.,0.,0.,0.,0.,0.,0.,0. -0.1285,-0.579214
116.936 2 INS 537 -371 -516108160 1300233 560987 -456962304 14480 -6130 13495
116.936 2 DL_VALUE 98 0.
116.936 2 ATTITUDE 1.828917 3.795721 -1.367934
116.936 2 INS 537 -371 -516119360 1300233 560987 -456657664 21989 -24901 10767
116.950 2 ATTITUDE 1.851472 3.787067 -1.360068
117.007 2 INS 537 -371 -516130560 1300233 560987 -456411424 19396 -3760 18852
117.007 2 GPS 3 43822491 447813680 265 655466 270 -5 2395 292905500 30 0
117.008 2 GPS_INT 0 0 0 404515975 -37285219 705702 655466 0 0 0 44 18 292905500 110 21 3 1
117.008 2 ATTITUDE 1.78976 3.848652 -1.354015
117.008 2 LINK_REPORT 2 -1 117 0 352893 8021 0 2989. 66. 26 41.28
117.022 2 INS 693 -304 -516141760 1315961 503316 -456103424 10777 -7845 14188
117.069 2 ROTORCRAFT_FP -304 693 516144000 503316 1315961 456026016 7245 -5508 15823 0 0 0 0 3813 0
117.069 2 ATTITUDE 1.742056 3.88104 -1.341626
117.069 2 ROTORCRAFT_NAV_STATUS 44 44 0. 0. 5 0 2
117.069 2 IMU_MAG_RAW 255 0 0 0
117.084 2 INS 693 -304 -516152896 1315961 503316 -455741088 19732 -15837 18655
117.100 2 ATTITUDE 1.788069 3.842183 -1.328882
117.132 2 INS 693 -304 -516164032 1315961 503316 -455539104 7891 -1437 9794
117.186 2 GPS_INT 0 0 0 404516031 -37285188 705720 655484 0 0 0 44 17 292905750 104 21 3 1
117.186 2 ATTITUDE 1.715348 3.92364 -1.32694
117.186 2 WP_MOVED_ENU 3 -8924 -2790 -87
117.186 2 WP_MOVED_ENU 3 -8924 -2790 -87
117.186 2 INS 693 -304 -516175136 1315961 503316 -455270720 12807 -5423 15309
117.202 2 ATTITUDE 1.631714 4.003588 -1.323793
117.234 2 INS 693 -304 -516186176 1315961 503316 -454846880 11912 -9881 18307
117.235 2 GPS 3 43822518 447813742 236 655484 270 3 2395 292905750 30 0
117.250 2 ATTITUDE 1.722945 3.933774 -1.303126
117.358 2 GVF_PARAMETRIC 5 1 0.214023 6.,-10.898438,12.269531,15.839844,-9.296875,0.007812,32.308594,24.65625,0.,0.,0.,0.,0.,0.,0.,0. -0.106162,-0.624287
117.358 2 INS 693 -304 -516197216 1315961 503316 -454641184 19445 -7816 6849
117.359 2 ROVER_CTRL 2.5 -0.011659 3817.484131 -1.620199 1400. 600. 1000. 1152.302124 -16.32247 -118.565559 2.511659 0.
117.359 2 ROTORCRAFT_FP -243 852 516199424 398458 1326447 454566016 7035 -5346 16147 0 0 0 0 3817 0
117.360 2 GPS_INT 0 0 0 404516086 -37285161 705707 655471 0 0 0 44 16 292906000 104 21 3 1
117.360 2 ATTITUDE 1.699129 3.952698 -1.298376
117.360 2 INS 852 -243 -516208256 1321204 403701 -454376416 12997 -7516 8552
117.361 2 SERIAL_COM 968 -9772 17249 7779 0 0 0 14 359 80 76 0 0 0 0 0
117.361 2 ATTITUDE 1.653017 3.994052 -1.292838
117.388 2 INS 852 -243 -516219296 1321204 403701 -454041440 9369 -2046 14463
117.388 2 GPS_SOL 44 16 104 21
117.404 2 ATTITUDE 1.670966 3.997032 -1.27944
117.436 2 INS 852 -243 -516230368 1321204 403701 -453798560 11202 -11423 2134
117.452 2 ATTITUDE 1.633109 4.035065 -1.268952
117.484 2 INS 852 -243 -516241408 1321204 403701 -453467104 10141 5834 12170
117.485 2 GPS 3 43822542 447813803 204 655471 265 -6 2395 292906000 30 0
117.500 2 ATTITUDE 1.638864 4.039755 -1.253281
117.532 2 INS 1008 -199 -516252480 1305475 340786 -453132896 21043 -2010 11107
117.549 2 ROTORCRAFT_FP -199 1008 516254688 340786 1305475 453094240 6765 -5100 16512 0 0 0 0 3777 0
117.549 2 ATTITUDE 1.647896 4.051649 -1.2423
117.618 2 INS 1008 -199 -516263520 1305475 340786 -452851392 19723 -10057 11698
117.619 2 STATIC_CONTROL 0 0. 0 0. 0. 0. 0. 0. 0. 0. 0. 0. 0.
117.619 2 GPS_INT 0 0 0 404516142 -37285140 705696 655460 0 0 0 43 16 292906250 106 21 3 1
117.620 2 ATTITUDE 1.638808 4.062991 -1.232609
117.634 2 INS 1008 -199 -516274560 1305475 340786 -452636064 18091 -5312 11007
117.634 2 ROVER_STATUS 0 39 3 2 1 968 7.506286
117.650 2 ATTITUDE 1.634552 4.071501 -1.226208
117.704 2 GVF_PARAMETRIC 5 1 0.215591 0.,0.2,0.2,0.245827,0.245827,0.05,32.308594,24.65625,0.,0.,0.,0.,0.,0.,0.,0. -0.068781,-0.601766
117.704 2 INS 1008 -199 -516285600 1305475 340786 -452321312 31537 -22418 13780
117.704 2 ATTITUDE 1.61007 4.082428 -1.217458
117.759 2 INS 1008 -199 -516296640 1305475 340786 -452001184 13514 -4440 12249
117.760 2 GPS 3 43822560 447813865 176 655460 258 -3 2395 292906250 30 0
117.760 2 GPS_INT 0 0 0 404516142 -37285140 705696 655460 0 0 0 43 16 292906250 106 21 3 1
117.760 2 ATTITUDE 1.644854 4.060704 -1.208178
117.775 2 INS 1164 -156 -516307680 1274018 340786 -451702784 21828 -2092 10244
117.791 2 ROVER_CTRL 2.5 -0.06472 3822.59668 -1.350434 1400. 600. 1000. 1139.876465 -90.607544 -27.060509 2.56472 0.
117.832 2 ROTORCRAFT_FP -156 1164 516309888 340786 1274018 451674240 6755 -4930 16631 0 0 0 0 3822 0
117.833 2 ATTITUDE 1.655105 4.062535 -1.203722
117.833 2 INS 1164 -156 -516318720 1274018 340786 -451414752 11039 -2067 7827
117.833 2 SERIAL_COM 968 -6143 18149 10952 0 0 0 14 359 80 76 0 0 0 0 0
117.848 2 ATTITUDE 1.64524 4.090906 -1.199206
117.864 2 IMU_MAG_RAW 255 0 0 0
117.903 2 INS 1164 -156 -516329760 1274018 340786 -451124096 14648 -6612 16024
117.904 2 GPS_INT 0 0 0 404516197 -37285120 705660 655424 0 0 0 43 16 292906500 105 22 3 1
117.904 2 ATTITUDE 1.622147 4.110495 -1.18753
117.919 2 INS 1164 -156 -516340800 1274018 340786 -450823840 7931 -713 9999
117.951 2 ATTITUDE 1.646283 4.102249 -1.174861
117.983 2 INS 1164 -156 -516351840 1274018 340786 -450597120 14959 -9544 9663
117.983 2 GPS 3 43822577 447813926 162 655424 253 -9 2395 292906500 30 0
117.999 2 ATTITUDE 1.646549 4.112624 -1.176318
118.007 2 LINK_REPORT 2 -1 118 0 355806 8088 0 2913. 67. 26 41.28
118.031 2 INS 1318 -117 -516362880 1221589 230686 -450311264 17271 -1394 10530
118.069 2 ROTORCRAFT_FP -117 1318 516365088 230686 1221589 450250592 6703 -4844 16871 0 0 0 0 3869 0
118.070 2 GPS_INT 0 0 0 404516251 -37285103 705633 655397 0 0 0 43 16 292906750 106 22 3 1
118.070 2 ATTITUDE 1.634233 4.129735 -1.183931
118.109 2 GVF_PARAMETRIC 5 1 0.217098 -6.,-34.859375,-45.699219,-22.828125,-21.648438,-0.449219,0.71875,17.71875,0.,0.,0.,0.,0.,0.,0.,0. -0.040256,-0.577636
118.110 2 INS 1318 -117 -516373920 1221589 230686 -450017376 19459 -13620 7193
118.110 2 ATTITUDE 1.637393 4.140689 -1.175835
118.122 2 INS 1318 -117 -516384960 1221589 230686 -449768000 17156 -1189 5625
118.153 2 ATTITUDE 1.621121 4.152664 -1.159456
118.209 2 INS 1318 -117 -516396000 1221589 230686 -449379104 13545 -10733 9528
118.209 2 GPS_INT 0 0 0 404516251 -37285103 705633 655397 0 0 0 43 16 292906750 106 22 3 1
118.210 2 ATTITUDE 1.63042 4.151653 -1.151047
118.236 2 INS 1318 -117 -516407008 1221589 230686 -449077504 13641 -2046 17302
118.236 2 GPS 3 43822592 447813986 138 655397 239 -7 2395 292906750 30 0
118.252 2 ATTITUDE 1.631689 4.182554 -1.144873
118.312 2 ROVER_CTRL 2.5 -0.059621 3917.634277 -0.919334 1400. 600. 1000. 1120.04126 -83.4692 80.704689 2.559621 0.
118.312 2 ROTORCRAFT_FP -92 1466 516420160 188743 1174404 448757888 6580 -4671 17233 0 0 0 0 3917 0
118.313 2 ATTITUDE 1.601358 4.224913 -1.143058
118.363 2 INS 1466 -92 -516428928 1174404 193986 -448434304 21001 -10024 19871
118.363 2 SERIAL_COM 969 -8629 18786 4384 0 0 0 14 360 80 76 0 0 0 0 0
118.364 2 GPS_INT 0 0 0 404516303 -37285090 705620 655384 0 0 0 43 16 292907000 106 22 3 1
118.364 2 ATTITUDE 1.645284 4.20782 -1.127715
118.379 2 INS 1466 -92 -516439808 1174404 193986 -448307232 20686 -4686 5372
118.395 2 ATTITUDE 1.613671 4.244138 -1.116714
118.427 2 INS 1466 -92 -516450720 1174404 193986 -447975104 26843 -8274 3025
118.442 2 ATTITUDE 1.612746 4.251408 -1.114898
118.459 2 WP_MOVED_ENU 4 -11699 3141 -89
118.459 2 WP_MOVED_ENU 4 -11699 3141 -89
118.512 2 GVF_PARAMETRIC 5 1 0.218474 6.,-10.898438,12.269531,15.839844,-9.296875,0.007812,32.308594,24.65625,0.,0.,0.,0.,0.,0.,0.,0. -0.033784,-0.610907
118.513 2 INS 1466 -92 -516461600 1174404 193986 -447696512 16044 2851 11748
118.513 2 GPS 3 43822604 447814043 117 655384 227 -2 2395 292907000 30 0
118.538 2 GPS_INT 0 0 0 404516303 -37285090 705620 655384 0 0 0 43 16 292907000 106 22 3 1
118.538 2 DL_VALUE 99 38400.
118.538 2 ATTITUDE 1.634878 4.247793 -1.108857
118.564 2 ROTORCRAFT_FP -64 1612 516474656 167772 1195375 447380096 6739 -4513 17427 0 0 0 0 3995 0
118.564 2 ATTITUDE 1.637437 4.258403 -1.100624
118.594 2 INS 1612 -64 -516483360 1195375 167772 -447203744 16649 -3571 8414
118.594 2 STATIC_CONTROL 0 0. 0 0. 0. 0. 0. 0. 0. 0. 0. 0. 0.
118.594 2 ATTITUDE 1.634864 4.270963 -1.093624
118.626 2 INS 1612 -64 -516494240 1195375 167772 -446938816 11471 -2522 7736
118.678 2 GPS_INT 0 0 0 404516354 -37285078 705613 655377 0 0 0 43 16 292907250 106 22 3 1
118.678 2 ALIVE 122,195,7,233,5,247,195,75,60,187,26,129,128,90,246,93
118.678 2 ATTITUDE 1.621867 4.301175 -1.08657
118.679 2 ROTORCRAFT_NAV_STATUS 45 45 0. 0. 5 0 2
118.679 2 IMU_MAG_RAW 255 0 0 0
118.679 2 INS 1612 -64 -516505120 1195375 167772 -446635744 14606 -9128 9998
118.693 2 ATTITUDE 1.642474 4.299558 -1.08411
118.738 2 INS 1612 -64 -516516000 1195375 167772 -446399232 15433 3674 11948
118.739 2 GPS 3 43822615 447814100 98 655377 230 -8 2395 292907250 30 0
118.739 2 ATTITUDE 1.631484 4.321502 -1.087973
118.844 2 INS 1763 -46 -516526880 1221589 125829 -446092672 10461 -659 9143
118.845 2 ROVER_CTRL 2.5 -0.002131 4086.450195 -0.556673 1400. 600. 1000. 1110.08252 -2.983713 179.338455 2.502131 0.
118.845 2 ROTORCRAFT_FP -46 1763 516529056 125829 1221589 446096192 6767 -4438 17661 0 0 0 0 4086 0
118.846 2 GPS_INT 0 0 0 404516407 -37285069 705625 655389 0 0 0 43 15 292907500 106 22 3 1
118.846 2 ATTITUDE 1.645593 4.331443 -1.085224
118.846 2 INS 1763 -46 -516537760 1221589 125829 -445930400 10861 2188 7923
118.846 2 SERIAL_COM 969 -1646 13423 13327 0 0 0 14 360 80 76 0 0 0 0 0
118.846 2 ATTITUDE 1.612137 4.376956 -1.073109
118.887 2 GVF_PARAMETRIC 5 1 0.219911 0.,0.2,0.2,0.245827,0.245827,0.05,32.308594,24.65625,0.,0.,0.,0.,0.,0.,0.,0. -0.019113,-0.586093
118.887 2 INS_REF 485057916 -31609623 411673221 404515786 -37285049 712727 662491 0.
118.902 2 ATTITUDE 1.589494 4.413831 -1.059943
118.918 2 INS 1763 -46 -516559520 1221589 125829 -445348896 18607 -8716 15307
118.948 2 GPS_INT 0 0 0 404516407 -37285069 705625 655389 0 0 0 43 15 292907500 106 22 3 1
118.948 2 ATTITUDE 1.602971 4.425152 -1.047552
118.990 2 INS 1763 -46 -516570400 1221589 125829 -445130016 10121 1516 15657
118.990 2 GPS 3 43822623 447814158 79 655389 235 8 2395 292907500 30 0
118.990 2 ATTITUDE 1.585133 4.459539 -1.041683
119.007 2 LINK_REPORT 2 -1 119 0 358824 8155 0 3018. 67. 26 41.28
119.021 2 INS 1917 -30 -516581280 1300233 57671 -444805472 21981 -4412 6249
119.048 2 ROTORCRAFT_FP -30 1917 516583456 57671 1300233 444762976 6640 -4246 18221 0 0 0 0 4071 0
119.048 2 ATTITUDE 1.628922 4.443068 -1.038418
119.079 2 INS 1917 -30 -516592128 1300233 57671 -444599968 16478 -1105 1970
119.105 2 GPS_INT 0 0 0 404516461 -37285063 705635 655399 0 0 0 43 15 292907750 116 22 3 1
119.106 2 ATTITUDE 1.637867 4.471688 -1.038959
119.135 2 INS 1917 -30 -516602976 1300233 57671 -444404672 20783 -5965 5446
119.136 2 ROVER_STATUS 0 37 3 2 1 970 7.373822
119.136 2 STATE_FILTER_STATUS 6 3 0
119.151 2 ATTITUDE 1.594596 4.525707 -1.034173
119.168 2 INS 1917 -30 -516613856 1300233 57671 -444079488 16601 -4759 8874
119.200 2 ATTITUDE 1.618198 4.511827 -1.028135
119.233 2 INS 1917 -30 -516624736 1300233 57671 -443858496 12860 4906 4994
119.263 2 GPS_INT 0 0 0 404516461 -37285063 705635 655399 0 0 0 43 15 292907750 116 22 3 1
119.264 2 ATTITUDE 1.616229 4.533352 -1.032335
119.333 2 GVF_PARAMETRIC 5 1 0.22139 -6.,-34.859375,-45.699219,-22.828125,-21.648438,-0.449219,0.71875,17.71875,0.,0.,0.,0.,0.,0.,0.,0. -0.016358,-0.622616
119.334 2 INS 1917 -30 -516635616 1300233 57671 -443631136 27108 831 2071
119.334 2 ROVER_CTRL 2.5 0.065274 4092.227051 -0.141716 1400. 600. 1000. 1121.603516 91.383598 79.631805 2.434726 0.
119.335 2 ROTORCRAFT_FP -30 1917 516637792 57671 1300233 443627424 6590 -4234 18678 0 0 0 0 4092 0
119.336 2 ATTITUDE 1.585865 4.59427 -1.03631
119.336 2 INS 2078 -20 -516646464 1289747 62914 -443298336 27546 -10396 13611
119.337 2 SERIAL_COM 970 -2640 17235 11394 0 0 0 14 361 80 76 0 0 0 0 0
119.347 2 ATTITUDE 1.599344 4.585212 -1.028709
119.379 2 INS 2078 -20 -516657312 1289747 62914 -443055872 13025 8538 11222
119.379 2 GPS_SOL 43 15 106 22
119.405 2 GPS_INT 0 0 0 404516518 -37285058 705571 655335 0 0 0 43 15 292908000 106 22 3 1
119.406 2 ATTITUDE 1.614576 4.599918 -1.024549
119.437 2 ATTITUDE 1.582255 4.658339 -1.024267
119.453 2 IMU_MAG_RAW 255 0 0 0
119.469 2 INS 2078 -20 -516679072 1289747 62914 -442565760 17511 -914 14384
119.485 2 GPS 3 43822633 447814282 41 655335 247 -8 2395 292908000 30 0
119.501 2 ATTITUDE 1.585223 4.670331 -1.019972
119.517 2 INS 2237 -7 -516689856 1315961 110100 -442286688 18131 3812 9784
119.557 2 ROTORCRAFT_FP -7 2237 516692000 110100 1315961 442248672 6484 -4188 19174 0 0 0 0 4078 0
119.558 2 GPS_INT 0 0 0 404516574 -37285052 705538 655302 0 0 0 43 15 292908250 106 22 3 1
119.558 2 ATTITUDE 1.589236 4.696209 -1.023121
119.598 2 INS 2237 -7 -516700608 1315961 110100 -442028064 19765 -5137 8057
119.598 2 STATIC_CONTROL 0 0. 0 0. 0. 0. 0. 0. 0. 0. 0. 0. 0.
119.599 2 ATTITUDE 1.584566 4.710315 -1.027381
119.614 2 INS 2237 -7 -516711360 1315961 110100 -441824224 14558 7087 10151
119.646 2 ATTITUDE 1.575446 4.751373 -1.022202
119.744 2 GVF_PARAMETRIC 5 1 0.222934 6.,-10.898438,12.269531,15.839844,-9.296875,0.007812,32.308594,24.65625,0.,0.,0.,0.,0.,0.,0.,0. -0.010925,-0.595827
119.746 2 INS 2237 -7 -516722112 1315961 110100 -441592384 20190 1014 5365
119.746 2 GPS_INT 0 0 0 404516574 -37285052 705538 655302 0 0 0 43 15 292908250 106 22 3 1
119.747 2 AUTOPILOT_VERSION 60200 v6.2_unstable-650-g74eaf7c20-dirty
119.748 2 ATTITUDE 1.552774 4.790835 -1.015928
119.748 2 INS 2237 -7 -516732864 1315961 110100 -441266432 16257 3895 9663
119.749 2 ENERGY 42 7.338499 2.175 15.961234 7.831922 0.300526 2.25323
119.749 2 GPS 3 43822639 447814344 45 655302 253 -6 2395 292908250 30 0
119.750 2 ATTITUDE 1.559349 4.805856 -1.009276
119.773 2 WP_MOVED_ENU 5 -5844 4055 -87
119.773 2 WP_MOVED_ENU 5 -5844 4055 -87
119.773 2 INS 2396 2 -516743616 1284504 26214 -440989472 11628 7152 18721
119.837 2 ROVER_CTRL 2.5 0.091222 4106.005371 -0.001573 1400. 600. 1000. 1146.393433 127.710533 32.448769 2.408778 0.
119.837 2 ROTORCRAFT_FP 2 2396 516745760 26214 1284504 440952512 6334 -4123 19771 0 0 0 0 4106 0
119.838 2 ATTITUDE 1.550055 4.840268 -1.005309
119.838 2 INS 2396 2 -516754336 1284504 26214 -440711584 6360 3446 11527
119.838 2 SERIAL_COM 970 7152 11628 18721 0 0 0 14 361 80 76 0 0 0 0 0
119.863 2 GPS_INT 0 0 0 404516630 -37285046 705514 655278 0 0 0 43 14 292908500 104 22 3 1
119.864 2 ATTITUDE 1.533594 4.872996 -1.002408
119.879 2 INS 2396 2 -516765088 1284504 26214 -440480672 12163 4503 10385
119.895 2 DATALINK_REPORT 4 204 2093 3083 0 12
119.895 2 ATTITUDE 1.533753 4.894441 -0.994853
119.927 2 INS 2396 2 -516775808 1284504 26214 -440271584 6803 1367 7120
119.943 2 ATTITUDE 1.532381 4.920656 -0.994229
119.985 2 INS 2396 2 -516786560 1284504 26214 -439975552 7121 6064 5977
119.985 2 GPS 3 43822644 447814406 29 655278 246 -2 2395 292908500 30 0
120.001 2 GPS_INT 0 0 0 404516630 -37285046 705514 655278 0 0 0 43 14 292908500 104 22 3 1
120.001 2 ATTITUDE 1.541353 4.932518 -0.994937
120.008 2 LINK_REPORT 2 -1 120 0 361865 8224 0 3041. 69. 26 41.28
120.017 2 INS 2557 2 -516797280 1321204 -26214 -439781952 13478 6801 4161
120.045 2 ROTORCRAFT_FP 2 2557 516799424 -26214 1321204 439760160 6285 -4065 20279 0 0 0 0 4018 0
120.045 2 ATTITUDE 1.516219 4.97046 -0.994368
120.103 2 GVF_PARAMETRIC 5 1 0.224475 0.,0.2,0.2,0.245827,0.245827,0.05,32.308594,24.65625,0.,0.,0.,0.,0.,0.,0.,0. -0.010954,-0.56884
120.103 2 INS 2557 2 -516808000 1321204 -26214 -439483424 5670 8266 9367
120.104 2 DL_VALUE 100 38400.
120.104 2 ATTITUDE 1.501586 5.005202 -1.002312
120.118 2 INS 2557 2 -516818720 1321204 -26214 -439274592 4564 2126 12516
120.148 2 GPS_INT 0 0 0 404516686 -37285046 705487 655251 0 0 0 43 14 292908750 106 22 3 1
120.148 2 ATTITUDE 1.488562 5.039312 -1.004716
120.164 2 INS 2557 2 -516829440 1321204 -26214 -439071680 7103 3910 7570
120.196 2 ATTITUDE 1.481532 5.080017 -1.000633
120.228 2 INS 2557 2 -516840160 1321204 -26214 -438819776 15834 9519 2534
120.228 2 GPS 3 43822645 447814468 9 655251 253 3 2395 292908750 30 0
120.244 2 ATTITUDE 1.4969 5.092188 -0.99586
120.260 2 ROTORCRAFT_NAV_STATUS 47 47 0. 0. 5 0 2
120.260 2 IMU_MAG_RAW 255 0 0 0
120.344 2 INS 2557 2 -516850880 1321204 -26214 -438576160 14741 6366 9049
120.344 2 ROVER_CTRL 2.5 0.075952 3953.35791 0.651163 1400. 600. 1000. 1173.366333 106.332542 -125.88501 2.424048 0.
120.345 2 ROTORCRAFT_FP 7 2718 516853024 36700 1336933 438533184 6172 -4078 20828 0 0 0 0 3953 0
120.345 2 GPS_INT 0 0 0 404516743 -37285045 705499 655263 0 0 0 43 14 292909000 104 22 3 1
120.346 2 ATTITUDE 1.503396 5.093397 -0.994468
120.346 2 INS 2718 7 -516861600 1336933 36700 -438363680 12554 15382 20133
120.346 2 SERIAL_COM 971 2535 8181 15519 0 0 0 14 362 80 76 0 0 0 0 0
120.347 2 ATTITUDE 1.499145 5.133398 -1.001641
120.376 2 INS 2718 7 -516872320 1336933 36700 -438141536 13006 9181 8252
120.392 2 ATTITUDE 1.482963 5.161808 -0.998273
120.424 2 INS 2718 7 -516883040 1336933 36700 -437835392 17512 -26 20161
120.440 2 GPS_INT 0 0 0 404516743 -37285045 705499 655263 0 0 0 43 14 292909000 104 22 3 1
120.440 2 ATTITUDE 1.511714 5.175923 -0.991632
120.513 2 INS 2718 7 -516893760 1336933 36700 -437681888 10193 10386 8806
120.513 2 GPS 3 43822646 447814531 14 655263 256 0 2395 292909000 30 0
120.514 2 ATTITUDE 1.501066 5.19372 -0.991136
120.514 2 PONG 
120.529 2 INS 2885 7 -516904480 1363147 15728 -437480032 13348 11036 4329
120.556 2 ROTORCRAFT_FP 7 2885 516906624 15728 1363147 437451712 6120 -4056 21355 0 0 0 0 3889 0
120.557 2 ATTITUDE 1.491046 5.233077 -0.990749
120.571 2 INS 2885 7 -516915200 1363147 15728 -437214848 18583 9036 16956
120.623 2 STATIC_CONTROL 0 0. 0 0. 0. 0. 0. 0. 0. 0. 0. 0. 0.
120.624 2 GPS_INT 0 0 0 404516801 -37285044 705505 655269 0 0 0 43 13 292909250 106 22 3 1
120.625 2 ATTITUDE 1.482117 5.265443 -0.985747
120.625 2 INS 2885 7 -516925888 1363147 15728 -436964992 14651 12384 21355
120.626 2 ROVER_STATUS 0 34 3 2 1 971 7.426808
120.638 2 ATTITUDE 1.48339 5.282224 -0.982161
120.671 2 INS 2885 7 -516936576 1363147 15728 -436709952 20521 16074 20784
120.687 2 ATTITUDE 1.478391 5.294936 -0.98187
120.730 2 INS 2885 7 -516947296 1363147 15728 -436504992 5121 12410 6568
120.731 2 GPS 3 43822647 447814596 11 655269 260 13 2395 292909250 30 0
120.757 2 GPS_INT 0 0 0 404516801 -37285044 705505 655269 0 0 0 43 13 292909250 106 22 3 1
120.758 2 ATTITUDE 1.457011 5.341702 -0.970587
120.772 2 INS 3043 10 -516958016 1357904 26214 -436290592 12891 15189 -160
120.834 2 ROVER_CTRL 2.5 0.004777 3867.425293 -0.427476 1400. 600. 1000. 1184.838623 6.688404 -124.073029 2.495223 0.
120.834 2 ROTORCRAFT_FP 10 3043 516960160 26214 1357904 436255168 5914 -3960 21958 0 0 0 0 3867 0
120.834 2 ATTITUDE 1.439384 5.375772 -0.958189
120.834 2 INS 3043 10 -516968672 1357904 26214 -435916832 1790 8202 17453
120.835 2 SERIAL_COM 971 11884 9058 4106 0 0 0 14 362 80 76 0 0 0 0 0
120.835 2 ATTITUDE 1.471084 5.385362 -0.949381
120.903 2 GVF_PARAMETRIC 5 1 0.218538 6.,-10.898438,12.269531,15.839844,-9.296875,0.007812,32.308594,24.65625,0.,0.,0.,0.,0.,0.,0.,0. 0.076335,-0.064246
120.904 2 INS 3043 10 -516979296 1357904 26214 -435741472 17246 8987 11817
120.904 2 GPS_INT 0 0 0 404516857 -37285044 705523 655287 0 0 0 43 13 292909500 106 21 3 1
120.905 2 ATTITUDE 1.461007 5.411427 -0.937698
120.918 2 INS 3043 10 -516989920 1357904 26214 -435524704 7098 11366 13679
120.934 2 ATTITUDE 1.457938 5.427208 -0.932956
120.980 2 INS 3043 10 -517000480 1357904 26214 -435258688 2004 11619 15635
120.981 2 GPS 3 43822648 447814658 12 655287 259 5 2395 292909500 30 0
120.981 2 ATTITUDE 1.459325 5.437376 -0.931502
121.008 2 LINK_REPORT 2 -1 121 0 364777 8290 0 2912. 66. 27 58.85
121.012 2 INS 3205 7 -517011040 1357904 -41943 -435013120 19085 13300 8615
121.079 2 ROTORCRAFT_FP 7 3205 517013152 -41943 1357904 435008576 5974 -3816 22326 0 0 0 0 3895 0
121.079 2 GPS_INT 0 0 0 404516914 -37285045 705523 655287 0 0 0 43 13 292909750 107 21 3 1
121.080 2 ATTITUDE 1.460131 5.460702 -0.930566
121.080 2 WP_MOVED_ENU 6 -5542 -2380 -87
121.080 2 WP_MOVED_ENU 6 -5542 -2380 -87
121.080 2 IMU_MAG_RAW 255 0 0 0
121.080 2 INS 3205 7 -517021600 1357904 -41943 -434790432 3658 10382 5335
121.094 2 ATTITUDE 1.437346 5.510984 -0.923357
121.110 2 INS 3205 7 -517032160 1357904 -41943 -434569792 10768 8872 12851
121.142 2 ATTITUDE 1.436021 5.528071 -0.914421
121.191 2 GPS_INT 0 0 0 404516914 -37285045 705523 655287 0 0 0 43 13 292909750 107 21 3 1
121.192 2 ATTITUDE 1.453071 5.53259 -0.91514
121.235 2 INS 3205 7 -517053280 1357904 -41943 -434074336 9378 11431 9805
121.236 2 GPS 3 43822648 447814721 3599 655287 260 12 2395 292909750 30 0
121.342 2 GVF_PARAMETRIC 5 1 0.219875 0.,0.2,0.2,1.003102,1.003102,0.05,32.308594,24.65625,0.,0.,0.,0.,0.,0.,0.,0. 0.055905,-0.079838
121.342 2 INS 3205 7 -517063840 1357904 -41943 -433883328 13846 9788 13421
121.342 2 ROVER_CTRL 2.5 -0.037253 3871.974121 0.531401 1400. 600. 1000. 1178.312622 -52.154732 -54.40712 2.537253 0.
121.343 2 ROTORCRAFT_FP 0 3363 517065952 -52428 1315961 433818688 5850 -3742 22915 0 0 0 0 3871 0
121.343 2 ATTITUDE 1.420791 5.608015 -0.911911
121.343 2 INS 3363 0 -517074400 1326447 -62914 -433645568 9450 9674 11673
121.343 2 SERIAL_COM 972 8880 13118 7767 0 0 0 14 363 80 76 0 0 0 0 0
121.344 2 GPS_INT 0 0 0 404516970 -37285048 705470 655235 0 0 0 43 12 292910000 107 22 3 1
121.344 2 ALIVE 122,195,7,233,5,247,195,75,60,187,26,129,128,90,246,93
121.357 2 ATTITUDE 1.432759 5.620759 -0.911288
121.373 2 INS 3363 0 -517084960 1326447 -62914 -433428992 10327 12515 2167
121.373 2 GPS_SOL 43 12 107 22
121.389 2 ATTITUDE 1.422681 5.648872 -0.915709
121.421 2 INS 3363 0 -517095520 1326447 -62914 -433255360 8838 7456 9028
121.437 2 ATTITUDE 1.396974 5.696162 -0.911319
121.479 2 INS 3363 0 -517106080 1326447 -62914 -432936096 1613 10618 8488
121.479 2 GPS 3 43822646 447814783 3588 655235 253 -6 2395 292910000 30 0
121.495 2 GPS_INT 0 0 0 404516970 -37285048 705470 655235 0 0 0 43 12 292910000 107 22 3 1
121.496 2 ATTITUDE 1.410011 5.702618 -0.915726
121.511 2 INS 3517 -10 -517116640 1352661 -73400 -432768608 7421 9897 9742
121.540 2 ROTORCRAFT_FP -10 3517 517118752 -78643 1352661 432722720 5839 -3742 23327 0 0 0 0 3875 0
121.541 2 ATTITUDE 1.421002 5.700034 -0.921509
121.582 2 INS 3517 -10 -517127200 1352661 -78643 -432647488 8697 7930 12800
121.582 2 STATIC_CONTROL 0 0. 0 0. 0. 0. 0. 0. 0. 0. 0. 0. 0.
121.583 2 ATTITUDE 1.414247 5.720387 -0.92186
121.614 2 INS 3517 -10 -517137760 1352661 -78643 -432490976 15278 16075 5723
121.640 2 GPS_INT 0 0 0 404517024 -37285053 705392 655156 0 0 0 42 12 292910250 107 22 3 1
121.695 2 GVF_PARAMETRIC 5 1 0.222113 -6.,-34.859375,-45.699219,-22.828125,-21.648438,-0.449219,0.71875,17.71875,0.,0.,0.,0.,0.,0.,0.,0. 0.023624,-0.066093
121.696 2 INS 3517 -10 -517148320 1352661 -78643 -432278752 6241 13377 4814
121.696 2 DL_VALUE 0 0.
121.696 2 ATTITUDE 1.431457 5.727659 -0.91318
121.725 2 INS 3517 -10 -517158880 1352661 -78643 -432091968 15316 25028 13267
121.725 2 GPS 3 43822642 447814843 3578 655156 259 -14 2395 292910250 30 0
121.741 2 ATTITUDE 1.413443 5.750367 -0.920763
121.757 2 INS 3676 -20 -517169440 1368390 -52428 -431862240 22706 22696 7685
121.773 2 ROVER_CTRL 2.5 -0.055229 3801.821777 1.586145 1400. 600. 1000. 1164.498779 -77.320526 -85.687637 2.555229 0.
121.832 2 ROTORCRAFT_FP -20 3676 517171552 -52428 1373633 431810464 5802 -3795 23577 0 0 0 0 3801 0
121.832 2 GPS_INT 0 0 0 404517080 -37285057 705342 655106 0 0 0 42 12 292910500 106 22 3 1
121.833 2 ATTITUDE 1.413824 5.754268 -0.928647
121.833 2 INS 3676 -20 -517180000 1373633 -52428 -431644416 13235 17808 4445
121.833 2 SERIAL_COM 972 10514 13482 7904 0 0 0 14 363 80 76 0 0 0 0 0
121.834 2 ATTITUDE 1.430479 5.762669 -0.930812
121.848 2 ROTORCRAFT_NAV_STATUS 49 49 0. 0. 5 0 2
121.848 2 IMU_MAG_RAW 255 0 0 0
121.864 2 INS 3676 -20 -517190560 1373633 -52428 -431513408 21948 19646 5412
121.880 2 ATTITUDE 1.403881 5.799992 -0.93723
121.912 2 INS 3676 -20 -517201120 1373633 -52428 -431257536 13936 15256 3509
121.944 2 ATTITUDE 1.402184 5.822546 -0.942943
121.975 2 INS 3676 -20 -517211648 1373633 -52428 -431081536 25980 22598 8307
121.975 2 GPS 3 43822639 447814905 3578 655106 263 -2 2395 292910500 30 0
121.991 2 ATTITUDE 1.375294 5.857041 -0.948699
122.007 2 INS 3842 -25 -517222208 1399847 0 -430867040 9187 12038 11377
122.009 2 LINK_REPORT 2 -1 122 0 367734 8357 0 2957. 67. 27 58.85
122.052 2 ROTORCRAFT_FP -25 3842 517224320 5242 1399847 430766720 5537 -3907 24092 0 0 0 0 3773 0
122.052 2 ATTITUDE 1.36568 5.869782 -0.953613
122.128 2 GVF_PARAMETRIC 5 1 0.224209 6.,-10.898438,12.269531,15.839844,-9.296875,0.007812,32.308594,24.65625,0.,0.,0.,0.,0.,0.,0.,0. 0.002179,-0.006451
122.129 2 INS 3842 -25 -517232768 1399847 5242 -430605312 18732 30271 -205
122.129 2 GPS_INT 0 0 0 404517138 -37285060 705284 655048 0 0 0 42 11 292910750 106 21 3 1
122.130 2 ATTITUDE 1.369181 5.871105 -0.966361
122.130 2 INS 3842 -25 -517243296 1399847 5242 -430408160 25879 26486 1451
122.131 2 ROVER_STATUS 0 43 3 2 1 973 7.523948
122.141 2 ATTITUDE 1.364966 5.884614 -0.967634
122.157 2 INS 3842 -25 -517253856 1399847 5242 -430235776 12244 23371 7515
122.189 2 ATTITUDE 1.36763 5.896356 -0.973767
122.221 2 INS 3842 -25 -517264384 1399847 5242 -429958080 17973 16324 8907
122.221 2 GPS 3 43822637 447814970 3592 655048 268 -7 2395 292910750 30 0
122.247 2 GPS_INT 0 0 0 404517138 -37285060 705284 655048 0 0 0 42 11 292910750 106 21 3 1
122.247 2 ATTITUDE 1.387368 5.887084 -0.98745
122.302 2 INS 3842 -25 -517274944 1399847 5242 -429831392 14544 17621 3754
122.302 2 ROVER_CTRL 2.5 -0.094661 3734.762695 1.528682 1400. 600. 1000. 1141.465088 -132.526062 -74.744225 2.594661 0.
122.303 2 ROTORCRAFT_FP -23 4006 517277056 31457 1373633 429815200 5647 -4057 24159 0 0 0 0 3734 0
122.303 2 ATTITUDE 1.369469 5.908388 -0.993539
122.329 2 INS 4006 -23 -517285504 1373633 36700 -429676128 9697 11104 3366
122.329 2 SERIAL_COM 973 23371 12244 7515 0 0 0 14 364 80 76 0 0 0 0 0
122.329 2 STATE_FILTER_STATUS 6 3 0
122.330 2 ATTITUDE 1.352221 5.92756 -0.995046
122.345 2 WP_MOVED_ENU 7 -115 2 -89
122.345 2 WP_MOVED_ENU 7 -115 2 -89
122.361 2 INS 4006 -23 -517295968 1373633 36700 -429419040 7189 13956 9712
122.388 2 GPS_INT 0 0 0 404517196 -37285058 705264 655028 0 0 0 42 12 292911000 104 21 3 1
122.388 2 ATTITUDE 1.363308 5.929071 -0.998876
122.420 2 INS 4006 -23 -517306496 1373633 36700 -429267776 6070 14732 7973
122.435 2 ATTITUDE 1.343551 5.953012 -1.006595
122.478 2 GVF_PARAMETRIC 5 1 0.225831 0.,0.2,0.2,1.003102,1.003102,0.05,32.308594,24.65625,0.,0.,0.,0.,0.,0.,0.,0. -0.023578,-0.058233
122.479 2 GPS 3 43822639 447815034 6 655028 263 1 2395 292911000 30 0
122.494 2 ATTITUDE 1.342073 5.973579 -1.011459
122.510 2 INS 4165 -12 -517327360 1363147 110100 -428840608 6868 9944 10679
122.580 2 ROTORCRAFT_FP -12 4165 517329440 110100 1363147 428819616 5478 -4158 24496 0 0 0 0 3779 0
122.580 2 GPS_INT 0 0 0 404517252 -37285055 705211 654975 0 0 0 42 12 292911250 105 21 3 1
122.581 2 ATTITUDE 1.341709 5.982854 -1.016615
122.581 2 INS 4165 -12 -517337760 1363147 110100 -428668256 3022 9825 4079
122.581 2 STATIC_CONTROL 0 0. 0 0. 0. 0. 0. 0. 0. 0. 0. 0. 0.
122.581 2 ATTITUDE 1.340988 5.98811 -1.024269
122.612 2 INS 4165 -12 -517348192 1363147 110100 -428467840 2582 7575 8466
122.627 2 ATTITUDE 1.341437 5.991453 -1.029401
122.643 2 IMU_MAG_RAW 255 0 0 0
122.659 2 INS 4165 -12 -517358624 1363147 110100 -428301344 18465 22227 9618
122.691 2 GPS_INT 0 0 0 404517252 -37285055 705211 654975 0 0 0 42 12 292911250 105 21 3 1
122.691 2 ATTITUDE 1.329189 6.007419 -1.0306
122.706 2 INS 4165 -12 -517369024 1363147 110100 -428152096 7357 18170 -700
122.723 2 GPS 3 43822642 447815096 29 654975 262 -1 2395 292911250 30 0
122.739 2 ATTITUDE 1.310994 6.038874 -1.033799
122.755 2 INS 4321 -2 -517379424 1315961 115343 -427926688 16588 25042 1523
122.771 2 ROVER_CTRL 2.5 -0.102733 3802.837891 1.581576 1400. 600. 1000. 1111.071655 -143.82605 34.976006 2.602733 0.
122.799 2 ROTORCRAFT_FP -2 4321 517381504 120586 1315961 427879552 5323 -4272 24760 0 0 0 0 3802 0
122.800 2 ATTITUDE 1.313622 6.038651 -1.040785
122.840 2 INS 4321 -2 -517389824 1315961 120586 -427719136 3381 15239 10542
122.841 2 SERIAL_COM 973 8401 -1982 5484 0 0 0 14 364 80 76 0 0 0 0 0
122.841 2 GPS_INT 0 0 0 404517307 -37285050 705132 654896 0 0 0 41 11 292911500 105 22 3 1
122.842 2 ATTITUDE 1.323092 6.039547 -1.045831
122.883 2 GVF_PARAMETRIC 5 1 0.228199 -6.,-34.859375,-45.699219,-22.828125,-21.648438,-0.449219,0.71875,17.71875,0.,0.,0.,0.,0.,0.,0.,0. -0.039764,-0.041171
122.883 2 INS 4321 -2 -517400224 1315961 120586 -427551232 14882 23038 3886
122.883 2 ATTITUDE 1.321579 6.045126 -1.045529
122.914 2 INS 4321 -2 -517410624 1315961 120586 -427390336 10445 19059 9356
122.930 2 ATTITUDE 1.306188 6.065811 -1.047511
122.972 2 INS 4321 -2 -517421024 1315961 120586 -427217184 2454 18628 2109
122.973 2 GPS 3 43822647 447815157 42 654896 253 -12 2395 292911500 30 0
122.999 2 GPS_INT 0 0 0 404517307 -37285050 705132 654896 0 0 0 41 11 292911500 105 22 3 1
122.999 2 ATTITUDE 1.274969 6.10376 -1.047479
123.010 2 LINK_REPORT 2 -1 123 0 370721 8423 0 2987. 66. 27 58.85
123.014 2 INS 4480 10 -517431424 1305475 125829 -426963904 12817 16757 862
123.041 2 ROTORCRAFT_FP 10 4480 517433504 131071 1305475 426941600 5305 -4301 24933 0 0 0 0 3810 0
123.042 2 ATTITUDE 1.291915 6.095375 -1.05227
123.057 2 INS 4480 10 -517441824 1305475 131071 -426790528 9625 11821 11905
123.089 2 ATTITUDE 1.300086 6.095521 -1.062937
123.105 2 INS 4480 10 -517452224 1305475 131071 -426641408 12626 10800 4347
123.135 2 GPS_INT 0 0 0 404517362 -37285043 705101 654865 0 0 0 41 12 292911750 105 22 3 1
123.136 2 ATTITUDE 1.288964 6.10533 -1.07435
123.167 2 INS 4480 10 -517462624 1305475 131071 -426453408 3490 8059 13920
123.183 2 ATTITUDE 1.277498 6.122605 -1.083883
123.216 2 GPS 3 43822653 447815218 51 654865 251 -2 2395 292911750 30 0
123.232 2 ATTITUDE 1.287667 6.128674 -1.090525
123.338 2 GVF_PARAMETRIC 5 1 0.22972 6.,-10.898438,12.269531,15.839844,-9.296875,0.007812,32.308594,24.65625,0.,0.,0.,0.,0.,0.,0.,0. -0.054638,-0.062173
123.339 2 INS 4480 10 -517483424 1305475 131071 -426113760 766 11360 8896
123.339 2 ROVER_CTRL 2.5 -0.082614 3812.459229 1.660792 1400. 600. 1000. 1083.277588 -115.659859 44.345856 2.582614 0.
123.340 2 ROTORCRAFT_FP 10 4480 517485504 131071 1305475 426064608 5250 -4494 25156 0 0 0 0 3812 0
123.340 2 GPS_INT 0 0 0 404517362 -37285043 705101 654865 0 0 0 41 12 292911750 105 22 3 1
123.340 2 DL_VALUE 1 5.
123.340 2 ATTITUDE 1.274167 6.15361 -1.099916
123.340 2 INS 4631 33 -517493824 1300233 235929 -425956128 15398 21517 12313
123.341 2 SERIAL_COM 974 11321 7207 8143 0 0 0 14 365 80 76 0 0 0 0 0
123.341 2 ATTITUDE 1.244491 6.18417 -1.105999
123.354 2 INS 4631 33 -517504224 1300233 235929 -425703552 2717 16906 3454
123.370 2 GPS_SOL 41 12 105 22
123.386 2 ATTITUDE 1.254294 6.1885 -1.119133
123.418 2 INS 4631 33 -517514624 1300233 235929 -425532288 22318 30176 4699
123.464 2 GPS_INT 0 0 0 404517416 -37285033 705072 654836 0 0 0 41 12 292912000 105 22 3 1
123.465 2 ATTITUDE 1.235153 6.210759 -1.129698
123.465 2 ROTORCRAFT_NAV_STATUS 50 50 0. 0. 5 0 2
123.465 2 IMU_MAG_RAW 255 0 0 0
123.465 2 INS 4631 33 -517525024 1300233 235929 -425341760 3397 14939 13322
123.465 2 GPS 3 43822662 447815278 79 654836 252 2 2395 292912000 30 0
123.512 2 INS 4787 66 -517535424 1247804 262143 -425155328 2517 14370 3052
123.538 2 ROTORCRAFT_FP 66 4787 517537504 262143 1247804 425104096 4890 -4669 25633 0 0 0 0 3837 0
123.539 2 ATTITUDE 1.198144 6.257392 -1.138003
123.554 2 INS 4787 66 -517545824 1247804 262143 -424931712 6964 12213 6849
123.570 2 STATIC_CONTROL 0 0. 0 0. 0. 0. 0. 0. 0. 0. 0. 0. 0.
123.598 2 GPS_INT 0 0 0 404517470 -37285018 705032 654796 0 0 0 41 12 292912250 115 21 3 1
123.598 2 ATTITUDE 1.199896 6.261221 -1.149494
123.614 2 INS 4787 66 -517556224 1247804 262143 -424728768 5469 7935 9386
123.614 2 ROVER_STATUS 0 43 3 2 1 974 7.44447
123.630 2 ATTITUDE 1.171818 6.279003 -1.155228
123.646 2 WP_MOVED_ENU 8 184 8271 -87
123.646 2 WP_MOVED_ENU 8 184 8271 -87
123.700 2 GVF_PARAMETRIC 5 1 0.232215 0.,0.2,0.2,1.003102,1.003102,0.05,32.308594,24.65625,0.,0.,0.,0.,0.,0.,0.,0. -0.059234,-0.050611
123.701 2 INS 4787 66 -517566624 1247804 262143 -424555456 1687 6778 10531
123.701 2 ATTITUDE 1.161439 0.005587 -1.158948
123.715 2 INS 4787 66 -517577024 1247804 262143 -424374080 673 7467 8774
123.715 2 GPS 3 43822676 447815338 100 654796 245 -6 2395 292912250 30 0
123.741 2 GPS_INT 0 0 0 404517470 -37285018 705032 654796 0 0 0 41 12 292912250 115 21 3 1
123.741 2 ATTITUDE 1.183593 6.279307 -1.162957
123.757 2 INS 4938 104 -517587424 1205861 367001 -424188768 -150 12303 6785
123.796 2 ROVER_CTRL 2.5 -0.059153 3885.742676 0.344761 1400. 600. 1000. 1060.794067 -82.813644 107.40757 2.559153 0.
123.796 2 ROTORCRAFT_FP 104 4938 517589504 372244 1205861 424136992 4853 -4799 25696 0 0 0 0 3885 0
123.797 2 ATTITUDE 1.184915 6.266592 -1.169898
123.812 2 INS 4938 104 -517597824 1205861 372244 -424031648 8232 17225 13472
123.838 2 SERIAL_COM 974 7482 4 7727 0 0 0 14 365 80 76 0 0 0 0 0
123.838 2 ATTITUDE 1.155736 0.012074 -1.165194
123.880 2 INS 4938 104 -517608192 1205861 372244 -423810816 2993 15346 6690
123.880 2 GPS_INT 0 0 0 404517523 -37285000 704989 654753 0 0 0 41 13 292912500 113 22 3 1
123.881 2 ATTITUDE 1.16459 0.008215 -1.16611
123.912 2 INS 4938 104 -517618592 1205861 372244 -423586144 6124 18856 10598
123.928 2 ATTITUDE 1.181558 6.282173 -1.173772
123.985 2 INS_REF 485057916 -31609623 411673221 404515786 -37285049 712727 662491 0.
123.985 2 INS 4938 104 -517628960 1205861 372244 -423406464 5583 19426 7502
123.985 2 GPS 3 43822691 447815397 139 654753 242 -5 2395 292912500 30 0
123.986 2 ATTITUDE 1.16742 0.00756 -1.179038
124.001 2 INS 5084 145 -517639328 1205861 288358 -423255872 4916 12444 8214
124.011 2 LINK_REPORT 2 -1 124 0 373716 8491 0 2995. 68. 27 58.85
124.080 2 ROTORCRAFT_FP 145 5084 517641376 288358 1205861 423193792 4793 -4829 22 0 0 0 0 3963 0
124.080 2 GPS_INT 0 0 0 404517575 -37284980 704977 654741 0 0 0 41 14 292912750 104 22 3 1
124.081 2 ALIVE 122,195,7,233,5,247,195,75,60,187,26,129,128,90,246,93
124.081 2 ATTITUDE 1.185146 6.272851 -1.182569
124.081 2 GVF_PARAMETRIC 5 1 0.234394 -6.,-34.859375,-45.699219,-22.828125,-21.648438,-0.449219,0.71875,17.71875,0.,0.,0.,0.,0.,0.,0.,0. -0.047154,-0.007543
124.082 2 INS 5084 145 -517649664 1211104 293601 -423083296 2184 11070 6759
124.082 2 ATTITUDE 1.171013 0.00906 -1.189254
124.112 2 INS 5084 145 -517660032 1211104 293601 -422866752 10393 16240 13214
124.128 2 ATTITUDE 1.159961 0.011714 -1.185602
124.185 2 INS 5084 145 -517670336 1211104 293601 -422672896 6391 11837 11775
124.185 2 GPS_INT 0 0 0 404517575 -37284980 704977 654741 0 0 0 41 14 292912750 104 22 3 1
124.186 2 ATTITUDE 1.168422 0.011708 -1.18458
124.201 2 INS 5084 145 -517680640 1211104 293601 -422544032 7151 20256 3806
124.227 2 ENERGY 41 7.515117 1.475 11.084798 7.850283 0.302594 2.268571
124.227 2 GPS 3 43822709 447815454 139 654741 238 5 2395 292912750 30 0
124.227 2 ATTITUDE 1.163279 0.031224 -1.178874
124.242 2 IMU_MAG_RAW 255 0 0 0
124.273 2 INS 5084 145 -517690912 1211104 293601 -422367360 4387 17312 5471
124.273 2 ROVER_CTRL 2.5 0.005482 4006.798584 1.016549 1400. 600. 1000. 1052.600098 7.675409 146.555908 2.494518 0.
124.312 2 ROTORCRAFT_FP 145 5084 517692960 293601 1211104 422312160 4760 -4818 132 0 0 0 0 4006 0
124.312 2 ATTITUDE 1.172618 0.02286 -1.176641
124.313 2 INS 5235 189 -517701184 1289747 335544 -422190496 10466 27375 -2306
124.352 2 SERIAL_COM 975 12845 2280 12313 0 0 0 14 366 80 76 0 0 0 0 0
124.352 2 GPS_INT 0 0 0 404517628 -37284961 704947 654711 0 0 0 41 14 292913000 105 22 3 1
124.352 2 ATTITUDE 1.154375 0.053332 -1.174194
124.367 2 INS 5235 189 -517711424 1289747 335544 -421954720 8256 18352 3945
124.383 2 ATTITUDE 1.158198 0.049811 -1.175431
124.399 2 INS 5235 189 -517721664 1289747 335544 -421785280 2545 5468 6978
124.432 2 ATTITUDE 1.151963 0.078729 -1.165218
124.488 2 GVF_PARAMETRIC 5 1 0.236358 6.,-10.898438,12.269531,15.839844,-9.296875,0.007812,32.308594,24.65625,0.,0.,0.,0.,0.,0.,0.,0. -0.059145,-0.053754
124.488 2 INS 5235 189 -517731904 1289747 335544 -421628032 9146 10253 9462
124.489 2 GPS 3 43822725 447815513 144 654711 255 9 2395 292913000 30 0
124.503 2 INS 5388 232 -517742176 1226832 314572 -421377152 -824 7453 10028
124.535 2 ROTORCRAFT_FP 232 5388 517744224 319815 1237318 421358528 4695 -4737 380 0 0 0 0 3973 0
124.535 2 ATTITUDE 1.153188 0.088343 -1.153862
124.551 2 INS 5388 232 -517752448 1237318 319815 -421315712 -1379 9181 3482
124.567 2 STATIC_CONTROL 0 0. 0 0. 0. 0. 0. 0. 0. 0. 0. 0. 0.
124.582 2 ATTITUDE 1.128588 0.119984 -1.148628
124.614 2 INS 5388 232 -517762688 1237318 319815 -421078944 2350 8533 8848
124.631 2 GPS_INT 0 0 0 404517682 -37284941 704877 654641 0 0 0 41 14 292913250 107 21 3 1
124.631 2 ATTITUDE 1.126956 0.122579 -1.147105
124.662 2 INS 5388 232 -517772928 1237318 319815 -420942592 8486 16856 9459
124.678 2 ATTITUDE 1.114173 0.129309 -1.151431
124.720 2 INS 5388 232 -517783168 1237318 319815 -420746304 -3425 14433 8855
124.721 2 GPS 3 43822743 447815573 145 654641 244 -19 2395 292913250 30 0
124.752 2 INS 5537 273 -517793408 1174404 356515 -420543136 14267 19622 14165
124.835 2 ROVER_CTRL 2.5 0.038017 4001.344238 1.1655 1400. 600. 1000. 1058.560059 53.223846 89.788437 2.461983 0.
124.835 2 ROTORCRAFT_FP 273 5537 517795456 361758 1174404 420515648 4584 -4701 507 0 0 0 0 4001 0
124.835 2 GPS_INT 0 0 0 404517734 -37284921 704826 654591 0 0 0 41 14 292913500 107 22 3 1
124.835 2 ATTITUDE 1.11276 0.127712 -1.144539
124.835 2 INS 5537 273 -517803648 1174404 361758 -420413536 -561 6518 11847
124.836 2 SERIAL_COM 975 14146 4630 5081 0 0 0 14 366 80 76 0 0 0 0 0
124.889 2 INS 5537 273 -517813920 1174404 361758 -420253600 6005 22578 5334
124.889 2 DL_VALUE 2 5.
124.890 2 ATTITUDE 1.114813 0.117565 -1.158173
124.905 2 INS 5537 273 -517824160 1174404 361758 -420108992 -382 6656 7326
124.933 2 GPS_INT 0 0 0 404517734 -37284921 704826 654591 0 0 0 41 14 292913500 107 22 3 1
124.934 2 ATTITUDE 1.10723 0.124081 -1.165257
124.934 2 WP_MOVED_ENU 9 4536 6312 -87
124.971 2 WP_MOVED_ENU 9 4536 6312 -87
124.972 2 INS 5537 273 -517834400 1174404 361758 -419976000 7914 16835 2798
124.972 2 GPS 3 43822760 447815630 159 654591 236 -10 2395 292913500 30 0
124.972 2 DATALINK_REPORT 5 205 2443 3064 0 12
124.972 2 ATTITUDE 1.083622 0.14356 -1.163181
125.004 2 INS 5683 322 -517844640 1205861 330301 -419779680 3760 10223 12543
125.012 2 LINK_REPORT 2 -1 125 0 376632 8556 0 2916. 65. 27 58.85
125.048 2 ROTORCRAFT_FP 322 5683 517846688 330301 1205861 419727456 4472 -4757 566 0 0 0 0 4007 0
125.049 2 ATTITUDE 1.100554 0.132783 -1.16331
125.050 2 ROTORCRAFT_NAV_STATUS 52 52 0. 0. 5 0 2
125.050 2 IMU_MAG_RAW 255 0 0 0
125.077 2 INS 5683 322 -517854880 1205861 335544 -419622528 4745 21811 8640
125.078 2 GPS_INT 0 0 0 404517786 -37284900 704794 654558 0 0 0 41 15 292913750 105 22 3 1
125.079 2 ATTITUDE 1.116775 0.120524 -1.168225
125.109 2 INS 5683 322 -517865120 1205861 335544 -419461408 15190 23723 13686
125.110 2 ROVER_STATUS 0 40 3 2 1 976 7.338499
125.125 2 ATTITUDE 1.131384 0.109058 -1.172704
125.157 2 INS 5683 322 -517875360 1205861 335544 -419376128 10694 22636 7494
125.172 2 ATTITUDE 1.107591 0.136029 -1.169572
125.217 2 INS 5683 322 -517885600 1205861 335544 -419173056 14638 29853 -1525
125.218 2 GPS 3 43822779 447815688 157 654558 240 0 2395 292913750 30 0
125.243 2 GPS_INT 0 0 0 404517786 -37284900 704794 654558 0 0 0 41 15 292913750 105 22 3 1
125.244 2 ATTITUDE 1.121539 0.130981 -1.170682
125.326 2 GVF_PARAMETRIC 5 1 0.241072 -6.,-34.859375,-45.699219,-22.828125,-21.648438,-0.449219,0.71875,17.71875,0.,0.,0.,0.,0.,0.,0.,0. -0.068619,-0.065425
125.327 2 INS 5683 322 -517895840 1205861 335544 -419004800 8431 29061 5443
125.327 2 ROVER_CTRL 2.5 0.073807 4036.692139 1.815065 1400. 600. 1000. 1076.227417 103.329468 57.578087 2.426193 0.
125.328 2 ROTORCRAFT_FP 322 5683 517897888 335544 1205861 418940320 4537 -4789 546 0 0 0 0 4036 0
125.329 2 ATTITUDE 1.140183 0.104359 -1.176671
125.333 2 INS 5841 368 -517906080 1368390 361758 -418928480 4923 17349 -5542
125.333 2 SERIAL_COM 976 11473 3815 7691 0 0 0 14 367 80 76 0 0 0 0 0
125.334 2 ATTITUDE 1.085273 0.156235 -1.17371
125.356 2 INS 5841 368 -517916320 1368390 361758 -418738528 9611 30315 -3185
125.356 2 GPS_SOL 41 15 105 21
125.383 2 GPS_INT 0 0 0 404517842 -37284878 704753 654517 0 0 0 41 15 292914000 105 21 3 1
125.384 2 ATTITUDE 1.083277 0.182336 -1.179049
125.399 2 INS 5841 368 -517926528 1368390 361758 -418514336 6444 11496 15335
125.431 2 ATTITUDE 1.087165 0.181019 -1.185957
125.447 2 INS 5841 368 -517936768 1368390 361758 -418451488 11010 24023 997
125.463 2 GPS 3 43822798 447815750 152 654517 270 -14 2395 292914000 30 0
125.581 2 ATTITUDE 1.032601 0.234929 -1.197353
125.581 2 PONG 
125.581 2 INS 6010 417 -517947008 1289747 372244 -418233344 27796 29319 5785
125.582 2 ROTORCRAFT_FP 417 6010 517949056 372244 1289747 418208096 4223 -4958 957 0 0 0 0 3895 0
125.582 2 GPS_INT 0 0 0 404517901 -37284856 704743 654507 0 0 0 41 15 292914250 107 22 3 1
125.582 2 STATE_FILTER_STATUS 6 3 0
125.582 2 ATTITUDE 1.022137 0.246832 -1.218684
125.583 2 INS 6010 417 -517957248 1289747 377487 -418144032 6773 15274 -3373
125.583 2 STATIC_CONTROL 0 0. 0 0. 0. 0. 0. 0. 0. 0. 0. 0. 0.
125.583 2 ATTITUDE 0.973381 0.294356 -1.224739
125.597 2 INS 6010 417 -517967456 1289747 377487 -417989920 3644 16791 1066
125.629 2 ATTITUDE 0.909332 0.363871 -1.221001
125.694 2 GVF_PARAMETRIC 5 1 0.244446 6.,-10.898438,12.269531,15.839844,-9.296875,0.007812,32.308594,24.65625,0.,0.,0.,0.,0.,0.,0.,0. -0.077279,-0.046522
125.695 2 INS 6010 417 -517977696 1289747 377487 -417795072 13894 19052 -3994
125.695 2 GPS_INT 0 0 0 404517901 -37284856 704743 654507 0 0 0 41 15 292914250 107 22 3 1
125.696 2 ATTITUDE 0.879407 0.401101 -1.225679
125.709 2 INS 6010 417 -517987904 1289747 377487 -417611936 3318 6297 3206
125.710 2 GPS 3 43822817 447815815 158 654507 258 0 2395 292914250 30 0
125.725 2 ATTITUDE 0.864046 0.428379 -1.241542
125.770 2 INS 6161 473 -517998144 1226832 540016 -417514336 11151 16630 4235
125.770 2 ROVER_CTRL 2.5 0.036221 3867.904785 2.425303 1400. 600. 1000. 1092.204346 50.70977 -74.791908 2.463779 0.
125.807 2 ROTORCRAFT_FP 473 6161 518000192 540016 1226832 417528544 3347 -5115 1894 0 0 0 0 3867 0
125.808 2 ATTITUDE 0.773857 0.500025 -1.253743
125.808 2 INS 6161 473 -518008352 1226832 540016 -417343008 15389 16289 6380
125.849 2 SERIAL_COM 976 16630 11151 4235 0 0 0 14 367 80 76 0 0 0 0 0
125.849 2 GPS_INT 0 0 0 404517954 -37284831 704685 654449 0 0 0 41 15 292914500 106 22 3 1
125.850 2 ATTITUDE 0.772452 0.497696 -1.281289
125.850 2 IMU_MAG_RAW 255 0 0 0
125.850 2 INS 6161 473 -518018560 1226832 540016 -417189184 7314 9524 4898
125.881 2 ATTITUDE 0.748433 0.537399 -1.302826
125.913 2 INS 6161 473 -518028800 1226832 540016 -417154464 60 4244 5066
125.929 2 ATTITUDE 0.628144 0.650509 -1.299649
125.961 2 INS 6161 473 -518039040 1226832 540016 -416985472 13542 22380 12349
125.962 2 GPS 3 43822839 447815874 200 654449 257 -11 2395 292914500 30 0
125.990 2 GPS_INT 0 0 0 404517954 -37284831 704685 654449 0 0 0 41 15 292914500 106 22 3 1
126.012 2 LINK_REPORT 2 -1 126 0 379589 8623 0 2957. 67. 28 125.74
126.030 2 INS 6312 542 -518049280 1216347 660602 -416814048 7764 14561 8658
126.030 2 ROTORCRAFT_FP 542 6312 518051328 660602 1216347 416777568 2118 -5413 3071 0 0 0 0 3781 0
126.031 2 ATTITUDE 0.526084 0.733008 -1.330474
126.072 2 GVF_PARAMETRIC 5 1 0.247468 0.,0.2,0.2,1.003102,1.003102,0.05,32.308594,24.65625,0.,0.,0.,0.,0.,0.,0.,0. -0.067458,-0.004399
126.073 2 INS 6312 542 -518059488 1216347 665845 -416689696 4280 10247 3167
126.104 2 INS 6312 542 -518069696 1216347 665845 -416484128 11015 19442 9128
126.131 2 GPS_INT 0 0 0 404518007 -37284798 704640 654404 0 0 0 41 16 292914750 104 22 3 1
126.131 2 ATTITUDE 0.428957 0.815903 -1.330005
126.147 2 INS 6312 542 -518079936 1216347 665845 -416321568 10899 15395 18088
126.179 2 ATTITUDE 0.365085 0.877904 -1.348361
126.211 2 INS 6312 542 -518090112 1216347 665845 -416222720 6596 6524 3158
126.211 2 GPS 3 43822867 447815933 251 654404 265 -13 2395 292914750 30 0
126.226 2 ATTITUDE 0.330053 0.90947 -1.355664
126.227 2 WP_MOVED_ENU 10 -686 -1218 -87
126.242 2 WP_MOVED_ENU 10 -686 -1218 -87
126.283 2 INS 6312 542 -518100256 1216347 665845 -416055424 9435 18232 6776
126.283 2 ROVER_CTRL 2.5 -0.017231 3737.663574 2.457307 1400. 600. 1000. 1095.674683 -24.123383 -133.991241 2.517231 0.
126.284 2 ROTORCRAFT_FP 542 6312 518102304 665845 1216347 416015968 1170 -5551 3896 0 0 0 0 3737 0
126.335 2 GPS_INT 0 0 0 404518007 -37284798 704640 654404 0 0 0 41 16 292914750 104 22 3 1
126.336 2 ATTITUDE 0.270946 0.964629 -1.354277
126.336 2 INS 6453 632 -518110400 1148189 775945 -415854848 6332 18576 10804
126.336 2 SERIAL_COM 977 21713 13762 2215 0 0 0 14 368 80 76 0 0 0 0 0
126.336 2 ATTITUDE 0.229881 1.001504 -1.362324
126.378 2 ATTITUDE 0.199865 1.027458 -1.365139
126.394 2 INS 6453 632 -518130624 1148189 775945 -415552608 6074 19191 -2602
126.426 2 GPS_INT 0 0 0 404518057 -37284757 704608 654372 0 0 0 41 19 292915000 103 22 3 1
126.426 2 ATTITUDE 0.140107 1.080281 -1.357221
126.480 2 GVF_PARAMETRIC 5 1 0.250373 -6.,-34.859375,-45.699219,-22.828125,-21.648438,-0.449219,0.71875,17.71875,0.,0.,0.,0.,0.,0.,0.,0. -0.091334,-0.041133
126.480 2 INS 6453 632 -518140704 1148189 775945 -415310816 -96 12914 13010
126.480 2 GPS 3 43822902 447815988 297 654372 266 -1 2395 292915000 30 0
126.481 2 DL_VALUE 3 1.
126.481 2 ATTITUDE 0.077599 1.143339 -1.368321
126.524 2 INS 6584 727 -518150816 1032846 807402 -415137056 11051 18059 7210
126.524 2 ROTORCRAFT_FP 727 6584 518152832 807402 1032846 415125920 303 -5621 4680 0 0 0 0 3807 0
126.524 2 ATTITUDE 0.048582 1.168443 -1.373942
126.582 2 STATIC_CONTROL 0 0. 0 0. 0. 0. 0. 0. 0. 0. 0. 0. 0.
126.582 2 GPS_INT 0 0 0 404518103 -37284713 704565 654329 0 0 0 41 20 292915250 104 22 3 1
126.583 2 ATTITUDE -0.010352 1.214334 -1.36784
126.610 2 INS 6584 727 -518171008 1027603 807402 -414819776 10099 17079 426
126.611 2 ROVER_STATUS 0 36 3 2 1 977 7.479794
126.626 2 ATTITUDE -0.053804 1.259172 -1.375419
126.654 2 ROTORCRAFT_NAV_STATUS 53 53 0. 0. 5 0 2
126.655 2 IMU_MAG_RAW 255 0 0 0
126.655 2 INS 6584 727 -518181088 1027603 807402 -414671232 4903 9396 1907
126.670 2 ATTITUDE -0.140202 1.335764 -1.380778
126.712 2 INS 6584 727 -518191168 1027603 807402 -414539840 -75 6225 2625
126.713 2 GPS 3 43822940 447816039 339 654329 251 -2 2395 292915250 30 0
126.769 2 ALIVE 122,195,7,233,5,247,195,75,60,187,26,129,128,90,246,93
126.769 2 ATTITUDE -0.192729 1.388055 -1.374162
126.770 2 INS 6704 829 -518201248 959446 870317 -414377216 10662 12795 3414
126.770 2 ROVER_CTRL 2.5 -0.038713 3767.944336 2.352678 1400. 600. 1000. 1086.807129 -54.197502 -64.897537 2.538713 0.
126.824 2 ROTORCRAFT_FP 829 6704 518203296 870317 959446 414335040 -870 -5609 5764 0 0 0 0 3767 0
126.825 2 ATTITUDE -0.226535 1.413681 -1.364394
126.826 2 INS 6704 829 -518211392 964689 870317 -414135488 8968 17711 14411
126.826 2 SERIAL_COM 977 9227 7136 11074 0 0 0 14 368 80 76 0 0 0 0 0
126.827 2 ATTITUDE -0.270991 1.45083 -1.374579
126.886 2 GVF_PARAMETRIC 5 1 0.254055 6.,-10.898438,12.269531,15.839844,-9.296875,0.007812,32.308594,24.65625,0.,0.,0.,0.,0.,0.,0.,0. -0.080446,-0.020081
126.886 2 INS 6704 829 -518221472 964689 870317 -414079648 -3496 3436 5408
126.887 2 GPS_INT 0 0 0 404518145 -37284666 704514 654278 0 0 0 41 19 292915500 104 22 3 1
126.887 2 ATTITUDE -0.267983 1.451172 -1.356347
126.901 2 INS 6704 829 -518231552 964689 870317 -413948096 15208 27133 3768
126.917 2 ATTITUDE -0.2925 1.461229 -1.335641
126.959 2 INS 6704 829 -518241632 964689 870317 -413638144 -4779 15966 9960
126.960 2 GPS 3 43822980 447816085 382 654278 249 3 2395 292915500 30 0
127.007 2 INS 6819 934 -518251712 938474 812645 -413517824 23711 28616 2044
127.013 2 LINK_REPORT 2 -1 127 0 382494 8688 0 2905. 65. 28 125.74
127.050 2 ROTORCRAFT_FP 934 6819 518253728 812645 938474 413507616 -1485 -5473 6282 0 0 0 0 3812 0
127.051 2 GPS_INT 0 0 0 404518186 -37284618 704489 654253 0 0 0 42 19 292915750 104 22 3 1
127.051 2 ATTITUDE -0.369299 1.542619 -1.328515
127.051 2 INS 6819 934 -518261792 938474 817888 -413358592 13541 10450 6459
127.066 2 ATTITUDE -0.437436 1.602868 -1.316237
127.098 2 INS 6819 934 -518271872 938474 817888 -413207744 5079 5362 1191
127.114 2 ATTITUDE -0.475033 1.641279 -1.310595
127.146 2 INS 6819 934 -518281952 938474 817888 -413064000 19059 11198 3506
127.178 2 GPS_INT 0 0 0 404518186 -37284618 704489 654253 0 0 0 42 19 292915750 104 22 3 1
127.179 2 ATTITUDE -0.52398 1.681264 -1.307893
127.194 2 INS 6819 934 -518292032 938474 817888 -412926144 3233 10930 8339
127.210 2 GPS 3 43823021 447816130 396 654253 239 -11 2395 292915750 30 0
127.225 2 ATTITUDE -0.583844 1.734457 -1.292752
127.269 2 GVF_PARAMETRIC 5 1 0.256936 0.,0.2,0.2,1.003102,1.003102,0.05,32.308594,24.65625,0.,0.,0.,0.,0.,0.,0.,0. -0.105238,-0.031974
127.270 2 INS 6819 934 -518302112 938474 817888 -412730432 20311 17632 6469
127.350 2 ROTORCRAFT_FP 934 6819 518304128 817888 938474 412704032 -2498 -5241 7246 0 0 0 0 3804 0
127.351 2 ATTITUDE -0.637283 1.791904 -1.272595
127.351 2 INS 6929 1039 -518312192 828374 927988 -412490752 6802 13819 14049
127.351 2 SERIAL_COM 978 14579 6538 966 0 0 0 14 369 80 76 0 0 0 0 0
127.351 2 GPS_INT 0 0 0 404518224 -37284569 704438 654202 0 0 0 42 17 292916000 103 22 3 1
127.352 2 ATTITUDE -0.716641 1.873062 -1.26703
127.352 2 INS 6929 1039 -518322272 828374 927988 -412422848 10791 8586 2471
127.352 2 GPS_SOL 42 17 103 22
127.382 2 ATTITUDE -0.735254 1.870366 -1.245947
127.414 2 ATTITUDE -0.746966 1.86523 -1.211249
127.430 2 IMU_MAG_RAW 255 0 0 0
127.458 2 INS 6929 1039 -518342432 828374 927988 -412074720 11410 9163 8721
127.458 2 GPS 3 43823063 447816172 440 654202 238 -5 2395 292916000 30 0
127.484 2 GPS_INT 0 0 0 404518224 -37284569 704438 654202 0 0 0 42 17 292916000 103 22 3 1
127.484 2 ATTITUDE -0.840754 1.937067 -1.194628
127.500 2 INS 7029 1162 -518352512 802159 1064303 -411931360 1701 5577 2738
127.541 2 ROTORCRAFT_FP 1162 7029 518354528 1064303 802159 411910432 -3614 -4866 8120 0 0 0 0 3854 0
127.541 2 ATTITUDE -0.901309 1.988937 -1.179494
127.542 2 WP_MOVED_ENU 11 -10526 6699 -87
127.542 2 WP_MOVED_ENU 11 -10526 6699 -87
127.542 2 INS 7029 1162 -518362592 796917 1069546 -411827008 13752 11995 7871
127.557 2 STATIC_CONTROL 0 0. 0 0. 0. 0. 0. 0. 0. 0. 0. 0. 0.
127.573 2 ATTITUDE -0.935498 2.014207 -1.156716
127.605 2 INS 7029 1162 -518372672 796917 1069546 -411676480 9500 4398 5224
127.631 2 GPS_INT 0 0 0 404518259 -37284513 704408 654172 0 0 0 42 19 292916250 103 22 3 1
127.631 2 ATTITUDE -0.967827 2.018205 -1.124779
127.684 2 GVF_PARAMETRIC 5 1 0.260536 -6.,-34.859375,-45.699219,-22.828125,-21.648438,-0.449219,0.71875,17.71875,0.,0.,0.,0.,0.,0.,0.,0. -0.091228,0.00398
127.685 2 INS 7029 1162 -518382720 796917 1069546 -411432512 16345 21132 9590
127.685 2 ATTITUDE -1.007281 2.051761 -1.109367
127.710 2 INS 7029 1162 -518392800 796917 1069546 -411299072 13115 16480 8804
127.710 2 GPS 3 43823111 447816210 480 654172 256 -12 2395 292916250 30 0
127.726 2 ATTITUDE -1.043944 2.076499 -1.084342
127.742 2 INS 7111 1300 -518402880 545259 1184889 -411170848 20865 22046 2357
127.819 2 ROVER_CTRL 2.5 -0.013089 3880.836426 4.322893 1400. 600. 1000. 1064.654663 -18.324518 34.427643 2.513089 0.
127.819 2 ROTORCRAFT_FP 1300 7111 518404896 1184889 545259 411131648 -4323 -4351 8456 0 0 0 0 3880 0
127.820 2 GPS_INT 0 0 0 404518288 -37284449 704352 654116 0 0 0 42 19 292916500 104 22 3 1
127.820 2 ATTITUDE -1.059567 2.067503 -1.044845
127.820 2 INS 7111 1300 -518412960 545259 1195375 -410951072 17349 13037 7687
127.820 2 SERIAL_COM 978 7672 10328 -3577 0 0 0 14 369 80 76 0 0 0 0 0
127.821 2 ATTITUDE -1.091809 2.086827 -1.020445
127.851 2 INS 7111 1300 -518423040 545259 1195375 -410774112 5142 4936 6214
127.866 2 ATTITUDE -1.115533 2.098264 -0.996539
127.914 2 INS 7111 1300 -518433120 545259 1195375 -410586848 16185 14836 13140
127.914 2 GPS_INT 0 0 0 404518288 -37284449 704352 654116 0 0 0 42 19 292916500 104 22 3 1
127.960 2 INS 7111 1300 -518443200 545259 1195375 -410424992 16012 12439 14641
127.960 2 GPS 3 43823166 447816242 544 654116 252 -2 2395 292916500 30 0
127.961 2 ATTITUDE -1.176453 2.105429 -0.922105
127.992 2 INS 7175 1448 -518453248 450887 1247804 -410249568 6433 3190 673
128.013 2 LINK_REPORT 2 -1 128 0 385334 8751 0 2840. 63. 28 125.74
128.021 2 ROTORCRAFT_FP 1448 7175 518455264 1247804 450887 410209888 -4858 -3690 8619 0 0 0 0 3909 0
128.096 2 GPS_INT 0 0 0 404518311 -37284381 704355 654119 0 0 0 43 17 292916750 104 22 3 1
128.097 2 DL_VALUE 4 1.
128.097 2 ATTITUDE -1.208607 2.080089 -0.868885
128.112 2 ROVER_STATUS 0 42 3 2 1 979 7.382653
128.128 2 ATTITUDE -1.215646 2.059495 -0.84348
128.144 2 INS 7175 1448 -518483424 450887 1247804 -409698336 7161 12109 5109
128.176 2 ATTITUDE -1.221946 2.052806 -0.830224
128.193 2 INS 7175 1448 -518493472 450887 1247804 -409497248 35534 36914 16758
128.207 2 GPS 3 43823223 447816267 625 654119 255 0 2395 292916750 30 0
128.249 2 GPS_INT 0 0 0 404518311 -37284381 704355 654119 0 0 0 43 17 292916750 104 22 3 1
128.250 2 ATTITUDE -1.225569 2.035793 -0.809565
128.250 2 ROTORCRAFT_NAV_STATUS 55 55 0. 0. 5 0 2
128.251 2 IMU_MAG_RAW 255 0 0 0
128.251 2 INS 7175 1448 -518503424 450887 1247804 -409337984 18889 7732 2647
128.303 2 ROVER_CTRL 2.5 0.00833 3932.29248 3.573894 1400. 600. 1000. 1063.555542 11.661816 57.125092 2.49167 0.
128.304 2 ROTORCRAFT_FP 1448 7175 518505408 1247804 450887 409313344 -5036 -3238 8292 0 0 0 0 3932 0
128.305 2 ATTITUDE -1.231041 2.025592 -0.77967
128.305 2 INS 7219 1605 -518513344 183500 1237318 -409045088 28301 4231 3041
128.306 2 SERIAL_COM 979 12109 7161 5109 0 0 0 14 370 80 76 0 0 0 0 0
128.318 2 ATTITUDE -1.248485 2.019549 -0.755006
128.374 2 GPS_INT 0 0 0 404518326 -37284310 704391 654155 0 0 0 43 15 292917000 104 22 3 1
128.375 2 ATTITUDE -1.237789 1.982334 -0.73829
128.406 2 INS 7219 1605 -518533216 183500 1237318 -408690432 14469 4558 5139
128.422 2 ATTITUDE -1.237866 1.960067 -0.708938
128.476 2 GVF_PARAMETRIC 5 1 0.267036 0.,0.2,0.2,1.003102,1.003102,0.05,32.308594,24.65625,0.,0.,0.,0.,0.,0.,0.,0. -0.081902,0.02873
128.477 2 INS 7219 1605 -518543136 183500 1237318 -408482816 15625 9822 4659
128.477 2 GPS 3 43823284 447816283 711 654155 240 13 2395 292917000 30 0
128.477 2 ATTITUDE -1.266196 1.980766 -0.686345
128.491 2 INS 7219 1605 -518553056 183500 1237318 -408300544 22287 -2856 2329
128.531 2 ROTORCRAFT_FP 1761 7239 518555040 1342176 68157 408291648 -5217 -2759 8059 0 0 0 0 3885 0
128.531 2 GPS_INT 0 0 0 404518333 -37284237 704414 654179 0 0 0 43 14 292917250 107 22 3 1
128.531 2 ATTITUDE -1.271893 1.949548 -0.668153
128.546 2 INS 7239 1761 -518562976 68157 1342176 -408098752 22252 10480 10192
128.572 2 STATIC_CONTROL 0 0. 0 0. 0. 0. 0. 0. 0. 0. 0. 0. 0.
128.573 2 ATTITUDE -1.271881 1.919759 -0.650288
128.588 2 INS 7239 1761 -518572928 68157 1342176 -407892672 11163 7375 10103
128.620 2 ATTITUDE -1.283277 1.917908 -0.643095
128.652 2 INS 7239 1761 -518582848 68157 1342176 -407789568 14061 13596 8414
128.669 2 GPS_INT 0 0 0 404518333 -37284237 704414 654179 0 0 0 43 14 292917250 107 22 3 1
128.669 2 ATTITUDE -1.279658 1.892261 -0.627059
128.721 2 INS 7239 1761 -518592768 68157 1342176 -407586976 15025 12606 13044
128.722 2 ENERGY 40 7.417977 1.95 14.465055 7.871648 0.304785 2.284812
128.722 2 GPS 3 43823346 447816290 799 654179 258 8 2395 292917250 30 0
128.722 2 STATE_FILTER_STATUS 6 3 0
128.722 2 ATTITUDE -1.284314 1.878182 -0.61198
128.738 2 INS 7239 1761 -518602688 68157 1342176 -407396992 19238 8942 5472
128.780 2 ROVER_CTRL 2.5 0.027013 3863.347656 2.178823 1400. 600. 1000. 1071.729858 37.818623 -46.038628 2.472987 0.
128.781 2 ROTORCRAFT_FP 1925 7242 518604672 1342176 -62914 407345888 -5258 -2474 7709 0 0 0 0 3863 0
128.781 2 ATTITUDE -1.287647 1.878206 -0.603894
128.825 2 INS 7242 1925 -518612608 -62914 1347418 -407204800 17030 3745 4659
128.825 2 SERIAL_COM 979 1588 11580 2325 0 0 0 14 370 80 76 0 0 0 0 0
128.826 2 GPS_INT 0 0 0 404518334 -37284162 704454 654218 0 0 0 44 15 292917500 104 22 3 1
128.827 2 ATTITUDE -1.287119 1.857708 -0.594962
128.849 2 WP_MOVED_ENU 12 760 1031 2560
128.854 2 WP_MOVED_ENU 12 760 1031 2560
128.870 2 INS 7242 1925 -518622528 -62914 1347418 -407054880 15918 7218 5725
128.901 2 ATTITUDE -1.282392 1.835978 -0.586798
128.901 2 INS 7242 1925 -518632448 -62914 1347418 -406816416 15493 7173 6835
128.917 2 ATTITUDE -1.298827 1.834847 -0.577527
128.949 2 INS 7242 1925 -518642368 -62914 1347418 -406654272 14126 2651 6332
128.950 2 GPS 3 43823409 447816291 864 654218 258 8 2395 292917500 30 0
128.975 2 GPS_INT 0 0 0 404518334 -37284162 704454 654218 0 0 0 44 15 292917500 104 22 3 1
128.976 2 ATTITUDE -1.298897 1.828606 -0.569725
128.992 2 INS 7242 1925 -518652288 -62914 1347418 -406517952 7519 7645 4121
129.015 2 LINK_REPORT 2 -1 129 0 388145 8816 0 2811. 65. 28 125.74
129.038 2 ROTORCRAFT_FP 2083 7232 518654272 1315961 -62914 406469888 -5321 -2301 7435 0 0 0 0 3823 0
129.039 2 ATTITUDE -1.295352 1.809511 -0.565084
129.039 2 INS_REF 485057916 -31609623 411673221 404515786 -37285049 712727 662491 0.
129.039 2 IMU_MAG_RAW 255 0 0 0
129.053 2 INS 7232 2083 -518662208 -62914 1315961 -406360960 12084 8870 4916
129.070 2 ATTITUDE -1.305234 1.804174 -0.557469
129.103 2 INS 7232 2083 -518672128 -62914 1315961 -406177792 23932 9120 6127
129.119 2 GPS_INT 0 0 0 404518330 -37284088 704466 654230 0 0 0 44 14 292917750 104 22 3 1
129.120 2 ATTITUDE -1.30161 1.795092 -0.555308
129.150 2 INS 7232 2083 -518682048 -62914 1315961 -406068800 19261 6227 1436
129.166 2 ATTITUDE -1.288278 1.773921 -0.556937
129.210 2 INS 7232 2083 -518691968 -62914 1315961 -405901120 17894 -372 6188
129.210 2 GPS 3 43823472 447816286 895 654230 253 2 2395 292917750 30 0
129.227 2 ATTITUDE -1.289339 1.769872 -0.549956
129.255 2 GVF_PARAMETRIC 5 1 0.273747 6.,-10.898438,12.269531,15.839844,-9.296875,0.007812,32.308594,24.65625,0.,0.,0.,0.,0.,0.,0.,0. -0.090379,0.03577
129.268 2 INS 7232 2083 -518701888 -62914 1315961 -405687328 26717 12367 9861
129.308 2 ROVER_CTRL 2.5 -0.002368 3803.018066 2.184057 1400. 600. 1000. 1075.579956 -3.315496 -69.260597 2.502368 0.
129.309 2 ROTORCRAFT_FP 2083 7232 518703872 1315961 -62914 405661344 -5309 -2230 7268 0 0 0 0 3803 0
129.309 2 ATTITUDE -1.294651 1.766301 -0.538665
129.348 2 INS 7214 2245 -518711808 -152043 1352661 -405564128 18237 10278 6950
129.348 2 SERIAL_COM 980 1039 11430 821 0 0 0 14 371 80 76 0 0 0 0 0
129.349 2 ATTITUDE -1.292046 1.75584 -0.528772
129.349 2 INS 7214 2245 -518721728 -152043 1352661 -405373152 18738 -2197 3779
129.349 2 GPS_SOL 44 15 109 22
129.364 2 ATTITUDE -1.291231 1.74141 -0.519586
129.396 2 INS 7214 2245 -518731648 -152043 1352661 -405165920 30997 8015 4481
129.422 2 GPS_INT 0 0 0 404518324 -37284015 704472 654236 0 0 0 44 15 292918000 109 22 3 1
129.423 2 ALIVE 122,195,7,233,5,247,195,75,60,187,26,129,128,90,246,93
129.423 2 ATTITUDE -1.306432 1.752981 -0.51444
129.438 2 INS 7214 2245 -518741568 -152043 1352661 -405032384 9499 8600 5761
129.454 2 GPS 3 43823534 447816279 934 654236 261 7 2395 292918000 30 0
129.470 2 ATTITUDE -1.312223 1.753022 -0.50615
129.523 2 INS 7214 2245 -518751456 -152043 1352661 -404773920 10122 75 7502
129.524 2 ROTORCRAFT_FP 2401 7188 518753440 1305475 -183500 404752512 -5365 -2096 7130 0 0 0 0 3847 0
129.524 2 ATTITUDE -1.318908 1.737788 -0.500171
129.540 2 INS 7188 2401 -518761376 -188743 1310718 -404611008 14358 7732 6794
129.581 2 STATIC_CONTROL 0 0. 0 0. 0. 0. 0. 0. 0. 0. 0. 0. 0.
129.581 2 GPS_INT 0 0 0 404518315 -37283942 704503 654268 0 0 0 44 14 292918250 109 22 3 1
129.582 2 ATTITUDE -1.309332 1.738497 -0.505147
129.602 2 ROVER_STATUS 0 47 3 2 1 980 7.470963
129.613 2 ATTITUDE -1.289336 1.72351 -0.503414
129.667 2 GVF_PARAMETRIC 5 1 0.27711 0.,0.2,0.2,1.003102,1.003102,0.05,32.308594,24.65625,0.,0.,0.,0.,0.,0.,0.,0. -0.060363,0.035711
129.668 2 INS 7188 2401 -518781216 -188743 1310718 -404220736 22179 4719 12789
129.668 2 DL_VALUE 5 1.
129.668 2 ATTITUDE -1.290361 1.716948 -0.492209
129.722 2 INS 7188 2401 -518791136 -188743 1310718 -404029024 12762 9207 10037
129.722 2 GPS 3 43823596 447816268 957 654268 253 8 2395 292918250 30 0
129.723 2 GPS_INT 0 0 0 404518315 -37283942 704503 654268 0 0 0 44 14 292918250 109 22 3 1
129.723 2 ATTITUDE -1.300724 1.71548 -0.480774
129.818 2 ROTORCRAFT_FP 2562 7162 518803008 1315961 -188743 403833952 -5342 -1948 7081 0 0 0 0 3813 0
129.818 2 ATTITUDE -1.303694 1.716652 -0.475887
129.819 2 INS 7162 2562 -518810944 -193986 1321204 -403680864 22120 7421 7988
129.819 2 SERIAL_COM 980 2027 3282 3217 0 0 0 14 371 80 76 0 0 0 0 0
129.819 2 ATTITUDE -1.314157 1.72137 -0.470454
129.834 2 ROTORCRAFT_NAV_STATUS 57 57 0. 0. 5 0 2
129.850 2 INS 7162 2562 -518820832 -193986 1321204 -403553792 10866 3900 6437
129.878 2 GPS_INT 0 0 0 404518306 -37283869 704486 654251 0 0 0 44 14 292918500 103 22 3 1
129.878 2 ATTITUDE -1.309768 1.71845 -0.464778
129.894 2 INS 7162 2562 -518830720 -193986 1321204 -403341120 22037 677 8198
129.910 2 ATTITUDE -1.307067 1.721498 -0.461688
129.957 2 INS 7162 2562 -518840576 -193986 1321204 -403158240 32008 11055 15434
129.957 2 GPS 3 43823658 447816258 969 654251 255 -9 2395 292918500 30 0
129.957 2 ATTITUDE -1.296965 1.725606 -0.449731
129.989 2 INS 7162 2562 -518850432 -193986 1321204 -402919296 10828 -539 10244
130.015 2 LINK_REPORT 2 -1 130 0 390914 8880 0 2769. 64. 28 125.74
130.026 2 ROTORCRAFT_FP 2716 7121 518852384 1263532 -288358 402896960 -5333 -1826 7071 0 0 0 0 3812 0
130.026 2 GPS_INT 0 0 0 404518292 -37283797 704464 654229 0 0 0 44 13 292918750 108 22 3 1
130.027 2 ATTITUDE -1.307244 1.724855 -0.434243
130.052 2 GVF_PARAMETRIC 5 1 0.279599 -6.,-34.859375,-45.699219,-22.828125,-21.648438,-0.449219,0.71875,17.71875,0.,0.,0.,0.,0.,0.,0.,0. -0.085271,0.04846
130.067 2 DATALINK_REPORT 5 206 2795 3080 0 12
130.068 2 ATTITUDE -1.31648 1.735311 -0.426512
130.084 2 INS 7121 2716 -518870016 -283115 1268775 -402599008 9658 -192 8453
130.131 2 ATTITUDE -1.321838 1.73532 -0.412014
130.131 2 WP_MOVED_ENU 13 775 -1018 2560
130.131 2 WP_MOVED_ENU 13 775 -1018 2560
130.147 2 INS 7121 2716 -518879808 -283115 1268775 -402407168 23157 6010 12534
130.163 2 GPS_INT 0 0 0 404518292 -37283797 704464 654229 0 0 0 44 13 292918750 108 22 3 1
130.164 2 ATTITUDE -1.332288 1.731401 -0.403652
130.195 2 INS 7121 2716 -518889568 -283115 1268775 -402271680 15842 5341 9445
130.195 2 GPS 3 43823719 447816242 997 654229 249 4 2395 292918750 30 0
130.210 2 ATTITUDE -1.330601 1.736558 -0.399408
130.283 2 INS 7121 2716 -518899360 -283115 1268775 -402115872 26976 1791 7869
130.283 2 ROVER_CTRL 2.5 -0.024779 3851.46582 1.909457 1400. 600. 1000. 1060.448853 -34.690048 25.558472 2.524779 0.
130.283 2 ROTORCRAFT_FP 2716 7121 518901312 1268775 -283115 402081088 -5435 -1626 7137 0 0 0 0 3851 0
130.284 2 ATTITUDE -1.325129 1.740318 -0.391712
130.320 2 INS 7070 2869 -518909120 -367001 1258290 -401944992 17070 2592 6114
130.321 2 SERIAL_COM 981 2819 21811 8396 0 0 0 14 372 80 76 0 0 0 0 0
130.321 2 GPS_INT 0 0 0 404518274 -37283727 704428 654192 0 0 0 44 13 292919000 108 22 3 1
130.322 2 ATTITUDE -1.322873 1.737841 -0.388182
130.344 2 INS 7070 2869 -518918880 -367001 1258290 -401765152 28162 6332 5649
130.368 2 ATTITUDE -1.320555 1.734121 -0.380586
130.385 2 INS 7070 2869 -518928640 -367001 1258290 -401546560 17095 -142 8541
130.416 2 ATTITUDE -1.328847 1.736271 -0.377324
130.518 2 GVF_PARAMETRIC 5 1 0.282629 6.,-10.898438,12.269531,15.839844,-9.296875,0.007812,32.308594,24.65625,0.,0.,0.,0.,0.,0.,0.,0. -0.05287,0.040618
130.519 2 INS 7070 2869 -518938432 -367001 1258290 -401385792 17783 -1783 8699
130.520 2 GPS 3 43823778 447816221 1031 654192 251 -4 2395 292919000 30 0
130.520 2 GPS_INT 0 0 0 404518274 -37283727 704428 654192 0 0 0 44 13 292919000 108 22 3 1
130.520 2 ATTITUDE -1.3275 1.736042 -0.370695
130.521 2 INS 7070 2869 -518948192 -367001 1258290 -401240832 7939 1354 9669
130.521 2 PONG 
130.521 2 ROTORCRAFT_FP 2869 7070 518950144 1258290 -367001 401213056 -5442 -1524 7125 0 0 0 0 3839 0
130.521 2 ATTITUDE -1.337263 1.73788 -0.361795
130.534 2 INS 7019 3020 -518957952 -398458 1237318 -401064864 11783 4251 7416
130.565 2 ATTITUDE -1.338218 1.750094 -0.361881
130.581 2 INS 7019 3020 -518967744 -398458 1237318 -400911360 17779 1484 4252
130.624 2 GPS_INT 0 0 0 404518255 -37283657 704441 654205 0 0 0 44 12 292919250 110 22 3 1
130.624 2 ATTITUDE -1.337277 1.750171 -0.359089
130.624 2 IMU_MAG_RAW 255 0 0 0
130.639 2 INS 7019 3020 -518977504 -398458 1237318 -400726336 13094 3386 7524
130.655 2 ATTITUDE -1.33229 1.74573 -0.357522
130.698 2 INS 7019 3020 -518987264 -398458 1237318 -400562784 31772 4055 5516
130.699 2 GPS 3 43823837 447816200 1054 654205 249 0 2395 292919250 30 0
130.714 2 ATTITUDE -1.339972 1.747971 -0.355071
130.730 2 INS 7019 3020 -518997024 -398458 1237318 -400386240 17483 12919 5706
130.821 2 ROTORCRAFT_FP 3169 6968 518998976 1216347 -382729 400360544 -5483 -1458 7149 0 0 0 0 3859 0
130.821 2 GPS_INT 0 0 0 404518238 -37283589 704431 654195 0 0 0 44 13 292919500 112 21 3 1
130.822 2 AUTOPILOT_VERSION 60200 v6.2_unstable-650-g74eaf7c20-dirty
130.822 2 ATTITUDE -1.332148 1.749835 -0.355847
130.822 2 INS 6968 3169 -519006784 -387972 1221589 -400218016 20575 11028 7144
130.823 2 SERIAL_COM 981 2137 20334 7756 0 0 0 14 372 80 76 0 0 0 0 0
130.823 2 ATTITUDE -1.338702 1.750924 -0.35295
130.859 2 GVF_PARAMETRIC 5 1 0.285638 0.,0.2,0.2,1.003102,1.003102,0.05,32.308594,24.65625,0.,0.,0.,0.,0.,0.,0.,0. -0.023539,0.033196
130.859 2 INS 6968 3169 -519016544 -387972 1221589 -400075232 6642 2243 2267
130.860 2 ATTITUDE -1.336298 1.755298 -0.346363
130.890 2 INS 6968 3169 -519026304 -387972 1221589 -399931584 16922 9031 7545
130.916 2 GPS_INT 0 0 0 404518238 -37283589 704431 654195 0 0 0 44 13 292919500 112 21 3 1
130.917 2 ATTITUDE -1.340795 1.766416 -0.352717
130.932 2 INS 6968 3169 -519036064 -387972 1221589 -399807968 10462 789 4679
130.948 2 GPS 3 43823894 447816180 1064 654195 245 -18 2395 292919500 30 0
130.964 2 ATTITUDE -1.326084 1.768797 -0.349256
131.010 2 INS 6968 3169 -519045824 -387972 1221589 -399598592 28004 10299 11483
131.011 2 ROTORCRAFT_FP 3169 6968 519047776 1221589 -387972 399572800 -5448 -1438 7249 0 0 0 0 3871 0
131.011 2 ATTITUDE -1.333836 1.764323 -0.348024
131.015 2 LINK_REPORT 2 -1 131 0 393974 8948 0 3060. 68. 29 65.08
131.042 2 INS 6924 3312 -519055584 -450887 1121975 -399451584 25989 16912 12879
131.058 2 GPS_INT 0 0 0 404518222 -37283523 704480 654244 0 0 0 44 12 292919750 108 22 3 1
131.059 2 ATTITUDE -1.335305 1.767708 -0.352412
131.090 2 INS 6924 3312 -519065344 -450887 1121975 -399302592 16422 2155 2380
131.090 2 ROVER_STATUS 0 45 3 2 1 982 7.488625
131.106 2 ATTITUDE -1.335848 1.772074 -0.343823
131.138 2 INS 6924 3312 -519075104 -450887 1121975 -399150688 34383 1775 8598
131.154 2 ATTITUDE -1.327325 1.77642 -0.340427
131.197 2 INS 6924 3312 -519084864 -450887 1121975 -398951168 15982 2759 7362
131.197 2 GPS 3 43823950 447816162 1089 654244 231 10 2395 292919750 30 0
131.223 2 GPS_INT 0 0 0 404518222 -37283523 704480 654244 0 0 0 44 12 292919750 108 22 3 1
131.224 2 ATTITUDE -1.33611 1.789537 -0.333106
131.306 2 GVF_PARAMETRIC 5 1 0.288036 -6.,-34.859375,-45.699219,-22.828125,-21.648438,-0.449219,0.71875,17.71875,0.,0.,0.,0.,0.,0.,0.,0. -0.067023,0.056333
131.306 2 INS 6924 3312 -519094624 -450887 1121975 -398786112 10183 -1240 3897
131.306 2 ROVER_CTRL 2.5 0.01746 3977.944336 1.001458 1400. 600. 1000. 1050.322754 24.443483 103.282928 2.48254 0.
131.307 2 ROTORCRAFT_FP 3312 6924 519096576 1121975 -450887 398750720 -5489 -1397 7358 0 0 0 0 3977 0
131.307 2 DL_VALUE 6 1.
131.307 2 ATTITUDE -1.341102 1.805398 -0.343541
131.308 2 INS 6876 3456 -519104384 -414187 1205861 -398666912 14726 -1545 2044
131.308 2 SERIAL_COM 982 6076 8990 6654 0 0 0 14 373 80 76 0 0 0 0 0
131.308 2 ATTITUDE -1.329882 1.803897 -0.345312
131.363 2 INS 6876 3456 -519114144 -419430 1205861 -398462336 19266 3592 7408
131.363 2 GPS_SOL 44 12 108 22
131.364 2 GPS_INT 0 0 0 404518205 -37283456 704515 654279 0 0 0 44 12 292920000 108 22 3 1
131.364 2 ATTITUDE -1.338774 1.805836 -0.345648
131.379 2 INS 6876 3456 -519123904 -419430 1205861 -398296960 18202 18486 11228
131.411 2 ATTITUDE -1.332232 1.809036 -0.343794
131.450 2 ROTORCRAFT_NAV_STATUS 58 58 0. 0. 5 0 2
131.450 2 WP_MOVED_ENU 14 -760 -1031 2560
131.450 2 WP_MOVED_ENU 14 -760 -1031 2560
131.450 2 IMU_MAG_RAW 255 0 0 0
131.451 2 INS 6876 3456 -519133664 -419430 1205861 -398126176 22055 1978 7827
131.466 2 ATTITUDE -1.324602 1.805042 -0.34909
131.482 2 INS 6876 3456 -519143424 -419430 1205861 -397968736 25647 6108 6010
131.554 2 ROTORCRAFT_FP 3456 6876 519145376 1205861 -419430 397923808 -5445 -1423 7374 0 0 0 0 3948 0
131.555 2 GPS_INT 0 0 0 404518205 -37283456 704515 654279 0 0 0 44 12 292920000 108 22 3 1
131.556 2 ATTITUDE -1.329809 1.805773 -0.354468
131.556 2 INS 6840 3601 -519153184 -367001 1101003 -397802528 18187 2564 1025
131.557 2 STATIC_CONTROL 0 0. 0 0. 0. 0. 0. 0. 0. 0. 0. 0. 0.
131.558 2 ATTITUDE -1.332794 1.808622 -0.344512
131.585 2 INS 6840 3601 -519162912 -367001 1101003 -397648256 24914 3310 8124
131.601 2 ATTITUDE -1.335393 1.819141 -0.345521
131.666 2 GVF_PARAMETRIC 5 1 0.290727 6.,-10.898438,12.269531,15.839844,-9.296875,0.007812,32.308594,24.65625,0.,0.,0.,0.,0.,0.,0.,0. -0.036999,0.059174
131.667 2 INS 6840 3601 -519172672 -367001 1101003 -397530624 22565 14957 9404
131.667 2 GPS_INT 0 0 0 404518192 -37283389 704583 654347 0 0 0 43 12 292920250 108 22 3 1
131.668 2 ATTITUDE -1.330423 1.823955 -0.348108
131.697 2 INS 6840 3601 -519182432 -367001 1101003 -397341504 22101 6001 7808
131.697 2 GPS 3 43824064 447816128 1085 654347 222 9 2395 292920250 30 0
131.712 2 ATTITUDE -1.336826 1.827187 -0.342436
131.768 2 INS 6840 3601 -519192192 -367001 1101003 -397206368 27920 4284 6733
131.768 2 ROVER_CTRL 2.5 0.077877 4128.666016 2.07867 1400. 600. 1000. 1063.989014 109.027863 156.116486 2.422123 0.
131.769 2 ROTORCRAFT_FP 3601 6840 519194144 1101003 -367001 397163904 -5445 -1396 7496 0 0 0 0 4128 0
131.769 2 ATTITUDE -1.335665 1.833166 -0.334756
131.823 2 INS 6794 3740 -519201920 -372244 1142946 -397070624 18403 -1202 2748
131.823 2 SERIAL_COM 982 4284 27920 6733 0 0 0 14 373 80 76 0 0 0 0 0
131.824 2 GPS_INT 0 0 0 404518177 -37283326 704652 654416 0 0 0 43 13 292920500 111 22 3 1
131.824 2 ATTITUDE -1.326423 1.829979 -0.328397
131.842 2 INS 6794 3740 -519211648 -372244 1142946 -396903968 31130 6050 6522
131.855 2 ATTITUDE -1.324165 1.846604 -0.322911
131.887 2 INS 6794 3740 -519221376 -372244 1142946 -396772544 25529 8140 5641
131.887 2 STATE_FILTER_STATUS 6 3 0
131.903 2 ATTITUDE -1.320957 1.8482 -0.313279
131.945 2 INS 6794 3740 -519231104 -372244 1142946 -396558560 8523 5208 7887
131.946 2 GPS 3 43824117 447816111 1081 654416 230 10 2395 292920500 30 0
131.971 2 GPS_INT 0 0 0 404518177 -37283326 704652 654416 0 0 0 43 13 292920500 111 22 3 1
131.971 2 ATTITUDE -1.324156 1.863106 -0.306015
131.987 2 INS 6794 3740 -519240800 -372244 1142946 -396405536 16330 9126 11471
132.016 2 ROTORCRAFT_FP 3740 6794 519242720 1142946 -372244 396340576 -5392 -1227 7609 0 0 0 0 4158 0
132.016 2 ATTITUDE -1.31751 1.857567 -0.290186
132.016 2 LINK_REPORT 2 -1 132 0 396996 9017 0 3022. 69. 29 65.08
132.060 2 GVF_PARAMETRIC 5 1 0.292808 0.,0.2,0.2,1.003102,1.003102,0.05,32.308594,24.65625,0.,0.,0.,0.,0.,0.,0.,0. -0.062861,0.076717
132.061 2 INS 6753 3888 -519250432 -498073 1200618 -396186560 16453 7011 9424
132.061 2 ATTITUDE -1.327273 1.855463 -0.268055
132.090 2 INS 6753 3888 -519260032 -498073 1200618 -395980032 21963 -18 4612
132.116 2 GPS_INT 0 0 0 404518162 -37283258 704720 654484 0 0 0 43 13 292920750 106 22 3 1
132.116 2 ALIVE 122,195,7,233,5,247,195,75,60,187,26,129,128,90,246,93
132.116 2 ATTITUDE -1.335194 1.86406 -0.259493
132.131 2 INS 6753 3888 -519269664 -498073 1200618 -395820352 15825 3639 7434
132.147 2 ATTITUDE -1.332248 1.852794 -0.248851
132.179 2 INS 6753 3888 -519279264 -498073 1200618 -395614336 11536 5750 6490
132.211 2 ATTITUDE -1.342792 1.863043 -0.236251
132.227 2 INS 6753 3888 -519288928 -498073 1200618 -395465312 12115 2861 2881
132.302 2 ROVER_CTRL 2.5 0.109517 4047.558594 1.909663 1400. 600. 1000. 1094.748535 153.323944 0.143051 2.390483 0.
132.302 2 ROTORCRAFT_FP 3888 6753 519290848 1200618 -498073 395452512 -5514 -975 7686 0 0 0 0 4047 0
132.303 2 GPS_INT 0 0 0 404518162 -37283258 704720 654484 0 0 0 43 13 292920750 106 22 3 1
132.303 2 ATTITUDE -1.343978 1.883068 -0.233969
132.303 2 INS 6753 3888 -519298528 -498073 1200618 -395319296 14894 2989 9717
132.304 2 SERIAL_COM 983 16603 17630 7440 0 0 0 14 374 80 76 0 0 0 0 0
132.304 2 ATTITUDE -1.344553 1.879902 -0.224206
132.350 2 INS 6689 4034 -519308160 -613416 1216347 -395127712 11185 5301 5003
132.381 2 INS 6689 4034 -519317760 -613416 1216347 -394905376 16668 4447 6959
132.412 2 GPS_INT 0 0 0 404518139 -37283190 704752 654516 0 0 0 43 14 292921000 106 22 3 1
132.412 2 ATTITUDE -1.35901 1.886252 -0.207123
132.465 2 GVF_PARAMETRIC 5 1 0.295653 -6.,-34.859375,-45.699219,-22.828125,-21.648438,-0.449219,0.71875,17.71875,0.,0.,0.,0.,0.,0.,0.,0. -0.034724,0.074604
132.466 2 INS 6689 4034 -519327360 -613416 1216347 -394761728 19585 4318 5893
132.466 2 GPS 3 43824232 447816068 1136 654516 260 5 2395 292921000 30 0
132.467 2 ATTITUDE -1.355597 1.886698 -0.207942
132.481 2 INS 6689 4034 -519336960 -613416 1216347 -394555968 22639 8769 10404
132.508 2 ROTORCRAFT_FP 4034 6689 519338880 1216347 -613416 394520768 -5554 -850 7723 0 0 0 0 3999 0
132.508 2 ATTITUDE -1.364972 1.881362 -0.203722
132.565 2 INS 6622 4190 -519346560 -660602 1237318 -394442784 11306 3938 4576
132.566 2 STATIC_CONTROL 0 0. 0 0. 0. 0. 0. 0. 0. 0. 0. 0. 0.
132.566 2 GPS_INT 0 0 0 404518116 -37283119 704829 654593 0 0 0 43 14 292921250 106 22 3 1
132.567 2 ATTITUDE -1.358162 1.887244 -0.201022
132.593 2 INS 6622 4190 -519356160 -660602 1237318 -394317760 25751 1819 3622
132.594 2 ROVER_STATUS 0 39 3 2 1 983 7.356161
132.609 2 ATTITUDE -1.333506 1.886037 -0.203751
132.625 2 INS 6622 4190 -519365760 -660602 1237318 -394076704 13478 6589 -2015
132.657 2 ATTITUDE -1.348091 1.876169 -0.208073
132.689 2 INS 6622 4190 -519375360 -660602 1237318 -393949568 11158 22023 -6884
132.747 2 GPS 3 43824292 447816042 1158 654593 268 9 2395 292921250 30 0
132.748 2 GPS_INT 0 0 0 404518116 -37283119 704829 654593 0 0 0 43 14 292921250 106 22 3 1
132.748 2 ATTITUDE -1.369601 1.895541 -0.215325
132.748 2 WP_MOVED_ENU 15 -775 1018 2560
132.748 2 WP_MOVED_ENU 15 -775 1018 2560
132.749 2 INS 6622 4190 -519384960 -660602 1237318 -393824160 8048 3447 115
132.749 2 ROVER_CTRL 2.5 0.075089 3930.028564 0.979786 1400. 600. 1000. 1123.321045 105.124237 -97.966194 2.424911 0.
132.764 2 ROTORCRAFT_FP 4190 6622 519386880 1237318 -660602 393785536 -5584 -904 7803 0 0 0 0 3930 0
132.796 2 INS 6558 4346 -519394560 -608173 1226832 -393643456 17147 9361 591
132.796 2 SERIAL_COM 983 2828 34253 2185 0 0 0 14 374 80 76 0 0 0 0 0
132.812 2 ATTITUDE -1.370754 1.895309 -0.214518
132.890 2 INS 6558 4346 -519404160 -608173 1226832 -393496320 15544 8842 6517
132.891 2 GPS_INT 0 0 0 404518093 -37283047 704876 654640 0 0 0 43 14 292921500 106 22 3 1
132.891 2 DL_VALUE 7 0.
132.891 2 ATTITUDE -1.364575 1.90551 -0.219965
132.891 2 INS 6558 4346 -519413760 -608173 1226832 -393370240 9815 3184 2434
132.906 2 ATTITUDE -1.354355 1.9056 -0.221235
132.938 2 INS 6558 4346 -519423360 -608173 1226832 -393193664 37819 16066 9785
132.938 2 GPS 3 43824353 447816016 1159 654640 262 2 2395 292921500 30 0
132.954 2 ATTITUDE -1.359643 1.909594 -0.223638
133.017 2 LINK_REPORT 2 -1 133 0 399688 9077 0 2692. 60. 29 65.08
133.022 2 INS 6558 4346 -519432960 -608173 1226832 -393079872 32157 15113 5294
133.022 2 ROTORCRAFT_FP 4346 6558 519434880 1226832 -608173 393050592 -5558 -898 7843 0 0 0 0 3924 0
133.023 2 GPS_INT 0 0 0 404518093 -37283047 704876 654640 0 0 0 43 14 292921500 106 22 3 1
133.023 2 ATTITUDE -1.357585 1.916602 -0.222481
133.024 2 ROTORCRAFT_NAV_STATUS 60 60 0. 0. 5 0 2
133.037 2 INS 6497 4510 -519442560 -629145 1258290 -392888896 17936 3047 1317
133.053 2 ATTITUDE -1.36001 1.93161 -0.221169
133.087 2 INS 6497 4510 -519452160 -629145 1258290 -392750272 19576 6386 8940
133.103 2 ATTITUDE -1.362473 1.9268 -0.22874
133.158 2 INS 6497 4510 -519461760 -629145 1258290 -392632928 15467 18055 -2071
133.159 2 GPS_INT 0 0 0 404518072 -37282972 704932 654696 0 0 0 43 14 292921750 115 21 3 1
133.160 2 ATTITUDE -1.363988 1.919426 -0.234459
133.176 2 INS 6497 4510 -519471360 -629145 1258290 -392450208 7495 13367 5446
133.201 2 ENERGY 39 7.515117 1.45 10.89692 7.890779 0.306898 2.300474
133.202 2 GPS 3 43824416 447815992 1160 654696 269 -1 2395 292921750 30 0
133.203 2 ATTITUDE -1.36386 1.93996 -0.240281
133.266 2 GVF_PARAMETRIC 5 1 0.002355 0.,0.2,0.2,1.003102,1.003102,0.05,32.308594,24.65625,0.,0.,0.,0.,0.,0.,0.,0. 5.282348,3.553663
133.268 2 INS 6497 4510 -519480960 -629145 1258290 -392320000 12129 2266 3943
133.269 2 ROVER_CTRL 2.5 0.006585 3757.568848 5.03399 1400. 600. 1000. 1136.858887 9.219503 -188.469894 2.493415 -0.
133.311 2 ROTORCRAFT_FP 4510 6497 519482880 1258290 -629145 392261056 -5563 -959 7935 0 0 0 0 3757 0
133.312 2 ATTITUDE -1.34814 1.93619 -0.225763
133.312 2 INS 6438 4674 -519490560 -597687 1315961 -392063424 17210 10129 11728
133.313 2 SERIAL_COM 984 22548 34967 14794 0 0 0 14 375 80 76 0 0 0 0 0
133.313 2 GPS_INT 0 0 0 404518051 -37282896 704999 654763 0 0 0 43 16 292922000 115 21 3 1
133.314 2 ATTITUDE -1.334529 1.93716 -0.190283
133.340 2 INS 6438 4674 -519500160 -597687 1321204 -391767488 22983 18101 9480
133.340 2 GPS_SOL 43 16 115 21
133.356 2 ATTITUDE -1.349992 1.950245 -0.146823
133.389 2 INS 6438 4674 -519509760 -597687 1321204 -391593408 14408 4738 8598
133.404 2 ATTITUDE -1.343987 1.95768 -0.120698
133.436 2 INS 6438 4674 -519519328 -597687 1321204 -391289696 24382 8357 15603
133.436 2 GPS 3 43824480 447815968 1151 654763 277 2 2395 292922000 30 0
133.468 2 ATTITUDE -1.348266 1.962755 -0.085267
133.484 2 INS 6438 4674 -519528928 -597687 1321204 -391034880 24101 10538 11752
133.500 2 ROTORCRAFT_FP 4674 6438 519530848 1321204 -597687 390992704 -5527 -264 8093 0 0 0 0 3719 0
133.500 2 ATTITUDE -1.343931 1.984716 -0.053391
133.546 2 INS 6366 4828 -519538496 -770702 1095760 -390792768 17369 5931 13200
133.547 2 STATIC_CONTROL 0 0. 0 0. 0. 0. 0. 0. 0. 0. 0. 0. 0.
133.547 2 ATTITUDE -1.345087 2.000939 -0.018663
133.578 2 INS 6366 4828 -519548096 -770702 1095760 -390515136 16665 3530 11859
133.604 2 GPS_INT 0 0 0 404518026 -37282825 705055 654819 0 0 0 43 16 292922250 115 21 3 1
133.605 2 ATTITUDE -1.352283 2.004092 0.026252
133.657 2 GVF_PARAMETRIC 5 1 0.00723 -6.,-34.859375,-45.699219,-22.828125,-21.648438,-0.449219,0.71875,17.71875,0.,0.,0.,0.,0.,0.,0.,0. 5.518404,3.26334
133.658 2 INS 6366 4828 -519557664 -770702 1095760 -390226240 20485 23023 15145
133.658 2 ATTITUDE -1.355488 2.022614 0.060103
133.673 2 INS 6366 4828 -519567200 -770702 1095760 -389941920 14830 7825 13500
133.689 2 GPS 3 43824540 447815940 1196 654819 256 -4 2395 292922250 30 0
133.705 2 ATTITUDE -1.353946 2.019028 0.096678
133.737 2 INS 6366 4828 -519576672 -770702 1095760 -389632256 26670 6906 11646
133.807 2 ROVER_CTRL 2.5 -0.078318 3645.337891 5.101781 1400. 600. 1000. 1125.316406 -109.64537 -170.80307 2.578318 -0.
133.807 2 ROTORCRAFT_FP 4828 6366 519578560 1095760 -770702 389585504 -5529 481 8248 0 0 0 0 3645 0
133.808 2 GPS_INT 0 0 0 404518026 -37282825 705055 654819 0 0 0 43 16 292922250 115 21 3 1
133.808 2 ATTITUDE -1.35244 2.013943 0.136535
133.808 2 INS 6269 4953 -519586112 -1053817 886045 -389370944 17800 7683 8324
133.809 2 SERIAL_COM 984 1428 6246 12205 0 0 0 14 375 80 76 0 0 0 0 0
133.809 2 ATTITUDE -1.346502 2.044646 0.176733
133.809 2 IMU_MAG_RAW 255 0 0 0
133.823 2 INS 6269 4953 -519595616 -1053817 886045 -389065952 24197 19888 13050
133.855 2 ATTITUDE -1.339508 2.063794 0.214511
133.887 2 INS 6269 4953 -519605056 -1053817 886045 -388759328 20376 7724 12374
133.903 2 GPS_INT 0 0 0 404517992 -37282767 705155 654919 0 0 0 43 16 292922500 115 21 3 1
133.903 2 ATTITUDE -1.346113 2.069941 0.254074
133.935 2 INS 6269 4953 -519614496 -1053817 886045 -388475168 18016 15084 16294
133.935 2 GPS 3 43824589 447815902 1299 654919 263 11 2395 292922500 30 0
133.951 2 ATTITUDE -1.346699 2.088484 0.298619
134.017 2 LINK_REPORT 2 -1 134 0 402607 9142 0 2919. 65. 29 65.08
134.020 2 INS 6269 4953 -519623968 -1053817 886045 -388191968 6803 5906 10773
134.020 2 ROTORCRAFT_FP 4953 6269 519625856 886045 -1053817 388141120 -5531 1336 8558 0 0 0 0 3576 0
134.021 2 ATTITUDE -1.350023 2.099136 0.346577
134.021 2 WP_MOVED_ENU 16 50798 51645 2557
134.021 2 WP_MOVED_ENU 16 50798 51645 2557
134.095 2 GVF_PARAMETRIC 5 1 0.010345 6.,-10.898438,12.269531,15.839844,-9.296875,0.007812,32.308594,24.65625,0.,0.,0.,0.,0.,0.,0.,0. 5.636823,3.075476
134.095 2 INS 6154 5053 -519633408 -1085275 629145 -387949376 20331 3659 10250
134.096 2 GPS_INT 0 0 0 404517952 -37282721 705103 654867 0 0 0 43 15 292922750 121 21 3 1
134.096 2 ATTITUDE -1.340862 2.112013 0.392523
134.096 2 INS 6154 5053 -519642880 -1085275 629145 -387628768 18178 26385 13400
134.096 2 ROVER_STATUS 0 38 3 2 1 985 7.44447
134.110 2 INS_REF 485057916 -31609623 411673221 404515786 -37285049 712727 662491 0.
134.110 2 ATTITUDE -1.342954 2.135106 0.435671
134.125 2 INS 6154 5053 -519652320 -1085275 629145 -387327200 13064 12013 9138
134.265 2 GPS_INT 0 0 0 404517952 -37282721 705103 654867 0 0 0 43 15 292922750 121 21 3 1
134.265 2 ATTITUDE -1.339418 2.189091 0.517324
134.265 2 INS 6154 5053 -519671200 -1085275 629145 -386815744 5142 1853 9192
134.266 2 ROVER_CTRL 2.5 -0.110286 3782.338135 5.651772 1400. 600. 1000. 1092.804321 -154.400726 43.272972 2.610286 -0.
134.266 2 ROTORCRAFT_FP 5053 6154 519673088 629145 -1085275 386768192 -5493 2220 8990 0 0 0 0 3782 0
134.266 2 ATTITUDE -1.338356 2.196877 0.55774
134.295 2 INS 6154 5053 -519680640 -1085275 629145 -386568544 17374 20633 9647
134.296 2 SERIAL_COM 985 12013 13064 9138 0 0 0 14 376 80 76 0 0 0 0 0
134.296 2 ATTITUDE -1.336377 2.216438 0.605075
134.327 2 INS 6039 5122 -519690080 -1121975 293601 -386332800 5696 4040 10264
134.354 2 GPS_INT 0 0 0 404517911 -37282690 705146 654910 0 0 0 43 15 292923000 119 21 3 1
134.355 2 ATTITUDE -1.331938 2.246215 0.659212
134.383 2 INS 6039 5122 -519699520 -1121975 293601 -386138368 18617 17355 8064
134.401 2 ATTITUDE -1.294253 2.284069 0.700221
134.466 2 GVF_PARAMETRIC 5 1 0.012176 0.,0.2,0.2,1.003102,1.003102,0.05,32.308594,24.65625,0.,0.,0.,0.,0.,0.,0.,0. 5.744658,2.89406
134.467 2 INS 6039 5122 -519708960 -1121975 293601 -385822336 15086 20053 7193
134.467 2 GPS 3 43824654 447815811 1509 654910 221 -3 2395 292923000 30 0
134.467 2 DL_VALUE 8 2.
134.468 2 ATTITUDE -1.290963 2.30758 0.749721
134.481 2 INS 6039 5122 -519718400 -1121975 293601 -385504384 18059 27976 13543
134.518 2 ROTORCRAFT_FP 5122 6039 519720288 293601 -1121975 385475168 -5332 3222 9508 0 0 0 0 3977 0
134.519 2 GPS_INT 0 0 0 404517911 -37282690 705146 654910 0 0 0 43 15 292923000 119 21 3 1
134.519 2 ATTITUDE -1.299272 2.320741 0.805308
134.548 2 INS 5921 5150 -519727840 -1121975 31457 -385254112 8917 5460 5507
134.549 2 STATIC_CONTROL 0 0. 0 0. 0. 0. 0. 0. 0. 0. 0. 0. 0.
134.549 2 ATTITUDE -1.292157 2.361526 0.856896
134.580 2 INS 5921 5150 -519737280 -1121975 31457 -385048608 16965 7593 17172
134.596 2 ATTITUDE -1.267409 2.392735 0.899068
134.612 2 ROTORCRAFT_NAV_STATUS 61 61 0. 0. 5 0 2
134.655 2 IMU_MAG_RAW 255 0 0 0
134.656 2 INS 5921 5150 -519746720 -1121975 31457 -384791360 20427 19036 10013
134.656 2 GPS_INT 0 0 0 404517869 -37282677 705209 654973 0 0 0 43 15 292923250 119 21 3 1
134.656 2 ATTITUDE -1.232333 2.45228 0.946414
134.686 2 INS 5921 5150 -519756160 -1121975 31457 -384452192 15800 14173 11114
134.686 2 GPS 3 43824664 447815765 1644 654973 214 13 2395 292923250 30 0
134.702 2 ATTITUDE -1.226876 2.475469 1.000795
134.718 2 INS 5921 5150 -519765568 -1121975 31457 -384237664 19646 19094 11724
134.818 2 ROVER_CTRL 2.5 -0.002096 4139.004395 5.498303 1400. 600. 1000. 1074.706299 -2.933979 267.219543 2.502096 -0.
134.819 2 ROTORCRAFT_FP 5150 5921 519767456 31457 -1121975 384146176 -4938 4188 10255 0 0 0 0 4139 0
134.819 2 ATTITUDE -1.19211 2.519168 1.038621
134.819 2 INS 5788 5135 -519775008 -1090518 -262143 -383918912 3699 11934 8702
134.819 2 SERIAL_COM 985 23826 6419 1785 0 0 0 14 376 80 76 0 0 0 0 0
134.820 2 GPS_INT 0 0 0 404517823 -37282683 705240 655004 0 0 0 43 15 292923500 120 21 3 1
134.820 2 ALIVE 122,195,7,233,5,247,195,75,60,187,26,129,128,90,246,93
134.821 2 ATTITUDE -1.172031 2.567072 1.075911
134.855 2 GVF_PARAMETRIC 5 1 0.013255 -6.,-34.859375,-45.699219,-22.828125,-21.648438,-0.449219,0.71875,17.71875,0.,0.,0.,0.,0.,0.,0.,0. 5.773464,2.74322
134.856 2 INS 5788 5135 -519784416 -1090518 -262143 -383642144 12369 6603 11151
134.856 2 ATTITUDE -1.151181 2.611922 1.113951
134.870 2 INS 5788 5135 -519793760 -1090518 -262143 -383420000 6677 5722 7121
134.902 2 ATTITUDE -1.102511 2.670772 1.152928
134.918 2 INS 5788 5135 -519803104 -1090518 -262143 -383181504 13215 13396 7820
134.934 2 GPS 3 43824659 447815714 1791 655004 214 15 2395 292923500 30 0
134.962 2 GPS_INT 0 0 0 404517823 -37282683 705240 655004 0 0 0 43 15 292923500 120 21 3 1
134.963 2 ATTITUDE -1.03652 2.736477 1.186242
134.978 2 INS 5788 5135 -519812384 -1090518 -262143 -382888736 18368 15729 11755
135.004 2 ROTORCRAFT_FP 5135 5788 519814272 -262143 -1090518 382878944 -4259 4908 11220 0 0 0 0 4195 0
135.005 2 ATTITUDE -1.003115 2.774632 1.206763
135.018 2 LINK_REPORT 2 -1 135 0 405827 9213 0 3220. 71. 29 65.08
135.020 2 INS 5655 5086 -519821696 -1059060 -461373 -382613920 17335 14613 18897
135.052 2 ATTITUDE -0.999533 2.786199 1.240749
135.068 2 INS 5655 5086 -519830976 -1059060 -461373 -382410400 11089 28730 13821
135.099 2 GPS_INT 0 0 0 404517776 -37282705 705252 655016 0 0 0 43 16 292923750 116 21 3 1
135.100 2 STATE_FILTER_STATUS 6 3 0
135.100 2 ATTITUDE -0.935592 2.863329 1.277601
135.115 2 DATALINK_REPORT 5 207 3143 3038 0 12
135.131 2 INS 5655 5086 -519840288 -1059060 -461373 -382154464 8367 13295 1245
135.189 2 INS 5655 5086 -519849600 -1059060 -461373 -381941344 10455 17491 10250
135.189 2 GPS 3 43824640 447815661 1917 655016 220 3 2395 292923750 30 0
135.205 2 ATTITUDE -0.715891 3.097282 1.333164
135.268 2 GVF_PARAMETRIC 5 1 0.013897 6.,-10.898438,12.269531,15.839844,-9.296875,0.007812,32.308594,24.65625,0.,0.,0.,0.,0.,0.,0.,0. 5.767982,2.660596
135.269 2 INS 5655 5086 -519858880 -1059060 -461373 -381737888 17532 18047 11276
135.269 2 ROVER_CTRL 2.5 0.117557 4296.895996 4.370628 1400. 600. 1000. 1093.077637 164.579193 239.944458 2.382443 -0.
135.270 2 ROTORCRAFT_FP 5086 5655 519860736 -461373 -1059060 381674144 -2635 5510 13023 0 0 0 0 4296 0
135.340 2 GPS_INT 0 0 0 404517776 -37282705 705252 655016 0 0 0 43 16 292923750 116 21 3 1
135.341 2 ATTITUDE -0.599768 3.23028 1.35541
135.341 2 INS 5655 5086 -519868160 -1059060 -461373 -381496960 16660 21230 4530
135.341 2 SERIAL_COM 986 7439 19894 12790 0 0 0 14 377 80 76 0 0 0 0 0
135.342 2 ATTITUDE -0.484722 3.336169 1.38368
135.342 2 WP_MOVED_ENU 17 51645 -50798 2557
135.342 2 WP_MOVED_ENU 17 51645 -50798 2557
135.342 2 INS 5521 5015 -519877440 -990903 -697302 -381288032 7717 10215 11809
135.343 2 GPS_SOL 44 16 119 21
135.343 2 ATTITUDE -0.303934 3.507697 1.391708
135.372 2 INS 5521 5015 -519886720 -990903 -697302 -381092032 13311 21320 6871
135.398 2 GPS_INT 0 0 0 404517729 -37282739 705275 655039 0 0 0 44 16 292924000 119 21 3 1
135.399 2 ATTITUDE -0.14804 3.682005 1.396881
135.399 2 IMU_MAG_RAW 255 0 0 0
135.430 2 INS 5521 5015 -519896000 -990903 -697302 -380814560 13151 7253 3297
135.430 2 GPS 3 43824610 447815610 2035 655039 229 3 2395 292924000 30 0
135.478 2 INS 5521 5015 -519905280 -990903 -697302 -380643104 19681 19291 5856
135.504 2 ROTORCRAFT_FP 5015 5521 519907136 -697302 -990903 380642816 510 5781 16260 0 0 0 0 4387 0
135.504 2 PONG 
135.504 2 ATTITUDE 0.193738 4.036893 1.405326
135.520 2 INS 5393 4915 -519914560 -985660 -896531 -380352416 11057 16435 13925
135.536 2 STATIC_CONTROL 0 0. 0 0. 0. 0. 0. 0. 0. 0. 0. 0. 0.
135.578 2 GPS_INT 0 0 0 404517684 -37282785 705248 655012 0 0 0 44 17 292924250 118 21 3 1
135.578 2 ATTITUDE 0.296312 4.140153 1.403389
135.579 2 INS 5393 4915 -519923840 -985660 -896531 -380142784 18028 12729 16344
135.579 2 ROVER_STATUS 0 37 3 2 1 986 7.267851
135.594 2 ATTITUDE 0.418954 4.252071 1.395405
135.647 2 GVF_PARAMETRIC 5 1 0.014251 0.,0.2,0.2,1.003102,1.003102,0.05,32.308594,24.65625,0.,0.,0.,0.,0.,0.,0.,0. 5.709045,2.54039
135.648 2 INS 5393 4915 -519933120 -985660 -896531 -379952736 8927 16534 8110
135.648 2 ATTITUDE 0.55702 4.383523 1.38654
135.679 2 INS 5393 4915 -519942400 -985660 -896531 -379748480 4570 3564 8398
135.680 2 GPS 3 43824571 447815560 2145 655012 254 -5 2395 292924250 30 0
135.706 2 GPS_INT 0 0 0 404517684 -37282785 705248 655012 0 0 0 44 17 292924250 118 21 3 1
135.712 2 ATTITUDE 0.707935 4.527246 1.381944
135.761 2 INS 5393 4915 -519951680 -985660 -896531 -379560096 10340 8970 4673
135.762 2 ROVER_CTRL 2.5 0.178531 4198.105469 2.892831 1400. 600. 1000. 1142.319092 249.943634 6.914139 2.321469 -0.
135.763 2 ROTORCRAFT_FP 4915 5393 519953536 -896531 -985660 379546176 3120 5630 18789 0 0 0 0 4198 0
135.763 2 ATTITUDE 0.777417 4.606897 1.364737
135.788 2 INS 5273 4802 -519960960 -975174 -1017117 -379397088 11186 1660 9636
135.789 2 SERIAL_COM 986 11095 14605 12986 0 0 0 14 377 80 76 0 0 0 0 0
135.790 2 ATTITUDE 0.822082 4.650467 1.348346
135.819 2 INS 5273 4802 -519970240 -975174 -1017117 -379155616 15527 27264 3673
135.854 2 GPS_INT 0 0 0 404517642 -37282837 705256 655020 0 0 0 44 23 292924500 127 20 3 1
135.855 2 ATTITUDE 0.884568 4.713997 1.338566
135.880 2 INS 5273 4802 -519979520 -975174 -1017117 -378927840 12288 6389 1209
135.896 2 ATTITUDE 0.918297 4.739919 1.323566
135.928 2 INS 5273 4802 -519988800 -975174 -1017117 -378739968 10962 14718 11148
135.928 2 GPS 3 43824527 447815514 2210 655020 267 -9 2395 292924500 30 0
135.944 2 ATTITUDE 0.948807 4.762538 1.309491
135.976 2 INS 5273 4802 -519998080 -975174 -1017117 -378597888 15715 21183 -3944
136.013 2 ROTORCRAFT_FP 4802 5273 519999936 -1017117 -975174 378549952 3921 5329 19513 0 0 0 0 4177 0
136.013 2 GPS_INT 0 0 0 404517642 -37282837 705256 655020 0 0 0 44 23 292924500 127 20 3 1
136.014 2 ATTITUDE 0.963476 4.776012 1.295253
136.019 2 LINK_REPORT 2 -1 136 0 408830 9281 0 3003. 68. 30 47.53
136.051 2 GVF_PARAMETRIC 5 1 0.014364 -6.,-34.859375,-45.699219,-22.828125,-21.648438,-0.449219,0.71875,17.71875,0.,0.,0.,0.,0.,0.,0.,0. 5.667522,2.487555
136.052 2 INS 5158 4669 -520007360 -849345 -1179646 -378333920 8898 4769 9961
136.052 2 DL_VALUE 9 0.
136.052 2 ATTITUDE 1.001229 4.801702 1.287707
136.083 2 INS 5158 4669 -520016576 -849345 -1179646 -378154080 9306 10632 10966
136.098 2 ATTITUDE 1.035793 4.835483 1.279458
136.115 2 INS 5158 4669 -520025856 -849345 -1179646 -377982112 10496 9647 7726
136.147 2 GPS_INT 0 0 0 404517601 -37282899 705331 655095 0 0 0 44 22 292924750 119 21 3 1
136.147 2 ATTITUDE 1.074725 4.865307 1.262913
136.178 2 INS 5158 4669 -520035104 -849345 -1179646 -377755872 16077 11267 -1412
136.179 2 GPS 3 43824474 447815469 2278 655095 277 10 2395 292924750 30 0
136.194 2 ATTITUDE 1.105685 4.883925 1.249774
136.210 2 ROTORCRAFT_NAV_STATUS 63 63 0. 0. 5 0 2
136.211 2 IMU_MAG_RAW 255 0 0 0
136.262 2 INS 5158 4669 -520044352 -849345 -1179646 -377615360 4698 1777 10654
136.263 2 ROVER_CTRL 2.5 0.125719 3975.90625 1.667011 1400. 600. 1000. 1190.578003 176.007034 -189.92424 2.374281 -0.
136.263 2 ROTORCRAFT_FP 4669 5158 520046208 -1179646 -849345 377598784 4585 5078 19995 0 0 0 0 3975 0
136.264 2 ATTITUDE 1.077734 4.842417 1.233161
136.278 2 INS 5158 4669 -520053632 -849345 -1179646 -377442496 11071 13090 12112
136.279 2 SERIAL_COM 987 15965 14162 4240 0 0 0 14 378 80 76 0 0 0 0 0
136.305 2 GPS_INT 0 0 0 404517561 -37282968 705285 655049 0 0 0 45 26 292925000 111 21 3 1
136.305 2 ATTITUDE 1.080829 4.839023 1.217422
136.321 2 INS 5045 4515 -520062880 -807402 -1205861 -377262208 5248 3842 10548
136.337 2 ATTITUDE 1.113126 4.847255 1.215174
136.368 2 INS 5045 4515 -520072128 -807402 -1205861 -377044064 1299 2763 11634
136.384 2 ATTITUDE 1.111775 4.848425 1.222642
136.465 2 GVF_PARAMETRIC 5 1 0.014288 6.,-10.898438,12.269531,15.839844,-9.296875,0.007812,32.308594,24.65625,0.,0.,0.,0.,0.,0.,0.,0. 5.554395,2.400808
136.466 2 INS 5045 4515 -520081376 -807402 -1205861 -376842368 6333 -209 3313
136.466 2 GPS 3 43824415 447815425 2319 655049 276 -15 2395 292925000 30 0
136.466 2 GPS_INT 0 0 0 404517561 -37282968 705285 655049 0 0 0 45 26 292925000 111 21 3 1
136.466 2 ATTITUDE 1.133528 4.863409 1.221409
136.501 2 INS 5045 4515 -520090560 -807402 -1205861 -376669216 9671 5550 6494
136.502 2 ROTORCRAFT_FP 4515 5045 520092384 -1205861 -807402 376609504 4706 4992 19946 0 0 0 0 3809 0
136.502 2 ATTITUDE 1.124264 4.836913 1.213655
136.518 2 INS 4945 4364 -520099712 -723516 -1263532 -376491488 9912 11204 16789
136.548 2 STATIC_CONTROL 0 0. 0 0. 0. 0. 0. 0. 0. 0. 0. 0. 0.
136.549 2 ATTITUDE 1.133443 4.825002 1.213934
136.564 2 INS 4945 4364 -520108864 -723516 -1263532 -376253728 10697 4314 4841
136.596 2 GPS_INT 0 0 0 404517526 -37283038 705355 655119 0 0 0 45 25 292925250 112 20 3 1
136.597 2 ATTITUDE 1.154006 4.848043 1.21244
136.624 2 WP_MOVED_ENU 18 -50798 -51645 2557
136.625 2 WP_MOVED_ENU 18 -50798 -51645 2557
136.625 2 INS 4945 4364 -520117984 -723516 -1263532 -376073408 10044 4973 8699
136.640 2 ATTITUDE 1.154398 4.841567 1.211195
136.684 2 INS 4945 4364 -520127104 -723516 -1263532 -375934240 15050 15795 16882
136.685 2 GPS 3 43824355 447815386 2361 655119 277 -2 2395 292925250 30 0
136.685 2 ATTITUDE 1.147709 4.83374 1.212949
136.716 2 INS 4945 4364 -520136256 -723516 -1263532 -375781088 17554 10041 1310
136.789 2 ROVER_CTRL 2.5 -0.019143 3661.682861 0.995851 1400. 600. 1000. 1206.513916 -26.800013 -318.145752 2.519143 -0.
136.790 2 ROTORCRAFT_FP 4364 4945 520138080 -1263532 -723516 375767008 4711 4975 19784 0 0 0 0 3661 0
136.790 2 GPS_INT 0 0 0 404517526 -37283038 705355 655119 0 0 0 45 25 292925250 112 20 3 1
136.791 2 ATTITUDE 1.157007 4.836413 1.215705
136.791 2 INS 4853 4213 -520145376 -650116 -1211104 -375597760 6855 1052 8808
136.791 2 SERIAL_COM 987 3174 12267 8185 0 0 0 14 378 80 76 0 0 0 0 0
136.791 2 ATTITUDE 1.156837 4.825219 1.214413
136.842 2 GVF_PARAMETRIC 5 1 0.014103 0.,0.2,0.2,1.003102,1.003102,0.05,32.308594,24.65625,0.,0.,0.,0.,0.,0.,0.,0. 5.43295,2.333724
136.843 2 INS 4853 4213 -520154496 -650116 -1211104 -375413184 13941 9413 14016
136.843 2 ATTITUDE 1.186215 4.839735 1.214296
136.874 2 INS 4853 4213 -520163616 -650116 -1211104 -375241792 15362 12202 961
136.890 2 GPS_INT 0 0 0 404517494 -37283108 705363 655128 0 0 0 46 28 292925500 118 21 3 1
136.891 2 ATTITUDE 1.18587 4.84482 1.21603
136.932 2 INS 4853 4213 -520172736 -650116 -1211104 -375046080 12617 -4227 2905
136.932 2 GPS 3 43824295 447815351 2384 655128 261 -5 2395 292925500 30 0
136.948 2 ATTITUDE 1.181987 4.829023 1.220638
136.964 2 INS 4853 4213 -520181888 -650116 -1211104 -374897568 15200 8046 12648
136.994 2 ROTORCRAFT_FP 4213 4853 520183712 -1211104 -650116 374848544 4773 4995 19668 0 0 0 0 3644 0
136.995 2 ATTITUDE 1.153584 4.79527 1.218109
136.995 2 IMU_MAG_RAW 255 0 0 0
137.020 2 LINK_REPORT 2 -1 137 0 411876 9349 0 3046. 68. 30 47.53
137.026 2 INS 4759 4065 -520191008 -650116 -1200618 -374682080 21368 7815 5605
137.052 2 GPS_INT 0 0 0 404517461 -37283177 705508 655272 0 0 0 46 23 292925750 111 21 3 1
137.053 2 ATTITUDE 1.15748 4.788282 1.222008
137.080 2 INS 4759 4065 -520200128 -650116 -1200618 -374472736 19523 10843 7471
137.080 2 ROVER_STATUS 0 48 3 2 1 988 7.506286
137.096 2 ATTITUDE 1.194402 4.825522 1.223797
137.112 2 INS 4759 4065 -520209248 -650116 -1200618 -374376896 24823 11562 2043
137.144 2 ATTITUDE 1.190387 4.811731 1.217961
137.200 2 INS 4759 4065 -520218368 -650116 -1200618 -374139232 25215 14673 6497
137.200 2 GPS 3 43824237 447815315 2403 655272 259 7 2395 292925750 30 0
137.201 2 GPS_INT 0 0 0 404517461 -37283177 705508 655272 0 0 0 46 23 292925750 111 21 3 1
137.201 2 ATTITUDE 1.19491 4.808918 1.218096
137.233 2 INS 4759 4065 -520227488 -650116 -1200618 -373956576 32095 23769 2439
137.292 2 ROVER_CTRL 2.5 -0.131596 3598.075439 0.831768 1400. 600. 1000. 1181.910889 -184.234192 -200.390823 2.631596 -0.
137.292 2 ROTORCRAFT_FP 4065 4759 520229312 -1200618 -650116 373915936 4903 4969 19775 0 0 0 0 3598 0
137.293 2 ATTITUDE 1.196256 4.818624 1.219687
137.293 2 INS 4759 4065 -520236608 -650116 -1200618 -373812928 28375 9837 1146
137.293 2 SERIAL_COM 988 9802 17685 6215 0 0 0 14 379 80 76 0 0 0 0 0
137.293 2 ATTITUDE 1.1724 4.757561 1.219187
137.324 2 INS 4666 3911 -520245728 -618659 -1221589 -373605536 22236 16068 -1846
137.324 2 GPS_SOL 47 21 123 21
137.352 2 GPS_INT 0 0 0 404517428 -37283247 705656 655420 0 0 0 47 21 292926000 123 21 3 1
137.352 2 ATTITUDE 1.17229 4.755391 1.222956
137.366 2 INS 4666 3911 -520254848 -618659 -1221589 -373452960 15791 9374 4586
137.382 2 ATTITUDE 1.153696 4.723083 1.219115
137.417 2 INS 4666 3911 -520263968 -618659 -1221589 -373179872 10090 2521 11564
137.430 2 GPS 3 43824177 447815279 2417 655420 260 11 2395 292926000 30 0
137.446 2 ATTITUDE 1.172957 4.729593 1.22462
137.462 2 INS 4666 3911 -520273088 -618659 -1221589 -372999840 16037 11215 8860
137.503 2 ROTORCRAFT_FP 3911 4666 520274912 -1221589 -618659 372982016 4870 5040 19406 0 0 0 0 3568 0
137.503 2 GPS_INT 0 0 0 404517428 -37283247 705656 655420 0 0 0 47 21 292926000 123 21 3 1
137.504 2 ALIVE 122,195,7,233,5,247,195,75,60,187,26,129,128,90,246,93
137.545 2 INS 4574 3763 -520282208 -634387 -1153432 -372793728 13915 4379 8154
137.545 2 STATIC_CONTROL 0 0. 0 0. 0. 0. 0. 0. 0. 0. 0. 0. 0.
137.546 2 ATTITUDE 1.196628 4.740974 1.23023
137.561 2 INS 4574 3763 -520291328 -634387 -1153432 -372617920 30478 17632 545
137.593 2 ATTITUDE 1.223078 4.776739 1.23572
137.697 2 GVF_PARAMETRIC 5 1 0.013599 6.,-10.898438,12.269531,15.839844,-9.296875,0.007812,32.308594,24.65625,0.,0.,0.,0.,0.,0.,0.,0. 5.247221,2.247232
137.699 2 INS 4574 3763 -520300448 -634387 -1153432 -372481536 22138 5379 4437
137.699 2 GPS_INT 0 0 0 404517396 -37283315 705683 655447 0 0 0 47 20 292926250 115 21 3 1
137.700 2 DL_VALUE 10 6.
137.701 2 ATTITUDE 1.221674 4.746024 1.233802
137.701 2 INS 4574 3763 -520309536 -634387 -1153432 -372207168 26715 11665 13902
137.702 2 ENERGY 38 7.462132 1.475 11.006644 7.912069 0.309103 2.316741
137.702 2 GPS 3 43824119 447815244 2414 655447 249 10 2395 292926250 30 0
137.703 2 ATTITUDE 1.229926 4.746698 1.229162
137.712 2 INS 4574 3763 -520318656 -634387 -1153432 -372067488 26306 11663 10846
137.753 2 ROVER_CTRL 2.5 -0.169549 3711.877441 0.866379 1400. 600. 1000. 1132.945923 -237.368591 15.282631 2.669549 -0.
137.753 2 ROTORCRAFT_FP 3763 4574 520320480 -1153432 -634387 372020800 4965 4982 19408 0 0 0 0 3711 0
137.754 2 ATTITUDE 1.222293 4.742584 1.215835
137.779 2 INS 4477 3614 -520327744 -623902 -1137703 -371852352 21892 2649 3430
137.779 2 SERIAL_COM 988 11663 26306 10846 0 0 0 14 379 80 76 0 0 0 0 0
137.816 2 GPS_INT 0 0 0 404517361 -37283383 705761 655525 0 0 0 47 19 292926500 111 21 3 1
137.816 2 ATTITUDE 1.196586 4.706247 1.212435
137.816 2 ROTORCRAFT_NAV_STATUS 65 65 0. 0. 5 0 2
137.817 2 IMU_MAG_RAW 255 0 0 0
137.817 2 INS 4477 3614 -520336864 -623902 -1137703 -371656992 15667 8337 5376
137.848 2 ATTITUDE 1.188834 4.69795 1.219181
137.864 2 INS 4477 3614 -520345984 -623902 -1137703 -371414144 14197 6454 3641
137.880 2 ATTITUDE 1.207227 4.703403 1.222971
137.895 2 WP_MOVED_ENU 19 -51645 50798 2557
137.896 2 WP_MOVED_ENU 19 -51645 50798 2557
137.954 2 INS 4477 3614 -520355072 -623902 -1137703 -371241696 10934 1986 7809
137.955 2 GPS 3 43824061 447815206 2414 655525 246 5 2395 292926500 30 0
137.955 2 GPS_INT 0 0 0 404517361 -37283383 705761 655525 0 0 0 47 19 292926500 111 21 3 1
137.956 2 ATTITUDE 1.210536 4.708608 1.224011
137.970 2 INS 4477 3614 -520364160 -623902 -1137703 -371094944 18586 6065 20110
137.998 2 ROTORCRAFT_FP 3614 4477 520365984 -1137703 -623902 371008096 4823 4997 19116 0 0 0 0 3815 0
137.998 2 ATTITUDE 1.197049 4.675416 1.21804
138.021 2 LINK_REPORT 2 -1 138 0 414871 9418 0 2995. 69. 30 47.53
138.037 2 GVF_PARAMETRIC 5 1 0.013299 0.,0.2,0.2,1.003102,1.003102,0.05,32.308594,24.65625,0.,0.,0.,0.,0.,0.,0.,0. 5.182938,2.222995
138.037 2 INS 4385 3476 -520373280 -581959 -1074789 -370865056 22696 5616 1578
138.038 2 ATTITUDE 1.185811 4.666905 1.224074
138.069 2 INS 4385 3476 -520382368 -581959 -1080032 -370615264 18649 13086 7882
138.094 2 GPS_INT 0 0 0 404517329 -37283448 705821 655585 0 0 0 47 18 292926750 111 21 3 1
138.095 2 ATTITUDE 1.208243 4.681393 1.233819
138.111 2 INS 4385 3476 -520391488 -581959 -1080032 -370500928 15951 -710 5928
138.142 2 ATTITUDE 1.199215 4.668501 1.227253
138.174 2 INS 4385 3476 -520400544 -581959 -1080032 -370321088 12536 -4169 1532
138.175 2 GPS 3 43824006 447815171 2414 655585 233 7 2395 292926750 30 0
138.190 2 ATTITUDE 1.200784 4.662015 1.222757
138.235 2 INS 4385 3476 -520409568 -581959 -1080032 -370077024 14352 7775 7331
138.236 2 ROVER_CTRL 2.5 -0.091669 3980.715088 0.859779 1400. 600. 1000. 1092.255737 -128.33638 216.245651 2.591669 -0.
138.295 2 ROTORCRAFT_FP 3476 4385 520411360 -1080032 -581959 370019136 4965 5009 19121 0 0 0 0 3980 0
138.296 2 GPS_INT 0 0 0 404517329 -37283448 705821 655585 0 0 0 47 18 292926750 111 21 3 1
138.297 2 ATTITUDE 1.220318 4.683536 1.222017
138.297 2 INS 4385 3476 -520418560 -581959 -1080032 -369869472 15031 2088 14119
138.297 2 SERIAL_COM 989 7378 19985 779 0 0 0 14 380 80 76 0 0 0 0 0
138.298 2 STATE_FILTER_STATUS 6 3 0
138.327 2 INS 4285 3335 -520427552 -618659 -1090518 -369667584 15430 11826 15346
138.343 2 ATTITUDE 1.200812 4.640792 1.236386
138.391 2 ATTITUDE 1.195767 4.635635 1.238615
138.446 2 GVF_PARAMETRIC 5 1 0.012927 -6.,-34.859375,-45.699219,-22.828125,-21.648438,-0.449219,0.71875,17.71875,0.,0.,0.,0.,0.,0.,0.,0. 5.066588,2.164535
138.447 2 INS 4285 3335 -520445536 -618659 -1090518 -369227264 23237 8402 8646
138.447 2 GPS 3 43823950 447815132 2409 655659 238 6 2395 292927000 30 0
138.448 2 ATTITUDE 1.2357 4.674793 1.241204
138.460 2 INS 4285 3335 -520454496 -618659 -1090518 -369054400 20884 1895 -1074
138.490 2 ROTORCRAFT_FP 3335 4285 520456288 -1090518 -618659 369083776 5106 5086 19166 0 0 0 0 2625 0
138.522 2 INS 4188 3192 -520463456 -597687 -1101003 -368874176 12072 8749 9178
138.572 2 STATIC_CONTROL 0 0. 0 0. 0. 0. 0. 0. 0. 0. 0. 0. 0.
138.573 2 GPS_INT 0 0 0 404517260 -37283579 705968 655732 0 0 0 47 18 292927250 119 21 3 1
138.573 2 ATTITUDE 1.261868 4.665004 1.239161
138.574 2 INS 4188 3192 -520472416 -597687 -1101003 -368757248 12474 -1310 5378
138.574 2 ROVER_STATUS 0 47 3 0 1 989 7.674074
138.588 2 ATTITUDE 1.275536 4.672428 1.230709
138.588 2 IMU_MAG_RAW 255 0 0 0
138.620 2 INS 4188 3192 -520481408 -597687 -1101003 -368655008 9868 -4587 5026
138.636 2 ATTITUDE 1.304867 4.693501 1.228773
138.679 2 INS 4188 3192 -520490400 -597687 -1101003 -368543264 17213 5590 6299
138.679 2 GPS 3 43823894 447815095 2413 655732 238 -4 2395 292927250 30 0
138.695 2 GPS_INT 0 0 0 404517260 -37283579 705968 655732 0 0 0 47 18 292927250 119 21 3 1
138.696 2 ATTITUDE 1.301123 4.680137 1.214143
138.711 2 INS 4188 3192 -520499360 -597687 -1101003 -368376096 6970 4241 8340
138.727 2 ROVER_CTRL 2.5 -0.075053 3976.408203 0.859779 1400. 600. 1000. 1088.414062 -105.074837 192.618378 2.575053 -0.
138.743 2 ATTITUDE 1.335607 4.717919 1.193745
138.759 2 INS 4103 3051 -520508320 -498073 -996146 -368258944 15034 -1132 5223
138.775 2 SERIAL_COM 989 6390 18194 4360 0 0 0 14 380 80 76 0 0 0 0 0
138.792 2 ATTITUDE 1.369785 4.729082 1.146575
138.870 2 GVF_PARAMETRIC 5 1 0.012549 6.,-10.898438,12.269531,15.839844,-9.296875,0.007812,32.308594,24.65625,0.,0.,0.,0.,0.,0.,0.,0. 4.947869,2.110755
138.871 2 INS 4103 3051 -520517280 -498073 -996146 -368156992 21021 6452 5941
138.871 2 GPS_INT 0 0 0 404517230 -37283643 705988 655752 0 0 0 47 18 292927500 119 20 3 1
138.872 2 ATTITUDE 1.407168 4.766792 1.086723
138.872 2 INS 4103 3051 -520526240 -498073 -996146 -368056960 22052 11262 6987
138.886 2 ATTITUDE 1.4192 4.764822 1.019672
138.933 2 INS 4103 3051 -520535200 -498073 -996146 -367961312 19147 8638 7654
138.933 2 GPS 3 43823839 447815062 2421 655752 212 -2 2395 292927500 30 0
138.933 2 ATTITUDE 1.432676 4.777523 0.958729
138.965 2 INS 4103 3051 -520544160 -498073 -996146 -367883520 18905 5770 647
139.018 2 ROTORCRAFT_FP 3051 4103 520545952 -996146 -498073 367848800 5923 3754 19613 0 0 0 0 2625 0
139.019 2 GPS_INT 0 0 0 404517230 -37283643 705988 655752 0 0 0 47 18 292927500 119 20 3 1
139.019 2 ATTITUDE 1.462052 4.797429 0.893465
139.021 2 LINK_REPORT 2 -1 139 0 417664 9479 0 2793. 61. 30 47.53
139.034 2 ATTITUDE 1.474616 4.796136 0.825614
139.066 2 INS 4049 2923 -520562080 -52428 -933231 -367724512 23012 4695 -4859
139.082 2 ATTITUDE 1.483696 4.802467 0.75621
139.114 2 INS 4049 2923 -520571040 -52428 -933231 -367691936 21935 8221 1803
139.140 2 GPS_INT 0 0 0 404517211 -37283702 706065 655829 0 0 0 47 15 292927750 127 19 3 1
139.140 2 ATTITUDE 1.479846 4.791718 0.686179
139.196 2 INS 4049 2923 -520580000 -52428 -933231 -367514848 20415 3429 5941
139.196 2 GPS 3 43823789 447815041 2495 655829 177 -8 2395 292927750 30 0
139.196 2 INS_REF 485057916 -31609623 411673221 404515786 -37285049 712727 662491 0.
139.197 2 ATTITUDE 1.496932 4.789069 0.625389
139.197 2 WP_MOVED_ENU 0 0 0 2560
139.197 2 WP_MOVED_ENU 0 0 0 2560
139.303 2 GVF_PARAMETRIC 5 1 0.012263 0.,0.2,0.2,1.003102,1.003102,0.05,32.308594,24.65625,0.,0.,0.,0.,0.,0.,0.,0. 4.891691,2.103367
139.304 2 INS 4049 2923 -520588960 -52428 -933231 -367457664 11859 9764 1652
139.304 2 ROVER_CTRL 2.5 -0.075053 3976.408203 0.859779 1400. 600. 1000. 1088.414062 -105.074837 192.618378 2.575053 -0.
139.305 2 ROTORCRAFT_FP 2923 4049 520590752 -933231 -52428 367464096 6094 2415 19581 0 0 0 0 2640 0
139.305 2 DL_VALUE 11 0.
139.305 2 ATTITUDE 1.482645 4.780189 0.568124
139.305 2 INS 4049 2923 -520597888 -52428 -933231 -367333600 10239 679 12655
139.306 2 SERIAL_COM 990 4842 13893 12159 0 0 0 14 381 80 76 0 0 0 0 0
139.306 2 GPS_INT 0 0 0 404517211 -37283702 706065 655829 0 0 0 47 15 292927750 127 19 3 1
139.306 2 ATTITUDE 1.483784 4.786572 0.529646
139.319 2 INS 4057 2805 -520606848 256900 -802159 -367255360 14542 -3376 3947
139.319 2 GPS_SOL 47 11 119 20
139.335 2 ATTITUDE 1.476806 4.773812 0.499191
139.367 2 INS 4057 2805 -520615808 256900 -802159 -367098240 27580 -2641 -2037
139.383 2 ATTITUDE 1.478855 4.77212 0.477077
139.399 2 ROTORCRAFT_NAV_STATUS 66 66 0. 0. 5 0 2
139.399 2 IMU_MAG_RAW 255 0 0 0
139.415 2 INS 4057 2805 -520624768 256900 -802159 -366922944 11456 3668 8275
139.455 2 GPS 3 43823743 447815045 2633 655885 160 -7 2395 292928000 30 0
139.455 2 GPS_INT 0 0 0 404517214 -37283756 706121 655885 0 0 0 47 11 292928000 119 20 3 1
139.456 2 ATTITUDE 1.476057 4.762517 0.458344
139.497 2 ROTORCRAFT_FP 2805 4057 520635520 -802159 256900 366731968 6037 1824 19492 0 0 0 0 2640 0
139.498 2 ATTITUDE 1.478009 4.762561 0.440045
139.540 2 INS 4083 2705 -520642688 225443 -686816 -366655264 20004 20 -99
139.540 2 STATIC_CONTROL 0 0. 0 0. 0. 0. 0. 0. 0. 0. 0. 0. 0.
139.541 2 ATTITUDE 1.460676 4.763731 0.433358
139.556 2 INS 4083 2705 -520651648 230686 -692059 -366447360 21486 -1959 7496
139.586 2 GPS_INT 0 0 0 404517223 -37283802 706108 655872 0 0 0 47 11 292928250 119 21 3 1
139.586 2 ATTITUDE 1.44938 4.772445 0.433739
139.641 2 GVF_PARAMETRIC 5 1 0.012169 -6.,-34.859375,-45.699219,-22.828125,-21.648438,-0.449219,0.71875,17.71875,0.,0.,0.,0.,0.,0.,0.,0. 4.803996,2.122282
139.642 2 INS 4083 2705 -520660608 230686 -692059 -366245984 14398 3 10381
139.642 2 ATTITUDE 1.435651 4.762601 0.434055
139.656 2 INS 4083 2705 -520669568 230686 -692059 -365995712 22042 -4118 7976
139.672 2 GPS 3 43823704 447815055 2753 655872 138 -11 2395 292928250 30 0
139.687 2 ATTITUDE 1.43219 4.76793 0.458699
139.703 2 INS 4083 2705 -520678528 230686 -692059 -365775360 18864 800 8933
139.720 2 ROVER_CTRL 2.5 -0.075053 3976.408203 0.859779 1400. 600. 1000. 1088.414062 -105.074837 192.618378 2.575053 -0.
139.784 2 ROTORCRAFT_FP 2705 4083 520680320 -692059 230686 365742272 5820 1996 19517 0 0 0 0 2640 0
139.784 2 GPS_INT 0 0 0 404517223 -37283802 706108 655872 0 0 0 47 11 292928250 119 21 3 1
139.785 2 ATTITUDE 1.416411 4.76392 0.506829
139.785 2 INS 4111 2624 -520687488 146800 -608173 -365556640 18884 -2307 10799
139.786 2 SERIAL_COM 990 5668 19375 10657 0 0 0 14 381 80 76 0 0 0 0 0
139.786 2 ATTITUDE 1.409264 4.757285 0.556459
139.814 2 INS 4111 2624 -520696448 152043 -608173 -365283168 15439 -456 8497
139.829 2 ATTITUDE 1.407847 4.753393 0.610497
139.861 2 INS 4111 2624 -520705408 152043 -608173 -365088416 19790 -1169 11199
139.888 2 GPS_INT 0 0 0 404517233 -37283840 706121 655885 0 0 0 47 13 292928500 111 21 3 1
139.888 2 ATTITUDE 1.400531 4.742868 0.662464
139.920 2 INS 4111 2624 -520714336 152043 -608173 -364861824 16901 -1174 9699
139.920 2 GPS 3 43823672 447815067 2791 655885 119 -9 2395 292928500 30 0
139.935 2 ATTITUDE 1.407821 4.744521 0.713049
139.967 2 INS 4111 2624 -520723296 152043 -608173 -364659200 24897 790 4858
139.984 2 ATTITUDE 1.406923 4.744154 0.766917
140.023 2 LINK_REPORT 2 -1 140 0 420491 9544 0 2827. 65. 30 47.53
140.048 2 GVF_PARAMETRIC 5 1 0.012215 6.,-10.898438,12.269531,15.839844,-9.296875,0.007812,32.308594,24.65625,0.,0.,0.,0.,0.,0.,0.,0. 4.744946,2.134756
140.048 2 INS 4119 2552 -520732224 -73400 -492830 -364475680 18162 -2460 6725
140.049 2 GPS_INT 0 0 0 404517236 -37283873 706167 655931 0 0 0 47 17 292928750 111 21 3 1
140.049 2 ATTITUDE 1.399603 4.72975 0.81005
140.064 2 INS 4119 2552 -520741152 -83886 -498073 -364263680 14068 2064 11310
140.064 2 ROVER_STATUS 0 41 3 0 1 991 7.727059
140.079 2 ATTITUDE 1.397127 4.719834 0.855459
140.111 2 INS 4119 2552 -520750112 -83886 -498073 -364109696 18329 -3366 3931
140.127 2 ATTITUDE 1.377519 4.700941 0.90583
140.171 2 INS 4119 2552 -520759072 -83886 -498073 -363825984 16708 1994 9705
140.171 2 GPS 3 43823644 447815070 2699 655931 95 -3 2395 292928750 30 0
140.245 2 GPS_INT 0 0 0 404517236 -37283873 706167 655931 0 0 0 47 17 292928750 111 21 3 1
140.246 2 ALIVE 122,195,7,233,5,247,195,75,60,187,26,129,128,90,246,93
140.247 2 ATTITUDE 1.384549 4.707623 0.952359
140.247 2 DATALINK_REPORT 5 208 3494 3070 0 12
140.247 2 IMU_MAG_RAW 255 0 0 0
140.248 2 INS 4119 2552 -520767968 -83886 -498073 -363613184 19659 -1771 8939
140.248 2 ROVER_CTRL 2.5 -0.075053 3976.408203 0.859779 1400. 600. 1000. 1088.414062 -105.074837 192.618378 2.575053 -0.
140.249 2 ROTORCRAFT_FP 2552 4119 520769728 -498073 -83886 363581568 5706 3998 19309 0 0 0 0 2625 0
140.249 2 ATTITUDE 1.393422 4.710328 0.993623
140.272 2 INS 4119 2552 -520776832 -83886 -498073 -363463360 18014 1247 7659
140.273 2 SERIAL_COM 991 -3366 18329 3931 0 0 0 14 382 80 76 0 0 0 0 0
140.287 2 ATTITUDE 1.389928 4.696712 1.030765
140.304 2 INS 4111 2496 -520785664 -157286 -408944 -363288224 17929 961 4060
140.334 2 GPS_INT 0 0 0 404517233 -37283898 706168 655932 0 0 0 47 19 292929000 111 21 3 1
140.335 2 ATTITUDE 1.391121 4.690858 1.065081
140.365 2 INS 4111 2496 -520794464 -157286 -408944 -363142912 18048 937 4133
140.381 2 ATTITUDE 1.355502 4.654728 1.103053
140.435 2 GVF_PARAMETRIC 5 1 0.012296 0.,0.2,0.2,1.003102,1.003102,0.05,32.308594,24.65625,0.,0.,0.,0.,0.,0.,0.,0. 4.724736,2.127934
140.436 2 INS 4111 2496 -520803296 -157286 -408944 -362912128 21667 2791 7389
140.436 2 GPS 3 43823623 447815067 2586 655932 82 3 2395 292929000 30 0
140.437 2 ATTITUDE 1.354061 4.660794 1.135957
140.466 2 INS 4111 2496 -520812096 -157286 -408944 -362736096 13525 -4059 8058
140.535 2 ROTORCRAFT_FP 2496 4111 520813888 -408944 -157286 362696288 5508 4733 19006 0 0 0 0 2640 0
140.536 2 GPS_INT 0 0 0 404517233 -37283898 706168 655932 0 0 0 47 19 292929000 111 21 3 1
140.536 2 ATTITUDE 1.335521 4.620808 1.167742
140.536 2 PONG 
140.536 2 WP_MOVED_ENU 1 0 0 2560
140.537 2 WP_MOVED_ENU 1 0 0 2560
140.537 2 INS 4088 2455 -520820960 -214957 -346029 -362556064 19064 4410 6389
140.537 2 STATIC_CONTROL 0 0. 0 0. 0. 0. 0. 0. 0. 0. 0. 0. 0.
140.537 2 ATTITUDE 1.317149 4.587987 1.190721
140.551 2 INS 4088 2455 -520829792 -214957 -346029 -362352672 19888 2961 7178
140.583 2 ATTITUDE 1.296633 4.564633 1.212472
140.615 2 INS 4088 2455 -520838592 -214957 -346029 -362180704 15835 2406 6882
140.631 2 GPS_INT 0 0 0 404517224 -37283918 706205 655969 0 0 0 47 20 292929250 113 21 3 1
140.631 2 ATTITUDE 1.270877 4.53445 1.219158
140.663 2 INS 4088 2455 -520847392 -214957 -346029 -361971456 17665 1276 9861
140.663 2 GPS 3 43823606 447815057 2478 655969 77 2 2395 292929250 30 0
140.679 2 ATTITUDE 1.267827 4.532198 1.229249
140.749 2 INS 4088 2455 -520856224 -214957 -346029 -361780480 16630 253 7559
140.751 2 ROVER_CTRL 2.5 -0.075053 3976.408203 0.859779 1400. 600. 1000. 1088.414062 -105.074837 192.618378 2.575053 -0.
140.751 2 ROTORCRAFT_FP 2455 4088 520858016 -346029 -214957 361736160 5217 5041 18589 0 0 0 0 2625 0
140.751 2 ATTITUDE 1.279169 4.54284 1.232044
140.765 2 INS 4072 2416 -520865056 -62914 -251658 -361599744 17935 2843 6703
140.765 2 SERIAL_COM 991 329 17413 6629 0 0 0 14 382 80 76 0 0 0 0 0
140.791 2 GPS_INT 0 0 0 404517219 -37283935 706227 655991 0 0 0 47 17 292929500 111 21 3 1
140.791 2 ATTITUDE 1.270091 4.533504 1.234687
140.828 2 GVF_PARAMETRIC 5 1 0.012364 -6.,-34.859375,-45.699219,-22.828125,-21.648438,-0.449219,0.71875,17.71875,0.,0.,0.,0.,0.,0.,0.,0. 4.694974,2.1094
140.829 2 INS 4072 2416 -520873888 -68157 -256900 -361413248 20587 3923 7891
140.829 2 DL_VALUE 12 0.
140.829 2 ATTITUDE 1.262183 4.535254 1.236112
140.860 2 INS 4072 2416 -520882688 -68157 -256900 -361195424 18898 -1261 8711
140.876 2 ATTITUDE 1.288427 4.556526 1.237607
140.935 2 INS 4072 2416 -520891488 -68157 -256900 -361030048 21487 1698 4506
140.936 2 GPS 3 43823592 447815052 2495 655991 49 -3 2395 292929500 30 0
140.937 2 GPS_INT 0 0 0 404517219 -37283935 706227 655991 0 0 0 47 17 292929500 111 21 3 1
140.937 2 ATTITUDE 1.308378 4.555146 1.240765
140.951 2 INS 4072 2416 -520900288 -68157 -256900 -360876192 17167 4320 7034
140.997 2 ROTORCRAFT_FP 2416 4072 520902048 -256900 -68157 360839840 5351 5083 18603 0 0 0 0 2625 0
140.997 2 ATTITUDE 1.301114 4.536362 1.240816
140.998 2 ROTORCRAFT_NAV_STATUS 68 68 0. 0. 5 0 2
140.998 2 IMU_MAG_RAW 255 0 0 0
141.013 2 INS 4052 2388 -520909088 -188743 -214957 -360683200 16846 2261 7850
141.023 2 LINK_REPORT 2 -1 141 0 423747 9618 0 3256. 74. 31 79.15
141.029 2 ATTITUDE 1.288045 4.526556 1.23588
141.061 2 INS 4052 2388 -520917888 -193986 -220200 -360451296 19832 325 8284
141.088 2 GPS_INT 0 0 0 404517212 -37283949 706305 656069 0 0 0 47 20 292929750 111 21 3 1
141.089 2 ATTITUDE 1.28976 4.528744 1.23975
141.103 2 INS 4052 2388 -520926688 -193986 -220200 -360272672 18846 2517 7121
141.135 2 ATTITUDE 1.270129 4.513036 1.245531
141.167 2 INS 4052 2388 -520935488 -193986 -220200 -360088224 19100 1602 6874
141.168 2 GPS 3 43823580 447815044 2347 656069 55 10 2395 292929750 30 0
141.183 2 ATTITUDE 1.264064 4.511743 1.242011
141.291 2 GVF_PARAMETRIC 5 1 0.012407 6.,-10.898438,12.269531,15.839844,-9.296875,0.007812,32.308594,24.65625,0.,0.,0.,0.,0.,0.,0.,0. 4.684934,2.099595
141.291 2 INS 4052 2388 -520944288 -193986 -220200 -359873216 18414 144 9260
141.292 2 ROVER_CTRL 2.5 -0.075053 3976.408203 0.859779 1400. 600. 1000. 1088.414062 -105.074837 192.618378 2.575053 -0.
141.293 2 ROTORCRAFT_FP 2388 4052 520946048 -220200 -193986 359831680 5201 5080 18502 0 0 0 0 2625 0
141.294 2 GPS_INT 0 0 0 404517212 -37283949 706305 656069 0 0 0 47 20 292929750 111 21 3 1
141.294 2 ATTITUDE 1.277749 4.521649 1.241157
141.294 2 INS 4052 2388 -520953088 -193986 -220200 -359679136 16912 968 7285
141.295 2 SERIAL_COM 992 2088 19320 8121 0 0 0 14 383 80 76 0 0 0 0 0
141.296 2 ATTITUDE 1.282187 4.515205 1.244302
141.321 2 INS 4029 2357 -520961888 -78643 -183500 -359473760 18359 1368 9220
141.321 2 GPS_SOL 47 20 112 20
141.361 2 INS 4029 2357 -520970688 -78643 -183500 -359272256 18629 1286 7603
141.382 2 GPS_INT 0 0 0 404517204 -37283962 706335 656099 0 0 0 47 20 292930000 112 20 3 1
141.383 2 ATTITUDE 1.289471 4.511425 1.245582
141.414 2 INS 4029 2357 -520979488 -78643 -183500 -359084800 19055 1834 7352
141.414 2 GPS 3 43823569 447815035 2378 656099 36 7 2395 292930000 30 0
141.430 2 ATTITUDE 1.282781 4.501828 1.250052
141.462 2 INS 4029 2357 -520988288 -78643 -183500 -358882784 18890 1210 7953
141.488 2 ROTORCRAFT_FP 2357 4029 520990048 -183500 -78643 358840416 5246 5126 18433 0 0 0 0 2640 0
141.489 2 STATE_FILTER_STATUS 6 3 0
141.489 2 ATTITUDE 1.282095 4.501526 1.25065
141.504 2 INS 4014 2332 -520997088 -68157 -152043 -358666656 17566 -1069 8011
141.545 2 STATIC_CONTROL 0 0. 0 0. 0. 0. 0. 0. 0. 0. 0. 0. 0.
141.545 2 GPS_INT 0 0 0 404517198 -37283974 706403 656167 0 0 0 47 19 292930250 121 21 3 1
141.546 2 ATTITUDE 1.28566 4.498938 1.246302
141.560 2 INS 4014 2332 -521005856 -68157 -152043 -358454624 18673 329 7849
141.560 2 ROVER_STATUS 0 50 3 0 1 992 7.700567
141.576 2 ATTITUDE 1.287138 4.488025 1.240853
141.629 2 GVF_PARAMETRIC 5 1 0.012433 0.,0.2,0.2,1.003102,1.003102,0.05,32.308594,24.65625,0.,0.,0.,0.,0.,0.,0.,0. 4.663658,2.083424
141.630 2 INS 4014 2332 -521014656 -68157 -152043 -358248672 18937 2315 7724
141.630 2 ATTITUDE 1.295807 4.487871 1.238561
141.660 2 INS 4014 2332 -521023456 -68157 -152043 -358068960 17293 1128 7655
141.661 2 GPS 3 43823558 447815029 2412 656167 31 7 2395 292930250 30 0
141.687 2 GPS_INT 0 0 0 404517198 -37283974 706403 656167 0 0 0 47 19 292930250 121 21 3 1
141.687 2 ATTITUDE 1.296814 4.486993 1.244408
141.702 2 INS 4014 2332 -521032256 -68157 -152043 -357869280 18290 1582 8477
141.743 2 ROVER_CTRL 2.5 -0.075053 3976.408203 0.859779 1400. 600. 1000. 1088.414062 -105.074837 192.618378 2.575053 -0.
141.744 2 ROTORCRAFT_FP 2332 4014 521034016 -152043 -68157 357829696 5318 5111 18396 0 0 0 0 2625 0
141.744 2 ATTITUDE 1.298233 4.493414 1.249857
141.769 2 INS 3998 2311 -521041024 -62914 -120586 -357674048 18970 -441 7547
141.770 2 SERIAL_COM 992 55 18952 8828 0 0 0 14 383 80 76 0 0 0 0 0
141.771 2 ATTITUDE 1.301071 4.500289 1.250295
141.800 2 WP_MOVED_ENU 2 -276 -3691 2560
141.801 2 WP_MOVED_ENU 2 -276 -3691 2560
141.801 2 IMU_MAG_RAW 255 0 0 0
141.844 2 INS 3998 2311 -521049760 -62914 -125829 -357468352 19032 -290 9087
141.845 2 GPS_INT 0 0 0 404517193 -37283984 706473 656237 0 0 0 47 19 292930500 121 21 3 1
141.845 2 AUTOPILOT_VERSION 60200 v6.2_unstable-650-g74eaf7c20-dirty
141.845 2 ATTITUDE 1.309498 4.505737 1.248537
141.860 2 INS 3998 2311 -521058528 -62914 -125829 -357254176 18176 78 9685
141.877 2 ATTITUDE 1.320411 4.511137 1.24816
141.919 2 INS 3998 2311 -521067232 -62914 -125829 -357037632 17973 1158 9123
141.920 2 GPS 3 43823550 447815023 2423 656237 25 6 2395 292930500 30 0
141.921 2 ATTITUDE 1.32537 4.514464 1.248775
141.950 2 INS 3998 2311 -521075904 -62914 -125829 -356832576 18573 906 6870
