5.921 2 LINK_REPORT 2 -1 6 0 15268 342 0 2923. 66. 1 136.82
5.921 2 INS 481 1195 -211757216 20971 5242 -1884390144 81 -5056 -7808
5.922 2 GPS_SOL 38 11 99 24
5.938 2 GPS_INT 0 0 0 404513341 -37290421 700617 650381 0 0 0 38 11 294315000 99 24 3 1
5.938 2 ATTITUDE -0.18107 5.563681 -0.206025
5.954 2 INS 481 1195 -211803216 20971 5242 -1884590080 43 -5030 -7802
5.986 2 ATTITUDE -0.181142 5.563789 -0.206056
5.986 2 ROTORCRAFT_NAV_STATUS 87 87 0. 0. 5 0 2
6.017 2 IMU_MAG_RAW 255 0 0 0
6.017 2 INS 481 1195 -211849216 20971 5242 -1884789632 83 -5026 -7772
6.017 2 GPS 3 43818067 447810796 2812 650363 2 0 2395 294315250 30 0
6.347 2 ATTITUDE -0.181214 5.563891 -0.206107
6.347 2 INS 488 1223 -211895216 10485 5242 -1884989184 54 -5062 -7778
6.348 2 ROTORCRAFT_FP 1223 488 211904416 5242 10485 1885029120 -742 -844 22789 0 0 0 0 1125 0
6.348 2 GPS_INT 0 0 0 404513344 -37290408 700599 650363 0 0 0 37 9 294315250 99 24 3 1
6.349 2 ATTITUDE -0.181226 5.563957 -0.206143
6.349 2 INS 488 1223 -211941216 10485 5242 -1885188992 52 -5040 -7819
6.349 2 STATIC_CONTROL 0 0. 0 0. 0. 0. 0. 0. 0. 0. 0. 0. 0.
6.349 2 ATTITUDE -0.181299 5.564128 -0.20616
6.349 2 INS 488 1223 -211987248 10485 5242 -1885388160 40 -5075 -7815
6.350 2 ATTITUDE -0.181339 5.56422 -0.206159
6.350 2 WP_MOVED_ENU 8 13048 15705 2974
6.350 2 WP_MOVED_ENU 8 13048 15705 2974
6.350 2 GVF_PARAMETRIC 5 1 0.148999 -6.,15.398438,4.558594,27.417969,28.609375,49.796875,50.96875,67.96875,0.,0.,0.,0.,0.,0.,0.,0. -2.544196,-2.115948
6.350 2 INS 488 1223 -212033280 10485 5242 -1885587456 34 -5046 -7773
6.351 2 GPS_INT 0 0 0 404513344 -37290408 700599 650363 0 0 0 37 9 294315250 99 24 3 1
6.351 2 ATTITUDE -0.181478 5.564298 -0.20615
6.351 2 INS 488 1223 -212079312 10485 5242 -1885786368 55 -5029 -7766
6.351 2 GPS 3 43818091 447810801 2812 650366 3 -3 2395 294315500 30 0
6.351 2 ATTITUDE -0.181555 5.564383 -0.206165
6.352 2 INS 504 1282 -212125344 -15728 0 -1885985920 60 -5052 -7785
6.352 2 ROVER_CTRL 2.5 0.086293 2817.442139 -0.585146 1400. 600. 1000. -122.876869 120.809509 20.027161 2.413707 0.
6.352 2 ROTORCRAFT_FP 1282 504 212134544 0 -15728 1886025856 -743 -844 22792 0 0 0 0 1125 0
6.352 2 ATTITUDE -0.181638 5.564482 -0.206217
6.372 2 INS 504 1282 -212171376 -15728 0 -1886185088 82 -5058 -7753
6.373 2 SERIAL_COM 454 -5050 53 -7801 0 0 0 14 355 80 76 0 0 0 0 0
6.398 2 GPS_INT 0 0 0 404513349 -37290380 700602 650366 0 0 0 45 13 294315500 99 24 3 1
6.399 2 ATTITUDE -0.181674 5.564558 -0.206249
6.414 2 INS 504 1282 -212217424 -15728 0 -1886384640 22 -5023 -7760
6.430 2 ATTITUDE -0.181697 5.564623 -0.206232
6.462 2 INS 504 1282 -212263504 -15728 0 -1886583552 54 -5039 -7759
6.462 2 STATE_FILTER_STATUS 6 3 0
6.478 2 ATTITUDE -0.181802 5.564738 -0.206311
6.520 2 INS 504 1282 -212309552 -15728 0 -1886783104 47 -5048 -7791
6.521 2 GPS 3 43818091 447810801 2812 650366 3 -4 2395 294315500 30 0
6.546 2 GPS_INT 0 0 0 404513349 -37290380 700602 650366 0 0 0 45 13 294315500 99 24 3 1
6.547 2 ATTITUDE -0.181866 5.564804 -0.206359
6.562 2 INS 504 1287 -212355632 -5242 -15728 -1886982272 46 -5065 -7787
6.588 2 ROTORCRAFT_FP 1287 504 212364848 -20971 -5242 1887022080 -745 -845 22793 0 0 0 0 1125 0
6.589 2 ATTITUDE -0.181939 5.564859 -0.206352
6.630 2 GVF_PARAMETRIC 5 1 0.148997 6.,18.136719,41.308594,44.878906,19.75,29.046875,61.347656,53.699219,0.,0.,0.,0.,0.,0.,0.,0. -2.519171,-2.109719
6.630 2 INS 504 1287 -212401776 -5242 -20971 -1887181824 74 -5086 -7741
6.631 2 ATTITUDE -0.181963 5.56498 -0.206378
6.661 2 INS 504 1287 -212447792 -5242 -20971 -1887380864 54 -5065 -7792
6.687 2 GPS_INT 0 0 0 404513349 -37290378 700571 650335 0 0 0 38 14 294315750 100 22 3 1
6.688 2 ATTITUDE -0.182012 5.565073 -0.206397
6.703 2 INS 504 1287 -212493904 -5242 -20971 -1887580032 43 -5062 -7793
6.735 2 ATTITUDE -0.182077 5.565192 -0.206435
6.767 2 INS 504 1287 -212539968 -5242 -20971 -1887779200 29 -5067 -7773
6.767 2 GPS 3 43818093 447810801 2812 650335 3 7 2395 294315750 30 0
6.783 2 ATTITUDE -0.182136 5.565328 -0.206448
6.783 2 IMU_MAG_RAW 255 0 0 0
6.791 2 LINK_REPORT 2 -1 7 0 18450 414 0 3182. 72. 1 136.82
6.875 2 INS 504 1287 -212586064 -5242 -20971 -1887978112 58 -5100 -7767
6.876 2 ROVER_CTRL 2.5 0.086293 2817.442139 -0.585146 1400. 600. 1000. -122.876869 120.809509 20.027161 2.413707 0.
6.876 2 ROTORCRAFT_FP 1287 504 212595280 -20971 -5242 1888018048 -746 -845 22795 0 0 0 0 1125 0
6.877 2 GPS_INT 0 0 0 404513349 -37290378 700571 650335 0 0 0 38 14 294315750 100 22 3 1
6.877 2 ATTITUDE -0.182109 5.565367 -0.206464
6.877 2 INS 504 1295 -212632144 -15728 -15728 -1888177408 59 -5060 -7763
6.877 2 SERIAL_COM 455 -5067 42 -7747 0 0 0 14 356 80 76 0 0 0 0 0
6.878 2 ATTITUDE -0.182192 5.56553 -0.206557
6.907 2 INS 504 1295 -212678240 -15728 -15728 -1888376832 58 -5087 -7771
6.924 2 ATTITUDE -0.182329 5.565631 -0.206618
6.955 2 INS 504 1295 -212724336 -15728 -15728 -1888576384 49 -5043 -7793
6.983 2 GPS_INT 0 0 0 404513349 -37290375 700520 650285 0 0 0 37 12 294316000 94 23 3 1
6.983 2 ATTITUDE -0.182338 5.565727 -0.206651
7.038 2 GVF_PARAMETRIC 5 1 0.148996 0.,0.199,0.199,0.546583,0.546583,0.05,61.347656,53.699219,0.,0.,0.,0.,0.,0.,0.,0. -2.51601,-2.109747
7.038 2 INS 504 1295 -212770464 -15728 -15728 -1888775424 54 -5070 -7800
7.038 2 GPS 3 43818095 447810801 2812 650285 4 -8 2395 294316000 30 0
7.039 2 ATTITUDE -0.182428 5.565755 -0.206728
7.052 2 INS 504 1303 -212816576 0 -10485 -1888974720 43 -5103 -7786
7.083 2 ROTORCRAFT_FP 1303 504 212825808 -15728 -5242 1889014656 -747 -846 22797 0 0 0 0 1125 0
7.084 2 ATTITUDE -0.182458 5.565803 -0.206745
7.142 2 INS 504 1303 -212862688 -5242 -15728 -1889173760 54 -5097 -7782
7.142 2 STATIC_CONTROL 0 0. 0 0. 0. 0. 0. 0. 0. 0. 0. 0. 0.
7.143 2 GPS_INT 0 0 0 404513349 -37290372 700498 650263 0 0 0 37 13 294316250 100 23 3 1
7.143 2 ATTITUDE -0.182402 5.565842 -0.206773
7.168 2 INS 504 1303 -212908832 -5242 -15728 -1889372928 71 -5058 -7804
7.168 2 ROVER_STATUS 0 60 3 0 1 455 8.053803
7.184 2 ATTITUDE -0.182491 5.565973 -0.206819
7.216 2 INS 504 1303 -212954944 -5242 -15728 -1889572352 58 -5083 -7812
7.232 2 ATTITUDE -0.182523 5.566087 -0.20688
7.264 2 INS 504 1303 -213001072 -5242 -15728 -1889771520 91 -5085 -7785
7.264 2 GPS 3 43818098 447810801 2812 650263 2 6 2395 294316250 30 0
7.290 2 GPS_INT 0 0 0 404513349 -37290372 700498 650263 0 0 0 37 13 294316250 100 23 3 1
7.290 2 ATTITUDE -0.182596 5.566243 -0.206932
7.368 2 INS 504 1308 -213047200 -15728 -15728 -1889970944 63 -5081 -7767
7.369 2 ROVER_CTRL 2.5 0.086293 2817.442139 -0.585146 1400. 600. 1000. -122.876869 120.809509 20.027161 2.413707 0.
7.370 2 ROTORCRAFT_FP 1308 504 213056432 -20971 -15728 1890010752 -748 -847 22799 0 0 0 0 1125 0
7.371 2 INS_REF 485058561 -31614701 411670235 404513171 -37290972 700771 650535 0.
7.371 2 ATTITUDE -0.182651 5.566374 -0.206979
7.372 2 INS 504 1308 -213093360 -15728 -20971 -1890169856 53 -5075 -7784
7.372 2 SERIAL_COM 455 -5083 68 -7776 0 0 0 14 356 80 76 0 0 0 0 0
7.384 2 ATTITUDE -0.182742 5.566465 -0.206987
7.448 2 GVF_PARAMETRIC 5 1 0.148994 -6.,15.398438,4.558594,27.417969,28.609375,49.796875,50.96875,67.96875,0.,0.,0.,0.,0.,0.,0.,0. -2.510905,-2.10977
7.449 2 INS 504 1308 -213139488 -15728 -20971 -1890368896 75 -5063 -7772
7.449 2 GPS_INT 0 0 0 404513349 -37290369 700474 650238 0 0 0 36 9 294316500 94 23 3 1
7.450 2 DL_VALUE 81 1.
7.450 2 ATTITUDE -0.182867 5.56663 -0.207037
7.464 2 INS 504 1308 -213185632 -15728 -20971 -1890567808 60 -5086 -7786
7.480 2 ATTITUDE -0.18291 5.566748 -0.207066
7.496 2 WP_MOVED_ENU 9 17400 13747 2974
7.496 2 WP_MOVED_ENU 9 17400 13747 2974
7.512 2 INS 504 1308 -213231840 -15728 -20971 -1890766976 60 -5089 -7771
7.513 2 GPS 3 43818100 447810801 2812 650238 4 2 2395 294316500 30 0
7.528 2 ATTITUDE -0.18293 5.56686 -0.207115
7.560 2 INS 506 1308 -213277968 0 -31457 -1890966016 56 -5079 -7749
7.608 2 ROTORCRAFT_FP 1308 506 213287184 -31457 0 1891005824 -749 -848 22802 0 0 0 0 1125 0
7.610 2 GPS_INT 0 0 0 404513349 -37290369 700464 650228 0 0 0 36 12 294316750 94 23 3 1
7.610 2 ATTITUDE -0.183018 5.56694 -0.207119
7.610 2 ROTORCRAFT_NAV_STATUS 89 89 0. 0. 5 0 2
7.610 2 IMU_MAG_RAW 255 0 0 0
7.611 2 INS 506 1308 -213324144 -5242 -31457 -1891165312 52 -5102 -7777
7.624 2 ATTITUDE -0.183126 5.567008 -0.207166
7.656 2 INS 506 1308 -213370304 -5242 -31457 -1891364608 57 -5111 -7774
7.672 2 ATTITUDE -0.183192 5.567121 -0.207181
7.704 2 INS 506 1308 -213416512 -5242 -31457 -1891563648 57 -5065 -7777
7.731 2 GPS_INT 0 0 0 404513349 -37290369 700464 650228 0 0 0 36 12 294316750 94 23 3 1
7.731 2 ATTITUDE -0.183236 5.567242 -0.207291
7.763 2 INS 506 1308 -213462688 -5242 -31457 -1891762560 70 -5109 -7790
7.763 2 GPS 3 43818100 447810801 2812 650228 5 6 2395 294316750 30 0
7.779 2 ATTITUDE -0.183313 5.567326 -0.207301
7.792 2 LINK_REPORT 2 -1 8 0 21516 483 0 3066. 69. 1 136.82
7.865 2 GVF_PARAMETRIC 5 1 0.148992 6.,18.136719,41.308594,44.878906,19.75,29.046875,61.347656,53.699219,0.,0.,0.,0.,0.,0.,0.,0. -2.510861,-2.109024
7.867 2 INS 506 1308 -213508880 -5242 -31457 -1891961600 44 -5099 -7783
7.868 2 ROVER_CTRL 2.5 0.086293 2817.442139 -0.585146 1400. 600. 1000. -122.876869 120.809509 20.027161 2.413707 0.
7.869 2 ROTORCRAFT_FP 1310 501 213518112 -20971 -5242 1892001408 -750 -849 22804 0 0 0 0 1125 0
7.870 2 ATTITUDE -0.183316 5.567454 -0.20737
7.871 2 INS 501 1310 -213555072 -15728 -20971 -1892160512 60 -5082 -7787
7.872 2 SERIAL_COM 456 -5092 44 -7740 0 0 0 14 357 80 76 0 0 0 0 0
7.890 2 GPS_INT 0 0 0 404513348 -37290368 700441 650205 0 0 0 36 11 294317000 94 23 3 1
7.893 2 ATTITUDE -0.18339 5.56746 -0.207397
7.916 2 INS 501 1310 -213601280 -15728 -20971 -1892360064 76 -5117 -7787
7.916 2 GPS_SOL 36 11 94 23
7.931 2 ATTITUDE -0.183431 5.56756 -0.207441
7.948 2 INS 501 1310 -213647472 -15728 -20971 -1892558976 61 -5104 -7761
7.980 2 ATTITUDE -0.183546 5.567709 -0.207472
8.012 2 INS 501 1310 -213693664 -15728 -20971 -1892758272 64 -5069 -7776
8.012 2 GPS 3 43818101 447810800 2812 650205 4 2 2395 294317000 30 0
8.038 2 GPS_INT 0 0 0 404513348 -37290368 700441 650205 0 0 0 36 11 294317000 94 23 3 1
8.038 2 ATTITUDE -0.183577 5.567815 -0.20749
8.053 2 INS 496 1315 -213739856 0 5242 -1892957184 47 -5084 -7787
8.081 2 ROTORCRAFT_FP 1315 496 213749088 5242 0 1892996864 -751 -850 22805 0 0 0 0 1125 0
8.081 2 ATTITUDE -0.183614 5.567891 -0.207526
8.127 2 INS 496 1315 -213786064 0 10485 -1893155968 50 -5102 -7756
8.127 2 STATIC_CONTROL 0 0. 0 0. 0. 0. 0. 0. 0. 0. 0. 0. 0.
8.128 2 ATTITUDE -0.183669 5.567963 -0.207563
8.159 2 INS 496 1315 -213832304 0 10485 -1893355136 72 -5082 -7805
8.185 2 GPS_INT 0 0 0 404513347 -37290366 700423 650187 0 0 0 36 10 294317250 94 23 3 1
8.185 2 ALIVE 122,195,7,233,5,247,195,75,60,187,26,129,128,90,246,93
8.185 2 ATTITUDE -0.183758 5.568105 -0.2076
8.225 2 GVF_PARAMETRIC 5 1 0.148991 0.,0.199,0.199,0.546583,0.546583,0.05,61.347656,53.699219,0.,0.,0.,0.,0.,0.,0.,0. -2.508094,-2.112957
8.226 2 INS 496 1315 -213878528 0 10485 -1893554048 79 -5107 -7778
8.226 2 ATTITUDE -0.18387 5.568252 -0.207675
8.267 2 INS 496 1315 -213924768 0 10485 -1893752576 60 -5082 -7777
8.267 2 GPS 3 43818103 447810799 2812 650187 3 2 2395 294317250 30 0
8.283 2 ATTITUDE -0.183897 5.568346 -0.207752
8.299 2 INS 499 1323 -213971008 -20971 -15728 -1893951616 72 -5118 -7762
8.384 2 ROVER_CTRL 2.5 0.086293 2817.442139 -0.585146 1400. 600. 1000. -122.876869 120.809509 20.027161 2.413707 0.
8.384 2 ROTORCRAFT_FP 1323 499 213980240 -20971 -20971 1893991424 -753 -851 22807 0 0 0 0 1125 0
8.385 2 GPS_INT 0 0 0 404513347 -37290363 700398 650162 0 0 0 36 12 294317500 94 23 3 1
8.385 2 ATTITUDE -0.183872 5.568384 -0.207815
8.385 2 DATALINK_REPORT 3 102 31365 3095 0 5
8.386 2 INS 499 1323 -214017280 -20971 -20971 -1894151296 83 -5100 -7770
8.386 2 SERIAL_COM 456 -5107 79 -7778 0 0 0 14 357 80 76 0 0 0 0 0
8.387 2 ATTITUDE -0.183981 5.568513 -0.207797
8.387 2 IMU_MAG_RAW 255 0 0 0
8.400 2 INS 499 1323 -214063488 -20971 -20971 -1894350592 61 -5095 -7748
8.431 2 ATTITUDE -0.184108 5.568579 -0.207842
8.448 2 INS 499 1323 -214109728 -20971 -20971 -1894549504 88 -5110 -7793
8.479 2 GPS_INT 0 0 0 404513347 -37290363 700398 650162 0 0 0 36 12 294317500 94 23 3 1
8.479 2 ATTITUDE -0.184095 5.568614 -0.207893
8.510 2 INS 499 1323 -214155984 -20971 -20971 -1894748160 65 -5096 -7778
8.511 2 GPS 3 43818106 447810799 2812 650162 4 5 2395 294317500 30 0
8.526 2 ATTITUDE -0.184157 5.568671 -0.207943
8.558 2 INS 494 1320 -214202240 0 26214 -1894947200 68 -5114 -7728
8.584 2 ROTORCRAFT_FP 1320 494 214211488 26214 0 1894987136 -754 -852 22809 0 0 0 0 1125 0
8.585 2 ATTITUDE -0.184197 5.568825 -0.208042
8.635 2 GVF_PARAMETRIC 5 1 0.14899 -6.,15.398438,4.558594,27.417969,28.609375,49.796875,50.96875,67.96875,0.,0.,0.,0.,0.,0.,0.,0. -2.506113,-2.113762
8.636 2 INS 494 1320 -214248480 0 26214 -1895146368 82 -5096 -7773
8.636 2 GPS_INT 0 0 0 404513346 -37290363 700361 650125 0 0 0 36 9 294317750 94 23 3 1
8.636 2 ATTITUDE -0.184312 5.568936 -0.208037
8.663 2 INS 494 1320 -214294736 0 26214 -1895345408 62 -5115 -7759
8.664 2 ROVER_STATUS 0 56 3 0 1 457 8.062634
8.679 2 ATTITUDE -0.184353 5.568986 -0.208055
8.711 2 INS 494 1320 -214341008 0 26214 -1895544320 61 -5094 -7765
8.727 2 ATTITUDE -0.18441 5.569066 -0.208108
8.759 2 INS 494 1320 -214387264 0 26214 -1895742976 38 -5140 -7792
8.760 2 GPS 3 43818106 447810798 2812 650125 6 -2 2395 294317750 30 0
8.793 2 LINK_REPORT 2 -1 9 0 24515 549 0 2999. 66. 1 136.82
8.838 2 GPS_INT 0 0 0 404513346 -37290363 700361 650125 0 0 0 36 9 294317750 94 23 3 1
8.839 2 ATTITUDE -0.184496 5.569228 -0.208139
8.839 2 WP_MOVED_ENU 10 12180 6215 2974
8.839 2 WP_MOVED_ENU 10 12180 6215 2974
8.840 2 INS 494 1320 -214433568 0 26214 -1895941760 72 -5114 -7784
8.840 2 ROVER_CTRL 2.5 0.086293 2817.442139 -0.585146 1400. 600. 1000. -122.876869 120.809509 20.027161 2.413707 0.
8.840 2 ROTORCRAFT_FP 1320 494 214442816 26214 0 1895981440 -755 -852 22811 0 0 0 0 1125 0
8.841 2 ATTITUDE -0.184525 5.569282 -0.208112
8.865 2 INS 494 1326 -214479840 5242 5242 -1896140544 49 -5140 -7782
8.866 2 SERIAL_COM 457 -5126 31 -7757 0 0 0 14 358 80 76 0 0 0 0 0
8.881 2 ATTITUDE -0.184546 5.569342 -0.208129
8.897 2 INS 494 1326 -214526112 5242 5242 -1896339328 81 -5089 -7736
8.927 2 GPS_INT 0 0 0 404513345 -37290361 700325 650090 0 0 0 36 12 294318000 94 23 3 1
8.928 2 ATTITUDE -0.184628 5.569402 -0.208143
8.960 2 INS 494 1326 -214572400 5242 5242 -1896538240 88 -5142 -7784
8.975 2 ATTITUDE -0.184694 5.569511 -0.208193
9.040 2 GVF_PARAMETRIC 5 1 0.148988 6.,18.136719,41.308594,44.878906,19.75,29.046875,61.347656,53.699219,0.,0.,0.,0.,0.,0.,0.,0. -2.503743,-2.113785
9.040 2 INS 494 1326 -214618720 5242 5242 -1896737024 49 -5094 -7735
9.040 2 GPS 3 43818107 447810797 2812 650090 3 3 2395 294318000 30 0
9.041 2 DL_VALUE 82 2.
9.041 2 ATTITUDE -0.184752 5.569599 -0.208173
9.055 2 INS 494 1323 -214665024 5242 -15728 -1896935552 78 -5112 -7789
9.093 2 ROTORCRAFT_FP 1323 494 214674336 -15728 5242 1896975488 -756 -852 22813 0 0 0 0 1125 0
9.093 2 GPS_INT 0 0 0 404513345 -37290362 700289 650054 0 0 0 36 8 294318250 94 23 3 1
9.094 2 ATTITUDE -0.184842 5.569722 -0.20821
9.122 2 INS 494 1323 -214711328 5242 -15728 -1897134592 64 -5115 -7774
9.123 2 STATIC_CONTROL 0 0. 0 0. 0. 0. 0. 0. 0. 0. 0. 0. 0.
9.123 2 ATTITUDE -0.184907 5.569806 -0.208233
9.154 2 INS 494 1323 -214757664 5242 -15728 -1897333248 84 -5100 -7752
9.170 2 ATTITUDE -0.184944 5.569941 -0.2083
9.186 2 ROTORCRAFT_NAV_STATUS 90 90 0. 0. 5 0 2
9.187 2 IMU_MAG_RAW 255 0 0 0
9.202 2 INS 494 1323 -214803984 5242 -15728 -1897531904 47 -5127 -7751
9.228 2 GPS_INT 0 0 0 404513345 -37290362 700289 650054 0 0 0 36 8 294318250 94 23 3 1
9.229 2 ATTITUDE -0.184973 5.570053 -0.208349
9.270 2 INS 494 1323 -214850320 5242 -15728 -1897730688 51 -5104 -7758
9.270 2 ENERGY 11 8.062634 0.2 1.612527 6.246593 0.110552 0.858948
9.271 2 GPS 3 43818106 447810797 2812 650054 3 -1 2395 294318250 30 0
9.271 2 ATTITUDE -0.18507 5.570171 -0.208432
9.340 2 INS 494 1326 -214896672 20971 10485 -1897929344 61 -5114 -7734
9.341 2 ROVER_CTRL 2.5 0.086293 2817.442139 -0.585146 1400. 600. 1000. -122.876869 120.809509 20.027161 2.413707 0.
9.341 2 ROTORCRAFT_FP 1326 494 214905936 15728 20971 1897969024 -758 -853 22815 0 0 0 0 1125 0
9.342 2 ATTITUDE -0.185164 5.570287 -0.208449
9.368 2 INS 494 1326 -214942992 20971 15728 -1898128256 53 -5109 -7781
9.369 2 SERIAL_COM 457 -5080 52 -7764 0 0 0 14 358 80 76 0 0 0 0 0
9.384 2 GPS_INT 0 0 0 404513345 -37290361 700244 650008 0 0 0 35 9 294318500 94 23 3 1
9.385 2 ATTITUDE -0.185202 5.570373 -0.208483
9.421 2 GVF_PARAMETRIC 5 1 0.148987 0.,0.199,0.199,0.546583,0.546583,0.05,61.347656,53.699219,0.,0.,0.,0.,0.,0.,0.,0. -2.503725,-2.113799
9.422 2 INS 494 1326 -214989344 20971 15728 -1898327296 42 -5106 -7757
9.422 2 ATTITUDE -0.185203 5.570489 -0.208502
9.453 2 INS 494 1326 -215035680 20971 15728 -1898525952 63 -5104 -7777
9.469 2 ATTITUDE -0.185243 5.570638 -0.208622
9.511 2 INS 494 1326 -215082048 20971 15728 -1898724608 66 -5095 -7759
9.512 2 GPS 3 43818107 447810797 2812 650008 6 -3 2395 294318500 30 0
9.537 2 GPS_INT 0 0 0 404513345 -37290361 700244 650008 0 0 0 35 9 294318500 94 23 3 1
9.538 2 ATTITUDE -0.185313 5.570735 -0.208609
9.553 2 INS 488 1326 -215128400 -20971 0 -1898923648 45 -5133 -7774
9.579 2 ROTORCRAFT_FP 1326 488 215137680 0 -20971 1898963328 -759 -854 22818 0 0 0 0 1125 0
9.580 2 ATTITUDE -0.185379 5.570856 -0.208647
9.595 2 INS 488 1326 -215174768 -15728 0 -1899122560 62 -5150 -7788
9.627 2 ATTITUDE -0.185428 5.57098 -0.208642
9.644 2 INS 488 1326 -215221152 -15728 0 -1899321088 87 -5121 -7740
9.675 2 GPS_INT 0 0 0 404513344 -37290361 700197 649961 0 0 0 35 8 294318750 100 23 3 1
9.675 2 STATE_FILTER_STATUS 6 3 0
9.676 2 ATTITUDE -0.185521 5.571094 -0.208649
9.707 2 INS 488 1326 -215267520 -15728 0 -1899519872 92 -5131 -7733
9.723 2 ATTITUDE -0.185592 5.571243 -0.208669
9.755 2 INS 488 1326 -215313904 -15728 0 -1899718400 49 -5130 -7745
9.755 2 GPS 3 43818107 447810796 2812 649961 3 -1 2395 294318750 30 0
9.771 2 ATTITUDE -0.185659 5.571372 -0.208738
9.794 2 LINK_REPORT 2 -1 10 0 27592 619 0 3077. 70. 1 136.82
9.878 2 GVF_PARAMETRIC 5 1 0.148986 -6.,15.398438,4.558594,27.417969,28.609375,49.796875,50.96875,67.96875,0.,0.,0.,0.,0.,0.,0.,0. -2.503699,-2.116163
9.879 2 INS 488 1326 -215360288 -15728 0 -1899917184 91 -5137 -7747
9.879 2 ROVER_CTRL 2.5 0.086293 2817.442139 -0.585146 1400. 600. 1000. -122.876869 120.809509 20.027161 2.413707 0.
9.880 2 ROTORCRAFT_FP 1326 488 215369568 0 -15728 1899956992 -760 -855 22820 0 0 0 0 1125 0
9.880 2 GPS_INT 0 0 0 404513344 -37290361 700197 649961 0 0 0 35 8 294318750 100 23 3 1
9.881 2 ATTITUDE -0.185766 5.571481 -0.208775
9.881 2 INS 488 1326 -215406752 5242 10485 -1900116352 42 -5138 -7743
9.881 2 SERIAL_COM 458 -5151 65 -7753 0 0 0 14 359 80 76 0 0 0 0 0
9.881 2 ATTITUDE -0.185822 5.571542 -0.208847
9.894 2 INS 488 1326 -215453040 5242 10485 -1900315136 72 -5146 -7775
9.910 2 GPS_SOL 35 12 100 23
9.926 2 ATTITUDE -0.185839 5.57163 -0.208876
9.958 2 INS 488 1326 -215499456 5242 10485 -1900513536 77 -5127 -7735
9.989 2 GPS_INT 0 0 0 404513343 -37290361 700173 649937 0 0 0 35 12 294319000 100 23 3 1
9.990 2 ATTITUDE -0.185936 5.571799 -0.208947
9.990 2 IMU_MAG_RAW 255 0 0 0
10.005 2 INS 488 1326 -215545856 5242 10485 -1900712576 97 -5152 -7762
10.005 2 GPS 3 43818107 447810794 2812 649937 4 7 2395 294319000 30 0
10.021 2 ATTITUDE -0.186037 5.571867 -0.208952
10.053 2 INS 488 1326 -215592272 5242 10485 -1900911360 86 -5121 -7740
10.079 2 ROTORCRAFT_FP 1326 481 215601552 -20971 -31457 1900951040 -762 -856 22822 0 0 0 0 1125 0
10.080 2 ATTITUDE -0.186084 5.571948 -0.209062
10.080 2 WP_MOVED_ENU 11 2337 14133 2974
10.080 2 WP_MOVED_ENU 11 2337 14133 2974
10.095 2 INS 481 1326 -215638672 -41943 -20971 -1901110016 96 -5172 -7771
10.135 2 STATIC_CONTROL 0 0. 0 0. 0. 0. 0. 0. 0. 0. 0. 0. 0.
10.136 2 GPS_INT 0 0 0 404513341 -37290360 700130 649894 0 0 0 35 11 294319250 100 23 3 1
10.137 2 ATTITUDE -0.186086 5.571976 -0.209136
10.151 2 INS 481 1326 -215685072 -41943 -20971 -1901308672 75 -5153 -7772
10.151 2 ROVER_STATUS 0 56 3 0 1 458 8.071465
10.167 2 ATTITUDE -0.186105 5.57207 -0.209147
10.220 2 GVF_PARAMETRIC 5 1 0.148985 6.,18.136719,41.308594,44.878906,19.75,29.046875,61.347656,53.699219,0.,0.,0.,0.,0.,0.,0.,0. -2.503676,-2.118916
10.221 2 INS 481 1326 -215731488 -41943 -20971 -1901507328 77 -5123 -7756
10.221 2 ATTITUDE -0.18618 5.57224 -0.209155
10.262 2 INS 481 1326 -215777904 -41943 -20971 -1901705856 62 -5163 -7780
10.262 2 GPS 3 43818108 447810792 2812 649894 8 -5 2395 294319250 30 0
10.278 2 GPS_INT 0 0 0 404513341 -37290360 700130 649894 0 0 0 35 11 294319250 100 23 3 1
10.279 2 ATTITUDE -0.186228 5.572368 -0.209169
10.332 2 INS 476 1323 -215824336 0 -10485 -1901904384 70 -5168 -7727
10.332 2 ROVER_CTRL 2.5 0.086293 2817.442139 -0.585146 1400. 600. 1000. -122.876869 120.809509 20.027161 2.413707 0.
10.333 2 ROTORCRAFT_FP 1323 476 215833616 -10485 0 1901944320 -762 -856 22824 0 0 0 0 1125 0
10.334 2 ATTITUDE -0.186244 5.572403 -0.209226
10.334 2 PONG 
10.360 2 INS 476 1323 -215870768 10485 -15728 -1902103168 92 -5125 -7819
10.360 2 SERIAL_COM 458 -5156 102 -7754 0 0 0 14 359 80 76 0 0 0 0 0
10.376 2 ATTITUDE -0.18634 5.572568 -0.209275
10.392 2 INS 476 1323 -215917216 10485 -15728 -1902301696 77 -5157 -7765
10.423 2 GPS_INT 0 0 0 404513340 -37290362 700086 649850 0 0 0 35 10 294319500 100 23 3 1
10.424 2 ATTITUDE -0.186359 5.572662 -0.209285
10.455 2 INS 476 1323 -215963632 10485 -15728 -1902500352 101 -5137 -7790
10.471 2 ATTITUDE -0.186407 5.572758 -0.209315
10.503 2 INS 476 1323 -216010096 10485 -15728 -1902699392 58 -5136 -7752
10.503 2 GPS 3 43818106 447810791 2812 649850 3 1 2395 294319500 30 0
10.519 2 ATTITUDE -0.186489 5.5729 -0.209349
10.551 2 INS 488 1367 -216056544 -26214 5242 -1902897408 58 -5130 -7759
10.588 2 ROTORCRAFT_FP 1367 488 216065840 5242 -26214 1902937216 -763 -857 22826 0 0 0 0 1125 0
10.589 2 GPS_INT 0 0 0 404513344 -37290342 700081 649845 0 0 0 35 8 294319750 99 23 3 1
10.589 2 ATTITUDE -0.186534 5.572978 -0.20935
10.626 2 GVF_PARAMETRIC 5 1 0.148984 0.,0.199,0.199,0.546583,0.546583,0.05,61.347656,53.699219,0.,0.,0.,0.,0.,0.,0.,0. -2.487629,-2.116207
10.627 2 INS 488 1367 -216103008 -26214 5242 -1903095936 56 -5162 -7771
10.627 2 DL_VALUE 83 0.1
10.627 2 ATTITUDE -0.18659 5.57309 -0.209399
10.642 2 INS 488 1367 -216149472 -26214 5242 -1903294592 87 -5167 -7752
10.674 2 ATTITUDE -0.186636 5.573164 -0.209475
10.706 2 INS 488 1367 -216195952 -26214 5242 -1903493504 86 -5170 -7768
10.722 2 GPS_INT 0 0 0 404513344 -37290342 700081 649845 0 0 0 35 8 294319750 99 23 3 1
10.722 2 ATTITUDE -0.186679 5.573269 -0.209501
10.754 2 INS 488 1367 -216242416 -26214 5242 -1903691776 95 -5167 -7763
10.754 2 GPS 3 43818123 447810795 2812 649845 5 0 2395 294319750 30 0
10.770 2 ATTITUDE -0.186653 5.573395 -0.209506
10.795 2 LINK_REPORT 2 -1 11 0 30715 689 0 3123. 70. 2 44.67
10.816 2 ROTORCRAFT_NAV_STATUS 92 92 0. 0. 5 0 2
10.816 2 IMU_MAG_RAW 255 0 0 0
10.816 2 INS 501 1410 -216288896 0 0 -1903889920 55 -5157 -7708
10.817 2 ROVER_CTRL 2.5 0.086293 2817.442139 -0.585146 1400. 600. 1000. -122.876869 120.809509 20.027161 2.413707 0.
10.842 2 ROTORCRAFT_FP 1410 501 216298192 0 0 1903929600 -764 -858 22828 0 0 0 0 1125 0
10.842 2 ATTITUDE -0.186788 5.573483 -0.209502
10.842 2 INS 501 1410 -216335392 10485 5242 -1904088704 78 -5151 -7788
10.884 2 SERIAL_COM 459 -5163 71 -7751 0 0 0 14 360 80 76 0 0 0 0 0
10.884 2 GPS_INT 0 0 0 404513348 -37290322 700083 649847 0 0 0 42 9 294320000 99 23 3 1
10.885 2 ALIVE 122,195,7,233,5,247,195,75,60,187,26,129,128,90,246,93
10.885 2 ATTITUDE -0.186834 5.573608 -0.209561
10.900 2 INS 501 1410 -216381856 10485 5242 -1904287104 77 -5150 -7758
10.916 2 ATTITUDE -0.186899 5.573668 -0.209578
10.948 2 INS 501 1410 -216428336 10485 5242 -1904485760 115 -5160 -7779
10.963 2 ATTITUDE -0.186989 5.57381 -0.209612
11.052 2 GVF_PARAMETRIC 5 1 0.148983 -6.,15.398438,4.558594,27.417969,28.609375,49.796875,50.96875,67.96875,0.,0.,0.,0.,0.,0.,0.,0. -2.470819,-2.11114
11.053 2 INS 501 1410 -216474816 10485 5242 -1904684928 107 -5183 -7797
11.054 2 GPS 3 43818140 447810800 2812 649847 3 1 2395 294320000 30 0
11.054 2 GPS_INT 0 0 0 404513348 -37290322 700083 649847 0 0 0 42 9 294320000 99 23 3 1
11.055 2 ATTITUDE -0.187097 5.573875 -0.209712
11.055 2 INS 512 1448 -216521312 -15728 0 -1904883840 109 -5167 -7777
11.068 2 ROTORCRAFT_FP 1448 512 216530608 0 -15728 1904923520 -766 -858 22830 0 0 0 0 1125 0
11.068 2 ATTITUDE -0.187172 5.573936 -0.209716
11.114 2 INS 512 1448 -216567808 -15728 0 -1905082368 58 -5191 -7787
11.114 2 STATIC_CONTROL 0 0. 0 0. 0. 0. 0. 0. 0. 0. 0. 0. 0.
11.115 2 ATTITUDE -0.187181 5.573938 -0.209776
11.145 2 INS 512 1448 -216614320 -15728 0 -1905280896 88 -5164 -7789
11.172 2 GPS_INT 0 0 0 404513352 -37290304 700079 649844 0 0 0 45 7 294320250 99 24 3 1
11.172 2 ATTITUDE -0.1872 5.573938 -0.209826
11.203 2 INS 512 1448 -216660816 -15728 0 -1905479680 51 -5128 -7781
11.219 2 ATTITUDE -0.187222 5.574003 -0.209851
11.252 2 INS 512 1448 -216707328 -15728 0 -1905678464 90 -5144 -7780
11.252 2 GPS 3 43818156 447810804 2812 649844 3 1 2395 294320250 30 0
11.267 2 ATTITUDE -0.187229 5.574042 -0.209934
11.374 2 INS 465 1495 -216753872 -15728 -20971 -1905877120 72 -5148 -7729
11.374 2 ROVER_CTRL 2.5 0.086293 2817.442139 -0.585146 1400. 600. 1000. -122.876869 120.809509 20.027161 2.413707 0.
11.375 2 ROTORCRAFT_FP 1495 465 216763168 -20971 -15728 1905916928 -766 -859 22831 0 0 0 0 1125 0
11.375 2 GPS_INT 0 0 0 404513336 -37290283 700099 649864 0 0 0 102 9 294320500 99 24 3 1
11.376 2 ATTITUDE -0.187235 5.574124 -0.209944
11.376 2 INS 465 1495 -216800384 -20971 -26214 -1906076032 89 -5169 -7782
11.376 2 SERIAL_COM 459 -5166 77 -7753 0 0 0 14 360 80 76 0 0 0 0 0
11.376 2 ATTITUDE -0.187241 5.57423 -0.210002
11.377 2 WP_MOVED_ENU 12 760 1031 2560
11.389 2 WP_MOVED_ENU 12 760 1031 2560
11.427 2 GVF_PARAMETRIC 5 1 0.148983 6.,18.136719,41.308594,44.878906,19.75,29.046875,61.347656,53.699219,0.,0.,0.,0.,0.,0.,0.,0. -2.437612,-2.125206
11.427 2 INS 465 1495 -216846928 -20971 -26214 -1906274304 52 -5177 -7746
11.427 2 ATTITUDE -0.187254 5.574297 -0.210002
11.442 2 INS 465 1495 -216893440 -20971 -26214 -1906472832 93 -5166 -7758
11.471 2 GPS_INT 0 0 0 404513336 -37290283 700099 649864 0 0 0 102 9 294320500 99 24 3 1
11.471 2 ATTITUDE -0.18723 5.574338 -0.210042
11.502 2 INS 465 1495 -216939984 -20971 -26214 -1906671104 79 -5178 -7745
11.503 2 GPS 3 43818173 447810786 2812 649864 5 1 2395 294320500 30 0
11.518 2 ATTITUDE -0.187211 5.574415 -0.210128
11.550 2 INS 465 1495 -216986544 -20971 -26214 -1906869760 92 -5161 -7739
11.579 2 ROTORCRAFT_FP 1505 448 216995872 -5242 15728 1906909440 -766 -860 22832 0 0 0 0 1125 0
11.580 2 ATTITUDE -0.187209 5.574457 -0.210158
11.580 2 IMU_MAG_RAW 255 0 0 0
11.595 2 INS 448 1505 -217033136 15728 -10485 -1907068288 70 -5188 -7743
11.637 2 GPS_INT 0 0 0 404513330 -37290278 700078 649842 0 0 0 90 13 294320750 99 23 3 1
11.638 2 AUTOPILOT_VERSION 60200 v6.2_unstable-650-g74eaf7c20-dirty
11.638 2 ATTITUDE -0.187255 5.574487 -0.210245
11.653 2 INS 448 1505 -217079664 15728 -10485 -1907266688 97 -5150 -7772
11.653 2 ROVER_STATUS 0 58 3 0 1 460 8.062634
11.669 2 ATTITUDE -0.187339 5.574602 -0.210239
11.701 2 INS 448 1505 -217126240 15728 -10485 -1907465088 77 -5186 -7762
11.717 2 ATTITUDE -0.187393 5.574667 -0.210326
11.759 2 INS 448 1505 -217172816 15728 -10485 -1907663104 94 -5148 -7748
11.760 2 GPS 3 43818177 447810779 2812 649842 3 6 2395 294320750 30 0
11.775 2 GPS_INT 0 0 0 404513330 -37290278 700078 649842 0 0 0 90 13 294320750 99 23 3 1
11.776 2 ATTITUDE -0.187488 5.574777 -0.210311
11.795 2 LINK_REPORT 2 -1 12 0 33826 759 0 3111. 70. 2 44.67
11.859 2 GVF_PARAMETRIC 5 1 0.148984 0.,0.199,0.199,0.546583,0.546583,0.05,61.347656,53.699219,0.,0.,0.,0.,0.,0.,0.,0. -2.43372,-2.131835
11.859 2 INS 448 1505 -217219392 15728 -10485 -1907861888 88 -5178 -7750
11.859 2 ROVER_CTRL 2.5 0.086293 2817.442139 -0.585146 1400. 600. 1000. -122.876869 120.809509 20.027161 2.413707 0.
11.860 2 ROTORCRAFT_FP 1505 435 217228704 0 -5242 1907901568 -768 -861 22834 0 0 0 0 1125 0
11.860 2 ATTITUDE -0.187531 5.574848 -0.210316
11.860 2 INS 435 1505 -217265952 0 5242 -1908060288 106 -5177 -7735
11.860 2 SERIAL_COM 460 -5178 88 -7750 0 0 0 14 361 80 76 0 0 0 0 0
11.861 2 ATTITUDE -0.187623 5.574942 -0.210324
11.904 2 INS 435 1505 -217312528 0 5242 -1908258688 83 -5173 -7732
11.905 2 GPS_SOL 79 12 99 24
11.920 2 GPS_INT 0 0 0 404513325 -37290278 700066 649830 0 0 0 79 12 294321000 99 24 3 1
11.921 2 ATTITUDE -0.187697 5.575059 -0.210349
11.952 2 INS 435 1505 -217359104 0 5242 -1908457472 73 -5168 -7778
11.968 2 ATTITUDE -0.187796 5.575185 -0.210416
12.000 2 INS 435 1505 -217405696 0 5242 -1908655872 66 -5166 -7749
12.001 2 GPS 3 43818177 447810774 2812 649830 2 5 2395 294321000 30 0
12.016 2 ATTITUDE -0.187833 5.57532 -0.210416
12.048 2 INS 422 1507 -217452288 -20971 -5242 -1908853888 73 -5166 -7724
12.086 2 ROTORCRAFT_FP 1507 422 217461616 0 -20971 1908893696 -769 -862 22836 0 0 0 0 1125 0
12.086 2 GPS_INT 0 0 0 404513321 -37290277 700056 649820 0 0 0 71 12 294321250 99 24 3 1
12.086 2 ATTITUDE -0.187867 5.575408 -0.210467
12.115 2 INS 422 1507 -217498896 -20971 0 -1909052672 51 -5184 -7769
12.115 2 STATIC_CONTROL 0 0. 0 0. 0. 0. 0. 0. 0. 0. 0. 0. 0.
12.116 2 ATTITUDE -0.187936 5.575438 -0.210489
12.147 2 INS 422 1507 -217545488 -20971 0 -1909250944 59 -5180 -7735
12.163 2 ATTITUDE -0.188072 5.575498 -0.210506
12.228 2 GVF_PARAMETRIC 5 1 0.148984 -6.,15.398438,4.558594,27.417969,28.609375,49.796875,50.96875,67.96875,0.,0.,0.,0.,0.,0.,0.,0. -2.432948,-2.141984
12.228 2 INS 422 1507 -217592112 -20971 0 -1909449472 62 -5176 -7760
12.229 2 GPS_INT 0 0 0 404513321 -37290277 700056 649820 0 0 0 71 12 294321250 99 24 3 1
12.229 2 DL_VALUE 84 0.
12.229 2 ATTITUDE -0.188084 5.575562 -0.210544
12.253 2 INS 422 1507 -217638736 -20971 0 -1909647744 72 -5208 -7746
12.253 2 GPS 3 43818178 447810769 2812 649820 4 -4 2395 294321250 30 0
12.269 2 ATTITUDE -0.188097 5.575597 -0.210588
12.328 2 INS 412 1497 -217685376 15728 -15728 -1909845632 103 -5165 -7727
12.329 2 ROVER_CTRL 2.5 0.086293 2817.442139 -0.585146 1400. 600. 1000. -122.876869 120.809509 20.027161 2.413707 0.
12.329 2 ROTORCRAFT_FP 1497 412 217694688 -15728 15728 1909885184 -770 -862 22837 0 0 0 0 1125 0
12.330 2 ATTITUDE -0.188117 5.575686 -0.210689
12.355 2 INS 412 1497 -217732000 15728 -15728 -1910044160 74 -5178 -7779
12.355 2 SERIAL_COM 460 -5172 68 -7722 0 0 0 14 361 80 76 0 0 0 0 0
12.404 2 GPS_INT 0 0 0 404513317 -37290281 700042 649806 0 0 0 65 8 294321500 99 24 3 1
12.405 2 ATTITUDE -0.188161 5.575822 -0.210756
12.405 2 ROTORCRAFT_NAV_STATUS 93 93 0. 0. 5 0 2
12.405 2 IMU_MAG_RAW 255 0 0 0
12.405 2 INS 412 1497 -217778688 15728 -15728 -1910242688 67 -5184 -7748
12.405 2 INS_REF 485058561 -31614701 411670235 404513171 -37290972 700771 650535 0.
12.420 2 ATTITUDE -0.18824 5.575913 -0.210766
12.436 2 INS 412 1497 -217825280 15728 -15728 -1910441088 87 -5186 -7771
12.468 2 ATTITUDE -0.188363 5.576051 -0.210778
12.500 2 INS 412 1497 -217871936 15728 -15728 -1910639488 122 -5190 -7740
12.501 2 GPS 3 43818175 447810765 2812 649806 4 -2 2395 294321500 30 0
12.526 2 GPS_INT 0 0 0 404513317 -37290281 700042 649806 0 0 0 65 8 294321500 99 24 3 1
12.526 2 ATTITUDE -0.188381 5.576138 -0.210799
12.542 2 INS 401 1479 -217918592 -26214 5242 -1910837888 100 -5175 -7734
12.568 2 ROTORCRAFT_FP 1479 401 217927920 5242 -26214 1910877568 -771 -863 22839 0 0 0 0 1125 0
12.568 2 ATTITUDE -0.188494 5.576169 -0.210831
12.610 2 GVF_PARAMETRIC 5 1 0.148985 6.,18.136719,41.308594,44.878906,19.75,29.046875,61.347656,53.699219,0.,0.,0.,0.,0.,0.,0.,0. -2.443903,-2.150173
12.611 2 INS 401 1479 -217965248 -26214 5242 -1911036416 75 -5183 -7759
12.611 2 ATTITUDE -0.18851 5.576296 -0.210845
12.642 2 INS 401 1479 -218011904 -26214 5242 -1911234560 102 -5180 -7728
12.683 2 GPS_INT 0 0 0 404513313 -37290290 700006 649770 0 0 0 58 11 294321750 99 24 3 1
12.683 2 ATTITUDE -0.188493 5.576385 -0.210943
12.684 2 WP_MOVED_ENU 13 775 -1018 2560
12.684 2 WP_MOVED_ENU 13 775 -1018 2560
12.699 2 INS 401 1479 -218058576 -26214 5242 -1911432704 108 -5216 -7744
12.715 2 ATTITUDE -0.188583 5.576514 -0.210944
12.747 2 INS 401 1479 -218105248 -26214 5242 -1911630208 61 -5195 -7726
12.747 2 GPS 3 43818167 447810761 2812 649770 4 7 2395 294321750 30 0
12.763 2 ATTITUDE -0.188726 5.5766 -0.210978
12.795 2 INS 401 1479 -218151920 -26214 5242 -1911828352 74 -5186 -7748
12.796 2 LINK_REPORT 2 -1 13 0 36964 829 0 3138. 70. 2 44.67
12.864 2 ROVER_CTRL 2.5 0.086293 2817.442139 -0.585146 1400. 600. 1000. -122.876869 120.809509 20.027161 2.413707 0.
12.864 2 ROTORCRAFT_FP 1479 401 218161248 5242 -26214 1911868032 -773 -864 22842 0 0 0 0 1125 0
12.865 2 GPS_INT 0 0 0 404513313 -37290290 700006 649770 0 0 0 58 11 294321750 99 24 3 1
12.865 2 ATTITUDE -0.188788 5.5767 -0.211019
12.865 2 INS 404 1472 -218198592 15728 -20971 -1912026368 119 -5158 -7745
12.866 2 SERIAL_COM 461 -5182 102 -7714 0 0 0 14 362 80 76 0 0 0 0 0
12.866 2 STATE_FILTER_STATUS 6 3 0
12.866 2 ATTITUDE -0.188896 5.576827 -0.211088
12.896 2 INS 404 1472 -218245280 15728 -20971 -1912224640 98 -5211 -7711
12.912 2 ATTITUDE -0.188969 5.576879 -0.211116
12.944 2 INS 404 1472 -218291968 15728 -20971 -1912422784 131 -5158 -7739
12.970 2 GPS_INT 0 0 0 404513314 -37290294 699986 649751 0 0 0 52 13 294322000 102 23 3 1
12.970 2 ATTITUDE -0.189009 5.577017 -0.21114
13.023 2 GVF_PARAMETRIC 5 1 0.148986 0.,0.199,0.199,0.546583,0.546583,0.05,61.347656,53.699219,0.,0.,0.,0.,0.,0.,0.,0. -2.446656,-2.148986
13.024 2 INS 404 1472 -218338656 15728 -20971 -1912620928 86 -5224 -7757
13.024 2 GPS 3 43818164 447810762 2812 649751 5 6 2395 294322000 30 0
13.024 2 ATTITUDE -0.188999 5.577089 -0.211222
13.039 2 INS 399 1461 -218385344 -5242 -15728 -1912819456 108 -5227 -7770
13.066 2 ROTORCRAFT_FP 1461 399 218394720 -26214 5242 1912859264 -774 -865 22844 0 0 0 0 1125 0
13.066 2 ATTITUDE -0.189088 5.577169 -0.211222
13.125 2 INS 399 1461 -218432032 5242 -26214 -1913017600 86 -5172 -7751
13.125 2 STATIC_CONTROL 0 0. 0 0. 0. 0. 0. 0. 0. 0. 0. 0. 0.
13.126 2 GPS_INT 0 0 0 404513312 -37290298 699933 649697 0 0 0 48 9 294322250 102 23 3 1
13.126 2 ATTITUDE -0.189131 5.577179 -0.211193
13.151 2 INS 399 1461 -218478736 5242 -26214 -1913215872 78 -5223 -7742
13.151 2 ROVER_STATUS 0 58 3 0 1 461 8.062634
13.167 2 ATTITUDE -0.189174 5.57729 -0.211178
13.167 2 IMU_MAG_RAW 255 0 0 0
13.199 2 INS 399 1461 -218525440 5242 -26214 -1913414144 97 -5208 -7715
13.215 2 ATTITUDE -0.18922 5.577374 -0.211254
13.247 2 INS 399 1461 -218572160 5242 -26214 -1913612416 85 -5244 -7726
13.247 2 GPS 3 43818160 447810760 2812 649697 3 1 2395 294322250 30 0
13.273 2 GPS_INT 0 0 0 404513312 -37290298 699933 649697 0 0 0 48 9 294322250 102 23 3 1
13.273 2 ATTITUDE -0.18929 5.577555 -0.211312
13.289 2 INS 394 1448 -218618912 -31457 -15728 -1913810560 59 -5212 -7751
13.328 2 ROVER_CTRL 2.5 0.086293 2817.442139 -0.585146 1400. 600. 1000. -122.876869 120.809509 20.027161 2.413707 0.
13.328 2 ROTORCRAFT_FP 1448 394 218628256 -20971 -31457 1913850240 -775 -865 22845 0 0 0 0 1125 0
13.329 2 ATTITUDE -0.189296 5.577649 -0.21128
13.356 2 INS 394 1448 -218665632 -31457 -20971 -1914008448 94 -5174 -7711
13.356 2 SERIAL_COM 461 -5232 78 -7759 0 0 0 14 362 80 76 0 0 0 0 0
13.357 2 ATTITUDE -0.18933 5.577725 -0.211313
13.433 2 GVF_PARAMETRIC 5 1 0.148987 -6.,15.398438,4.558594,27.417969,28.609375,49.796875,50.96875,67.96875,0.,0.,0.,0.,0.,0.,0.,0. -2.456046,-2.15288
13.434 2 INS 394 1448 -218712416 -31457 -20971 -1914206720 75 -5240 -7797
13.434 2 GPS_INT 0 0 0 404513311 -37290304 699891 649656 0 0 0 44 8 294322500 102 22 3 1
13.434 2 DATALINK_REPORT 3 103 31716 3074 0 5
13.434 2 ATTITUDE -0.189402 5.577829 -0.211321
13.448 2 INS 394 1448 -218759104 -31457 -20971 -1914404608 81 -5226 -7751
13.464 2 ATTITUDE -0.189419 5.577834 -0.211393
13.496 2 INS 394 1448 -218805840 -31457 -20971 -1914602496 96 -5209 -7731
13.496 2 GPS 3 43818155 447810758 2812 649656 6 1 2395 294322500 30 0
13.511 2 ATTITUDE -0.189457 5.577929 -0.211403
13.544 2 INS 394 1448 -218852576 -31457 -20971 -1914800512 66 -5200 -7710
13.593 2 ROTORCRAFT_FP 1448 394 218861920 -20971 -31457 1914840064 -776 -866 22847 0 0 0 0 1125 0
13.593 2 GPS_INT 0 0 0 404513311 -37290304 699891 649656 0 0 0 44 8 294322500 102 22 3 1
13.594 2 ALIVE 122,195,7,233,5,247,195,75,60,187,26,129,128,90,246,93
13.594 2 ATTITUDE -0.189556 5.577998 -0.21147
13.594 2 INS 391 1436 -218899328 -10485 -26214 -1914998528 113 -5222 -7732
13.608 2 ATTITUDE -0.189634 5.578072 -0.211517
13.640 2 INS 391 1436 -218946096 -10485 -26214 -1915196032 101 -5249 -7725
13.656 2 ATTITUDE -0.189686 5.57813 -0.211521
13.689 2 INS 391 1436 -218992864 -10485 -26214 -1915393920 109 -5257 -7751
13.715 2 GPS_INT 0 0 0 404513310 -37290310 699856 649620 0 0 0 42 10 294322750 102 22 3 1
13.715 2 ATTITUDE -0.189794 5.578265 -0.211586
13.756 2 INS 391 1436 -219039616 -10485 -26214 -1915591936 132 -5238 -7705
13.757 2 ENERGY 11 8.071465 0.2 1.614293 6.195212 0.1108 0.860952
13.757 2 GPS 3 43818150 447810757 2812 649620 4 4 2395 294322750 30 0
13.757 2 ATTITUDE -0.189858 5.578379 -0.21158
13.797 2 LINK_REPORT 2 -1 14 0 39947 896 0 2983. 67. 2 44.67
13.861 2 GVF_PARAMETRIC 5 1 0.148987 6.,18.136719,41.308594,44.878906,19.75,29.046875,61.347656,53.699219,0.,0.,0.,0.,0.,0.,0.,0. -2.460748,-2.154039
13.862 2 INS 391 1436 -219086384 -10485 -26214 -1915789952 109 -5212 -7744
13.863 2 ROVER_CTRL 2.5 0.086293 2817.442139 -0.585146 1400. 600. 1000. -122.876869 120.809509 20.027161 2.413707 0.
13.863 2 ROTORCRAFT_FP 1436 391 219095728 -26214 -10485 1915829760 -777 -866 22849 0 0 0 0 1125 0
13.864 2 DL_VALUE 85 0.
13.864 2 ATTITUDE -0.189897 5.578475 -0.211619
13.865 2 INS 396 1431 -219133168 15728 0 -1915987968 90 -5204 -7702
13.865 2 SERIAL_COM 462 -5216 121 -7762 0 0 0 14 363 80 76 0 0 0 0 0
13.866 2 GPS_INT 0 0 0 404513311 -37290313 699836 649600 0 0 0 41 13 294323000 100 23 3 1
13.876 2 ATTITUDE -0.189975 5.578607 -0.211654
13.891 2 INS 396 1431 -219179952 15728 0 -1916186112 90 -5236 -7728
13.892 2 GPS_SOL 41 13 100 23
13.907 2 ATTITUDE -0.190016 5.578715 -0.211736
13.939 2 INS 396 1431 -219226752 15728 0 -1916384384 117 -5220 -7727
13.955 2 ATTITUDE -0.190085 5.578805 -0.211777
14.040 2 ROTORCRAFT_NAV_STATUS 95 95 0. 0. 5 0 2
14.041 2 WP_MOVED_ENU 14 -760 -1031 2560
14.041 2 WP_MOVED_ENU 14 -760 -1031 2560
14.041 2 IMU_MAG_RAW 255 0 0 0
14.041 2 INS 396 1431 -219273552 15728 0 -1916582400 104 -5235 -7753
14.042 2 GPS 3 43818148 447810759 2812 649600 3 5 2395 294323000 30 0
14.042 2 GPS_INT 0 0 0 404513311 -37290313 699836 649600 0 0 0 41 13 294323000 100 23 3 1
14.042 2 ATTITUDE -0.1901 5.57885 -0.211809
14.043 2 INS 396 1423 -219320336 5242 -26214 -1916780672 111 -5231 -7738
14.066 2 ROTORCRAFT_FP 1423 396 219329696 -31457 0 1916820224 -778 -867 22851 0 0 0 0 1125 0
14.067 2 ATTITUDE -0.190139 5.578982 -0.211844
14.082 2 INS 396 1423 -219367136 0 -31457 -1916978560 94 -5233 -7754
14.112 2 STATIC_CONTROL 0 0. 0 0. 0. 0. 0. 0. 0. 0. 0. 0. 0.
14.113 2 ATTITUDE -0.190227 5.579107 -0.211903
14.144 2 INS 396 1423 -219413952 0 -31457 -1917176320 103 -5239 -7730
14.160 2 GPS_INT 0 0 0 404513311 -37290316 699815 649579 0 0 0 39 7 294323250 99 23 3 1
14.161 2 ATTITUDE -0.190328 5.579185 -0.211958
14.215 2 GVF_PARAMETRIC 5 1 0.148988 0.,0.199,0.199,0.546583,0.546583,0.05,61.347656,53.699219,0.,0.,0.,0.,0.,0.,0.,0. -2.465835,-2.152079
14.216 2 INS 396 1423 -219460752 0 -31457 -1917374592 94 -5252 -7737
14.216 2 ATTITUDE -0.190432 5.579298 -0.211962
14.230 2 INS 396 1423 -219507568 0 -31457 -1917572608 97 -5238 -7752
14.246 2 GPS 3 43818145 447810759 2812 649579 5 -2 2395 294323250 30 0
14.262 2 ATTITUDE -0.190546 5.579403 -0.212031
14.354 2 INS 394 1415 -219554384 -47185 -26214 -1917770880 93 -5239 -7742
14.355 2 ROVER_CTRL 2.5 0.086293 2817.442139 -0.585146 1400. 600. 1000. -122.876869 120.809509 20.027161 2.413707 0.
14.355 2 ROTORCRAFT_FP 1415 394 219563744 -31457 -47185 1917810432 -780 -868 22853 0 0 0 0 1125 0
14.356 2 GPS_INT 0 0 0 404513310 -37290319 699774 649538 0 0 0 38 8 294323500 100 23 3 1
14.356 2 ATTITUDE -0.190574 5.579497 -0.212038
14.356 2 INS 394 1415 -219601184 -47185 -31457 -1917968640 112 -5209 -7691
14.356 2 SERIAL_COM 462 -5252 94 -7737 0 0 0 14 363 80 76 0 0 0 0 0
14.357 2 ATTITUDE -0.190472 5.579587 -0.212091
14.386 2 INS 394 1415 -219648016 -47185 -31457 -1918166272 105 -5226 -7735
14.402 2 ATTITUDE -0.190474 5.579659 -0.212103
14.435 2 INS 394 1415 -219694832 -47185 -31457 -1918364160 108 -5214 -7734
14.461 2 GPS_INT 0 0 0 404513310 -37290319 699774 649538 0 0 0 38 8 294323500 100 23 3 1
14.462 2 ATTITUDE -0.190583 5.579683 -0.212166
14.493 2 INS 394 1415 -219741680 -47185 -31457 -1918562048 97 -5232 -7708
14.493 2 GPS 3 43818142 447810757 2812 649538 10 0 2395 294323500 30 0
14.509 2 ATTITUDE -0.190619 5.579763 -0.212156
14.541 2 INS 394 1408 -219788512 -5242 0 -1918760320 99 -5208 -7740
14.567 2 ROTORCRAFT_FP 1408 394 219797936 0 0 1918800256 -780 -869 22854 0 0 0 0 1125 0
14.568 2 ATTITUDE -0.190692 5.579827 -0.212192
14.622 2 GVF_PARAMETRIC 5 1 0.148988 -6.,15.398438,4.558594,27.417969,28.609375,49.796875,50.96875,67.96875,0.,0.,0.,0.,0.,0.,0.,0. -2.471705,-2.152852
14.623 2 INS 394 1408 -219835376 0 0 -1918957952 122 -5249 -7723
14.624 2 GPS_INT 0 0 0 404513310 -37290323 699745 649509 0 0 0 37 14 294323750 100 24 3 1
14.625 2 ATTITUDE -0.190774 5.579931 -0.212264
14.648 2 INS 394 1408 -219882224 0 0 -1919155712 112 -5265 -7738
14.648 2 ROVER_STATUS 0 57 3 0 1 463 8.071465
14.663 2 ATTITUDE -0.190831 5.579965 -0.212251
14.695 2 INS 394 1408 -219929072 0 0 -1919353472 95 -5267 -7733
14.711 2 ATTITUDE -0.190906 5.580034 -0.212298
14.743 2 INS 394 1408 -219975936 0 0 -1919551360 109 -5214 -7733
14.744 2 GPS 3 43818139 447810758 2812 649509 2 -6 2395 294323750 30 0
14.769 2 GPS_INT 0 0 0 404513310 -37290323 699745 649509 0 0 0 37 14 294323750 100 24 3 1
14.770 2 ATTITUDE -0.190941 5.580104 -0.212367
14.770 2 IMU_MAG_RAW 255 0 0 0
14.797 2 LINK_REPORT 2 -1 15 0 43111 967 0 3164. 71. 2 44.67
14.824 2 INS 394 1408 -220022800 0 0 -1919749376 105 -5255 -7726
14.825 2 ROVER_CTRL 2.5 0.086293 2817.442139 -0.585146 1400. 600. 1000. -122.876869 120.809509 20.027161 2.413707 0.
14.825 2 ROTORCRAFT_FP 1408 394 220032208 0 0 1919789184 -782 -869 22856 0 0 0 0 1125 0
14.825 2 ATTITUDE -0.190995 5.580213 -0.212407
14.851 2 INS 391 1402 -220069648 -20971 5242 -1919947392 109 -5270 -7742
14.851 2 SERIAL_COM 463 -5221 73 -7707 0 0 0 14 364 80 76 0 0 0 0 0
14.852 2 ATTITUDE -0.191092 5.580328 -0.212423
14.883 2 INS 391 1402 -220116528 -20971 5242 -1920145152 99 -5247 -7728
14.910 2 GPS_INT 0 0 0 404513310 -37290326 699689 649453 0 0 0 36 13 294324000 99 24 3 1
14.911 2 ATTITUDE -0.191116 5.580451 -0.212534
14.942 2 INS 391 1402 -220163424 -20971 5242 -1920343296 84 -5244 -7715
14.958 2 ATTITUDE -0.191124 5.580552 -0.212528
15.011 2 GVF_PARAMETRIC 5 1 0.148988 6.,18.136719,41.308594,44.878906,19.75,29.046875,61.347656,53.699219,0.,0.,0.,0.,0.,0.,0.,0. -2.47405,-2.154023
15.012 2 INS 391 1402 -220210304 -20971 5242 -1920541056 114 -5268 -7726
15.013 2 GPS 3 43818137 447810758 2812 649453 4 -5 2395 294324000 30 0
15.013 2 ATTITUDE -0.191121 5.580643 -0.212536
15.043 2 INS 391 1395 -220257200 20971 -5242 -1920738944 89 -5235 -7752
15.069 2 ROTORCRAFT_FP 1395 391 220266576 -5242 15728 1920778496 -783 -870 22858 0 0 0 0 1125 0
15.070 2 GPS_INT 0 0 0 404513310 -37290329 699658 649423 0 0 0 35 11 294324250 100 24 3 1
15.070 2 ATTITUDE -0.191271 5.580701 -0.212538
15.113 2 INS 391 1395 -220304096 15728 -5242 -1920936832 118 -5261 -7718
15.113 2 STATIC_CONTROL 0 0. 0 0. 0. 0. 0. 0. 0. 0. 0. 0. 0.
15.114 2 ATTITUDE -0.191303 5.580769 -0.212528
15.129 2 INS 391 1395 -220351024 15728 -5242 -1921134720 84 -5237 -7752
15.161 2 ATTITUDE -0.191349 5.58093 -0.212557
15.193 2 INS 391 1395 -220397920 15728 -5242 -1921332352 90 -5223 -7731
15.209 2 GPS_INT 0 0 0 404513310 -37290329 699658 649423 0 0 0 35 11 294324250 100 24 3 1
15.209 2 ATTITUDE -0.191404 5.580945 -0.212614
15.241 2 INS 391 1395 -220444800 15728 -5242 -1921530368 80 -5269 -7737
15.241 2 GPS 3 43818134 447810758 2812 649423 4 3 2395 294324250 30 0
15.257 2 ATTITUDE -0.191345 5.580979 -0.212656
15.288 2 WP_MOVED_ENU 15 -775 1018 2560
15.288 2 WP_MOVED_ENU 15 -775 1018 2560
15.288 2 INS 394 1395 -220491712 0 -15728 -1921727872 130 -5247 -7713
15.342 2 ROVER_CTRL 2.5 0.086293 2817.442139 -0.585146 1400. 600. 1000. -122.876869 120.809509 20.027161 2.413707 0.
15.342 2 ROTORCRAFT_FP 1395 394 220501136 -20971 5242 1921767552 -784 -871 22860 0 0 0 0 1125 0
15.343 2 ATTITUDE -0.191464 5.581097 -0.212681
15.343 2 PONG 
15.343 2 INS 394 1395 -220538624 5242 -20971 -1921925504 80 -5260 -7712
15.343 2 SERIAL_COM 463 -5253 71 -7732 0 0 0 14 364 80 76 0 0 0 0 0
15.369 2 GPS_INT 0 0 0 404513310 -37290330 699632 649396 0 0 0 35 14 294324500 100 24 3 1
15.369 2 ATTITUDE -0.19154 5.581163 -0.212728
15.406 2 GVF_PARAMETRIC 5 1 0.148988 0.,0.199,0.199,0.546583,0.546583,0.05,61.347656,53.699219,0.,0.,0.,0.,0.,0.,0.,0. -2.476786,-2.15285
15.406 2 INS 394 1395 -220585520 5242 -20971 -1922123520 104 -5253 -7727
15.406 2 DL_VALUE 86 1.
15.407 2 ATTITUDE -0.191582 5.581225 -0.212702
15.437 2 INS 394 1395 -220632464 5242 -20971 -1922321536 93 -5291 -7732
15.453 2 ATTITUDE -0.19164 5.581301 -0.212733
15.495 2 INS 394 1395 -220679408 5242 -20971 -1922519552 108 -5258 -7706
15.495 2 GPS 3 43818133 447810758 2812 649396 3 5 2395 294324500 30 0
15.521 2 GPS_INT 0 0 0 404513310 -37290330 699632 649396 0 0 0 35 14 294324500 100 24 3 1
15.521 2 ATTITUDE -0.191691 5.581396 -0.212795
15.537 2 INS 389 1392 -220726336 -5242 0 -1922717312 82 -5268 -7714
15.578 2 ROTORCRAFT_FP 1392 389 220735728 0 -5242 1922756736 -785 -871 22861 0 0 0 0 1125 0
15.579 2 ATTITUDE -0.19168 5.581498 -0.212781
15.579 2 ROTORCRAFT_NAV_STATUS 97 97 0. 0. 5 0 2
15.579 2 IMU_MAG_RAW 255 0 0 0
15.579 2 INS 389 1392 -220773328 -15728 10485 -1922915328 85 -5264 -7735
15.610 2 ATTITUDE -0.191737 5.58158 -0.212842
15.642 2 INS 389 1392 -220820208 -15728 10485 -1923112960 96 -5261 -7716
15.658 2 GPS_INT 0 0 0 404513309 -37290331 699624 649388 0 0 0 34 7 294324750 100 24 3 1
15.658 2 ATTITUDE -0.191783 5.581664 -0.212864
15.690 2 INS 389 1392 -220867152 -15728 10485 -1923310464 114 -5257 -7716
15.706 2 ATTITUDE -0.191821 5.581746 -0.212874
15.748 2 INS 389 1392 -220914112 -15728 10485 -1923508096 128 -5273 -7706
15.748 2 GPS 3 43818132 447810756 2812 649388 3 0 2395 294324750 30 0
15.748 2 ATTITUDE -0.191846 5.581819 -0.212942
15.798 2 LINK_REPORT 2 -1 16 0 46051 1034 0 2940. 67. 3 53.22
15.859 2 GVF_PARAMETRIC 5 1 0.148988 -6.,15.398438,4.558594,27.417969,28.609375,49.796875,50.96875,67.96875,0.,0.,0.,0.,0.,0.,0.,0. -2.47796,-2.154801
15.860 2 INS 389 1392 -220961072 -15728 10485 -1923705728 113 -5280 -7734
15.860 2 ROVER_CTRL 2.5 0.086293 2817.442139 -0.585146 1400. 600. 1000. -122.876869 120.809509 20.027161 2.413707 0.
15.861 2 ROTORCRAFT_FP 1392 389 220970512 10485 -15728 1923745536 -785 -872 22863 0 0 0 0 1125 0
15.861 2 GPS_INT 0 0 0 404513309 -37290331 699624 649388 0 0 0 34 7 294324750 100 24 3 1
15.862 2 ATTITUDE -0.191844 5.581863 -0.212984
15.862 2 INS 389 1392 -221008048 15728 -20971 -1923903488 118 -5250 -7708
15.862 2 SERIAL_COM 464 -5259 107 -7746 0 0 0 14 365 80 76 0 0 0 0 0
15.863 2 ATTITUDE -0.191924 5.581901 -0.213002
15.890 2 INS 389 1392 -221055008 15728 -26214 -1924101248 126 -5261 -7724
15.890 2 GPS_SOL 33 7 100 24
15.906 2 ATTITUDE -0.192035 5.582036 -0.213047
15.938 2 INS 389 1392 -221102000 15728 -26214 -1924299136 124 -5257 -7721
15.954 2 GPS_INT 0 0 0 404513308 -37290331 699613 649377 0 0 0 33 7 294325000 100 24 3 1
15.955 2 ATTITUDE -0.192028 5.582111 -0.213092
15.996 2 INS 389 1392 -221148960 15728 -26214 -1924496768 91 -5246 -7715
15.996 2 GPS 3 43818132 447810755 2812 649377 6 -2 2395 294325000 30 0
16.011 2 ATTITUDE -0.192101 5.582211 -0.213076
16.027 2 INS 386 1390 -221195968 0 10485 -1924694400 78 -5238 -7732
16.058 2 ROTORCRAFT_FP 1390 386 221205360 10485 0 1924734080 -786 -873 22864 0 0 0 0 1125 0
16.058 2 STATE_FILTER_STATUS 6 3 0
16.058 2 ATTITUDE -0.192137 5.582294 -0.213143
16.117 2 INS 386 1390 -221242960 -5242 10485 -1924892288 124 -5264 -7694
16.117 2 STATIC_CONTROL 0 0. 0 0. 0. 0. 0. 0. 0. 0. 0. 0. 0.
16.117 2 GPS_INT 0 0 0 404513308 -37290331 699579 649343 0 0 0 33 13 294325250 100 24 3 1
16.118 2 ATTITUDE -0.192163 5.582362 -0.213135
16.142 2 INS 386 1390 -221289952 -5242 10485 -1925089664 129 -5274 -7694
16.143 2 ROVER_STATUS 0 55 3 0 1 464 8.071465
16.158 2 ATTITUDE -0.192255 5.582502 -0.213169
16.201 2 GVF_PARAMETRIC 5 1 0.148988 6.,18.136719,41.308594,44.878906,19.75,29.046875,61.347656,53.699219,0.,0.,0.,0.,0.,0.,0.,0. -2.478743,-2.155972
16.201 2 INS 386 1390 -221337040 -5242 10485 -1925287808 92 -5298 -7705
16.202 2 ATTITUDE -0.19227 5.582588 -0.2132
16.242 2 INS 386 1390 -221383984 -5242 10485 -1925485440 93 -5271 -7697
16.243 2 GPS 3 43818132 447810755 2812 649343 3 -4 2395 294325250 30 0
16.269 2 GPS_INT 0 0 0 404513308 -37290331 699579 649343 0 0 0 33 13 294325250 100 24 3 1
16.269 2 ALIVE 122,195,7,233,5,247,195,75,60,187,26,129,128,90,246,93
16.269 2 ATTITUDE -0.192317 5.582668 -0.213201
16.323 2 INS 386 1387 -221431056 -26214 0 -1925683712 101 -5261 -7740
16.323 2 ROVER_CTRL 2.5 0.086293 2817.442139 -0.585146 1400. 600. 1000. -122.876869 120.809509 20.027161 2.413707 0.
16.323 2 ROTORCRAFT_FP 1387 386 221440416 0 -26214 1925723264 -787 -873 22866 0 0 0 0 1125 0
16.324 2 ATTITUDE -0.192338 5.58274 -0.213266
16.338 2 INS 386 1387 -221478032 -26214 0 -1925881344 128 -5274 -7705
16.339 2 SERIAL_COM 464 -5265 89 -7729 0 0 0 14 365 80 76 0 0 0 0 0
16.354 2 ATTITUDE -0.19241 5.58283 -0.213267
16.370 2 IMU_MAG_RAW 255 0 0 0
16.386 2 INS 386 1387 -221525040 -26214 0 -1926079232 91 -5255 -7711
16.403 2 GPS_INT 0 0 0 404513308 -37290332 699574 649338 0 0 0 32 8 294325500 100 24 3 1
16.403 2 ATTITUDE -0.192556 5.582942 -0.213308
16.435 2 INS 386 1387 -221572064 -26214 0 -1926277120 107 -5266 -7752
16.450 2 ATTITUDE -0.192732 5.583074 -0.213341
16.492 2 INS 386 1387 -221619072 -26214 0 -1926474752 101 -5275 -7706
16.493 2 GPS 3 43818131 447810755 2812 649338 5 2 2395 294325500 30 0
16.508 2 ATTITUDE -0.192828 5.583172 -0.213372
16.525 2 INS 386 1390 -221666128 -10485 0 -1926672384 97 -5271 -7727
16.578 2 ROTORCRAFT_FP 1390 386 221675536 0 -10485 1926711808 -789 -874 22868 0 0 0 0 1125 0
16.579 2 GPS_INT 0 0 0 404513308 -37290331 699562 649326 0 0 0 32 10 294325750 100 24 3 1
16.579 2 ATTITUDE -0.192819 5.583289 -0.213388
16.579 2 WP_MOVED_ENU 16 50798 51645 2557
16.580 2 WP_MOVED_ENU 16 50798 51645 2557
16.618 2 GVF_PARAMETRIC 5 1 0.148989 0.,0.199,0.199,0.546583,0.546583,0.05,61.347656,53.699219,0.,0.,0.,0.,0.,0.,0.,0. -2.478744,-2.155971
16.619 2 INS 386 1390 -221713184 -20971 0 -1926870016 96 -5280 -7724
16.619 2 ATTITUDE -0.192875 5.583407 -0.21338
16.631 2 INS 386 1390 -221760208 -20971 0 -1927067648 116 -5259 -7754
16.647 2 ATTITUDE -0.19292 5.583428 -0.213414
16.678 2 INS 386 1390 -221807248 -20971 0 -1927265408 112 -5292 -7745
16.706 2 GPS_INT 0 0 0 404513308 -37290331 699562 649326 0 0 0 32 10 294325750 100 24 3 1
16.706 2 ATTITUDE -0.192963 5.583554 -0.213418
16.737 2 INS 386 1390 -221854288 -20971 0 -1927462784 88 -5243 -7691
16.738 2 GPS 3 43818132 447810755 2812 649326 3 3 2395 294325750 30 0
16.753 2 ATTITUDE -0.19305 5.583721 -0.213465
16.798 2 LINK_REPORT 2 -1 17 0 49190 1104 0 3139. 70. 3 53.22
16.812 2 INS 386 1390 -221901376 -20971 0 -1927660672 111 -5287 -7712
16.813 2 ROVER_CTRL 2.5 0.086293 2817.442139 -0.585146 1400. 600. 1000. -122.876869 120.809509 20.027161 2.413707 0.
16.813 2 ROTORCRAFT_FP 1390 386 221910768 0 -20971 1927700096 -790 -874 22871 0 0 0 0 1125 0
16.814 2 ATTITUDE -0.193125 5.583803 -0.213542
16.841 2 INS 386 1390 -221948416 -5242 -15728 -1927858304 118 -5313 -7704
16.842 2 SERIAL_COM 465 -5295 111 -7739 0 0 0 14 366 80 76 0 0 0 0 0
16.867 2 GPS_INT 0 0 0 404513308 -37290331 699553 649317 0 0 0 31 11 294326000 99 24 3 1
16.868 2 ATTITUDE -0.193244 5.58393 -0.213577
16.883 2 INS 386 1390 -221995472 -5242 -15728 -1928056064 93 -5268 -7708
16.899 2 ATTITUDE -0.193272 5.584079 -0.213652
16.932 2 INS 386 1390 -222042560 -5242 -15728 -1928253568 103 -5313 -7714
16.947 2 ATTITUDE -0.19328 5.584169 -0.213707
17.033 2 GVF_PARAMETRIC 5 1 0.148989 -6.,15.398438,4.558594,27.417969,28.609375,49.796875,50.96875,67.96875,0.,0.,0.,0.,0.,0.,0.,0. -2.478745,-2.155969
17.033 2 INS 386 1390 -222089648 -5242 -15728 -1928451072 97 -5304 -7707
17.034 2 GPS 3 43818132 447810755 2812 649317 2 2 2395 294326000 30 0
17.034 2 GPS_INT 0 0 0 404513308 -37290331 699553 649317 0 0 0 31 11 294326000 99 24 3 1
17.035 2 DL_VALUE 87 3.
17.035 2 ATTITUDE -0.193298 5.584317 -0.213726
17.035 2 INS 391 1387 -222136736 0 10485 -1928648960 106 -5334 -7713
17.058 2 ROTORCRAFT_FP 1387 391 222146160 10485 0 1928688640 -792 -875 22873 0 0 0 0 1125 0
17.059 2 ATTITUDE -0.193384 5.584418 -0.213769
17.074 2 INS 391 1387 -222183824 0 10485 -1928846336 88 -5288 -7707
17.104 2 STATIC_CONTROL 0 0. 0 0. 0. 0. 0. 0. 0. 0. 0. 0. 0.
17.105 2 ATTITUDE -0.193444 5.584555 -0.213823
17.136 2 INS 391 1387 -222230928 0 10485 -1929043328 121 -5293 -7714
17.167 2 GPS_INT 0 0 0 404513309 -37290332 699554 649318 0 0 0 31 13 294326250 99 25 3 1
17.168 2 ATTITUDE -0.193451 5.584649 -0.213843
17.168 2 ROTORCRAFT_NAV_STATUS 98 98 0. 0. 5 0 2
17.168 2 IMU_MAG_RAW 255 0 0 0
17.183 2 INS 391 1387 -222278032 0 10485 -1929240576 135 -5310 -7705
17.199 2 ATTITUDE -0.193471 5.584714 -0.213875
17.243 2 INS 391 1387 -222325120 0 10485 -1929438592 133 -5301 -7707
17.243 2 GPS 3 43818131 447810756 2812 649318 3 11 2395 294326250 30 0
17.244 2 ATTITUDE -0.193595 5.584805 -0.213938
17.275 2 INS 394 1402 -222372208 0 10485 -1929635456 134 -5274 -7681
17.348 2 ROVER_CTRL 2.5 0.086293 2817.442139 -0.585146 1400. 600. 1000. -122.876869 120.809509 20.027161 2.413707 0.
17.350 2 ROTORCRAFT_FP 1402 394 222381648 10485 0 1929675008 -793 -876 22875 0 0 0 0 1125 0
17.351 2 GPS_INT 0 0 0 404513310 -37290325 699586 649350 0 0 0 32 12 294326500 98 25 3 1
17.353 2 ATTITUDE -0.193716 5.58485 -0.213932
17.353 2 INS 394 1402 -222419344 5242 10485 -1929833088 128 -5285 -7717
17.353 2 SERIAL_COM 465 -5309 99 -7707 0 0 0 14 366 80 76 0 0 0 0 0
17.354 2 ATTITUDE -0.19381 5.584996 -0.213996
17.401 2 GVF_PARAMETRIC 5 1 0.148989 6.,18.136719,41.308594,44.878906,19.75,29.046875,61.347656,53.699219,0.,0.,0.,0.,0.,0.,0.,0. -2.474059,-2.152844
17.402 2 INS 394 1402 -222466464 5242 10485 -1930030208 115 -5314 -7725
17.402 2 ATTITUDE -0.193925 5.585096 -0.214047
17.432 2 INS 394 1402 -222513616 5242 10485 -1930227328 113 -5298 -7694
17.458 2 GPS_INT 0 0 0 404513310 -37290325 699586 649350 0 0 0 32 12 294326500 98 25 3 1
17.459 2 ATTITUDE -0.194022 5.585203 -0.214077
17.499 2 INS_REF 485058561 -31614701 411670235 404513171 -37290972 700771 650535 0.
17.499 2 INS 394 1402 -222560736 5242 10485 -1930425088 128 -5328 -7735
17.500 2 GPS 3 43818137 447810758 2812 649350 4 -4 2395 294326500 30 0
17.500 2 ATTITUDE -0.194106 5.585305 -0.214137
17.531 2 INS 394 1402 -222607840 5242 10485 -1930622592 97 -5321 -7724
17.557 2 ROTORCRAFT_FP 1418 399 222617296 15728 -5242 1930662272 -795 -877 22877 0 0 0 0 1125 0
17.558 2 ATTITUDE -0.194156 5.585405 -0.214188
17.573 2 INS 399 1418 -222654960 5242 20971 -1930820096 90 -5287 -7693
17.602 2 GPS_INT 0 0 0 404513312 -37290318 699590 649354 0 0 0 36 12 294326750 98 25 3 1
17.602 2 ATTITUDE -0.194216 5.585498 -0.214153
17.634 2 INS 399 1418 -222702096 5242 20971 -1931017344 80 -5362 -7733
17.635 2 ROVER_STATUS 0 60 3 0 1 466 8.071465
17.650 2 ATTITUDE -0.194273 5.585528 -0.214185
17.682 2 INS 399 1418 -222749248 5242 20971 -1931214720 108 -5327 -7681
17.698 2 ATTITUDE -0.194357 5.585597 -0.214242
17.740 2 INS 399 1418 -222796400 5242 20971 -1931412352 122 -5315 -7694
17.740 2 GPS 3 43818143 447810760 2812 649354 5 -5 2395 294326750 30 0
17.756 2 GPS_INT 0 0 0 404513312 -37290318 699590 649354 0 0 0 36 12 294326750 98 25 3 1
17.757 2 ATTITUDE -0.194424 5.585727 -0.214274
17.799 2 LINK_REPORT 2 -1 18 0 52204 1171 0 3014. 67. 3 53.22
17.842 2 GVF_PARAMETRIC 5 1 0.148989 0.,0.199,0.199,0.546583,0.546583,0.05,61.347656,53.699219,0.,0.,0.,0.,0.,0.,0.,0. -2.467812,-2.150887
17.844 2 INS 399 1418 -222843568 5242 20971 -1931609600 140 -5334 -7713
17.844 2 ROVER_CTRL 2.5 0.086293 2817.442139 -0.585146 1400. 600. 1000. -122.876869 120.809509 20.027161 2.413707 0.
17.845 2 ROTORCRAFT_FP 1418 399 222853008 20971 5242 1931649024 -796 -877 22879 0 0 0 0 1125 0
17.846 2 ATTITUDE -0.194562 5.585827 -0.214325
17.846 2 INS 404 1431 -222890736 10485 5242 -1931807232 153 -5319 -7717
17.846 2 SERIAL_COM 466 -5334 140 -7713 0 0 0 14 367 80 76 0 0 0 0 0
17.847 2 ATTITUDE -0.194571 5.585863 -0.214388
17.857 2 WP_MOVED_ENU 17 51645 -50798 2557
17.857 2 WP_MOVED_ENU 17 51645 -50798 2557
17.888 2 INS 404 1431 -222937888 15728 5242 -1932004736 108 -5284 -7715
17.888 2 GPS_SOL 37 9 98 24
17.904 2 GPS_INT 0 0 0 404513314 -37290312 699603 649367 0 0 0 37 9 294327000 98 24 3 1
17.905 2 ATTITUDE -0.194625 5.585917 -0.214425
17.920 2 INS 404 1431 -222985072 15728 5242 -1932201984 141 -5338 -7707
17.952 2 ATTITUDE -0.194705 5.586102 -0.214505
17.952 2 IMU_MAG_RAW 255 0 0 0
17.984 2 INS 404 1431 -223032240 15728 5242 -1932399232 112 -5323 -7723
17.984 2 GPS 3 43818148 447810762 2812 649367 4 -2 2395 294327000 30 0
18.000 2 ATTITUDE -0.19474 5.586224 -0.214497
18.032 2 INS 404 1431 -223079408 15728 5242 -1932596480 120 -5319 -7709
18.069 2 ROTORCRAFT_FP 1443 412 223088848 -31457 10485 1932636032 -797 -878 22881 0 0 0 0 1125 0
18.070 2 GPS_INT 0 0 0 404513317 -37290306 699646 649411 0 0 0 39 10 294327250 91 26 3 1
18.070 2 ATTITUDE -0.194817 5.586362 -0.214508
18.099 2 INS 412 1443 -223126576 10485 -36700 -1932794240 118 -5294 -7726
18.099 2 STATIC_CONTROL 0 0. 0 0. 0. 0. 0. 0. 0. 0. 0. 0. 0.
18.099 2 ATTITUDE -0.194864 5.586438 -0.214541
18.131 2 INS 412 1443 -223173760 10485 -36700 -1932991744 116 -5341 -7737
18.147 2 ATTITUDE -0.194906 5.586492 -0.214561
18.211 2 GVF_PARAMETRIC 5 1 0.148989 -6.,15.398438,4.558594,27.417969,28.609375,49.796875,50.96875,67.96875,0.,0.,0.,0.,0.,0.,0.,0. -2.458052,-2.145805
18.212 2 INS 412 1443 -223221024 10485 -36700 -1933189504 121 -5323 -7678
18.212 2 GPS_INT 0 0 0 404513317 -37290306 699646 649411 0 0 0 39 10 294327250 91 26 3 1
18.212 2 ATTITUDE -0.194963 5.586616 -0.214553
18.248 2 INS 412 1443 -223268160 10485 -36700 -1933386880 62 -5319 -7690
18.248 2 ENERGY 11 8.071465 0.2 1.614293 6.144827 0.111049 0.862957
18.248 2 GPS 3 43818154 447810765 2812 649411 6 4 2395 294327250 30 0
18.249 2 ATTITUDE -0.19511 5.586773 -0.214612
18.317 2 INS 417 1454 -223315360 -31457 -10485 -1933584128 106 -5341 -7677
18.317 2 ROVER_CTRL 2.5 0.086293 2817.442139 -0.585146 1400. 600. 1000. -122.876869 120.809509 20.027161 2.413707 0.
18.318 2 ROTORCRAFT_FP 1454 417 223324816 -10485 -31457 1933623936 -799 -879 22883 0 0 0 0 1125 0
18.318 2 ATTITUDE -0.195173 5.586876 -0.214673
18.333 2 INS 417 1454 -223362560 -26214 -10485 -1933781376 95 -5339 -7703
18.333 2 SERIAL_COM 466 -5315 121 -7700 0 0 0 14 367 80 76 0 0 0 0 0
18.359 2 GPS_INT 0 0 0 404513318 -37290301 699665 649429 0 0 0 38 10 294327500 88 26 3 1
18.360 2 ATTITUDE -0.19523 5.586954 -0.214728
18.375 2 INS 417 1454 -223409776 -26214 -10485 -1933978368 136 -5331 -7724
18.391 2 ATTITUDE -0.195188 5.587072 -0.214755
18.423 2 INS 417 1454 -223456976 -26214 -10485 -1934175744 83 -5368 -7690
18.455 2 ATTITUDE -0.195224 5.58711 -0.214808
18.486 2 INS 417 1454 -223504208 -26214 -10485 -1934373120 111 -5296 -7695
18.486 2 GPS 3 43818158 447810766 2812 649429 5 -3 2395 294327500 30 0
18.512 2 GPS_INT 0 0 0 404513318 -37290301 699665 649429 0 0 0 38 10 294327500 88 26 3 1
18.512 2 DATALINK_REPORT 4 104 32066 3055 0 5
18.513 2 ATTITUDE -0.195221 5.587255 -0.214862
18.528 2 INS 414 1469 -223551424 -15728 -5242 -1934570368 112 -5351 -7724
18.554 2 ROTORCRAFT_FP 1469 414 223560880 -5242 -15728 1934609920 -799 -880 22885 0 0 0 0 1125 0
18.555 2 ATTITUDE -0.195225 5.587291 -0.214922
18.595 2 GVF_PARAMETRIC 5 1 0.14899 6.,18.136719,41.308594,44.878906,19.75,29.046875,61.347656,53.699219,0.,0.,0.,0.,0.,0.,0.,0. -2.447907,-2.145015
18.596 2 INS 414 1469 -223598656 -15728 0 -1934767360 124 -5337 -7702
18.596 2 DL_VALUE 88 1.
18.596 2 ATTITUDE -0.195284 5.587321 -0.214956
18.627 2 INS 414 1469 -223645888 -15728 0 -1934964608 131 -5331 -7684
18.653 2 GPS_INT 0 0 0 404513318 -37290295 699683 649447 0 0 0 38 13 294327750 91 26 3 1
18.653 2 ATTITUDE -0.195325 5.587324 -0.215016
18.669 2 INS 414 1469 -223693136 -15728 0 -1935161856 115 -5305 -7667
18.701 2 ATTITUDE -0.195413 5.587349 -0.215071
18.733 2 INS 414 1469 -223740368 -15728 0 -1935359104 91 -5335 -7719
18.733 2 GPS 3 43818163 447810766 2812 649447 3 -4 2395 294327750 30 0
18.749 2 ATTITUDE -0.195422 5.587453 -0.215076
18.765 2 ROTORCRAFT_NAV_STATUS 100 100 0. 0. 5 0 2
18.765 2 IMU_MAG_RAW 255 0 0 0
18.800 2 LINK_REPORT 2 -1 19 0 55336 1242 0 3132. 71. 3 53.22
18.840 2 INS 414 1469 -223787616 -15728 0 -1935556480 120 -5343 -7725
18.840 2 ROVER_CTRL 2.5 0.086293 2817.442139 -0.585146 1400. 600. 1000. -122.876869 120.809509 20.027161 2.413707 0.
18.840 2 ROTORCRAFT_FP 1469 414 223797072 0 -15728 1935596032 -800 -881 22886 0 0 0 0 1125 0
18.841 2 GPS_INT 0 0 0 404513318 -37290295 699683 649447 0 0 0 38 13 294327750 91 26 3 1
18.842 2 ATTITUDE -0.195549 5.587666 -0.215118
18.842 2 INS 414 1482 -223835008 -15728 20971 -1935754368 160 -5307 -7714
18.842 2 SERIAL_COM 467 -5328 125 -7700 0 0 0 14 368 80 76 0 0 0 0 0
18.843 2 ATTITUDE -0.195594 5.587788 -0.215216
18.872 2 INS 414 1482 -223882144 -20971 20971 -1935951616 126 -5329 -7683
18.903 2 ATTITUDE -0.195683 5.587865 -0.215316
18.920 2 INS 414 1482 -223929408 -20971 20971 -1936148608 141 -5326 -7703
18.960 2 GPS_INT 0 0 0 404513318 -37290289 699693 649457 0 0 0 38 11 294328000 91 26 3 1
18.960 2 ALIVE 122,195,7,233,5,247,195,75,60,187,26,129,128,90,246,93
18.960 2 ATTITUDE -0.195713 5.587965 -0.215302
19.008 2 GVF_PARAMETRIC 5 1 0.14899 0.,0.199,0.199,0.546583,0.546583,0.05,61.347656,53.699219,0.,0.,0.,0.,0.,0.,0.,0. -2.442839,-2.145006
19.009 2 INS 414 1482 -223976656 -20971 20971 -1936345600 133 -5316 -7692
19.009 2 GPS 3 43818168 447810766 2812 649457 6 -5 2395 294328000 30 0
19.009 2 ATTITUDE -0.19582 5.588024 -0.215308
19.024 2 INS 414 1482 -224023952 -20971 20971 -1936542848 143 -5298 -7718
19.050 2 ROTORCRAFT_FP 1495 419 224033456 -5242 10485 1936582400 -802 -881 22888 0 0 0 0 1125 0
19.050 2 ATTITUDE -0.195841 5.588092 -0.215365
19.106 2 INS 419 1495 -224071232 20971 -5242 -1936739712 153 -5336 -7656
19.106 2 STATIC_CONTROL 0 0. 0 0. 0. 0. 0. 0. 0. 0. 0. 0. 0.
19.107 2 GPS_INT 0 0 0 404513319 -37290284 699714 649478 0 0 0 38 7 294328250 91 26 3 1
19.107 2 ATTITUDE -0.195915 5.588192 -0.215351
19.135 2 INS 419 1495 -224118512 20971 -5242 -1936937088 121 -5353 -7727
19.135 2 ROVER_STATUS 0 60 3 0 1 467 8.071465
19.151 2 ATTITUDE -0.195954 5.588278 -0.215394
19.151 2 WP_MOVED_ENU 18 -50798 -51645 2557
19.166 2 WP_MOVED_ENU 18 -50798 -51645 2557
19.167 2 INS 419 1495 -224165792 20971 -5242 -1937134080 129 -5334 -7677
19.198 2 ATTITUDE -0.196005 5.588384 -0.215409
19.230 2 INS 419 1495 -224213088 20971 -5242 -1937330944 95 -5322 -7673
19.231 2 GPS 3 43818172 447810767 2812 649478 4 -1 2395 294328250 30 0
19.257 2 GPS_INT 0 0 0 404513319 -37290284 699714 649478 0 0 0 38 7 294328250 91 26 3 1
19.257 2 STATE_FILTER_STATUS 6 3 0
19.257 2 ATTITUDE -0.196082 5.58851 -0.21541
19.311 2 INS 419 1495 -224260400 20971 -5242 -1937528064 114 -5348 -7704
19.311 2 ROVER_CTRL 2.5 0.086293 2817.442139 -0.585146 1400. 600. 1000. -122.876869 120.809509 20.027161 2.413707 0.
19.311 2 ROTORCRAFT_FP 1500 422 224269856 15728 -31457 1937567616 -803 -882 22890 0 0 0 0 1125 0
19.312 2 ATTITUDE -0.196186 5.58859 -0.215462
19.336 2 INS 422 1500 -224307696 -31457 15728 -1937725440 135 -5344 -7720
19.337 2 SERIAL_COM 467 -5356 101 -7708 0 0 0 14 368 80 76 0 0 0 0 0
19.337 2 ATTITUDE -0.196205 5.588696 -0.215479
19.406 2 GVF_PARAMETRIC 5 1 0.148991 -6.,15.398438,4.558594,27.417969,28.609375,49.796875,50.96875,67.96875,0.,0.,0.,0.,0.,0.,0.,0. -2.435823,-2.141868
19.406 2 INS 422 1500 -224355008 -31457 15728 -1937922560 151 -5340 -7715
19.407 2 GPS_INT 0 0 0 404513320 -37290281 699734 649498 0 0 0 36 9 294328500 91 26 3 1
19.407 2 ATTITUDE -0.196238 5.588808 -0.215475
19.421 2 INS 422 1500 -224402304 -31457 15728 -1938119552 153 -5341 -7695
19.436 2 ATTITUDE -0.196342 5.588948 -0.215495
19.483 2 INS 422 1500 -224449616 -31457 15728 -1938316544 97 -5349 -7659
19.484 2 GPS 3 43818175 447810768 2812 649498 7 -3 2395 294328500 30 0
19.499 2 ATTITUDE -0.196456 5.588994 -0.215527
19.515 2 INS 422 1500 -224496928 -31457 15728 -1938513408 139 -5336 -7697
19.570 2 ROTORCRAFT_FP 1507 422 224506400 -15728 -10485 1938552960 -804 -882 22892 0 0 0 0 1125 0
19.570 2 GPS_INT 0 0 0 404513320 -37290278 699751 649515 0 0 0 35 11 294328750 91 26 3 1
19.570 2 ATTITUDE -0.196527 5.589046 -0.215554
19.571 2 IMU_MAG_RAW 255 0 0 0
19.571 2 INS 422 1507 -224544256 -10485 -15728 -1938710528 142 -5341 -7704
19.601 2 ATTITUDE -0.19658 5.589106 -0.21558
19.617 2 INS 422 1507 -224591600 -10485 -15728 -1938907648 118 -5376 -7720
19.649 2 ATTITUDE -0.196661 5.589189 -0.215644
19.665 2 INS 422 1507 -224638944 -10485 -15728 -1939104768 137 -5345 -7719
19.697 2 GPS_INT 0 0 0 404513320 -37290278 699751 649515 0 0 0 35 11 294328750 91 26 3 1
19.697 2 ATTITUDE -0.196713 5.589243 -0.215694
19.728 2 INS 422 1507 -224686304 -10485 -15728 -1939301632 100 -5337 -7682
19.729 2 GPS 3 43818177 447810768 2812 649515 3 -3 2395 294328750 30 0
19.744 2 ATTITUDE -0.196755 5.589388 -0.215691
19.801 2 LINK_REPORT 2 -1 20 0 58358 1310 0 3022. 68. 3 53.22
19.833 2 GVF_PARAMETRIC 5 1 0.148992 6.,18.136719,41.308594,44.878906,19.75,29.046875,61.347656,53.699219,0.,0.,0.,0.,0.,0.,0.,0. -2.433108,-2.141852
19.834 2 INS 422 1507 -224733664 -10485 -15728 -1939498240 118 -5358 -7681
19.835 2 ROVER_CTRL 2.5 0.086293 2817.442139 -0.585146 1400. 600. 1000. -122.876869 120.809509 20.027161 2.413707 0.
19.836 2 ROTORCRAFT_FP 1507 422 224743120 -15728 -10485 1939537664 -806 -883 22894 0 0 0 0 1125 0
19.836 2 ATTITUDE -0.196841 5.589499 -0.215739
19.836 2 INS 422 1515 -224781008 -20971 -10485 -1939695232 99 -5328 -7686
19.837 2 SERIAL_COM 468 -5356 127 -7691 0 0 0 14 369 80 76 0 0 0 0 0
19.855 2 GPS_INT 0 0 0 404513320 -37290274 699769 649533 0 0 0 35 11 294329000 92 26 3 1
19.856 2 ATTITUDE -0.196927 5.58971 -0.215846
19.881 2 INS 422 1515 -224828368 -26214 -15728 -1939892352 144 -5386 -7673
19.882 2 GPS_SOL 35 11 92 26
19.897 2 ATTITUDE -0.19703 5.589911 -0.215852
19.929 2 INS 422 1515 -224875728 -26214 -15728 -1940089472 102 -5358 -7697
19.945 2 ATTITUDE -0.197116 5.590021 -0.215925
19.977 2 INS 422 1515 -224923104 -26214 -15728 -1940286464 127 -5364 -7685
19.978 2 GPS 3 43818181 447810768 2812 649533 5 -4 2395 294329000 30 0
20.003 2 GPS_INT 0 0 0 404513320 -37290274 699769 649533 0 0 0 35 11 294329000 92 26 3 1
20.004 2 ATTITUDE -0.197186 5.590055 -0.215979
20.019 2 INS 422 1515 -224970480 -26214 -15728 -1940482816 127 -5396 -7660
20.046 2 ROTORCRAFT_FP 1520 422 224980000 -20971 -5242 1940522368 -807 -884 22897 0 0 0 0 1125 0
20.047 2 ATTITUDE -0.197226 5.590158 -0.216029
20.092 2 INS 422 1520 -225017856 -5242 -20971 -1940679680 128 -5380 -7700
20.093 2 STATIC_CONTROL 0 0. 0 0. 0. 0. 0. 0. 0. 0. 0. 0. 0.
20.093 2 ATTITUDE -0.19734 5.59025 -0.216038
20.124 2 INS 422 1520 -225065216 -5242 -20971 -1940876800 110 -5377 -7681
20.151 2 GPS_INT 0 0 0 404513320 -37290271 699773 649537 0 0 0 35 11 294329250 92 25 3 1
20.152 2 ATTITUDE -0.197453 5.590397 -0.21609
20.193 2 GVF_PARAMETRIC 5 1 0.148993 0.,0.199,0.199,0.546583,0.546583,0.05,61.347656,53.699219,0.,0.,0.,0.,0.,0.,0.,0. -2.42805,-2.141836
20.193 2 INS 422 1520 -225112672 -5242 -20971 -1941074048 147 -5363 -7674
20.193 2 DL_VALUE 89 10.
20.193 2 ATTITUDE -0.197532 5.590529 -0.216134
20.232 2 INS 422 1520 -225160000 -5242 -20971 -1941270400 121 -5386 -7668
20.233 2 GPS 3 43818183 447810768 2812 649537 3 -5 2395 294329250 30 0
20.248 2 ATTITUDE -0.197603 5.590571 -0.216121
20.264 2 INS 422 1520 -225207408 -5242 -20971 -1941467264 120 -5405 -7673
20.339 2 ROVER_CTRL 2.5 0.086293 2817.442139 -0.585146 1400. 600. 1000. -122.876869 120.809509 20.027161 2.413707 0.
20.340 2 ROTORCRAFT_FP 1525 424 225216896 -5242 0 1941506560 -809 -885 22899 0 0 0 0 1125 0
20.340 2 GPS_INT 0 0 0 404513321 -37290269 699806 649570 0 0 0 35 12 294329500 94 25 3 1
20.341 2 ATTITUDE -0.197621 5.590613 -0.216151
20.341 2 INS 424 1525 -225254800 0 -5242 -1941664256 99 -5394 -7682
20.341 2 PONG 
20.341 2 SERIAL_COM 468 -5363 147 -7674 0 0 0 14 369 80 76 0 0 0 0 0
20.341 2 ATTITUDE -0.197757 5.590717 -0.216168
20.355 2 ROTORCRAFT_NAV_STATUS 101 101 0. 0. 5 0 2
20.355 2 IMU_MAG_RAW 255 0 0 0
20.371 2 INS 424 1525 -225302208 0 -5242 -1941861376 131 -5388 -7707
20.387 2 ATTITUDE -0.197807 5.590809 -0.216175
20.419 2 INS 424 1525 -225349616 0 -5242 -1942058624 148 -5390 -7745
20.445 2 GPS_INT 0 0 0 404513321 -37290269 699806 649570 0 0 0 35 12 294329500 94 25 3 1
20.446 2 ATTITUDE -0.197855 5.590934 -0.216234
20.446 2 WP_MOVED_ENU 19 -51645 50798 2557
20.476 2 WP_MOVED_ENU 19 -51645 50798 2557
20.476 2 INS 424 1525 -225397040 0 -5242 -1942255360 123 -5411 -7654
20.477 2 GPS 3 43818185 447810769 2812 649570 1 1 2395 294329500 30 0
20.492 2 ATTITUDE -0.197947 5.591016 -0.216243
20.524 2 INS 424 1525 -225444448 0 -5242 -1942452096 119 -5362 -7690
20.551 2 ROTORCRAFT_FP 1533 427 225453936 -5242 0 1942491392 -810 -885 22901 0 0 0 0 1125 0
20.551 2 ATTITUDE -0.19796 5.591172 -0.21624
20.605 2 GVF_PARAMETRIC 5 1 0.148993 -6.,15.398438,4.558594,27.417969,28.609375,49.796875,50.96875,67.96875,0.,0.,0.,0.,0.,0.,0.,0. -2.426108,-2.141045
20.606 2 INS 427 1533 -225491888 0 -5242 -1942648960 136 -5400 -7698
20.606 2 GPS_INT 0 0 0 404513322 -37290265 699838 649602 0 0 0 38 13 294329750 94 25 3 1
20.607 2 ATTITUDE -0.197995 5.591294 -0.216221
20.631 2 INS 427 1533 -225539296 0 -5242 -1942845696 116 -5370 -7682
20.631 2 ROVER_STATUS 0 58 3 0 1 469 8.080297
20.646 2 ATTITUDE -0.197985 5.591308 -0.216234
20.662 2 INS 427 1533 -225586752 0 -5242 -1943042688 139 -5391 -7682
20.694 2 ATTITUDE -0.198044 5.59136 -0.216262
20.726 2 INS 427 1533 -225634160 0 -5242 -1943239168 139 -5385 -7709
20.726 2 GPS 3 43818188 447810770 2812 649602 1 -16 2395 294329750 30 0
20.752 2 GPS_INT 0 0 0 404513322 -37290265 699838 649602 0 0 0 38 13 294329750 94 25 3 1
20.753 2 ATTITUDE -0.198115 5.591434 -0.216342
20.801 2 LINK_REPORT 2 -1 21 0 61509 1381 0 3151. 71. 4 50.37
20.807 2 INS 427 1533 -225681616 0 -5242 -1943436160 138 -5413 -7650
20.807 2 ROVER_CTRL 2.5 0.086293 2817.442139 -0.585146 1400. 600. 1000. -122.876869 120.809509 20.027161 2.413707 0.
20.808 2 ROTORCRAFT_FP 1533 427 225691120 -5242 0 1943475584 -811 -886 22902 0 0 0 0 1125 0
20.808 2 ATTITUDE -0.198199 5.591445 -0.216445
20.834 2 INS 424 1536 -225729232 -15728 -31457 -1943633920 99 -5398 -7701
20.834 2 SERIAL_COM 469 -5382 124 -7719 0 0 0 14 370 80 76 0 0 0 0 0
20.835 2 ATTITUDE -0.198199 5.591506 -0.216515
20.866 2 INS 424 1536 -225776512 -20971 -31457 -1943830144 125 -5384 -7679
20.895 2 GPS_INT 0 0 0 404513321 -37290264 699865 649629 0 0 0 39 11 294330000 94 25 3 1
20.896 2 ATTITUDE -0.198253 5.591567 -0.216584
20.926 2 INS 424 1536 -225823952 -20971 -31457 -1944026624 135 -5382 -7668
20.947 2 ATTITUDE -0.198315 5.591671 -0.216601
20.995 2 GVF_PARAMETRIC 5 1 0.148994 6.,18.136719,41.308594,44.878906,19.75,29.046875,61.347656,53.699219,0.,0.,0.,0.,0.,0.,0.,0. -2.421823,-2.141036
20.996 2 INS 424 1536 -225871392 -20971 -31457 -1944223360 133 -5398 -7658
20.996 2 GPS 3 43818189 447810769 2812 649629 6 5 2395 294330000 30 0
21.001 2 ATTITUDE -0.198426 5.591758 -0.216686
21.011 2 INS 424 1536 -225918864 -20971 -31457 -1944420224 113 -5394 -7690
21.053 2 ROTORCRAFT_FP 1536 424 225928352 0 -5242 1944459520 -812 -887 22904 0 0 0 0 1125 0
21.054 2 GPS_INT 0 0 0 404513321 -37290264 699909 649673 0 0 0 40 8 294330250 94 25 3 1
21.054 2 ATTITUDE -0.198459 5.591873 -0.216692
21.096 2 INS 424 1536 -225966320 -5242 0 -1944617600 153 -5391 -7750
21.096 2 STATIC_CONTROL 0 0. 0 0. 0. 0. 0. 0. 0. 0. 0. 0. 0.
21.097 2 ATTITUDE -0.198494 5.591937 -0.216724
21.112 2 INS 424 1536 -226013792 -5242 0 -1944814720 158 -5377 -7704
21.144 2 ATTITUDE -0.19857 5.592044 -0.216796
21.144 2 IMU_MAG_RAW 255 0 0 0
21.176 2 INS 424 1536 -226061280 -5242 0 -1945011584 142 -5379 -7674
21.192 2 GPS_INT 0 0 0 404513321 -37290264 699909 649673 0 0 0 40 8 294330250 94 25 3 1
21.192 2 ATTITUDE -0.198554 5.592135 -0.216803
21.224 2 INS 424 1536 -226108752 -5242 0 -1945208064 119 -5401 -7654
21.224 2 GPS 3 43818189 447810769 2812 649673 2 0 2395 294330250 30 0
21.240 2 ATTITUDE -0.198601 5.59221 -0.216839
21.300 2 INS 424 1536 -226156272 -5242 0 -1945404672 138 -5379 -7684
21.300 2 ROVER_CTRL 2.5 0.086293 2817.442139 -0.585146 1400. 600. 1000. -122.876869 120.809509 20.027161 2.413707 0.
21.301 2 ROTORCRAFT_FP 1536 419 226165760 5242 0 1945443840 -813 -888 22905 0 0 0 0 1125 0
21.301 2 ATTITUDE -0.198633 5.592265 -0.216833
21.330 2 INS 419 1536 -226203760 0 5242 -1945601408 175 -5409 -7674
21.331 2 SERIAL_COM 469 -5370 133 -7687 0 0 0 14 370 80 76 0 0 0 0 0
21.356 2 GPS_INT 0 0 0 404513320 -37290264 699944 649708 0 0 0 40 7 294330500 93 25 3 1
21.357 2 ATTITUDE -0.198684 5.592327 -0.216804
21.394 2 GVF_PARAMETRIC 5 1 0.148994 0.,0.199,0.199,0.546583,0.546583,0.05,61.347656,53.699219,0.,0.,0.,0.,0.,0.,0.,0. -2.421834,-2.14298
21.395 2 INS 419 1536 -226251264 0 5242 -1945798272 135 -5400 -7727
21.395 2 ATTITUDE -0.198717 5.592393 -0.216839
21.425 2 INS 419 1536 -226298768 0 5242 -1945995136 158 -5392 -7669
21.441 2 ATTITUDE -0.198787 5.592428 -0.21688
21.473 2 INS 419 1536 -226346256 0 5242 -1946191616 167 -5390 -7659
21.473 2 GPS 3 43818189 447810768 2812 649708 3 0 2395 294330500 30 0
21.499 2 GPS_INT 0 0 0 404513320 -37290264 699944 649708 0 0 0 40 7 294330500 93 25 3 1
21.499 2 ATTITUDE -0.198821 5.5925 -0.216939
21.515 2 INS 419 1536 -226393760 0 5242 -1946388608 117 -5376 -7681
21.542 2 ROTORCRAFT_FP 1533 419 226403264 0 -5242 1946427904 -814 -888 22907 0 0 0 0 1125 0
21.542 2 ATTITUDE -0.198935 5.592606 -0.217003
21.574 2 INS 419 1533 -226441296 -5242 5242 -1946585344 91 -5414 -7659
21.589 2 ATTITUDE -0.199019 5.592702 -0.217036
21.622 2 INS 419 1533 -226488816 -5242 5242 -1946781952 120 -5366 -7688
21.648 2 GPS_INT 0 0 0 404513319 -37290265 699965 649730 0 0 0 39 13 294330750 93 24 3 1
21.648 2 ALIVE 122,195,7,233,5,247,195,75,60,187,26,129,128,90,246,93
21.649 2 ATTITUDE -0.199137 5.592767 -0.217061
21.664 2 INS 419 1533 -226536336 -5242 5242 -1946978304 144 -5406 -7651
21.696 2 ATTITUDE -0.199146 5.592917 -0.217079
21.727 2 INS 419 1533 -226583872 -5242 5242 -1947174912 146 -5426 -7670
21.727 2 GPS 3 43818188 447810767 2812 649730 2 -9 2395 294330750 30 0
21.742 2 ATTITUDE -0.199199 5.593021 -0.217084
21.743 2 WP_MOVED_ENU 0 0 0 2560
21.759 2 WP_MOVED_ENU 0 0 0 2560
21.801 2 LINK_REPORT 2 -1 22 0 64420 1446 0 2911. 65. 4 50.37
21.852 2 GVF_PARAMETRIC 5 1 0.148995 -6.,15.398438,4.558594,27.417969,28.609375,49.796875,50.96875,67.96875,0.,0.,0.,0.,0.,0.,0.,0. -2.423012,-2.142976
21.853 2 INS 419 1533 -226631424 -5242 5242 -1947371776 120 -5388 -7676
21.853 2 ROVER_CTRL 2.5 0.086293 2817.442139 -0.585146 1400. 600. 1000. -122.876869 120.809509 20.027161 2.413707 0.
21.854 2 ROTORCRAFT_FP 1533 419 226640976 5242 -5242 1947411200 -816 -889 22909 0 0 0 0 1125 0
21.854 2 DL_VALUE 90 0.
21.854 2 ATTITUDE -0.199295 5.593132 -0.217123
21.855 2 INS 417 1528 -226678976 -36700 -10485 -1947568640 144 -5422 -7696
21.855 2 SERIAL_COM 470 -5392 93 -7646 0 0 0 14 371 80 76 0 0 0 0 0
21.855 2 ATTITUDE -0.199279 5.593164 -0.217102
21.877 2 INS 417 1528 -226726512 -31457 -20971 -1947765120 139 -5409 -7665
21.877 2 GPS_SOL 36 10 89 26
21.892 2 ATTITUDE -0.199342 5.593315 -0.21711
21.909 2 INS 417 1528 -226774064 -31457 -20971 -1947961600 119 -5402 -7663
21.971 2 GPS_INT 0 0 0 404513318 -37290268 699964 649728 0 0 0 36 10 294331000 89 26 3 1
21.971 2 ATTITUDE -0.199373 5.593362 -0.217161
21.971 2 ROTORCRAFT_NAV_STATUS 103 103 0. 0. 5 0 2
21.972 2 IMU_MAG_RAW 255 0 0 0
21.972 2 INS 417 1528 -226821632 -31457 -20971 -1948157952 115 -5394 -7671
21.972 2 GPS 3 43818186 447810766 2812 649728 7 -5 2395 294331000 30 0
21.986 2 ATTITUDE -0.199396 5.593375 -0.217218
22.019 2 INS 417 1528 -226869184 -31457 -20971 -1948354176 119 -5438 -7697
22.045 2 ROTORCRAFT_FP 1523 414 226878704 0 10485 1948393216 -816 -889 22910 0 0 0 0 1125 0
22.045 2 ATTITUDE -0.199391 5.593455 -0.21727
22.060 2 INS 414 1523 -226916752 10485 0 -1948550656 104 -5423 -7693
22.101 2 STATIC_CONTROL 0 0. 0 0. 0. 0. 0. 0. 0. 0. 0. 0. 0.
22.101 2 GPS_INT 0 0 0 404513317 -37290270 699989 649753 0 0 0 36 8 294331250 93 25 3 1
22.101 2 ATTITUDE -0.199382 5.593579 -0.217271
22.126 2 INS 414 1523 -226964336 10485 0 -1948747776 131 -5412 -7659
22.127 2 ROVER_STATUS 0 56 3 0 1 470 8.080297
22.142 2 ATTITUDE -0.199339 5.593647 -0.217273
22.185 2 GVF_PARAMETRIC 5 1 0.148996 6.,18.136719,41.308594,44.878906,19.75,29.046875,61.347656,53.699219,0.,0.,0.,0.,0.,0.,0.,0. -2.426939,-2.144912
22.185 2 INS 414 1523 -227011968 10485 0 -1948944768 134 -5399 -7679
22.186 2 ATTITUDE -0.199398 5.593774 -0.217307
22.227 2 INS 414 1523 -227059488 10485 0 -1949141376 128 -5433 -7683
22.227 2 GPS 3 43818184 447810765 2812 649753 3 0 2395 294331250 30 0
22.253 2 GPS_INT 0 0 0 404513317 -37290270 699989 649753 0 0 0 36 8 294331250 93 25 3 1
22.253 2 ATTITUDE -0.199465 5.593884 -0.217359
22.306 2 INS 414 1523 -227107088 10485 0 -1949337856 142 -5408 -7665
22.307 2 ROVER_CTRL 2.5 0.086293 2817.442139 -0.585146 1400. 600. 1000. -122.876869 120.809509 20.027161 2.413707 0.
22.307 2 ROTORCRAFT_FP 1518 412 227116640 -26214 26214 1949377280 -817 -890 22912 0 0 0 0 1125 0
22.307 2 ATTITUDE -0.19954 5.593931 -0.217355
22.322 2 INS 412 1518 -227154688 20971 -26214 -1949534336 163 -5417 -7651
22.323 2 SERIAL_COM 470 -5408 140 -7675 0 0 0 14 371 80 76 0 0 0 0 0
22.338 2 ATTITUDE -0.199608 5.59406 -0.217422
22.370 2 INS 412 1518 -227202272 20971 -26214 -1949730688 122 -5409 -7660
22.386 2 GPS_INT 0 0 0 404513317 -37290272 700026 649790 0 0 0 37 7 294331500 89 26 3 1
22.387 2 ATTITUDE -0.199608 5.594166 -0.217384
22.418 2 INS 412 1518 -227249872 20971 -26214 -1949927296 109 -5452 -7668
22.419 2 STATE_FILTER_STATUS 6 3 0
22.434 2 ATTITUDE -0.199642 5.594237 -0.21744
22.477 2 INS 412 1518 -227297472 20971 -26214 -1950124032 146 -5403 -7696
22.477 2 GPS 3 43818182 447810765 2812 649790 7 -3 2395 294331500 30 0
22.492 2 ATTITUDE -0.199825 5.594312 -0.217538
22.508 2 INS 412 1518 -227345088 20971 -26214 -1950321280 143 -5391 -7685
22.561 2 ROTORCRAFT_FP 1515 417 227354640 15728 10485 1950360704 -818 -890 22914 0 0 0 0 1125 0
22.562 2 GPS_INT 0 0 0 404513318 -37290273 700052 649816 0 0 0 35 8 294331750 90 25 3 1
22.562 2 ATTITUDE -0.199915 5.594384 -0.217551
22.562 2 INS_REF 485058561 -31614701 411670235 404513171 -37290972 700771 650535 0.
22.599 2 GVF_PARAMETRIC 5 1 0.148996 0.,0.199,0.199,0.546583,0.546583,0.05,61.347656,53.699219,0.,0.,0.,0.,0.,0.,0.,0. -2.430083,-2.143723
22.599 2 INS 417 1515 -227392688 20971 15728 -1950517760 109 -5430 -7674
22.600 2 ATTITUDE -0.199987 5.594531 -0.217612
22.613 2 INS 417 1515 -227440320 20971 15728 -1950714624 99 -5415 -7701
22.629 2 ATTITUDE -0.200026 5.594623 -0.217622
22.661 2 INS 417 1515 -227487936 20971 15728 -1950911232 131 -5436 -7672
22.703 2 GPS_INT 0 0 0 404513318 -37290273 700052 649816 0 0 0 35 8 294331750 90 25 3 1
22.704 2 AUTOPILOT_VERSION 60200 v6.2_unstable-650-g74eaf7c20-dirty
22.704 2 ATTITUDE -0.200028 5.594639 -0.217637
22.729 2 INS 417 1515 -227535552 20971 15728 -1951107712 141 -5428 -7684
22.730 2 ENERGY 11 8.080297 0.2 1.616059 6.095411 0.111299 0.86497
22.730 2 GPS 3 43818182 447810766 2812 649816 6 -1 2395 294331750 30 0
22.730 2 ATTITUDE -0.200072 5.594711 -0.217658
22.745 2 IMU_MAG_RAW 255 0 0 0
22.761 2 INS 417 1515 -227583200 20971 15728 -1951304064 150 -5404 -7691
22.800 2 ROVER_CTRL 2.5 0.086293 2817.442139 -0.585146 1400. 600. 1000. -122.876869 120.809509 20.027161 2.413707 0.
22.801 2 ROTORCRAFT_FP 1515 417 227592720 15728 20971 1951343488 -819 -891 22916 0 0 0 0 1125 0
22.801 2 ATTITUDE -0.200112 5.594802 -0.21771
22.801 2 LINK_REPORT 2 -1 23 0 67820 1522 0 3400. 76. 4 50.37
22.826 2 INS 417 1515 -227630832 0 -10485 -1951500800 144 -5456 -7661
22.827 2 SERIAL_COM 471 -5416 163 -7677 0 0 0 14 372 80 76 0 0 0 0 0
22.842 2 GPS_INT 0 0 0 404513318 -37290273 700072 649837 0 0 0 34 12 294332000 90 25 3 1
22.843 2 ATTITUDE -0.200148 5.594868 -0.217754
22.860 2 INS 417 1515 -227678480 0 -10485 -1951697152 146 -5433 -7696
22.890 2 ATTITUDE -0.200233 5.594975 -0.217783
22.908 2 INS 417 1515 -227726128 0 -10485 -1951893760 144 -5433 -7702
22.940 2 ATTITUDE -0.200317 5.595065 -0.217771
23.016 2 GVF_PARAMETRIC 5 1 0.148997 -6.,15.398438,4.558594,27.417969,28.609375,49.796875,50.96875,67.96875,0.,0.,0.,0.,0.,0.,0.,0. -2.4301,-2.143711
23.016 2 INS 417 1515 -227773792 0 -10485 -1952090368 146 -5426 -7670
23.016 2 GPS 3 43818182 447810766 2812 649837 1 -7 2395 294332000 30 0
23.017 2 GPS_INT 0 0 0 404513318 -37290273 700072 649837 0 0 0 34 12 294332000 90 25 3 1
23.017 2 ATTITUDE -0.200383 5.595092 -0.217773
23.017 2 INS 417 1515 -227821456 0 -10485 -1952286976 115 -5420 -7678
23.056 2 ROTORCRAFT_FP 1515 414 227831024 -5242 15728 1952326528 -821 -892 22917 0 0 0 0 1125 0
23.057 2 ATTITUDE -0.200468 5.595139 -0.217769
23.057 2 WP_MOVED_ENU 1 0 0 2560
23.057 2 WP_MOVED_ENU 1 0 0 2560
23.057 2 INS 414 1515 -227869104 26214 -5242 -1952483328 157 -5415 -7669
23.087 2 STATIC_CONTROL 0 0. 0 0. 0. 0. 0. 0. 0. 0. 0. 0. 0.
23.088 2 ATTITUDE -0.200497 5.595188 -0.217733
23.119 2 INS 414 1515 -227916768 26214 -5242 -1952679808 143 -5400 -7668
23.135 2 GPS_INT 0 0 0 404513318 -37290274 700096 649860 0 0 0 33 10 294332250 90 25 3 1
23.136 2 ATTITUDE -0.200485 5.595299 -0.217771
23.167 2 INS 414 1515 -227964448 26214 -5242 -1952876288 111 -5430 -7711
23.183 2 ATTITUDE -0.200626 5.595422 -0.21772
23.225 2 INS 414 1515 -228012112 26214 -5242 -1953073024 179 -5428 -7673
23.225 2 GPS 3 43818181 447810766 2812 649860 5 -5 2395 294332250 30 0
23.241 2 ATTITUDE -0.200683 5.5955 -0.217709
23.257 2 INS 414 1515 -228059792 26214 -5242 -1953269504 128 -5446 -7674
23.331 2 ROVER_CTRL 2.5 0.086293 2817.442139 -0.585146 1400. 600. 1000. -122.876869 120.809509 20.027161 2.413707 0.
23.331 2 ROTORCRAFT_FP 1515 414 228069344 -5242 26214 1953308672 -822 -891 22919 0 0 0 0 1125 0
23.332 2 GPS_INT 0 0 0 404513318 -37290274 700096 649860 0 0 0 33 10 294332250 90 25 3 1
23.332 2 ATTITUDE -0.200804 5.595624 -0.2177
23.332 2 INS 414 1510 -228107504 5242 10485 -1953466112 104 -5440 -7687
23.332 2 SERIAL_COM 471 -5432 144 -7668 0 0 0 14 372 80 76 0 0 0 0 0
23.333 2 ATTITUDE -0.200926 5.595757 -0.217731
23.385 2 GVF_PARAMETRIC 5 1 0.148998 6.,18.136719,41.308594,44.878906,19.75,29.046875,61.347656,53.699219,0.,0.,0.,0.,0.,0.,0.,0. -2.432069,-2.144868
23.386 2 INS 414 1510 -228155184 5242 10485 -1953662848 139 -5431 -7689
23.386 2 DL_VALUE 91 0.
23.387 2 ATTITUDE -0.200909 5.595792 -0.21774
23.415 2 INS 414 1510 -228202896 5242 10485 -1953859072 122 -5415 -7630
23.441 2 GPS_INT 0 0 0 404513318 -37290277 700095 649860 0 0 0 32 12 294332500 89 24 3 1
23.442 2 ATTITUDE -0.200971 5.595893 -0.21778
23.472 2 INS 414 1510 -228250592 5242 10485 -1954054912 135 -5429 -7644
23.472 2 GPS 3 43818178 447810766 2812 649860 3 -5 2395 294332500 30 0
23.488 2 ATTITUDE -0.201088 5.596001 -0.217817
23.504 2 INS 414 1510 -228298304 5242 10485 -1954251264 140 -5441 -7675
23.551 2 ROTORCRAFT_FP 1505 409 228307856 15728 -15728 1954290688 -823 -892 22921 0 0 0 0 -156 0
23.552 2 ATTITUDE -0.201177 5.596126 -0.217872
23.552 2 ROTORCRAFT_NAV_STATUS 105 105 0. 0. 5 0 2
23.552 2 IMU_MAG_RAW 255 0 0 0
23.590 2 INS 409 1505 -228346016 -15728 20971 -1954447488 154 -5426 -7653
23.590 2 DATALINK_REPORT 4 105 32418 3067 0 6
23.591 2 GPS_INT 0 0 0 404513316 -37290279 700118 649882 0 0 0 32 11 294332750 89 24 3 1
23.591 2 ATTITUDE -0.20127 5.596221 -0.217836
23.621 2 INS 409 1505 -228393728 -15728 20971 -1954643712 173 -5430 -7682
23.621 2 ROVER_STATUS 0 55 3 0 1 472 8.080297
23.637 2 ATTITUDE -0.201368 5.596384 -0.217852
23.669 2 INS 409 1505 -228441440 -15728 20971 -1954840320 136 -5439 -7641
23.685 2 ATTITUDE -0.201404 5.596467 -0.217853
23.717 2 INS 409 1505 -228489168 -15728 20971 -1955036544 153 -5430 -7652
23.717 2 GPS 3 43818176 447810764 2812 649882 5 -4 2395 294332750 30 0
23.743 2 GPS_INT 0 0 0 404513316 -37290279 700118 649882 0 0 0 32 11 294332750 89 24 3 1
23.744 2 ATTITUDE -0.201409 5.596539 -0.217876
23.803 2 LINK_REPORT 2 -1 24 0 70659 1587 0 2839. 65. 4 50.37
23.827 2 GVF_PARAMETRIC 5 1 0.148999 0.,0.199,0.199,0.546583,0.546583,0.05,61.347656,53.699219,0.,0.,0.,0.,0.,0.,0.,0. -2.434035,-2.146812
23.829 2 INS 409 1505 -228536912 -15728 20971 -1955232896 116 -5454 -7641
23.829 2 ROVER_CTRL 2.5 0.086293 2817.442139 -0.585146 1400. 600. 1000. -122.876869 120.809509 20.027161 2.413707 0.
23.830 2 ROTORCRAFT_FP 1505 409 228546496 20971 -15728 1955272320 -825 -892 22923 0 0 0 0 -144 0
23.831 2 ATTITUDE -0.201488 5.596615 -0.217908
23.831 2 INS 407 1497 -228584640 -10485 -5242 -1955429248 157 -5431 -7671
23.831 2 SERIAL_COM 472 -5454 116 -7641 0 0 0 14 373 80 76 0 0 0 0 0
23.832 2 ATTITUDE -0.201584 5.596716 -0.217948
23.871 2 INS 407 1497 -228632416 -10485 -10485 -1955625856 140 -5458 -7680
23.871 2 GPS_SOL 33 12 89 25
23.887 2 GPS_INT 0 0 0 404513315 -37290282 700122 649886 0 0 0 33 12 294333000 89 25 3 1
23.887 2 ATTITUDE -0.201596 5.596823 -0.217965
23.903 2 INS 407 1497 -228680144 -10485 -10485 -1955821696 149 -5488 -7665
23.935 2 ATTITUDE -0.20163 5.596883 -0.217966
23.967 2 INS 407 1497 -228727904 -10485 -10485 -1956018048 132 -5470 -7665
23.967 2 GPS 3 43818174 447810763 2812 649886 2 -3 2395 294333000 30 0
23.983 2 ATTITUDE -0.201728 5.596999 -0.218046
24.015 2 INS 407 1497 -228775648 -10485 -10485 -1956214400 127 -5460 -7690
24.080 2 ROTORCRAFT_FP 1497 407 228785248 -10485 -10485 1956253952 -826 -893 22925 0 0 0 0 -150 0
24.080 2 GPS_INT 0 0 0 404513315 -37290282 700122 649886 0 0 0 33 12 294333000 89 25 3 1
24.081 2 ATTITUDE -0.20182 5.597135 -0.218054
24.081 2 INS 404 1492 -228823408 -10485 -10485 -1956410368 133 -5454 -7646
24.081 2 STATIC_CONTROL 0 0. 0 0. 0. 0. 0. 0. 0. 0. 0. 0. 0.
24.081 2 ATTITUDE -0.201932 5.597182 -0.218105
24.112 2 INS 404 1492 -228871184 -10485 -10485 -1956606720 147 -5488 -7660
24.128 2 ATTITUDE -0.201926 5.597215 -0.218149
24.225 2 GVF_PARAMETRIC 5 1 0.148999 -6.,15.398438,4.558594,27.417969,28.609375,49.796875,50.96875,67.96875,0.,0.,0.,0.,0.,0.,0.,0. -2.439126,-2.148755
24.226 2 INS 404 1492 -228918976 -10485 -10485 -1956802944 127 -5453 -7646
24.227 2 GPS_INT 0 0 0 404513314 -37290284 700133 649897 0 0 0 33 13 294333250 89 26 3 1
24.227 2 ATTITUDE -0.20202 5.597319 -0.218166
24.228 2 INS 404 1492 -228966736 -10485 -10485 -1956999424 130 -5447 -7663
24.228 2 GPS 3 43818172 447810762 2812 649897 1 -3 2395 294333250 30 0
24.238 2 ATTITUDE -0.202121 5.597453 -0.218264
24.254 2 INS 404 1492 -229014528 -10485 -10485 -1957195776 124 -5477 -7675
24.295 2 ROVER_CTRL 2.5 0.086293 2817.442139 -0.585146 1400. 600. 1000. -122.876869 120.809509 20.027161 2.413707 0.
24.295 2 ROTORCRAFT_FP 1492 404 229024080 -10485 -10485 1957235200 -828 -894 22927 0 0 0 0 -150 0
24.295 2 ATTITUDE -0.202196 5.597569 -0.218289
24.370 2 INS 399 1487 -229062304 -36700 -20971 -1957392256 136 -5448 -7678
24.371 2 SERIAL_COM 472 -5444 167 -7658 0 0 0 14 373 80 76 0 0 0 0 0
24.371 2 GPS_INT 0 0 0 404513312 -37290286 700162 649926 0 0 0 34 11 294333500 90 26 3 1
24.372 2 ALIVE 122,195,7,233,5,247,195,75,60,187,26,129,128,90,246,93
24.373 2 ATTITUDE -0.202276 5.59766 -0.218341
24.373 2 WP_MOVED_ENU 2 -276 -3691 2560
24.373 2 WP_MOVED_ENU 2 -276 -3691 2560
24.374 2 IMU_MAG_RAW 255 0 0 0
24.374 2 INS 399 1487 -229110096 -36700 -20971 -1957588992 111 -5475 -7665
24.386 2 ATTITUDE -0.202365 5.597692 -0.218382
24.402 2 INS 399 1487 -229157904 -36700 -20971 -1957784832 130 -5496 -7653
24.433 2 ATTITUDE -0.202436 5.597744 -0.218407
24.466 2 INS 399 1487 -229205696 -36700 -20971 -1957981312 122 -5481 -7723
24.466 2 GPS 3 43818170 447810759 2812 649926 6 7 2395 294333500 30 0
24.492 2 GPS_INT 0 0 0 404513312 -37290286 700162 649926 0 0 0 34 11 294333500 90 26 3 1
24.492 2 ATTITUDE -0.202496 5.597822 -0.218504
24.508 2 INS 399 1487 -229253504 -36700 -20971 -1958176768 172 -5432 -7576
24.534 2 ROTORCRAFT_FP 1487 399 229263120 -20971 -36700 1958216576 -829 -895 22928 0 0 0 0 -150 0
24.534 2 ATTITUDE -0.202547 5.597904 -0.218657
24.576 2 GVF_PARAMETRIC 5 1 0.149 6.,18.136719,41.308594,44.878906,19.75,29.046875,61.347656,53.699219,0.,0.,0.,0.,0.,0.,0.,0. -2.441097,-2.150692
24.577 2 INS 391 1482 -229301344 5242 20971 -1958372480 109 -5415 -7525
24.577 2 ATTITUDE -0.202637 5.598018 -0.218759
24.608 2 INS 391 1482 -229349152 5242 20971 -1958568448 156 -5449 -7677
24.634 2 GPS_INT 0 0 0 404513310 -37290289 700169 649934 0 0 0 33 15 294333750 89 25 3 1
24.634 2 ATTITUDE -0.202625 5.598113 -0.21883
24.666 2 INS 391 1482 -229396960 5242 20971 -1958764544 130 -5466 -7678
24.681 2 ATTITUDE -0.202683 5.59825 -0.218883
24.714 2 INS 391 1482 -229444784 5242 20971 -1958961024 138 -5486 -7647
24.714 2 GPS 3 43818168 447810757 2812 649934 5 -14 2395 294333750 30 0
24.729 2 ATTITUDE -0.202782 5.598434 -0.218951
24.803 2 LINK_REPORT 2 -1 25 0 73687 1654 0 3028. 67. 4 50.37
24.837 2 INS 391 1482 -229492624 5242 20971 -1959157120 195 -5480 -7646
24.837 2 ROVER_CTRL 2.5 0.086293 2817.442139 -0.585146 1400. 600. 1000. -122.876869 120.809509 20.027161 2.413707 0.
24.837 2 ROTORCRAFT_FP 1482 391 229502192 20971 5242 1959196288 -830 -897 22931 0 0 0 0 -150 0
24.838 2 GPS_INT 0 0 0 404513310 -37290289 700169 649934 0 0 0 33 15 294333750 89 25 3 1
24.838 2 ATTITUDE -0.202835 5.598481 -0.219047
24.838 2 INS 391 1482 -229540464 5242 20971 -1959352960 156 -5469 -7635
24.838 2 SERIAL_COM 473 -5447 118 -7669 0 0 0 14 374 80 76 0 0 0 0 0
24.838 2 ATTITUDE -0.202959 5.598583 -0.219054
24.852 2 INS 389 1477 -229588288 -15728 -10485 -1959548928 112 -5527 -7671
24.885 2 ATTITUDE -0.203006 5.598671 -0.219044
24.917 2 INS 389 1477 -229636128 -15728 -10485 -1959744768 131 -5491 -7677
24.935 2 GPS_INT 0 0 0 404513309 -37290291 700175 649939 0 0 0 32 14 294334000 89 24 3 1
24.936 2 ATTITUDE -0.203056 5.598758 -0.219077
24.985 2 GVF_PARAMETRIC 5 1 0.149001 0.,0.199,0.199,0.546583,0.546583,0.05,61.347656,53.699219,0.,0.,0.,0.,0.,0.,0.,0. -2.445019,-2.154585
24.986 2 INS 389 1477 -229683968 -15728 -10485 -1959940992 173 -5448 -7653
24.986 2 GPS 3 43818166 447810756 2812 649939 3 -4 2395 294334000 30 0
24.986 2 DL_VALUE 92 1.
24.986 2 ATTITUDE -0.203117 5.598842 -0.219095
25.000 2 INS 389 1477 -229731824 -15728 -10485 -1960137344 108 -5463 -7675
25.031 2 ROTORCRAFT_FP 1477 389 229741392 -10485 -15728 1960176512 -832 -897 22933 0 0 0 0 -150 0
25.032 2 ATTITUDE -0.203219 5.598933 -0.219135
25.090 2 INS 381 1466 -229779696 -104857 -68157 -1960333184 146 -5519 -7642
25.091 2 STATIC_CONTROL 0 0. 0 0. 0. 0. 0. 0. 0. 0. 0. 0. 0.
25.091 2 GPS_INT 0 0 0 404513306 -37290295 700163 649927 0 0 0 32 12 294334250 89 25 3 1
25.092 2 ATTITUDE -0.203314 5.599073 -0.219189
25.117 2 INS 381 1466 -229827536 -104857 -68157 -1960529408 141 -5487 -7642
25.118 2 ROVER_STATUS 0 56 3 0 1 473 8.080297
25.133 2 ATTITUDE -0.203417 5.599216 -0.219221
25.133 2 ROTORCRAFT_NAV_STATUS 106 106 0. 0. 5 0 2
25.164 2 IMU_MAG_RAW 255 0 0 0
25.165 2 INS 381 1466 -229875408 -104857 -68157 -1960725504 141 -5446 -7664
25.180 2 ATTITUDE -0.203434 5.599242 -0.219231
25.212 2 INS 381 1466 -229923280 -104857 -68157 -1960921216 129 -5502 -7688
25.213 2 GPS 3 43818163 447810753 2259 649927 23 -1 2395 294334250 30 0
25.238 2 GPS_INT 0 0 0 404513306 -37290295 700163 649927 0 0 0 32 12 294334250 89 25 3 1
25.239 2 ATTITUDE -0.203537 5.599382 -0.21925
25.254 2 INS 381 1466 -229971152 -104857 -68157 -1961118464 94 -5545 -7706
25.293 2 ROVER_CTRL 2.5 0.086293 2817.442139 -0.585146 1400. 600. 1000. -122.876869 120.809509 20.027161 2.413707 0.
25.294 2 ROTORCRAFT_FP 1466 381 229980736 -68157 -104857 1961157760 -834 -898 22935 0 0 0 0 -150 0
25.294 2 ATTITUDE -0.203604 5.599462 -0.219307
25.322 2 INS 378 1461 -230019040 26214 5242 -1961313792 152 -5495 -7674
25.323 2 SERIAL_COM 473 -5518 175 -7645 0 0 0 14 374 80 76 0 0 0 0 0
25.323 2 PONG 
25.323 2 ATTITUDE -0.203682 5.599575 -0.219354
25.389 2 GVF_PARAMETRIC 5 1 0.149003 -6.,15.398438,4.558594,27.417969,28.609375,49.796875,50.96875,67.96875,0.,0.,0.,0.,0.,0.,0.,0. -2.45132,-2.158841
25.390 2 INS 378 1461 -230066912 26214 5242 -1961510272 157 -5508 -7684
25.391 2 GPS_INT 0 0 0 404513305 -37290299 700182 649946 0 0 0 31 14 294334500 89 25 3 1
25.391 2 ATTITUDE -0.203712 5.599729 -0.219329
25.404 2 INS 378 1461 -230114800 26214 5242 -1961706496 135 -5506 -7671
25.419 2 ATTITUDE -0.203738 5.599845 -0.219356
25.466 2 INS 378 1461 -230162720 26214 5242 -1961901952 149 -5510 -7639
25.467 2 GPS 3 43818159 447810752 2259 649946 6 -6 2395 294334500 30 0
25.482 2 ATTITUDE -0.203787 5.599896 -0.219363
25.498 2 INS 378 1461 -230210624 26214 5242 -1962098176 140 -5486 -7691
25.540 2 ROTORCRAFT_FP 1461 378 230220192 5242 26214 1962137472 -834 -898 22937 0 0 0 0 -150 0
25.541 2 GPS_INT 0 0 0 404513305 -37290299 700182 649946 0 0 0 31 14 294334500 89 25 3 1
25.541 2 ATTITUDE -0.203414 5.59997 -0.219645
25.556 2 INS 384 1454 -230258528 31457 -15728 -1962292864 -225 -5995 -7795
25.572 2 ATTITUDE -0.205343 5.601266 -0.220294
25.604 2 INS 384 1454 -230306432 31457 -15728 -1962496768 1498 -6557 -7000
25.620 2 STATE_FILTER_STATUS 6 3 0
25.620 2 ATTITUDE -0.205587 5.601603 -0.219975
25.636 2 WP_MOVED_ENU 3 3942 4643 2974
25.637 2 WP_MOVED_ENU 3 3942 4643 2974
25.652 2 INS 384 1454 -230354352 31457 -15728 -1962690432 125 -5000 -7331
25.679 2 GPS_INT 0 0 0 404513307 -37290302 700217 649981 0 0 0 30 18 294334750 89 25 3 1
25.680 2 ATTITUDE -0.205311 5.601664 -0.220014
25.711 2 INS 384 1454 -230402272 31457 -15728 -1962887296 -151 -5465 -7775
25.711 2 GPS 3 43818157 447810754 2259 649981 6 13 2395 294334750 30 0
25.727 2 ATTITUDE -0.206382 5.601969 -0.218907
25.804 2 LINK_REPORT 2 -1 26 0 76738 1724 0 3051. 70. 5 31.32
25.814 2 GVF_PARAMETRIC 5 1 0.149004 6.,18.136719,41.308594,44.878906,19.75,29.046875,61.347656,53.699219,0.,0.,0.,0.,0.,0.,0.,0. -2.45407,-2.156484
25.816 2 INS 384 1454 -230450208 31457 -15728 -1963088256 1047 -7044 -7524
25.816 2 ROVER_CTRL 2.5 0.086293 2817.442139 -0.585146 1400. 600. 1000. -122.876869 120.809509 20.027161 2.413707 0.
25.817 2 ROTORCRAFT_FP 1454 384 230459840 -15728 31457 1963130752 -848 -892 22948 0 0 0 0 -144 0
25.818 2 ATTITUDE -0.207062 5.602455 -0.217253
25.818 2 INS 386 1443 -230498160 26214 -47185 -1963287424 -870 -5655 -7805
25.819 2 SERIAL_COM 474 -5959 -283 -7985 0 0 0 14 375 80 76 0 0 0 0 0
25.839 2 GPS_INT 0 0 0 404513308 -37290307 700245 650009 0 0 0 29 18 294335000 89 25 3 1
25.839 2 ATTITUDE -0.206635 5.601974 -0.217294
25.865 2 INS 386 1443 -230546080 20971 -47185 -1963488640 -210 -5088 -8360
25.865 2 GPS_SOL 29 18 89 25
25.881 2 ATTITUDE -0.207332 5.603267 -0.217379
25.897 2 INS 386 1443 -230594016 20971 -47185 -1963682944 772 -6041 -7412
25.929 2 ATTITUDE -0.207718 5.602211 -0.217856
25.929 2 IMU_MAG_RAW 255 0 0 0
25.961 2 INS 386 1443 -230641968 20971 -47185 -1963883904 -751 -4983 -7345
25.961 2 GPS 3 43818153 447810755 2259 650009 10 11 2395 294335000 30 0
25.987 2 GPS_INT 0 0 0 404513308 -37290307 700245 650009 0 0 0 29 18 294335000 89 25 3 1
25.988 2 ATTITUDE -0.208183 5.602108 -0.21848
26.003 2 INS 386 1443 -230689904 20971 -47185 -1964080896 514 -5324 -7897
26.029 2 ROTORCRAFT_FP 1443 386 230699504 -47185 20971 1964121984 -852 -896 22941 0 0 0 0 -150 0
26.030 2 ATTITUDE -0.208269 5.601001 -0.219542
26.075 2 INS 389 1438 -230737856 26214 -10485 -1964274304 -48 -5571 -7571
26.076 2 STATIC_CONTROL 0 0. 0 0. 0. 0. 0. 0. 0. 0. 0. 0. 0.
26.076 2 ATTITUDE -0.208782 5.600802 -0.221793
26.107 2 INS 389 1438 -230785808 26214 -10485 -1964459520 379 -6394 -7507
26.133 2 GPS_INT 0 0 0 404513308 -37290309 700274 650038 0 0 0 30 19 294335250 92 25 3 1
26.134 2 ATTITUDE -0.21019 5.600798 -0.224377
26.175 2 GVF_PARAMETRIC 5 1 0.149005 0.,0.199,0.199,0.546583,0.546583,0.05,61.347656,53.699219,0.,0.,0.,0.,0.,0.,0.,0. -2.460336,-2.154518
26.175 2 INS 389 1438 -230833760 26214 -10485 -1964671872 -1696 -4481 -7874
26.175 2 ATTITUDE -0.209708 5.599847 -0.224602
26.216 2 INS 389 1438 -230881728 26214 -10485 -1964864896 200 -5492 -7588
26.216 2 GPS 3 43818151 447810755 2259 650038 6 14 2395 294335250 30 0
26.232 2 ATTITUDE -0.209901 5.599713 -0.22484
26.248 2 INS 389 1438 -230929696 26214 -10485 -1965060736 40 -5969 -7646
26.322 2 ROVER_CTRL 2.5 0.086293 2817.442139 -0.585146 1400. 600. 1000. -122.876869 120.809509 20.027161 2.413707 0.
26.323 2 ROTORCRAFT_FP 1438 389 230939296 -10485 26214 1965100032 -858 -921 22936 0 0 0 0 -144 0
26.323 2 GPS_INT 0 0 0 404513308 -37290309 700274 650038 0 0 0 30 19 294335250 92 25 3 1
26.323 2 ATTITUDE -0.209513 5.599898 -0.224775
26.323 2 INS 386 1433 -230977696 15728 -10485 -1965257088 -303 -4717 -7835
26.324 2 SERIAL_COM 474 -4481 -1696 -7874 0 0 0 14 375 80 76 0 0 0 0 0
26.324 2 ATTITUDE -0.209005 5.600423 -0.224551
26.354 2 INS 386 1433 -231025680 15728 -10485 -1965453824 -269 -5114 -7689
26.370 2 ATTITUDE -0.209042 5.600661 -0.224136
26.402 2 INS 386 1433 -231073664 15728 -10485 -1965648768 173 -5609 -7447
26.429 2 GPS_INT 0 0 0 404513308 -37290311 700276 650040 0 0 0 29 17 294335500 91 24 3 1
26.429 2 ATTITUDE -0.208927 5.600633 -0.224306
26.460 2 INS 386 1433 -231121664 15728 -10485 -1965843456 241 -5911 -7395
26.460 2 GPS 3 43818149 447810755 2259 650040 4 4 2395 294335500 30 0
26.476 2 ATTITUDE -0.209054 5.600695 -0.223885
26.508 2 INS 386 1433 -231169648 15728 -10485 -1966037632 168 -5592 -7497
26.524 2 ROTORCRAFT_FP 1433 386 231179248 -10485 15728 1966078336 -856 -917 22940 0 0 0 0 -144 0
26.524 2 ATTITUDE -0.209143 5.600913 -0.223977
26.588 2 GVF_PARAMETRIC 5 1 0.149005 -6.,15.398438,4.558594,27.417969,28.609375,49.796875,50.96875,67.96875,0.,0.,0.,0.,0.,0.,0.,0. -2.462296,-2.155685
26.589 2 INS 391 1433 -231217632 10485 -10485 -1966236032 45 -5299 -7759
26.589 2 GPS_INT 0 0 0 404513309 -37290312 700293 650057 0 0 0 30 15 294335750 98 24 3 1
26.590 2 DL_VALUE 93 129.
26.590 2 ATTITUDE -0.208837 5.601089 -0.223609
26.614 2 INS 391 1433 -231265648 10485 -10485 -1966430848 605 -5933 -7909
26.614 2 ROVER_STATUS 0 56 3 0 1 475 8.080297
26.630 2 ATTITUDE -0.210203 5.60102 -0.22396
26.646 2 INS 391 1433 -231313664 10485 -10485 -1966626816 272 -5052 -7391
26.678 2 ATTITUDE -0.210395 5.601052 -0.224198
26.710 2 INS 391 1433 -231361664 10485 -10485 -1966821248 223 -6111 -7653
26.710 2 GPS 3 43818148 447810756 2259 650057 2 1 2395 294335750 30 0
26.788 2 GPS_INT 0 0 0 404513309 -37290312 700293 650057 0 0 0 30 15 294335750 98 24 3 1
26.788 2 ATTITUDE -0.210367 5.600693 -0.224625
26.789 2 ROTORCRAFT_NAV_STATUS 108 108 0. 0. 5 0 2
26.789 2 IMU_MAG_RAW 255 0 0 0
26.789 2 INS 391 1433 -231409696 10485 -10485 -1967016064 171 -5343 -7710
26.789 2 ROVER_CTRL 2.5 0.086293 2817.442139 -0.585146 1400. 600. 1000. -122.876869 120.809509 20.027161 2.413707 0.
26.790 2 ROTORCRAFT_FP 1433 391 231419344 -10485 10485 1967055488 -864 -921 22938 0 0 0 0 -144 0
26.790 2 ATTITUDE -0.21117 5.600046 -0.22521
26.804 2 LINK_REPORT 2 -1 27 0 80056 1797 0 3318. 73. 5 31.32
26.816 2 INS 391 1433 -231457696 10485 -10485 -1967213440 -101 -5698 -7634
26.816 2 SERIAL_COM 475 -4646 -817 -7285 0 0 0 14 376 80 76 0 0 0 0 0
26.816 2 ATTITUDE -0.211519 5.599458 -0.225316
26.848 2 INS 394 1425 -231505728 0 -10485 -1967410048 464 -5861 -7892
26.877 2 GPS_INT 0 0 0 404513310 -37290315 700303 650067 0 0 0 29 16 294336000 98 23 3 1
26.877 2 ATTITUDE -0.211935 5.599261 -0.225392
26.911 2 INS 394 1425 -231553760 0 -10485 -1967603712 -26 -5317 -7374
26.925 2 ATTITUDE -0.212265 5.598994 -0.225354
26.941 2 WP_MOVED_ENU 4 1167 10575 2972
26.942 2 WP_MOVED_ENU 4 1167 10575 2972
26.992 2 GVF_PARAMETRIC 5 1 0.149005 6.,18.136719,41.308594,44.878906,19.75,29.046875,61.347656,53.699219,0.,0.,0.,0.,0.,0.,0.,0. -2.465425,-2.152557
26.993 2 INS 394 1425 -231601808 0 -10485 -1967800320 209 -5267 -7571
26.993 2 GPS 3 43818146 447810757 2259 650067 1 5 2395 294336000 30 0
26.993 2 ATTITUDE -0.212344 5.598969 -0.225235
27.008 2 INS 394 1425 -231649840 0 -10485 -1967995648 521 -5089 -7295
27.071 2 ROTORCRAFT_FP 1425 394 231659456 -10485 0 1968031488 -866 -924 22934 0 0 0 0 -144 0
27.071 2 GPS_INT 0 0 0 404513310 -37290315 700303 650067 0 0 0 29 16 294336000 98 23 3 1
27.072 2 ALIVE 122,195,7,233,5,247,195,75,60,187,26,129,128,90,246,93
27.072 2 ATTITUDE -0.21223 5.599123 -0.225372
27.072 2 INS 394 1425 -231697920 -15728 -15728 -1968188672 108 -5129 -7357
27.073 2 STATIC_CONTROL 0 0. 0 0. 0. 0. 0. 0. 0. 0. 0. 0. 0.
27.073 2 ATTITUDE -0.212647 5.599099 -0.22525
27.103 2 INS 394 1425 -231745968 -15728 -15728 -1968388224 -202 -5579 -7679
27.119 2 ATTITUDE -0.212467 5.599118 -0.224947
27.151 2 INS 394 1425 -231794016 -15728 -15728 -1968585088 563 -5979 -7716
27.177 2 GPS_INT 0 0 0 404513311 -37290315 700290 650054 0 0 0 27 15 294336250 98 24 3 1
27.178 2 ATTITUDE -0.212959 5.599307 -0.224988
27.219 2 INS 394 1425 -231842096 -15728 -15728 -1968781696 -152 -5495 -7539
27.219 2 ENERGY 255 8.080297 0.2 1.616059 6.046935 0.111548 0.866984
27.219 2 GPS 3 43818146 447810759 2259 650054 4 -8 2395 294336250 30 0
27.219 2 ATTITUDE -0.213022 5.599497 -0.224821
27.289 2 INS 394 1425 -231890176 -15728 -15728 -1968977920 87 -5285 -7656
27.289 2 ROVER_CTRL 2.5 0.086293 2817.442139 -0.585146 1400. 600. 1000. -122.876869 120.809509 20.027161 2.413707 0.
27.290 2 ROTORCRAFT_FP 1425 394 231899792 -15728 -15728 1969017472 -873 -920 22935 0 0 0 0 -144 0
27.290 2 ATTITUDE -0.21332 5.599503 -0.224912
27.317 2 INS 396 1423 -231938240 15728 -10485 -1969173504 78 -5753 -7614
27.317 2 SERIAL_COM 475 -5828 372 -7301 0 0 0 14 376 80 76 0 0 0 0 0
27.333 2 GPS_INT 0 0 0 404513311 -37290316 700270 650034 0 0 0 26 13 294336500 95 24 3 1
27.333 2 ATTITUDE -0.213632 5.599514 -0.224948
27.373 2 GVF_PARAMETRIC 5 1 0.149005 0.,0.199,0.199,0.546583,0.546583,0.05,61.347656,53.699219,0.,0.,0.,0.,0.,0.,0.,0. -2.466209,-2.151772
27.374 2 INS 396 1423 -231986304 15728 -10485 -1969369600 -115 -5305 -7682
27.375 2 ATTITUDE -0.213156 5.599676 -0.224407
27.403 2 INS 396 1423 -232034384 15728 -10485 -1969566336 -248 -5148 -7359
27.418 2 ATTITUDE -0.211777 5.600095 -0.223247
27.461 2 INS 396 1423 -232082464 15728 -10485 -1969762944 60 -5353 -7525
27.461 2 GPS 3 43818145 447810759 2259 650034 4 -7 2395 294336500 30 0
27.487 2 GPS_INT 0 0 0 404513311 -37290316 700270 650034 0 0 0 26 13 294336500 95 24 3 1
27.487 2 ATTITUDE -0.212009 5.599825 -0.223179
27.502 2 INS 396 1423 -232130544 15728 -10485 -1969956736 496 -5870 -7521
27.529 2 ROTORCRAFT_FP 1423 396 232140208 -10485 15728 1969995136 -870 -915 22936 0 0 0 0 -144 0
27.529 2 ATTITUDE -0.212462 5.599743 -0.223319
27.529 2 IMU_MAG_RAW 255 0 0 0
27.545 2 INS 396 1425 -232178672 -15728 -5242 -1970150784 -73 -5426 -7742
27.576 2 ATTITUDE -0.212395 5.599937 -0.223079
27.592 2 INS 396 1425 -232226736 -15728 -5242 -1970348928 69 -5404 -7834
27.638 2 GPS_INT 0 0 0 404513312 -37290315 700264 650028 0 0 0 26 9 294336750 99 23 3 1
27.638 2 INS_REF 485058561 -31614701 411670235 404513171 -37290972 700771 650535 0.
27.638 2 ATTITUDE -0.212388 5.600022 -0.223404
27.653 2 INS 396 1425 -232274832 -15728 -5242 -1970543104 -284 -5495 -7683
27.669 2 ATTITUDE -0.212129 5.60016 -0.223153
27.711 2 INS 396 1425 -232322944 -15728 -5242 -1970738816 -20 -5362 -7389
27.712 2 GPS 3 43818146 447810760 2259 650028 2 1 2395 294336750 30 0
27.729 2 ATTITUDE -0.21184 5.600258 -0.222875
27.805 2 LINK_REPORT 2 -1 28 0 82844 1860 0 2788. 63. 5 31.32
27.827 2 GVF_PARAMETRIC 5 1 0.149005 -6.,15.398438,4.558594,27.417969,28.609375,49.796875,50.96875,67.96875,0.,0.,0.,0.,0.,0.,0.,0. -2.46543,-2.151771
27.828 2 INS 396 1425 -232371056 -15728 -5242 -1970933504 1125 -6786 -7439
27.829 2 ROVER_CTRL 2.5 0.086293 2817.442139 -0.585146 1400. 600. 1000. -122.876869 120.809509 20.027161 2.413707 0.
27.830 2 ROTORCRAFT_FP 1425 396 232380688 -5242 -15728 1970973696 -866 -910 22937 0 0 0 0 -144 0
27.831 2 GPS_INT 0 0 0 404513312 -37290315 700264 650028 0 0 0 26 9 294336750 99 23 3 1
27.831 2 ATTITUDE -0.210857 5.600013 -0.22178
27.831 2 INS 396 1425 -232419184 -15728 -5242 -1971129344 254 -5721 -7782
27.831 2 SERIAL_COM 476 -5322 133 -7691 0 0 0 14 377 80 76 0 0 0 0 0
27.832 2 ATTITUDE -0.211458 5.599831 -0.221892
27.855 2 INS 399 1425 -232467312 15728 10485 -1971321472 401 -5554 -7404
27.856 2 GPS_SOL 26 13 96 25
27.872 2 ATTITUDE -0.211796 5.599701 -0.222029
27.903 2 INS 399 1425 -232515456 15728 10485 -1971516800 56 -5533 -7674
27.919 2 GPS_INT 0 0 0 404513312 -37290315 700255 650019 0 0 0 26 13 294337000 96 25 3 1
27.920 2 ATTITUDE -0.210805 5.599976 -0.221333
27.961 2 INS 399 1425 -232563600 15728 10485 -1971714432 -96 -5255 -7593
27.962 2 GPS 3 43818146 447810760 2259 650019 5 -6 2395 294337000 30 0
27.977 2 ATTITUDE -0.210776 5.600082 -0.221089
27.993 2 INS 399 1425 -232611744 15728 10485 -1971909248 86 -5677 -7631
28.023 2 ROTORCRAFT_FP 1425 399 232621376 10485 15728 1971948160 -862 -904 22938 0 0 0 0 -144 0
28.024 2 ATTITUDE -0.210302 5.600162 -0.220621
28.081 2 INS 401 1428 -232659904 -31457 20971 -1972104832 1 -5501 -7694
28.082 2 STATIC_CONTROL 0 0. 0 0. 0. 0. 0. 0. 0. 0. 0. 0. 0.
28.082 2 GPS_INT 0 0 0 404513313 -37290314 700260 650025 0 0 0 26 10 294337250 98 25 3 1
28.083 2 ATTITUDE -0.210168 5.600335 -0.219866
28.108 2 INS 401 1428 -232708048 -31457 20971 -1972301696 -25 -5479 -7723
28.109 2 ROVER_STATUS 0 57 3 0 1 476 8.080297
28.124 2 ATTITUDE -0.210295 5.600598 -0.219108
28.181 2 GVF_PARAMETRIC 5 1 0.149005 6.,18.136719,41.308594,44.878906,19.75,29.046875,61.347656,53.699219,0.,0.,0.,0.,0.,0.,0.,0. -2.464261,-2.149815
28.181 2 INS 401 1428 -232756208 -31457 20971 -1972496512 466 -5646 -7588
28.181 2 DL_VALUE 94 0.
28.181 2 ATTITUDE -0.210331 5.600734 -0.21927
28.209 2 INS 401 1428 -232804368 -31457 20971 -1972689408 132 -5832 -7526
28.210 2 GPS 3 43818147 447810761 2259 650025 7 -2 2395 294337250 30 0
28.287 2 GPS_INT 0 0 0 404513313 -37290314 700260 650025 0 0 0 26 10 294337250 98 25 3 1
28.288 2 ATTITUDE -0.210271 5.600688 -0.219207
28.288 2 WP_MOVED_ENU 5 7019 11489 2974
28.288 2 WP_MOVED_ENU 5 7019 11489 2974
28.289 2 INS 401 1428 -232852544 -31457 20971 -1972885376 251 -5205 -7651
28.289 2 ROVER_CTRL 2.5 0.086293 2817.442139 -0.585146 1400. 600. 1000. -122.876869 120.809509 20.027161 2.413707 0.
28.289 2 ROTORCRAFT_FP 1428 401 232862176 20971 -31457 1972924800 -862 -898 22940 0 0 0 0 -144 0
28.289 2 ATTITUDE -0.210711 5.600561 -0.219618
28.313 2 INS 399 1431 -232900720 -15728 -5242 -1973080960 40 -5988 -7542
28.314 2 SERIAL_COM 476 -6038 -52 -7545 0 0 0 14 377 80 76 0 0 0 0 0
28.314 2 ATTITUDE -0.211417 5.600245 -0.220199
28.329 2 ROTORCRAFT_NAV_STATUS 109 109 0. 0. 5 0 2
28.329 2 IMU_MAG_RAW 255 0 0 0
28.345 2 INS 399 1431 -232948880 -15728 -5242 -1973276288 -32 -5278 -7816
28.373 2 GPS_INT 0 0 0 404513312 -37290313 700264 650028 0 0 0 26 15 294337500 96 24 3 1
28.374 2 ATTITUDE -0.211314 5.600413 -0.219743
28.405 2 INS 399 1431 -232997056 -15728 -5242 -1973475200 -346 -5378 -7741
28.421 2 ATTITUDE -0.210797 5.600805 -0.219077
28.454 2 INS 399 1431 -233045248 -15728 -5242 -1973672448 404 -5774 -7605
28.455 2 GPS 3 43818148 447810760 2259 650028 2 -7 2395 294337500 30 0
28.469 2 ATTITUDE -0.210528 5.601041 -0.21882
28.501 2 INS 399 1431 -233093408 -15728 -5242 -1973863424 407 -6034 -7429
28.538 2 ROTORCRAFT_FP 1431 399 233103040 -5242 -15728 1973901696 -861 -896 22942 0 0 0 0 -144 0
28.539 2 GPS_INT 0 0 0 404513312 -37290313 700264 650028 0 0 0 26 15 294337500 96 24 3 1
28.540 2 ATTITUDE -0.210436 5.601096 -0.219054
28.575 2 GVF_PARAMETRIC 5 1 0.149006 0.,0.199,0.199,0.546583,0.546583,0.05,61.347656,53.699219,0.,0.,0.,0.,0.,0.,0.,0. -2.463092,-2.150594
28.576 2 INS 401 1428 -233141680 26214 0 -1974055168 530 -5622 -7447
28.577 2 ATTITUDE -0.211079 5.600727 -0.220082
28.591 2 INS 401 1428 -233189808 26214 0 -1974251520 -813 -5505 -7707
28.623 2 ATTITUDE -0.210928 5.600819 -0.219647
28.639 2 DATALINK_REPORT 4 106 32767 3053 0 6
28.669 2 INS 401 1428 -233238000 26214 0 -1974452864 -361 -4578 -7988
28.669 2 GPS_INT 0 0 0 404513313 -37290313 700233 649997 0 0 0 26 10 294337750 96 26 3 1
28.670 2 ATTITUDE -0.210946 5.601168 -0.219077
28.711 2 INS 401 1428 -233286208 26214 0 -1974650880 251 -6014 -7616
28.711 2 GPS 3 43818148 447810761 2259 649997 6 -5 2395 294337750 30 0
28.712 2 ATTITUDE -0.211018 5.601271 -0.218918
28.743 2 INS 401 1428 -233334400 26214 0 -1974839040 1090 -6148 -7285
28.782 2 ROVER_CTRL 2.5 0.086293 2817.442139 -0.585146 1400. 600. 1000. -122.876869 120.809509 20.027161 2.413707 0.
28.782 2 ROTORCRAFT_FP 1428 401 233344096 0 26214 1974876288 -864 -898 22942 0 0 0 0 -144 0
28.783 2 ATTITUDE -0.210961 5.601205 -0.219534
28.806 2 LINK_REPORT 2 -1 29 0 86212 1935 0 3368. 75. 5 31.32
28.837 2 INS 401 1428 -233382640 26214 0 -1975029504 -243 -5896 -7701
28.837 2 SERIAL_COM 477 -6087 166 -7552 0 0 0 14 378 80 76 0 0 0 0 0
28.838 2 GPS_INT 0 0 0 404513314 -37290312 700226 649990 0 0 0 26 14 294338000 96 26 3 1
28.838 2 STATE_FILTER_STATUS 6 3 0
28.838 2 ATTITUDE -0.210614 5.601276 -0.219492
28.853 2 INS 404 1431 -233430848 -5242 0 -1975228160 191 -4718 -7872
28.868 2 ATTITUDE -0.211139 5.600979 -0.220583
28.901 2 INS 404 1431 -233479088 -5242 0 -1975427584 -494 -5931 -7643
28.918 2 ATTITUDE -0.211809 5.600952 -0.220841
28.992 2 GVF_PARAMETRIC 5 1 0.149006 -6.,15.398438,4.558594,27.417969,28.609375,49.796875,50.96875,67.96875,0.,0.,0.,0.,0.,0.,0.,0. -2.463094,-2.14864
28.992 2 INS 404 1431 -233527312 -5242 0 -1975623296 252 -5086 -7811
28.993 2 GPS 3 43818148 447810762 2259 649990 1 6 2395 294338000 30 0
28.993 2 GPS_INT 0 0 0 404513314 -37290312 700226 649990 0 0 0 26 14 294338000 96 26 3 1
28.993 2 ATTITUDE -0.211492 5.601252 -0.219945
29.807 2 LINK_REPORT 2 -1 30 0 86844 1949 0 632. 14. 5 31.32
30.809 2 LINK_REPORT 2 -1 31 1 86844 1949 0 0. 0. 6 -4970.87
31.810 2 LINK_REPORT 2 -1 32 2 86844 1949 0 0. 0. 6 -4970.87
32.811 2 LINK_REPORT 2 -1 33 3 86844 1949 0 0. 0. 6 -4970.87
33.813 2 LINK_REPORT 2 -1 34 4 86844 1949 0 0. 0. 6 -4970.87
34.814 2 LINK_REPORT 2 -1 35 5 86844 1949 0 0. 0. 6 -4970.87
35.149 2 AUTOPILOT_VERSION 60200 v6.2_unstable-650-g74eaf7c20-dirty
35.149 2 ATTITUDE 0. 0. 0.
35.195 2 INS 0 0 0 0 0 0 0 0 0
35.196 2 SERIAL_COM 0 0 0 0 0 0 0 0 0 0 0 0 0 0 0 0
35.211 2 ATTITUDE 0. 0. 0.
35.227 2 INS 0 0 0 0 0 0 -289 -107 -8217
35.269 2 GPS_INT 0 0 0 404513314 -37290313 700225 649989 0 0 0 213305 99900 294340612 9999 0 0 1
35.270 2 SVINFO 0 0 0 0 0 0 0
35.270 2 ATTITUDE 0. 0. 0.
35.285 2 INS 0 0 0 0 0 0 -530 -458 -8409
35.300 2 ATTITUDE 0. 0. 0.
35.356 2 INS 0 0 0 0 0 0 -461 554 -8002
35.357 2 PONG 
35.357 2 GPS 0 43818256 447810814 0 654078 4 -4 2395 294344500 30 0
35.357 2 SVINFO 0 0 0 0 0 0 0
35.358 2 ATTITUDE 0. 0. 0.
35.433 2 INS 0 0 0 0 0 0 -73 -502 -8792
35.433 2 ROTORCRAFT_FP 0 0 0 0 0 0 0 0 0 0 0 0 0 -144 0
35.434 2 GPS_INT 0 0 0 404513362 -37290186 704314 654078 0 0 0 213305 99900 294344500 9999 0 0 1
35.435 2 SVINFO 0 0 0 0 0 0 0
35.435 2 ALIVE 122,195,7,233,5,247,195,75,60,187,26,129,128,90,246,93
35.435 2 ATTITUDE 0. 0. 0.
35.435 2 INS 0 0 0 0 0 0 238 -292 -8413
35.448 2 DL_VALUE 0 0.
35.448 2 ATTITUDE 0. 0. 0.
35.480 2 INS 0 0 0 0 0 0 -515 -195 -8480
35.495 2 ATTITUDE 0. 0. 0.
35.527 2 INS 0 0 0 0 0 0 -599 -370 -8648
35.554 2 GPS_INT 0 0 0 404513362 -37290186 704314 654078 0 0 0 213305 99900 294344500 9999 0 0 1
35.555 2 SVINFO 0 0 0 0 0 0 0
35.555 2 ATTITUDE 0. 0. 0.
35.597 2 INS -2649 192 0 0 0 -89420 -284 -34 -8873
35.597 2 ENERGY 255 8.080297 0.2 1.616059 1. 2.8e-05 0.000224
35.598 2 GPS 3 43818275 447810819 0 653915 1 1 2395 294344750 30 0
35.598 2 ATTITUDE 0. 0. 0.
35.612 2 ROTORCRAFT_NAV_STATUS 0 0 0. 0. 1 0 0
35.613 2 IMU_MAG_RAW 255 0 0 0
35.668 2 INS -2649 192 -4 0 0 -307258 125 1251 -8528
35.668 2 ROVER_CTRL 0. 0. 0. 0. 1400. 600. 1000. 0. 0. 0. 0. 0.
35.668 2 ROTORCRAFT_FP 192 -2649 5 0 0 346046 0 0 0 0 0 0 0 -144 0
35.669 2 ATTITUDE 0. 0. 0.
35.712 2 INS -2649 192 -14 0 0 -527216 -289 -1180 -9088
35.712 2 SERIAL_COM 4 -219 -446 -8375 0 0 0 14 160 80 76 0 0 0 0 0
35.713 2 GPS_INT 0 0 0 404513366 -37290163 704150 653915 0 0 0 400 8 294344750 89 25 3 1
35.713 2 ATTITUDE 0. 0. 0.
35.728 2 INS -2649 192 -29 0 0 -748676 719 -2429 -9079
35.760 2 ATTITUDE 0. 0. 0.
35.776 2 INS -2649 192 -49 0 0 -973503 -73 232 -8193
35.807 2 ATTITUDE 0. 0. 0.
35.815 2 LINK_REPORT 2 -1 36 0 88775 1998 0 1931. 49. 7 61.21
35.824 2 INS -2677 209 -75 -31457 -10485 -1189031 -432 -156 -8562
35.839 2 GPS 3 43818282 447810807 0 653850 6 9 2395 294345000 30 0
35.866 2 GPS_INT 0 0 0 404513356 -37290155 704086 653850 0 0 0 371 11 294345000 90 25 3 1
35.867 2 ATTITUDE 0. 0. 0.
35.880 2 INS -2677 209 -106 -31457 -10485 -1405804 -422 -409 -8562
35.920 2 ROTORCRAFT_FP 209 -2677 113 -10485 -31457 1448881 0 0 0 0 0 0 0 -144 0
35.921 2 ATTITUDE 0. 0. 0.
35.921 2 WP_MOVED_ENU 1 0 0 2560
35.921 2 WP_MOVED_ENU 1 0 0 2560
35.951 2 INS -2677 209 -143 -31457 -10485 -1621781 -486 -361 -8370
35.951 2 STATIC_CONTROL 0 0. 0 0. 0. 0. 0. 0. 0. 0. 0. 0. 0.
35.951 2 ATTITUDE 0. 0. 0.
35.982 2 INS -2677 209 -184 -31457 -10485 -1838092 -319 -234 -8471
36.008 2 GPS_INT 0 0 0 404513356 -37290155 704086 653850 0 0 0 371 11 294345000 90 25 3 1
36.009 2 ATTITUDE 0. 0. 0.
36.024 2 INS -2670 220 -231 -15728 -10485 -2054316 0 -351 -8433
36.056 2 ATTITUDE 0. 0. 0.
36.072 2 INS -2670 220 -283 -15728 -15728 -2271811 -667 -224 -8595
36.088 2 GPS 3 43818285 447810810 0 653956 3 3 2395 294345250 30 0
36.089 2 STATE_FILTER_STATUS 6 2 0
36.105 2 ATTITUDE 0. 0. 0.
36.209 2 INS -2670 220 -341 -15728 -15728 -2485529 -500 -380 -8375
36.210 2 ROVER_CTRL 0. 0. 0. 0. 1400. 600. 1000. 0. 0. 0. 0. 0.
36.211 2 ROTORCRAFT_FP 220 -2670 353 -15728 -15728 2529888 0 0 0 0 0 0 0 -144 0
36.211 2 GPS_INT 0 0 0 404513358 -37290151 704191 653956 0 0 0 347 11 294345250 93 24 3 1
36.212 2 DATALINK_REPORT 0 1 75 605 0 0
36.213 2 ATTITUDE 0. 0. 0.
36.213 2 INS -2670 220 -404 -15728 -15728 -2703846 -397 -326 -8528
36.213 2 SERIAL_COM 5 -165 -392 -8413 0 0 0 14 161 80 76 0 0 0 0 0
36.213 2 ATTITUDE 0. 0. 0.
36.224 2 INS -2670 220 -472 -15728 -15728 -2921502 -358 -336 -8461
36.256 2 ATTITUDE 0. 0. 0.
36.287 2 INS -2672 220 -545 -5242 -5242 -3137666 -505 -204 -8442
36.302 2 GPS_INT 0 0 0 404513357 -37290151 704252 654016 0 0 0 326 11 294345500 93 24 3 1
36.303 2 ATTITUDE 0. 0. 0.
36.336 2 INS -2672 220 -624 -5242 -5242 -3354270 -712 -356 -8447
36.337 2 GPS 3 43818285 447810808 0 654016 1 -1 2395 294345500 30 0
36.352 2 ATTITUDE 0. 0. 0.
36.383 2 INS -2672 220 -708 -5242 -5242 -3568802 -117 -214 -8456
36.412 2 ROTORCRAFT_FP 220 -2672 726 -5242 -5242 3611821 0 0 0 0 0 0 0 -144 0
36.413 2 ATTITUDE 0. 0. 0.
36.413 2 IMU_MAG_RAW 255 0 0 0
36.428 2 INS -2672 220 -797 -5242 -5242 -3784705 -14 -326 -8433
36.454 2 GPS_INT 0 0 0 404513357 -37290151 704252 654016 0 0 0 326 11 294345500 93 24 3 1
36.455 2 ATTITUDE 0. 0. 0.
36.474 2 INS -2672 220 -892 -5242 -5242 -4000139 -319 -229 -8342
36.486 2 ROVER_STATUS 0 61 3 0 0 5 8.080297
36.502 2 ATTITUDE 0. 0. 0.
36.534 2 INS -2716 250 -992 20971 -5242 -4219581 -1325 -170 -8902
36.550 2 ATTITUDE 0. 0. 0.
36.582 2 INS -2716 250 -1097 15728 0 -4437923 -500 -156 -8385
36.582 2 GPS 3 43818298 447810792 0 653960 4 1 2395 294345750 30 0
36.609 2 GPS_INT 0 0 0 404513342 -37290136 704196 653960 0 0 0 309 9 294345750 94 24 3 1
36.610 2 ATTITUDE 0. 0. 0.
36.626 2 INS -2716 250 -1207 15728 0 -4653239 -166 -361 -8442
36.665 2 ROVER_CTRL 0. 0. 0. 0. 1400. 600. 1000. 0. 0. 0. 0. 0.
36.666 2 ROTORCRAFT_FP 250 -2716 1230 0 15728 4695779 0 0 0 0 0 0 0 -144 0
36.667 2 ATTITUDE 0. 0. 0.
36.693 2 INS -2716 250 -1323 15728 0 -4870403 -461 -229 -8514
36.694 2 SERIAL_COM 5 -165 -373 -8442 0 0 0 14 161 80 76 0 0 0 0 0
36.709 2 ATTITUDE 0. 0. 0.
36.740 2 INS -2716 250 -1444 15728 0 -5087167 -481 -336 -8476
36.740 2 GPS_SOL 309 9 94 24
36.756 2 GPS_INT 0 0 0 404513342 -37290136 704196 653960 0 0 0 309 9 294345750 94 24 3 1
36.757 2 ATTITUDE 0. 0. 0.
36.771 2 INS -2716 250 -1570 15728 0 -5304121 -378 -229 -8447
36.803 2 ATTITUDE 0. 0. 0.
36.816 2 LINK_REPORT 2 -1 37 0 91629 2065 0 2854. 67. 7 61.21
36.835 2 INS -2731 307 -1702 0 -10485 -5519457 -348 -609 -8097
36.836 2 GPS 3 43818320 447810786 0 654081 2 -7 2395 294346000 30 0
36.851 2 ATTITUDE 0. 0. 0.
36.883 2 INS -2731 307 -1839 -5242 -15728 -5747185 -294 -287 -8614
36.920 2 ROTORCRAFT_FP 307 -2731 1867 -15728 -5242 5790537 0 0 0 0 0 0 0 -144 0
36.922 2 GPS_INT 0 0 0 404513337 -37290110 704317 654081 0 0 0 294 13 294346000 94 24 3 1
36.923 2 ATTITUDE 0. 0. 0.
36.950 2 INS -2731 307 -1981 -5242 -15728 -5957538 -387 -726 -7887
36.951 2 STATIC_CONTROL 0 0. 0 0. 0. 0. 0. 0. 0. 0. 0. 0. 0.
36.952 2 ATTITUDE 0. 0. 0.
36.981 2 INS -2731 307 -2129 -5242 -15728 -6179236 -1959 227 -9045
36.996 2 ATTITUDE 0. 0. 0.
37.028 2 INS -2731 307 -2282 -5242 -15728 -6398738 -874 -1224 -8859
37.054 2 GPS_INT 0 0 0 404513328 -37290084 704380 654144 0 0 0 281 9 294346250 94 24 3 1
37.054 2 DL_VALUE 1 5.
37.054 2 ATTITUDE 0. 0. 0.
37.070 2 INS -2757 363 -2440 15728 -20971 -6613034 -186 -678 -8557
37.086 2 GPS 3 43818342 447810776 0 654144 4 0 2395 294346250 30 0
37.102 2 ATTITUDE 0. 0. 0.
37.163 2 INS -2757 363 -2604 15728 -20971 -6835220 980 -200 -9213
37.163 2 ROVER_CTRL 0. 0. 0. 0. 1400. 600. 1000. 0. 0. 0. 0. 0.
37.163 2 ROTORCRAFT_FP 363 -2757 2637 -20971 15728 6878657 0 0 0 0 0 0 0 -144 0
37.164 2 ATTITUDE 0. 0. 0.
37.190 2 INS -2757 363 -2773 15728 -20971 -7052126 -206 -204 -8614
37.190 2 SERIAL_COM 6 -224 -397 -8270 0 0 0 14 162 80 76 0 0 0 0 0
37.240 2 GPS_INT 0 0 0 404513328 -37290084 704380 654144 0 0 0 281 9 294346250 94 24 3 1
37.241 2 ATTITUDE 0. 0. 0.
37.241 2 ROTORCRAFT_NAV_STATUS 2 0 0. 0. 1 1 0
37.241 2 WP_MOVED_ENU 2 -276 -3691 2560
37.242 2 WP_MOVED_ENU 2 -276 -3691 2560
37.242 2 IMU_MAG_RAW 255 0 0 0
37.243 2 INS -2757 363 -2947 15728 -20971 -7265756 -520 -536 -7781
37.253 2 ATTITUDE 0. 0. 0.
37.271 2 INS -2757 394 -3127 -5242 -26214 -7464616 -2352 -492 -9668
37.303 2 ATTITUDE 0. 0. 0.
37.335 2 INS -2757 394 -3311 -5242 -26214 -7698819 -1261 173 -8595
37.336 2 GPS 3 43818354 447810776 0 654212 4 7 2395 294346500 30 0
37.373 2 GPS_INT 0 0 0 404513328 -37290070 704448 654212 0 0 0 270 12 294346500 95 24 3 1
37.373 2 AUTOPILOT_VERSION 60200 v6.2_unstable-650-g74eaf7c20-dirty
37.374 2 ATTITUDE 0. 0. 0.
37.374 2 INS -2757 394 -3501 -5242 -26214 -7904030 -932 -951 -9644
37.401 2 ROTORCRAFT_FP 394 -2757 3540 -26214 -5242 7952252 0 0 0 0 0 0 0 -144 0
37.401 2 ATTITUDE 0. 0. 0.
37.433 2 INS -2757 394 -3696 -5242 -26214 -8127838 -2877 -595 -8184
37.450 2 ATTITUDE 0. 0. 0.
37.480 2 INS -2757 394 -3897 -5242 -26214 -8346986 -1468 -512 -8437
37.496 2 GPS_INT 0 0 0 404513328 -37290070 704448 654212 0 0 0 270 12 294346500 95 24 3 1
37.496 2 ATTITUDE 0. 0. 0.
37.527 2 INS -2757 394 -4103 -5242 -26214 -8564731 -643 -63 -8418
37.543 2 ATTITUDE 0. 0. 0.
37.586 2 INS -2767 424 -4314 10485 0 -8783339 -766 -702 -8921
37.586 2 GPS 3 43818366 447810771 0 654206 2 0 2395 294346750 30 0
37.602 2 ATTITUDE 0. 0. 0.
37.618 2 INS -2767 424 -4531 10485 0 -9002108 -481 -297 -8452
37.692 2 ROVER_CTRL 0. 0. 0. 0. 1400. 600. 1000. 0. 0. 0. 0. 0.
37.692 2 ROTORCRAFT_FP 424 -2767 4574 0 10485 9045286 0 0 0 0 0 0 0 -144 0
37.693 2 GPS_INT 0 0 0 404513324 -37290056 704442 654206 0 0 0 261 8 294346750 95 24 3 1
37.694 2 ATTITUDE 0. 0. 0.
37.694 2 INS -2767 424 -4752 10485 0 -9219631 -549 -561 -8547
37.694 2 SERIAL_COM 6 -336 -427 -8552 0 0 0 14 162 80 76 0 0 0 0 0
37.695 2 ATTITUDE 0. 0. 0.
37.725 2 INS -2767 424 -4980 10485 0 -9437383 -584 -292 -8442
37.741 2 ATTITUDE 0. 0. 0.
37.773 2 INS -2767 424 -5212 10485 0 -9657025 -437 -614 -8701
37.800 2 GPS_INT 0 0 0 404513324 -37290056 704442 654206 0 0 0 261 8 294346750 95 24 3 1
37.801 2 ATTITUDE 0. 0. 0.
37.817 2 LINK_REPORT 2 -1 38 0 94492 2131 0 2863. 66. 7 61.21
37.832 2 INS -2767 453 -5450 0 -20971 -9873138 -422 -336 -8404
37.833 2 GPS 3 43818377 447810771 0 654304 4 4 2395 294347000 30 0
37.847 2 ATTITUDE 0. 0. 0.
37.880 2 INS -2767 453 -5693 5242 -26214 -10089483 -594 -282 -8380
37.906 2 ROTORCRAFT_FP 453 -2767 5742 -26214 5242 10133191 0 0 0 0 0 0 0 -144 0
37.907 2 ATTITUDE 0. 0. 0.
37.922 2 INS -2767 453 -5942 5242 -26214 -10306577 -535 -307 -8471
37.961 2 STATIC_CONTROL 0 0. 0 0. 0. 0. 0. 0. 0. 0. 0. 0. 0.
37.962 2 GPS_INT 0 0 0 404513324 -37290043 704540 654304 0 0 0 252 12 294347000 94 24 3 1
37.963 2 ATTITUDE 0. 0. 0.
37.985 2 INS -2767 453 -6195 5242 -26214 -10523229 -471 -322 -8490
37.986 2 ROVER_STATUS 0 60 3 0 0 6 8.080297
38.001 2 ATTITUDE 0. 0. 0.
38.001 2 IMU_MAG_RAW 255 0 0 0
38.032 2 INS -2767 471 -6455 -10485 -62914 -10739769 -491 -400 -8437
38.048 2 ATTITUDE 0. 0. 0.
38.080 2 INS -2767 471 -6719 -10485 -62914 -10956780 -510 -336 -8485
38.081 2 GPS 3 43818384 447810771 2808 654381 12 12 2395 294347250 30 0
38.107 2 GPS_INT 0 0 0 404513324 -37290034 704616 654381 0 0 0 243 13 294347250 94 23 3 1
38.107 2 ALIVE 122,195,7,233,5,247,195,75,60,187,26,129,128,90,246,93
38.107 2 ATTITUDE 0. 0. 0.
38.161 2 INS -2767 471 -6988 -10485 -62914 -11173821 -500 -365 -8480
38.162 2 ROVER_CTRL 0. 0. 0. 0. 1400. 600. 1000. 0. 0. 0. 0. 0.
38.163 2 ROTORCRAFT_FP 471 -2767 7043 -62914 -10485 11217187 0 0 0 0 0 0 0 -144 0
38.164 2 ATTITUDE 0. 0. 0.
38.190 2 INS -2767 471 -7263 -10485 -62914 -11390236 -505 -341 -8456
38.191 2 SERIAL_COM 7 -365 -500 -8480 0 0 0 14 163 80 76 0 0 0 0 0
38.192 2 ATTITUDE 0. 0. 0.
38.222 2 INS -2767 471 -7544 -10485 -62914 -11607392 -510 -395 -8480
38.249 2 GPS_INT 0 0 0 404513324 -37290034 704616 654381 0 0 0 243 13 294347250 94 23 3 1
38.250 2 ATTITUDE 0. 0. 0.
38.281 2 INS -2764 486 -7829 -15728 -10485 -11824545 -515 -361 -8490
38.296 2 ATTITUDE 0. 0. 0.
38.338 2 INS -2764 486 -8120 -15728 -10485 -12041696 -466 -424 -8495
38.339 2 GPS 3 43818389 447810772 2808 654432 3 10 2395 294347500 30 0
38.340 2 ATTITUDE 0. 0. 0.
38.369 2 INS -2764 486 -8416 -15728 -10485 -12258474 -491 -385 -8442
38.408 2 ROTORCRAFT_FP 486 -2764 8476 -10485 -15728 12301886 0 0 0 0 0 0 0 -144 0
38.408 2 GPS_INT 0 0 0 404513325 -37290028 704668 654432 0 0 0 236 14 294347500 94 24 3 1
38.409 2 ATTITUDE 0. 0. 0.
38.424 2 INS -2764 486 -8717 -15728 -10485 -12475409 -481 -365 -8461
38.440 2 ATTITUDE 0. 0. 0.
38.473 2 INS -2764 486 -9024 -15728 -10485 -12692032 -491 -361 -8433
38.487 2 ATTITUDE 0. 0. 0.
38.503 2 WP_MOVED_ENU 3 2378 1443 2557
38.504 2 WP_MOVED_ENU 3 2378 1443 2557
38.519 2 INS -2757 496 -9336 26214 20971 -12908981 -500 -375 -8466
38.545 2 GPS_INT 0 0 0 404513328 -37290023 704695 654460 0 0 0 229 12 294347750 95 24 3 1
38.546 2 ATTITUDE 0. 0. 0.
38.577 2 INS -2757 496 -9653 31457 20971 -13125785 -486 -346 -8485
38.577 2 GPS 3 43818394 447810775 2808 654460 8 11 2395 294347750 30 0
38.593 2 ATTITUDE 0. 0. 0.
38.663 2 INS -2757 496 -9976 31457 20971 -13342983 -505 -365 -8528
38.663 2 ROVER_CTRL 0. 0. 0. 0. 1400. 600. 1000. 0. 0. 0. 0. 0.
38.663 2 ROTORCRAFT_FP 496 -2757 10041 20971 31457 13386389 0 0 0 0 0 0 0 -144 0
38.664 2 DL_VALUE 2 5.
38.664 2 ATTITUDE 0. 0. 0.
38.679 2 INS -2757 496 -10304 31457 20971 -13559916 -495 -351 -8476
38.679 2 SERIAL_COM 7 -341 -510 -8480 0 0 0 14 163 80 76 0 0 0 0 0
38.707 2 GPS_INT 0 0 0 404513328 -37290023 704695 654460 0 0 0 229 12 294347750 95 24 3 1
38.708 2 ATTITUDE 0. 0. 0.
38.734 2 INS -2757 496 -10637 31457 20971 -13776802 -491 -336 -8490
38.734 2 GPS_SOL 229 12 95 24
38.750 2 ATTITUDE 0. 0. 0.
38.766 2 INS -2757 496 -10975 31457 20971 -13993694 -505 -380 -8461
38.797 2 ATTITUDE 0. 0. 0.
38.797 2 ROTORCRAFT_NAV_STATUS 3 0 0. 0. 1 1 0
38.819 2 LINK_REPORT 2 -1 39 0 97311 2198 0 2819. 67. 7 61.21
38.828 2 IMU_MAG_RAW 255 0 0 0
38.828 2 INS -2744 506 -11319 -20971 20971 -14210486 -505 -346 -8418
38.829 2 GPS 3 43818397 447810780 2808 654488 7 3 2395 294348000 30 0
38.854 2 GPS_INT 0 0 0 404513332 -37290019 704724 654488 0 0 0 223 9 294348000 95 24 3 1
38.854 2 ATTITUDE 0. 0. 0.
38.870 2 INS -2744 506 -11668 -26214 26214 -14426925 -500 -346 -8442
38.898 2 ROTORCRAFT_FP 506 -2744 11738 26214 -26214 14470108 0 0 0 0 0 0 0 -144 0
38.899 2 ATTITUDE 0. 0. 0.
38.942 2 INS -2744 506 -12022 -26214 26214 -14643966 -495 -375 -8485
38.943 2 STATIC_CONTROL 0 0. 0 0. 0. 0. 0. 0. 0. 0. 0. 0. 0.
38.944 2 ATTITUDE 0. 0. 0.
38.975 2 INS -2744 506 -12382 -26214 26214 -14861160 -476 -370 -8480
38.999 2 GPS_INT 0 0 0 404513332 -37290019 704724 654488 0 0 0 223 9 294348000 95 24 3 1
39.000 2 ATTITUDE 0. 0. 0.
39.015 2 INS -2744 506 -12747 -26214 26214 -15077865 -505 -346 -8476
39.047 2 ATTITUDE 0. 0. 0.
39.063 2 INS -2734 514 -13117 20971 68157 -15294892 -495 -375 -8490
39.079 2 GPS 3 43818401 447810784 3587 654497 14 -11 2395 294348250 30 0
39.095 2 ATTITUDE 0. 0. 0.
39.188 2 INS -2734 514 -13493 20971 68157 -15511967 -466 -336 -8476
39.189 2 ROVER_CTRL 0. 0. 0. 0. 1400. 600. 1000. 0. 0. 0. 0. 0.
39.190 2 ROTORCRAFT_FP 514 -2734 13568 68157 20971 15555471 0 0 0 0 0 0 0 -144 0
39.191 2 GPS_INT 0 0 0 404513336 -37290015 704733 654497 0 0 0 218 14 294348250 96 24 3 1
39.192 2 ATTITUDE 0. 0. 0.
39.192 2 INS -2734 514 -13874 20971 68157 -15729083 -491 -361 -8500
39.193 2 SERIAL_COM 8 -336 -505 -8500 0 0 0 14 164 80 76 0 0 0 0 0
39.194 2 ATTITUDE 0. 0. 0.
39.221 2 INS -2734 514 -14260 20971 68157 -15946307 -495 -365 -8480
39.236 2 ATTITUDE 0. 0. 0.
39.267 2 INS -2734 514 -14651 20971 68157 -16163192 -481 -341 -8500
39.297 2 GPS_INT 0 0 0 404513339 -37290014 704784 654548 0 0 0 214 15 294348500 96 24 3 1
39.297 2 STATE_FILTER_STATUS 6 2 0
39.298 2 ATTITUDE 0. 0. 0.
39.328 2 INS -2723 517 -15048 0 -5242 -16379931 -481 -356 -8447
39.329 2 GPS 3 43818401 447810788 3587 654548 0 -6 2395 294348500 30 0
39.344 2 ATTITUDE 0. 0. 0.
39.376 2 INS -2723 517 -15450 0 -5242 -16597048 -500 -375 -8471
39.391 2 ROTORCRAFT_FP 517 -2723 15531 -5242 0 16640354 0 0 0 0 0 0 0 -144 0
39.391 2 ATTITUDE 0. 0. 0.
39.423 2 INS -2723 517 -15857 0 -5242 -16813864 -491 -365 -8476
39.449 2 GPS_INT 0 0 0 404513339 -37290014 704784 654548 0 0 0 214 15 294348500 96 24 3 1
39.450 2 ATTITUDE 0. 0. 0.
39.487 2 INS -2723 517 -16270 0 -5242 -17031048 -476 -380 -8476
39.487 2 ROVER_STATUS 0 60 3 0 0 8 8.089128
39.495 2 ATTITUDE 0. 0. 0.
39.527 2 INS -2723 517 -16688 0 -5242 -17247918 -505 -370 -8442
39.543 2 ATTITUDE 0. 0. 0.
39.575 2 INS -2711 517 -17111 -5242 -15728 -17464964 -495 -375 -8461
39.575 2 GPS 3 43818401 447810793 3587 654602 2 -1 2395 294348750 30 0
39.601 2 GPS_INT 0 0 0 404513344 -37290014 704838 654602 0 0 0 209 11 294348750 94 24 3 1
39.601 2 ATTITUDE 0. 0. 0.
39.601 2 IMU_MAG_RAW 255 0 0 0
39.617 2 INS -2711 517 -17539 -5242 -15728 -17682130 -515 -356 -8476
39.656 2 ROVER_CTRL 0. 0. 0. 0. 1400. 600. 1000. 0. 0. 0. 0. 0.
39.656 2 ROTORCRAFT_FP 517 -2711 17626 -15728 -5242 17725584 0 0 0 0 0 0 0 -144 0
39.657 2 ATTITUDE 0. 0. 0.
39.684 2 INS -2711 517 -17973 -5242 -15728 -17899356 -481 -331 -8485
39.684 2 SERIAL_COM 8 -375 -500 -8495 0 0 0 14 164 80 76 0 0 0 0 0
39.685 2 ATTITUDE 0. 0. 0.
39.718 2 INS -2711 517 -18412 -5242 -15728 -18116558 -491 -361 -8480
39.746 2 GPS_INT 0 0 0 404513344 -37290014 704838 654602 0 0 0 209 11 294348750 94 24 3 1
39.747 2 ATTITUDE 0. 0. 0.
39.777 2 INS -2711 517 -18857 -5242 -15728 -18333630 -500 -341 -8476
39.791 2 ATTITUDE 0. 0. 0.
39.807 2 WP_MOVED_ENU 4 -396 7375 2557
39.807 2 WP_MOVED_ENU 4 -396 7375 2557
39.820 2 LINK_REPORT 2 -1 40 0 100143 2264 0 2832. 66. 7 61.21
39.825 2 INS -2705 517 -19307 -26214 -15728 -18550358 -491 -361 -8490
39.826 2 GPS 3 43818401 447810795 3587 654641 6 5 2395 294349000 30 0
39.840 2 ATTITUDE 0. 0. 0.
39.908 2 INS -2705 517 -19762 -26214 -20971 -18766870 -500 -341 -8466
39.909 2 ROTORCRAFT_FP 517 -2705 19853 -20971 -26214 18810456 0 0 0 0 0 0 0 -144 0
39.910 2 GPS_INT 0 0 0 404513346 -37290014 704876 654641 0 0 0 204 14 294349000 94 24 3 1
39.911 2 ATTITUDE 0. 0. 0.
39.938 2 INS -2705 517 -20222 -26214 -20971 -18983744 -500 -346 -8471
39.939 2 STATIC_CONTROL 0 0. 0 0. 0. 0. 0. 0. 0. 0. 0. 0. 0.
39.940 2 ATTITUDE 0. 0. 0.
39.969 2 INS -2705 517 -20688 -26214 -20971 -19200922 -510 -361 -8471
39.989 2 ATTITUDE 0. 0. 0.
40.016 2 INS -2705 517 -21158 -26214 -20971 -19417734 -476 -365 -8461
40.042 2 GPS_INT 0 0 0 404513346 -37290012 704905 654669 0 0 0 199 13 294349250 95 24 3 1
40.042 2 ATTITUDE 0. 0. 0.
40.083 2 INS -2705 519 -21634 5242 -15728 -19634248 -495 -356 -8456
40.084 2 ENERGY 255 8.089128 0.2 1.617826 1.1 0.000289 0.002335
40.084 2 GPS 3 43818403 447810795 3587 654669 3 2 2395 294349250 30 0
40.084 2 ATTITUDE 0. 0. 0.
40.156 2 INS -2705 519 -22116 5242 -15728 -19851136 -515 -370 -8485
40.156 2 ROVER_CTRL 0. 0. 0. 0. 1400. 600. 1000. 0. 0. 0. 0. 0.
40.156 2 ROTORCRAFT_FP 519 -2705 22213 -15728 5242 19894492 0 0 0 0 0 0 0 -144 0
40.157 2 ATTITUDE 0. 0. 0.
40.197 2 INS -2705 519 -22603 5242 -15728 -20068208 -476 -356 -8514
40.197 2 SERIAL_COM 9 -351 -466 -8466 0 0 0 14 165 80 76 0 0 0 0 0
40.197 2 GPS_INT 0 0 0 404513346 -37290012 704905 654669 0 0 0 199 13 294349250 95 24 3 1
40.198 2 ATTITUDE 0. 0. 0.
40.227 2 INS_REF 485057915 -31614047 411671292 404514297 -37290252 702390 650000 0.
40.227 2 INS -2705 519 -23095 5242 -15728 -20285182 -446 -395 -8447
40.243 2 DL_VALUE 3 1.
40.243 2 ATTITUDE 0. 0. 0.
40.259 2 INS -2705 519 -23592 5242 -15728 -20502180 -515 -351 -8495
40.291 2 ATTITUDE 0. 0. 0.
40.349 2 INS -2703 522 -24095 -31457 -5242 -20719122 -495 -322 -8490
40.350 2 GPS 3 43818404 447810795 3587 654706 5 -5 2395 294349500 30 0
40.351 2 GPS_INT 0 0 0 404513346 -37290011 704942 654706 0 0 0 195 12 294349500 95 24 3 1
40.352 2 PONG 
40.352 2 ATTITUDE 0. 0. 0.
40.365 2 INS -2703 522 -24603 -31457 -5242 -20936768 -510 -361 -8533
40.422 2 ROTORCRAFT_FP 522 -2703 24705 -5242 -31457 20980256 0 0 0 0 0 0 0 -144 0
40.423 2 ATTITUDE 0. 0. 0.
40.424 2 ROTORCRAFT_NAV_STATUS 5 0 0. 0. 1 1 0
40.424 2 IMU_MAG_RAW 255 0 0 0
40.424 2 INS -2703 522 -25116 -31457 -5242 -21153686 -510 -375 -8471
40.440 2 ATTITUDE 0. 0. 0.
40.472 2 INS -2703 522 -25635 -31457 -5242 -21370994 -481 -317 -8485
40.496 2 GPS_INT 0 0 0 404513346 -37290011 704942 654706 0 0 0 195 12 294349500 95 24 3 1
40.497 2 ATTITUDE 0. 0. 0.
40.512 2 INS -2703 522 -26159 -31457 -5242 -21588108 -491 -322 -8471
40.543 2 ATTITUDE 0. 0. 0.
40.559 2 INS -2708 524 -26688 -15728 -26214 -21804984 -505 -375 -8476
40.576 2 GPS 3 43818405 447810794 3587 654717 5 -6 2395 294349750 30 0
40.591 2 ATTITUDE 0. 0. 0.
40.684 2 INS -2708 524 -27222 -15728 -26214 -22021868 -505 -351 -8456
40.685 2 ROVER_CTRL 0. 0. 0. 0. 1400. 600. 1000. 0. 0. 0. 0. 0.
40.685 2 ROTORCRAFT_FP 524 -2708 27330 -26214 -15728 22065290 0 0 0 0 0 0 0 -144 0
40.686 2 GPS_INT 0 0 0 404513345 -37290010 704953 654717 0 0 0 191 12 294349750 95 23 3 1
40.686 2 ATTITUDE 0. 0. 0.
40.686 2 INS -2708 524 -27762 -15728 -26214 -22238948 -525 -346 -8466
40.687 2 SERIAL_COM 9 -322 -491 -8471 0 0 0 14 165 80 76 0 0 0 0 0
40.687 2 ATTITUDE 0. 0. 0.
40.726 2 INS -2708 524 -28307 -15728 -26214 -22455988 -520 -380 -8433
40.727 2 GPS_SOL 191 12 95 23
40.742 2 ATTITUDE 0. 0. 0.
40.758 2 INS -2708 524 -28857 -15728 -26214 -22672910 -486 -365 -8442
40.800 2 GPS_INT 0 0 0 404513345 -37290010 704953 654717 0 0 0 191 12 294349750 95 23 3 1
40.801 2 ALIVE 122,195,7,233,5,247,195,75,60,187,26,129,128,90,246,93
40.801 2 ATTITUDE 0. 0. 0.
40.820 2 LINK_REPORT 2 -1 41 0 103052 2332 0 2909. 68. 8 55.46
40.826 2 INS -2716 529 -29413 -26214 -31457 -22890000 -510 -370 -8480
40.827 2 GPS 3 43818407 447810791 3587 654723 7 9 2395 294350000 30 0
40.841 2 ATTITUDE 0. 0. 0.
40.858 2 INS -2716 529 -29974 -26214 -36700 -23106988 -500 -336 -8471
40.890 2 ROTORCRAFT_FP 529 -2716 30087 -36700 -26214 23150240 0 0 0 0 0 0 0 -144 0
40.892 2 ATTITUDE 0. 0. 0.
40.948 2 INS -2716 529 -30540 -26214 -36700 -23324240 -461 -351 -8456
40.948 2 STATIC_CONTROL 0 0. 0 0. 0. 0. 0. 0. 0. 0. 0. 0. 0.
40.949 2 GPS_INT 0 0 0 404513342 -37290007 704959 654723 0 0 0 188 13 294350000 97 24 3 1
40.950 2 ATTITUDE 0. 0. 0.
40.975 2 INS -2716 529 -31112 -26214 -36700 -23540934 -505 -322 -8471
40.975 2 ROVER_STATUS 0 60 3 0 0 9 8.080297
40.990 2 ATTITUDE 0. 0. 0.
41.022 2 INS -2716 529 -31689 -26214 -36700 -23757614 -466 -385 -8471
41.038 2 ATTITUDE 0. 0. 0.
41.070 2 INS -2728 527 -32271 -20971 0 -23974594 -491 -341 -8476
41.070 2 GPS 3 43818406 447810786 3587 654687 3 -2 2395 294350250 30 0
41.150 2 GPS_INT 0 0 0 404513338 -37290009 704922 654687 0 0 0 184 12 294350250 95 24 3 1
41.151 2 ATTITUDE 0. 0. 0.
41.151 2 WP_MOVED_ENU 5 5457 8289 2557
41.152 2 WP_MOVED_ENU 5 5457 8289 2557
41.152 2 INS -2728 527 -32858 -20971 0 -24191456 -505 -351 -8471
41.154 2 ROVER_CTRL 0. 0. 0. 0. 1400. 600. 1000. 0. 0. 0. 0. 0.
41.155 2 ROTORCRAFT_FP 527 -2728 32976 0 -20971 24234900 0 0 0 0 0 0 0 -144 0
41.156 2 ATTITUDE 0. 0. 0.
41.175 2 INS -2728 527 -33451 -20971 0 -24408524 -486 -370 -8466
41.176 2 SERIAL_COM 10 -365 -471 -8466 0 0 0 14 166 80 76 0 0 0 0 0
41.192 2 ATTITUDE 0.019464 3.141333 -0.026348
41.192 2 IMU_MAG_RAW 255 0 0 0
41.208 2 INS -2728 527 -34049 -20971 0 -24625748 22 4 -8512
41.239 2 GPS_INT 0 0 0 404513338 -37290009 704922 654687 0 0 0 184 12 294350250 95 24 3 1
41.240 2 DATALINK_REPORT 0 2 415 2849 0 0
41.241 2 ATTITUDE 0.019517 3.141367 -0.026376
41.271 2 INS -2728 527 -34652 -20971 0 -24842928 4 19 -8458
41.286 2 ATTITUDE 0.019535 3.141401 -0.026385
41.329 2 INS -2734 519 -35261 5242 10485 -25060130 -36 -21 -8505
41.329 2 GPS 3 43818403 447810783 3587 654666 3 5 2395 294350500 30 0
41.330 2 ATTITUDE 0.019574 3.141403 -0.026398
41.361 2 INS -2734 519 -35875 5242 10485 -25277626 8 -1 -8501
41.400 2 ROTORCRAFT_FP 519 -2734 35998 10485 5242 25320892 80 -108 12867 0 0 0 0 -144 0
41.401 2 GPS_INT 0 0 0 404513335 -37290012 704902 654666 0 0 0 181 11 294350500 97 23 3 1
41.402 2 ATTITUDE 0.019582 3.141386 -0.0264
41.416 2 INS -2734 519 -36494 5242 10485 -25494970 13 -10 -8487
41.431 2 ATTITUDE 0.019652 3.141412 -0.026429
41.463 2 INS -2734 519 -37119 5242 10485 -25712166 -6 0 -8482
41.479 2 ATTITUDE 0.01965 3.141412 -0.026464
41.511 2 INS -2734 519 -37748 5242 10485 -25929310 33 -1 -8502
41.537 2 GPS_INT 0 0 0 404513332 -37290011 704853 654617 0 0 0 178 10 294350750 95 24 3 1
41.538 2 ATTITUDE 0.019616 3.141423 -0.026486
41.569 2 INS -2744 522 -38384 -31457 20971 -26146464 13 39 -8473
41.569 2 GPS 3 43818404 447810780 3587 654617 7 -3 2395 294350750 30 0
41.585 2 ATTITUDE 0.019557 3.14151 -0.026522
41.645 2 INS -2744 522 -39024 -31457 20971 -26363820 22 -11 -8506
41.645 2 ROVER_CTRL 0. 0. 0. 0. 1400. 600. 1000. 0. 0. 0. 0. 0.
41.646 2 ROTORCRAFT_FP 522 -2744 39153 20971 -31457 26407076 80 -108 12867 0 0 0 0 -144 0
41.647 2 ATTITUDE 0.019605 3.141532 -0.026534
41.700 2 INS -2744 522 -39670 -31457 20971 -26580996 -12 -6 -8520
41.700 2 SERIAL_COM 10 -25 -21 -8481 0 0 0 14 166 80 76 0 0 0 0 0
41.701 2 GPS_INT 0 0 0 404513332 -37290011 704853 654617 0 0 0 178 10 294350750 95 24 3 1
41.701 2 ATTITUDE 0.01957 3.141557 -0.026493
41.716 2 INS -2744 522 -40321 -31457 20971 -26798478 -2 33 -8507
41.732 2 ATTITUDE 0.019633 3.141592 -0.026475
41.764 2 INS -2744 522 -40977 -31457 20971 -27015590 -6 4 -8477
41.780 2 ATTITUDE 0.019608 3.141531 -0.026442
41.820 2 LINK_REPORT 2 -1 42 0 105795 2396 0 2743. 64. 8 55.46
41.824 2 INS -2744 522 -41639 -31457 20971 -27233064 -1 4 -8482
41.824 2 GPS 3 43818401 447810780 3587 654587 5 8 2395 294351000 30 0
41.849 2 GPS_INT 0 0 0 404513332 -37290014 704823 654587 0 0 0 175 12 294351000 97 23 3 1
41.850 2 DL_VALUE 4 1.
41.850 2 ATTITUDE 0.019531 3.141555 -0.026388
41.865 2 INS -2744 517 -42306 20971 -5242 -27450304 8 4 -8477
41.891 2 ROTORCRAFT_FP 517 -2744 42440 -5242 20971 27493866 80 -108 12867 0 0 0 0 -144 0
41.892 2 ATTITUDE 0.019507 3.141537 -0.02643
41.907 2 INS -2744 517 -42979 20971 -5242 -27667636 0 5 -8467
41.937 2 STATIC_CONTROL 0 0. 0 0. 0. 0. 0. 0. 0. 0. 0. 0. 0.
41.938 2 ATTITUDE 0.019506 3.141498 -0.026419
41.970 2 INS -2744 517 -43656 20971 -5242 -27885132 13 -1 -8496
42.001 2 GPS_INT 0 0 0 404513332 -37290014 704823 654587 0 0 0 175 12 294351000 97 23 3 1
42.002 2 ATTITUDE 0.019426 3.141468 -0.02644
42.002 2 ROTORCRAFT_NAV_STATUS 6 0 0. 0. 1 1 0
42.002 2 IMU_MAG_RAW 255 0 0 0
42.016 2 INS -2744 517 -44339 20971 -5242 -28102002 4 9 -8472
42.032 2 ATTITUDE 0.019445 3.14147 -0.02646
42.074 2 INS -2744 509 -45027 0 -26214 -28319346 0 -15 -8467
42.075 2 GPS 3 43818399 447810781 3587 654550 4 8 2395 294351250 30 0
42.090 2 ATTITUDE 0.01948 3.141493 -0.026514
42.106 2 INS -2744 509 -45720 0 -26214 -28536516 22 3 -8512
42.180 2 ROVER_CTRL 0. 0. 0. 0. 1400. 600. 1000. 0. 0. 0. 0. 0.
42.180 2 ROTORCRAFT_FP 509 -2744 45860 -26214 0 28579926 80 -108 12867 0 0 0 0 -144 0
42.181 2 GPS_INT 0 0 0 404513333 -37290017 704785 654550 0 0 0 173 14 294351250 97 24 3 1
42.181 2 ATTITUDE 0.019539 3.141471 -0.026513
42.181 2 INS -2744 509 -46420 0 -26214 -28754068 7 47 -8512
42.182 2 SERIAL_COM 11 -6 -11 -8486 0 0 0 14 167 80 76 0 0 0 0 0
42.182 2 ATTITUDE 0.019547 3.141453 -0.026557
42.212 2 INS -2744 509 -47124 0 -26214 -28971316 -6 8 -8477
42.228 2 ATTITUDE 0.019525 3.141465 -0.026545
42.259 2 INS -2744 509 -47833 0 -26214 -29188738 28 -15 -8472
42.286 2 GPS_INT 0 0 0 404513333 -37290017 704785 654550 0 0 0 173 14 294351250 97 24 3 1
42.287 2 ATTITUDE 0.019596 3.141446 -0.026513
42.318 2 INS -2744 506 -48548 -36700 -15728 -29405802 0 19 -8453
42.319 2 GPS 3 43818398 447810780 3587 654522 7 3 2395 294351500 30 0
42.334 2 ATTITUDE 0.01955 3.141502 -0.026538
42.366 2 INS -2744 506 -49268 -36700 -15728 -29622878 33 -31 -8491
42.403 2 ROTORCRAFT_FP 506 -2744 49412 -15728 -36700 29666388 79 -108 12867 0 0 0 0 -144 0
42.404 2 UBLOX_INFO 38400 34 18 17 0 7 15
42.404 2 ATTITUDE 0.019544 3.141544 -0.02651
42.404 2 WP_MOVED_ENU 6 5760 1853 2557
42.404 2 WP_MOVED_ENU 6 5760 1853 2557
42.405 2 INS -2744 506 -49993 -36700 -15728 -29840188 -1 4 -8477
42.436 2 GPS_INT 0 0 0 404513332 -37290018 704758 654522 0 0 0 170 9 294351500 95 22 3 1
42.436 2 ATTITUDE 0.019538 3.14158 -0.026545
42.467 2 INS -2744 506 -50724 -36700 -15728 -30057512 13 28 -8502
42.468 2 ROVER_STATUS 0 59 3 0 0 11 8.089128
42.468 2 STATE_FILTER_STATUS 6 3 0
42.489 2 ATTITUDE 0.019542 3.141614 -0.026568
42.515 2 INS -2744 506 -51460 -36700 -15728 -30275056 4 34 -8473
42.531 2 ATTITUDE 0.019517 3.14166 -0.026569
42.573 2 INS -2749 506 -52201 -15728 -20971 -30492126 18 -25 -8472
42.574 2 GPS 3 43818397 447810778 3587 654499 4 2 2395 294351750 30 0
42.589 2 GPS_INT 0 0 0 404513330 -37290019 704735 654499 0 0 0 167 10 294351750 95 24 3 1
42.590 2 ATTITUDE 0.019482 3.141674 -0.026593
42.605 2 INS -2749 506 -52947 -15728 -20971 -30709138 8 33 -8507
42.647 2 ROVER_CTRL 0. 0. 0. 0. 1400. 600. 1000. 0. 0. 0. 0. 0.
42.647 2 ROTORCRAFT_FP 506 -2749 53097 -20971 -15728 30752518 79 -109 12868 0 0 0 0 -144 0
42.648 2 ATTITUDE 0.019462 3.141752 -0.026596
42.674 2 INS -2749 506 -53699 -15728 -20971 -30926104 -24 -20 -8433
42.675 2 SERIAL_COM 11 4 -15 -8477 0 0 0 14 167 80 76 0 0 0 0 0
42.676 2 ATTITUDE 0.019469 3.141798 -0.026654
42.720 2 INS -2749 506 -54457 -15728 -20971 -31143448 14 4 -8478
42.721 2 GPS_SOL 167 10 95 24
42.737 2 GPS_INT 0 0 0 404513330 -37290019 704735 654499 0 0 0 167 10 294351750 95 24 3 1
42.738 2 ATTITUDE 0.019368 3.141831 -0.02671
42.752 2 INS -2749 506 -55219 -15728 -20971 -31360492 -20 5 -8472
42.784 2 ATTITUDE 0.019416 3.141866 -0.02666
42.784 2 IMU_MAG_RAW 255 0 0 0
42.816 2 INS -2749 501 -55987 5242 -5242 -31577740 -14 28 -8482
42.817 2 GPS 3 43818395 447810778 3587 654493 1 7 2395 294352000 30 0
42.822 2 LINK_REPORT 2 -1 43 0 108811 2468 0 3016. 72. 8 55.46
42.832 2 ATTITUDE 0.019441 3.14191 -0.026682
42.864 2 INS -2749 501 -56760 5242 -5242 -31794846 -4 -20 -8472
